#INFO: **** input file is /work/hdd/bdka/yzhang65/l7_dataset/system/c2c2pd/dz/c/lno1_new/run_lno.py ****
from pyscf import gto, scf

#### C2C2PD complex, L7 dataset ####
path2geo = '../../../C.xyz'
path2chk = '../mf.chk'
path2eri = '../cderi.h5'
path2lno = '../lno_result.out'
path2iao = '../iao.h5'

atoms = ''.join(open(path2geo).readlines()[2:])  # skip the atom count and comment lines
####################################

mol = gto.M(atom=atoms,
            basis='ccpvdz',
            verbose=4,
            unit='A',
            symmetry=0,
            charge=0,
            spin=0,
            max_memory=200000,
            )

# density fitting: 792 AOs, conventional 4-index ERIs would not fit
mf = scf.RHF(mol).density_fit()
# mf.with_df._cderi_to_save = path2eri
mf.with_df._cderi = path2eri
mf.chkfile = path2chk
mf.init_guess = 'chk'
mf.kernel()

stable = False
while not stable:
    print('mean-field stability test')
    mo_i, _, stable, _ = mf.stability(return_status=True)
    if stable:
        print(f'RHF Energy: {mf.e_tot}, stability {stable}')
        break
    dm = mf.make_rdm1(mo_i, mf.mo_occ)
    mf.kernel(dm0=dm)

from afqmc.lno_afqmc import lno_afqmc, tools

lo_coeff, frag_list, frag_name \
    = tools.iao_fragment(mf, 
                         frag_type='h2heavy', 
                         more_loc='pm',
                         save2=path2iao
                         )

options = {'eql_time': 30,
           'n_prop_steps': 50,
           'n_blocks': 840,
           'n_walkers': 300,
           'max_memory': 100000,
           'mix_precision': True,
           'seed': 27,
           'walker_type': 'rhf',
           'trial': 'pt2ccsd_sto_chol',
           'chol_cost_ratio': 0.2,
           # e2_0 stays exact; only e2_2_2_1, e2_2_2_2 and e2_2_3 are sampled.
           # 'head_chol_ratio': 0.125, # head = round(0.125 * nchol), summed exactly
           # 'n_chol_samples': 32,      # tail draws per walker per block
           # 'n_chol_head': 'full',  # uncomment to disable sampling entirely and
                                     # reproduce the exact 'upt2ccsd' result
           # 'frozen_vir_rate': 4,
           }

lno_afqmc.run_afqmc(
    mf,
    lo_coeff,
    frag_list,
    frag_name,
    lno_thresh = 3e-5,
    qmc_options = options,
    chol_cut = 1e-5,
    target_qmc_err = 5e-4,
    run_frag = None,
    nfrozen = None,
    run_mp = True,
    run_cc = True,
    run_qmc = True,
    plot_las = False,
    )
#INFO: ******************** input file end ********************


System: uname_result(system='Linux', node='gpue08.delta.ncsa.illinois.edu', release='5.14.0-570.131.1.el9_6.x86_64', version='#1 SMP PREEMPT_DYNAMIC Fri Jul 24 10:50:35 EDT 2026', machine='x86_64')  Threads 12
Python 3.11.14 (main, Oct 21 2025, 18:31:21) [GCC 11.2.0]
numpy 2.3.5  scipy 1.16.3  h5py 3.15.1
Date: Fri Sep  4 00:56:26 2026
PySCF version 2.14.0
PySCF path  /u/yzhang65/myprojects/software/pyscf
GIT HEAD      c63a953ba603a5ad8c1d65d88da72aaf05ede4d8

[ENV] PYSCF_TMPDIR /projects/bdka/yzhang65/scratch/pyscf
[ENV] PYSCF_EXT_PATH /u/yzhang65/myprojects/software/pyscf-forge
[CONFIG] conf_file None
[INPUT] verbose = 4
[INPUT] num. atoms = 72
[INPUT] num. electrons = 312
[INPUT] charge = 0
[INPUT] spin (= nelec alpha-beta = 2S) = 0
[INPUT] symmetry 0 subgroup None
[INPUT] Mole.unit = A
[INPUT] Symbol           X                Y                Z      unit          X                Y                Z       unit  Magmom
[INPUT]  1 C     -1.487532000000  -1.231543000000  -1.729000000000 AA   -2.811028081527  -2.327278980625  -3.267336469373 Bohr   0.0
[INPUT]  2 C     -0.065468000000  -1.231543000000  -1.729000000000 AA   -0.123716589923  -2.327278980625  -3.267336469373 Bohr   0.0
[INPUT]  3 C      0.645564000000   0.000000000000  -1.729000000000 AA    1.219939155879   0.000000000000  -3.267336469373 Bohr   0.0
[INPUT]  4 C     -0.065468000000   1.231543000000  -1.729000000000 AA   -0.123716589923   2.327278980625  -3.267336469373 Bohr   0.0
[INPUT]  5 C     -1.487532000000   1.231543000000  -1.729000000000 AA   -2.811028081527   2.327278980625  -3.267336469373 Bohr   0.0
[INPUT]  6 C     -2.198564000000   0.000000000000  -1.729000000000 AA   -4.154683827328   0.000000000000  -3.267336469373 Bohr   0.0
[INPUT]  7 C      0.642292000000  -2.457420000000  -1.729000000000 AA    1.213755971999  -4.643850773029  -3.267336469373 Bohr   0.0
[INPUT]  8 C     -0.093378000000  -3.670823000000  -1.729000000000 AA   -0.176458846060  -6.936850121754  -3.267336469373 Bohr   0.0
[INPUT]  9 C     -1.459622000000  -3.670823000000  -1.729000000000 AA   -2.758285825390  -6.936850121754  -3.267336469373 Bohr   0.0
[INPUT] 10 C     -2.195292000000  -2.457420000000  -1.729000000000 AA   -4.148500643449  -4.643850773029  -3.267336469373 Bohr   0.0
[INPUT] 11 C     -3.614084000000   0.000000000000  -1.729000000000 AA   -6.829628951173   0.000000000000  -3.267336469373 Bohr   0.0
[INPUT] 12 C     -4.297087000000  -1.243810000000  -1.729000000000 AA   -8.120317563429  -2.350460250995  -3.267336469373 Bohr   0.0
[INPUT] 13 C     -3.613965000000  -2.427013000000  -1.729000000000 AA   -6.829404073764  -4.586389870759  -3.267336469373 Bohr   0.0
[INPUT] 14 C     -4.297087000000   1.243810000000  -1.729000000000 AA   -8.120317563429   2.350460250995  -3.267336469373 Bohr   0.0
[INPUT] 15 C     -3.613965000000   2.427013000000  -1.729000000000 AA   -6.829404073764   4.586389870759  -3.267336469373 Bohr   0.0
[INPUT] 16 C     -2.195292000000   2.457420000000  -1.729000000000 AA   -4.148500643449   4.643850773029  -3.267336469373 Bohr   0.0
[INPUT] 17 C     -1.459622000000   3.670823000000  -1.729000000000 AA   -2.758285825390   6.936850121754  -3.267336469373 Bohr   0.0
[INPUT] 18 C     -0.093378000000   3.670823000000  -1.729000000000 AA   -0.176458846060   6.936850121754  -3.267336469373 Bohr   0.0
[INPUT] 19 C      0.642292000000   2.457420000000  -1.729000000000 AA    1.213755971999   4.643850773029  -3.267336469373 Bohr   0.0
[INPUT] 20 C      2.060965000000   2.427013000000  -1.729000000000 AA    3.894659402314   4.586389870759  -3.267336469373 Bohr   0.0
[INPUT] 21 C      2.744087000000   1.243810000000  -1.729000000000 AA    5.185572891979   2.350460250995  -3.267336469373 Bohr   0.0
[INPUT] 22 C      2.061084000000   0.000000000000  -1.729000000000 AA    3.894884279723   0.000000000000  -3.267336469373 Bohr   0.0
[INPUT] 23 C      2.744087000000  -1.243810000000  -1.729000000000 AA    5.185572891979  -2.350460250995  -3.267336469373 Bohr   0.0
[INPUT] 24 C      2.060965000000  -2.427013000000  -1.729000000000 AA    3.894659402314  -4.586389870759  -3.267336469373 Bohr   0.0
[INPUT] 25 H      0.449580000000  -4.607417000000  -1.729000000000 AA    0.849583071082  -8.706756271665  -3.267336469373 Bohr   0.0
[INPUT] 26 H     -2.002581000000  -4.607417000000  -1.729000000000 AA   -3.784329632258  -8.706756271665  -3.267336469373 Bohr   0.0
[INPUT] 27 H     -4.153600000000  -3.365525000000  -1.729000000000 AA   -7.849166430993  -6.359920515377  -3.267336469373 Bohr   0.0
[INPUT] 28 H     -5.379680000000  -1.241892000000  -1.729000000000 AA  -10.166121837800  -2.346835756288  -3.267336469373 Bohr   0.0
[INPUT] 29 H     -5.379680000000   1.241892000000  -1.729000000000 AA  -10.166121837800   2.346835756288  -3.267336469373 Bohr   0.0
[INPUT] 30 H     -4.153600000000   3.365525000000  -1.729000000000 AA   -7.849166430993   6.359920515377  -3.267336469373 Bohr   0.0
[INPUT] 31 H     -2.002581000000   4.607417000000  -1.729000000000 AA   -3.784329632258   8.706756271665  -3.267336469373 Bohr   0.0
[INPUT] 32 H      0.449580000000   4.607417000000  -1.729000000000 AA    0.849583071082   8.706756271665  -3.267336469373 Bohr   0.0
[INPUT] 33 H      2.600600000000   3.365525000000  -1.729000000000 AA    4.914421759544   6.359920515377  -3.267336469373 Bohr   0.0
[INPUT] 34 H      3.826680000000   1.241892000000  -1.729000000000 AA    7.231377166351   2.346835756288  -3.267336469373 Bohr   0.0
[INPUT] 35 H      3.826680000000  -1.241892000000  -1.729000000000 AA    7.231377166351  -2.346835756288  -3.267336469373 Bohr   0.0
[INPUT] 36 H      2.600600000000  -3.365525000000  -1.729000000000 AA    4.914421759544  -6.359920515377  -3.267336469373 Bohr   0.0
[INPUT] 37 C      0.065468000000  -1.231543000000   1.729000000000 AA    0.123716589923  -2.327278980625   3.267336469373 Bohr   0.0
[INPUT] 38 C      1.487532000000  -1.231543000000   1.729000000000 AA    2.811028081527  -2.327278980625   3.267336469373 Bohr   0.0
[INPUT] 39 C      2.198564000000   0.000000000000   1.729000000000 AA    4.154683827328   0.000000000000   3.267336469373 Bohr   0.0
[INPUT] 40 C      1.487532000000   1.231543000000   1.729000000000 AA    2.811028081527   2.327278980625   3.267336469373 Bohr   0.0
[INPUT] 41 C      0.065468000000   1.231543000000   1.729000000000 AA    0.123716589923   2.327278980625   3.267336469373 Bohr   0.0
[INPUT] 42 C     -0.645564000000   0.000000000000   1.729000000000 AA   -1.219939155879   0.000000000000   3.267336469373 Bohr   0.0
[INPUT] 43 C      2.195292000000  -2.457420000000   1.729000000000 AA    4.148500643449  -4.643850773029   3.267336469373 Bohr   0.0
[INPUT] 44 C      1.459622000000  -3.670823000000   1.729000000000 AA    2.758285825390  -6.936850121754   3.267336469373 Bohr   0.0
[INPUT] 45 C      0.093378000000  -3.670823000000   1.729000000000 AA    0.176458846060  -6.936850121754   3.267336469373 Bohr   0.0
[INPUT] 46 C     -0.642292000000  -2.457420000000   1.729000000000 AA   -1.213755971999  -4.643850773029   3.267336469373 Bohr   0.0
[INPUT] 47 C     -2.061084000000   0.000000000000   1.729000000000 AA   -3.894884279723   0.000000000000   3.267336469373 Bohr   0.0
[INPUT] 48 C     -2.744087000000  -1.243810000000   1.729000000000 AA   -5.185572891979  -2.350460250995   3.267336469373 Bohr   0.0
[INPUT] 49 C     -2.060965000000  -2.427013000000   1.729000000000 AA   -3.894659402314  -4.586389870759   3.267336469373 Bohr   0.0
[INPUT] 50 C     -2.744087000000   1.243810000000   1.729000000000 AA   -5.185572891979   2.350460250995   3.267336469373 Bohr   0.0
[INPUT] 51 C     -2.060965000000   2.427013000000   1.729000000000 AA   -3.894659402314   4.586389870759   3.267336469373 Bohr   0.0
[INPUT] 52 C     -0.642292000000   2.457420000000   1.729000000000 AA   -1.213755971999   4.643850773029   3.267336469373 Bohr   0.0
[INPUT] 53 C      0.093378000000   3.670823000000   1.729000000000 AA    0.176458846060   6.936850121754   3.267336469373 Bohr   0.0
[INPUT] 54 C      1.459622000000   3.670823000000   1.729000000000 AA    2.758285825390   6.936850121754   3.267336469373 Bohr   0.0
[INPUT] 55 C      2.195292000000   2.457420000000   1.729000000000 AA    4.148500643449   4.643850773029   3.267336469373 Bohr   0.0
[INPUT] 56 C      3.613965000000   2.427013000000   1.729000000000 AA    6.829404073764   4.586389870759   3.267336469373 Bohr   0.0
[INPUT] 57 C      4.297087000000   1.243810000000   1.729000000000 AA    8.120317563429   2.350460250995   3.267336469373 Bohr   0.0
[INPUT] 58 C      3.614084000000   0.000000000000   1.729000000000 AA    6.829628951173   0.000000000000   3.267336469373 Bohr   0.0
[INPUT] 59 C      4.297087000000  -1.243810000000   1.729000000000 AA    8.120317563429  -2.350460250995   3.267336469373 Bohr   0.0
[INPUT] 60 C      3.613965000000  -2.427013000000   1.729000000000 AA    6.829404073764  -4.586389870759   3.267336469373 Bohr   0.0
[INPUT] 61 H      2.002581000000  -4.607417000000   1.729000000000 AA    3.784329632258  -8.706756271665   3.267336469373 Bohr   0.0
[INPUT] 62 H     -0.449580000000  -4.607417000000   1.729000000000 AA   -0.849583071082  -8.706756271665   3.267336469373 Bohr   0.0
[INPUT] 63 H     -2.600600000000  -3.365525000000   1.729000000000 AA   -4.914421759544  -6.359920515377   3.267336469373 Bohr   0.0
[INPUT] 64 H     -3.826680000000  -1.241892000000   1.729000000000 AA   -7.231377166351  -2.346835756288   3.267336469373 Bohr   0.0
[INPUT] 65 H     -3.826680000000   1.241892000000   1.729000000000 AA   -7.231377166351   2.346835756288   3.267336469373 Bohr   0.0
[INPUT] 66 H     -2.600600000000   3.365525000000   1.729000000000 AA   -4.914421759544   6.359920515377   3.267336469373 Bohr   0.0
[INPUT] 67 H     -0.449580000000   4.607417000000   1.729000000000 AA   -0.849583071082   8.706756271665   3.267336469373 Bohr   0.0
[INPUT] 68 H      2.002581000000   4.607417000000   1.729000000000 AA    3.784329632258   8.706756271665   3.267336469373 Bohr   0.0
[INPUT] 69 H      4.153600000000   3.365525000000   1.729000000000 AA    7.849166430993   6.359920515377   3.267336469373 Bohr   0.0
[INPUT] 70 H      5.379680000000   1.241892000000   1.729000000000 AA   10.166121837800   2.346835756288   3.267336469373 Bohr   0.0
[INPUT] 71 H      5.379680000000  -1.241892000000   1.729000000000 AA   10.166121837800  -2.346835756288   3.267336469373 Bohr   0.0
[INPUT] 72 H      4.153600000000  -3.365525000000   1.729000000000 AA    7.849166430993  -6.359920515377   3.267336469373 Bohr   0.0

nuclear repulsion = 6088.17002359266
number of shells = 312
number of NR pGTOs = 1416
number of NR cGTOs = 792
basis = ccpvdz
ecp = {}
CPU time:         0.64


******** <class 'pyscf.df.df_jk.DFRHF'> ********
method = DFRHF
initial guess = chk
damping factor = 0
level_shift factor = 0
DIIS = <class 'pyscf.scf.diis.CDIIS'>
diis_start_cycle = 1
diis_space = 8
diis_damp = 0
SCF conv_tol = 1e-09
SCF conv_tol_grad = None
SCF max_cycles = 50
direct_scf = False
chkfile to save SCF result = ../mf.chk
max_memory 200000 MB (current use 66 MB)
Set gradient conv threshold to 3.16228e-05
init E= -1832.00523770288
  HOMO = -0.242484389687069  LUMO = 0.0614125429485007  gap/eV = 8.26946
cycle= 1 E= -1832.00523770287  delta_E= 8.19e-12  |g|= 7.65e-06  |ddm|= 1.67e-05
  HOMO = -0.242483865900352  LUMO = 0.0614130770629092  gap/eV = 8.26946
Extra cycle  E= -1832.00523770286  delta_E= 1.09e-11  |g|= 8.57e-06  |ddm|= 1.97e-05
converged SCF energy = -1832.00523770286
mean-field stability test
rhf_internal: lowest eigs of H = [0.39564787 0.39960735 0.41875671]
<class 'pyscf.df.df_jk.DFRHF'> wavefunction is stable in the internal stability analysis
RHF Energy: -1832.0052377028624, stability True


******** <class 'pyscf.lo.pipek.PipekMezey'> ********
conv_tol = 1e-06
conv_tol_grad = None
max_cycle = 100
max_stepsize = 0.05
max_iters = 20
kf_interval = 5
kf_trust_region = 5
ah_start_tol = 1000000000.0
ah_start_cycle = 1
ah_level_shift = 0
ah_conv_tol = 1e-12
ah_lindep = 1e-14
ah_max_cycle = 40
ah_trust_region = 3
init_guess = atomic
algorithm = ciah
pop_method = meta_lowdin
exponent = 2
Set conv_tol_grad to 0.000316228
Init f(x)= 262.50340563483  |g|= 0.0351612
macro= 1  f(x)= 262.50422385584  delta_f= 0.000818221  |g|= 0.00114302  3 KF 8 Hx
macro= 2  f(x)= 262.50509825598  delta_f= 0.0008744  |g|= 0.000220199  6 KF 36 Hx
macro= 3  f(x)= 262.50513306982  delta_f= 3.48138e-05  |g|= 0.000177432  1 KF 4 Hx
macro= 4  f(x)= 262.50513724595  delta_f= 4.17613e-06  |g|= 5.40652e-05  1 KF 1 Hx
macro= 5  f(x)= 262.50514116425  delta_f= 3.9183e-06  |g|= 4.53866e-05  1 KF 1 Hx
macro= 6  f(x)= 262.50514474745  delta_f= 3.5832e-06  |g|= 3.76041e-05  1 KF 1 Hx
macro= 7  f(x)= 262.50514792122  delta_f= 3.17377e-06  |g|= 3.14588e-05  1 KF 1 Hx
macro= 8  f(x)= 262.5051506166  delta_f= 2.69537e-06  |g|= 2.81569e-05  1 KF 1 Hx
macro= 9  f(x)= 262.50515277223  delta_f= 2.15563e-06  |g|= 2.88256e-05  1 KF 1 Hx
macro= 10  f(x)= 262.50515433643  delta_f= 1.5642e-06  |g|= 3.33447e-05  1 KF 1 Hx
macro= 11  f(x)= 262.50515526885  delta_f= 9.32422e-07  |g|= 4.05356e-05  1 KF 1 Hx
macro X = 11  f(x)= 262.50515526885  |g|= 4.05356e-05  22 intor 18 KF 56 Hx
IAO fragments saved to ../iao.h5

 ******* LNO-CALCULATION ******* 

LNO THRESHOLD = 3e-05
LNO freezes at least the chemcore orbitals for each element!
LO occ span the occupied MO occ space - True.
MO occ span the occupied LO occ space - False.
Run Fragment range(0, 48)

CPU/GPU pipeline: ON (prefetch depth 1)
  the LNO-MP2/CCSD of the next fragment(s) run on the CPU while the current fragment's AFQMC occupies the GPU


========================= LNO-FRAGMENT [C0] 1/(48,48) ==========================
Fragment Num.  1
Fragment Idx.  1
Fragment Name  C0
LNO THRESHOLD  [0.00030000000000000003, 3e-05]
PySCF Threads  12
LNO-LAS: 30/156 Occ | 122/636 Vir | 152/792 MOs
LNO-MP2 Fragment Energy:  -0.12057680
LNO-CCSD Fragment Energy: -0.12020398
LNO-CPU time (s):         77.89 (LAS 19.22 | MP2 6.66 | CCSD 52.02)
LNO-CPU wait time (s):    77.89 (0.0% hidden)
Find Density Fit Teonsers in MF object
Integrals will be built by DF Tensors
Calculating Effective Active Space One-electron Integrals
*** Correlation Space Size ***
N Occupied Orbitals: 30
N Active Orbitals:   152
Build effective h0 and h1 time: 18.562330 s
Composing CDERIs from DF
Build CDERI in cLAS time: 11.527364 s
Raw CDERI in LAS shape: (3912, 11628)
Compress CDERI 2 Chol: 1e-05
Compress CDERI time: 4.826281 s
Finished calculating Integrals
LAS Cholesky shape: (1253, 152, 152)
AFQMC script: /u/yzhang65/myprojects/software/afqmc/afqmc/lno_afqmc/script/run_lno_afqmc_pt2ccsd.py

LNO-AFQMC Started
Hostname:     gpue08.delta.ncsa.illinois.edu
System:       Linux
Node:         gpue08.delta.ncsa.illinois.edu
Release:      5.14.0-570.131.1.el9_6.x86_64
Machine:      x86_64
Processor:    x86_64
JAX backend:  GPU
JAX devices:  [CudaDevice(id=0)]
Device kind:  NVIDIA H200
Platform:     gpu

QMC Parameters
eql_time        -         30
n_prop_steps    -         50
n_blocks        -        840
n_walkers       -        300
max_memory      -     100000
mix_precision   -       True
seed            -       2375
walker_type     -        rhf
trial           - pt2ccsd_sto_chol
chol_cost_ratio -        0.2
max_error       -    7.2e-05
dt              -      0.005
n_exp_terms     -          6
n_batch         -          1
nchol_chunk     -        100
free_projection -      False

QMC System
Number of Occ. Orbitals:      30
Number of Act. Orbitals:      152
Number of Chol. Vectors:      1253
Mean-Field Energy:            -1832.00523770
Maximum memory per walker:            333.33 MB
Maximum number of Cholesky per chunk: 945
Number of Cholesky chunks:            2
Number of Cholesky per chunk:         627
Number of padding Cholesky:           1
Trial:   pt2ccsd_sto_chol(norb=152, nelec=(30, 30), n_batch=1, nchol_chunk=627, mix_precision=True, n_chol_head=0, head_chol_ratio=None, n_chol_samples=None, chol_cost_ratio=0.2, head_sample_ratio=3.0, chol_score_floor=1e-06, chol_uniform_mix=0.01, head_from_guide=False)
Sampler: sampler_pt2_sto_chol(n_prop_steps=50, n_blocks=840, n_chol=1253, frozen_vir=0)

Initalize QMC walkers by HF

Equilibration
Initial Orbital energy: -0.12022
inv_T  nodes      weight      energy     error   runTime
 0.00      0   300.00000  -1832.00413   0.00000     34.50
 3.00      0   306.27652  -1833.28894   0.02235     43.17
 6.00      0   301.91206  -1833.34348   0.02715     45.43
 9.00      0   298.40794  -1833.29646   0.02256     47.71
12.00      0   298.79511  -1833.30593   0.02621     50.00
15.00      0   297.90983  -1833.30518   0.02199     52.26
18.00      0   298.95179  -1833.34186   0.02592     54.52
21.00      0   298.15656  -1833.32407   0.02465     56.80
24.00      0   298.56528  -1833.34015   0.02468     59.06
27.00      0   298.04590  -1833.33246   0.02642     61.32
30.00      0   297.55071  -1833.34776   0.02302     63.58

Sampling Blocks
Target Final Error ~ 0.000072
   N  nodes      weight      E(Guide)     Error     weightp    E_frag     Error      Time
  20      0   298.20666   -1833.34765   0.00599   302.44590  -0.12746   0.00038     78.70
  40      0   297.44334   -1833.34605   0.00399   302.46207  -0.12756   0.00031     86.68
  60      0   297.99483   -1833.34565   0.00364   302.47201  -0.12722   0.00024     94.67
  80      0   298.83852   -1833.33985   0.00309   302.49846  -0.12695   0.00019    103.44
 100      0   298.10519   -1833.33682   0.00277   302.48548  -0.12674   0.00017    111.31
 120      0   297.68935   -1833.33568   0.00245   302.43066  -0.12671   0.00015    118.95
 140      0   298.73805   -1833.33683   0.00225   302.39312  -0.12673   0.00013    126.37
 160      0   298.55066   -1833.33255   0.00237   302.37296  -0.12670   0.00012    133.93
 180      0   298.27065   -1833.33012   0.00227   302.41061  -0.12667   0.00011    141.32
 200      0   297.99890   -1833.32874   0.00214   302.49179  -0.12665   0.00010    148.73
 220      0   299.11381   -1833.32666   0.00202   302.52095  -0.12666   0.00010    156.13
 240      0   299.64446   -1833.32698   0.00192   302.53471  -0.12675   0.00012    163.67
 260      0   298.40830   -1833.32772   0.00184   302.54612  -0.12675   0.00011    171.08
 280      0   298.05780   -1833.32905   0.00176   302.53514  -0.12672   0.00010    178.66
 300      0   297.16128   -1833.32834   0.00167   302.53121  -0.12672   0.00010    186.08
 320      0   298.10842   -1833.32860   0.00159   302.53477  -0.12667   0.00009    193.64
 340      0   297.46688   -1833.32868   0.00152   302.55511  -0.12664   0.00009    201.03
 360      0   298.20489   -1833.32979   0.00148   302.58291  -0.12662   0.00009    208.43
 380      0   299.54594   -1833.32988   0.00143   302.57385  -0.12665   0.00008    215.83
 400      0   298.24113   -1833.32916   0.00138   302.58252  -0.12664   0.00008    223.49
 420      0   298.58627   -1833.32919   0.00133   302.59382  -0.12664   0.00008    231.16
 440      0   299.30639   -1833.32995   0.00131   302.62290  -0.12666   0.00008    238.56
 460      0   299.62376   -1833.32961   0.00129   302.62333  -0.12665   0.00008    245.97
 480      0   298.55714   -1833.33000   0.00125   302.63558  -0.12666   0.00007    253.52
 500      0   298.08000   -1833.32987   0.00122   302.63664  -0.12667   0.00007    260.94
 520      0   298.78308   -1833.32959   0.00119   302.64533  -0.12665   0.00007    268.45
 540      0   298.56171   -1833.32975   0.00118   302.65002  -0.12665   0.00007    275.88
 560      0   298.80101   -1833.33028   0.00115   302.65861  -0.12664   0.00007    286.08
 580      0   298.33382   -1833.33051   0.00112   302.66548  -0.12662   0.00006    293.52
 600      0   298.27214   -1833.33056   0.00112   302.67134  -0.12663   0.00006    300.92
 620      0   297.58539   -1833.33023   0.00110   302.65866  -0.12661   0.00006    308.82
 640      0   298.05081   -1833.33042   0.00107   302.66324  -0.12661   0.00006    316.29
 660      0   297.41537   -1833.33050   0.00105   302.66753  -0.12659   0.00006    323.72
 680      0   297.98729   -1833.33032   0.00104   302.66782  -0.12659   0.00006    331.13
 700      0   297.11761   -1833.33111   0.00104   302.67876  -0.12661   0.00006    338.59
 720      0   298.65633   -1833.33105   0.00102   302.68647  -0.12661   0.00006    346.08
 740      0   298.97318   -1833.33090   0.00101   302.68419  -0.12663   0.00006    353.48
 760      0   298.28089   -1833.33120   0.00100   302.68596  -0.12666   0.00006    360.87
 780      0   298.40259   -1833.33138   0.00099   302.68833  -0.12666   0.00006    368.36
 800      0   297.88148   -1833.33143   0.00097   302.68771  -0.12667   0.00006    375.85
 820      0   298.54896   -1833.33090   0.00096   302.68481  -0.12666   0.00005    383.31

Post Propagation
Total number of samples 820
Remove Outliers
Remove samples outside Zeta > 30
Outlier bound [-0.16109, -0.09168]
Removed 0 Outliers
Outliers Energy []
nsample = 820, max_block_size = 41, min_nblocks = 20
   B    NB    NS  Observable     Error    dError
   1   820   820  -1833.33088   0.00096   0.00002
   2   410   820  -1833.33088   0.00122   0.00004
   3   273   819  -1833.33091   0.00136   0.00006
   4   205   820  -1833.33089   0.00148   0.00007
   5   164   820  -1833.33089   0.00147   0.00008
   6   136   816  -1833.33106   0.00156   0.00010
   7   117   819  -1833.33092   0.00164   0.00011
   8   102   816  -1833.33106   0.00159   0.00011
   9    91   819  -1833.33092   0.00164   0.00012
  10    82   820  -1833.33090   0.00165   0.00013
  11    74   814  -1833.33112   0.00160   0.00013
  12    68   816  -1833.33106   0.00178   0.00015
  13    63   819  -1833.33092   0.00172   0.00015
  14    58   812  -1833.33118   0.00183   0.00017
  15    54   810  -1833.33116   0.00174   0.00017
  16    51   816  -1833.33107   0.00177   0.00018
  17    48   816  -1833.33106   0.00193   0.00020
  18    45   810  -1833.33116   0.00188   0.00020
  19    43   817  -1833.33101   0.00174   0.00019
  20    41   820  -1833.33090   0.00195   0.00022
  21    39   819  -1833.33093   0.00211   0.00024
  22    37   814  -1833.33113   0.00178   0.00021
  23    35   805  -1833.33123   0.00204   0.00025
  24    34   816  -1833.33107   0.00191   0.00023
  25    32   800  -1833.33143   0.00200   0.00025
  26    31   806  -1833.33123   0.00192   0.00025
  27    30   810  -1833.33117   0.00191   0.00025
  28    29   812  -1833.33118   0.00221   0.00030
  29    28   812  -1833.33118   0.00209   0.00028
  30    27   810  -1833.33116   0.00196   0.00027
  31    26   806  -1833.33123   0.00208   0.00029
  32    25   800  -1833.33143   0.00185   0.00027
  33    24   792  -1833.33136   0.00201   0.00030
  34    24   816  -1833.33107   0.00208   0.00031
  35    23   805  -1833.33123   0.00217   0.00033
  36    22   792  -1833.33136   0.00218   0.00034
  37    22   814  -1833.33113   0.00222   0.00034
  38    21   798  -1833.33149   0.00193   0.00031
  39    21   819  -1833.33093   0.00188   0.00030
  40    20   800  -1833.33143   0.00192   0.00031
  41    20   820  -1833.33090   0.00201   0.00033
Fit (variance): plateau_var = 3.625e-06 ± 2.058e-07
Fit (error):    plateau = 0.00190 ± 0.00005
     autocorrelation length ~ 5.8 blocks
     plateau reached at block size ~ 27
nsample = 820, max_block_size = 41, min_nblocks = 20
Blk_SZ   NBlk   NSmp      Energy     Error    dError
     1    820    820    -0.12662   0.00005   0.00000
     2    410    820    -0.12663   0.00006   0.00000
     3    273    819    -0.12664   0.00007   0.00000
     4    205    820    -0.12664   0.00007   0.00000
     5    164    820    -0.12664   0.00007   0.00000
     6    136    816    -0.12665   0.00008   0.00000
     7    117    819    -0.12664   0.00007   0.00000
     8    102    816    -0.12665   0.00008   0.00001
     9     91    819    -0.12665   0.00008   0.00001
    10     82    820    -0.12665   0.00008   0.00001
    11     74    814    -0.12665   0.00008   0.00001
    12     68    816    -0.12665   0.00008   0.00001
    13     63    819    -0.12665   0.00008   0.00001
    14     58    812    -0.12666   0.00008   0.00001
    15     54    810    -0.12666   0.00008   0.00001
    16     51    816    -0.12665   0.00008   0.00001
    17     48    816    -0.12665   0.00008   0.00001
    18     45    810    -0.12666   0.00007   0.00001
    19     43    817    -0.12665   0.00008   0.00001
    20     41    820    -0.12665   0.00008   0.00001
    21     39    819    -0.12665   0.00008   0.00001
    22     37    814    -0.12666   0.00007   0.00001
    23     35    805    -0.12666   0.00008   0.00001
    24     34    816    -0.12665   0.00008   0.00001
    25     32    800    -0.12666   0.00008   0.00001
    26     31    806    -0.12666   0.00008   0.00001
    27     30    810    -0.12666   0.00008   0.00001
    28     29    812    -0.12666   0.00008   0.00001
    29     28    812    -0.12666   0.00009   0.00001
    30     27    810    -0.12666   0.00008   0.00001
    31     26    806    -0.12666   0.00008   0.00001
    32     25    800    -0.12666   0.00009   0.00001
    33     24    792    -0.12665   0.00008   0.00001
    34     24    816    -0.12665   0.00008   0.00001
    35     23    805    -0.12666   0.00008   0.00001
    36     22    792    -0.12666   0.00008   0.00001
    37     22    814    -0.12666   0.00008   0.00001
    38     21    798    -0.12666   0.00009   0.00001
    39     21    819    -0.12665   0.00009   0.00001
    40     20    800    -0.12666   0.00009   0.00002
    41     20    820    -0.12665   0.00008   0.00001
Fit (variance): plateau_var = 6.25555e-09 ± 2.53360e-10
Fit (error):    plateau = 0.00008 ± 0.00000
     autocorrelation length ~ 2.6 blocks
     plateau reached at block size ~ 12
Final AFQMC/HF Guiding Energy:      -1833.3309 +/- 0.0019
Final AFQMC/pt2CCSD Orbital Energy: -0.12666 +/- 0.00008
<t1> = weightp/weight = 1.01411
Total run time: 383.69

AFQMC Sampling Finished

LNO-Integral time (s):    36.29
LNO-AFQMC time (s):       425.53


========================= LNO-FRAGMENT [C1] 2/(48,48) ==========================
Fragment Num.  2
Fragment Idx.  2
Fragment Name  C1
LNO THRESHOLD  [0.00030000000000000003, 3e-05]
PySCF Threads  12
LNO-LAS: 30/156 Occ | 122/636 Vir | 152/792 MOs
LNO-MP2 Fragment Energy:  -0.12030115
LNO-CCSD Fragment Energy: -0.11995588
LNO-CPU time (s):         81.37 (LAS 17.38 | MP2 7.53 | CCSD 56.46)
LNO-CPU wait time (s):    0.00 (100.0% hidden)
Find Density Fit Teonsers in MF object
Integrals will be built by DF Tensors
Calculating Effective Active Space One-electron Integrals
*** Correlation Space Size ***
N Occupied Orbitals: 30
N Active Orbitals:   152
Build effective h0 and h1 time: 15.198986 s
Composing CDERIs from DF
Build CDERI in cLAS time: 8.783703 s
Raw CDERI in LAS shape: (3912, 11628)
Compress CDERI 2 Chol: 1e-05
Compress CDERI time: 2.266350 s
Finished calculating Integrals
LAS Cholesky shape: (1264, 152, 152)
AFQMC script: /u/yzhang65/myprojects/software/afqmc/afqmc/lno_afqmc/script/run_lno_afqmc_pt2ccsd.py

LNO-AFQMC Started
Hostname:     gpue08.delta.ncsa.illinois.edu
System:       Linux
Node:         gpue08.delta.ncsa.illinois.edu
Release:      5.14.0-570.131.1.el9_6.x86_64
Machine:      x86_64
Processor:    x86_64
JAX backend:  GPU
JAX devices:  [CudaDevice(id=0)]
Device kind:  NVIDIA H200
Platform:     gpu

QMC Parameters
eql_time        -         30
n_prop_steps    -         50
n_blocks        -        840
n_walkers       -        300
max_memory      -     100000
mix_precision   -       True
seed            -       4158
walker_type     -        rhf
trial           - pt2ccsd_sto_chol
chol_cost_ratio -        0.2
max_error       -    7.2e-05
dt              -      0.005
n_exp_terms     -          6
n_batch         -          1
nchol_chunk     -        100
free_projection -      False

QMC System
Number of Occ. Orbitals:      30
Number of Act. Orbitals:      152
Number of Chol. Vectors:      1264
Mean-Field Energy:            -1832.00523770
Maximum memory per walker:            333.33 MB
Maximum number of Cholesky per chunk: 945
Number of Cholesky chunks:            2
Number of Cholesky per chunk:         632
Number of padding Cholesky:           0
Trial:   pt2ccsd_sto_chol(norb=152, nelec=(30, 30), n_batch=1, nchol_chunk=632, mix_precision=True, n_chol_head=0, head_chol_ratio=None, n_chol_samples=None, chol_cost_ratio=0.2, head_sample_ratio=3.0, chol_score_floor=1e-06, chol_uniform_mix=0.01, head_from_guide=False)
Sampler: sampler_pt2_sto_chol(n_prop_steps=50, n_blocks=840, n_chol=1264, frozen_vir=0)

Initalize QMC walkers by HF

Equilibration
Initial Orbital energy: -0.11999
inv_T  nodes      weight      energy     error   runTime
 0.00      0   300.00000  -1832.00417   0.00000     32.92
 3.00      0   307.48360  -1833.32315   0.02526     39.94
 6.00      0   301.26341  -1833.34224   0.02431     42.16
 9.00      0   299.89630  -1833.34737   0.02414     44.36
12.00      0   297.58976  -1833.27084   0.02742     46.57
15.00      0   298.65752  -1833.29906   0.02393     48.77
18.00      0   297.92955  -1833.32645   0.02361     50.97
21.00      0   298.23804  -1833.33588   0.02386     53.20
24.00      0   298.54921  -1833.30054   0.02231     55.41
27.00      0   298.21103  -1833.31911   0.02481     57.61
30.00      0   299.50803  -1833.43347   0.03785     59.82

Sampling Blocks
Target Final Error ~ 0.000072
   N  nodes      weight      E(Guide)     Error     weightp    E_frag     Error      Time
  20      0   299.29494   -1833.35461   0.00607   302.61610  -0.12705   0.00039     73.60
  40      0   298.49338   -1833.35801   0.00445   302.70535  -0.12686   0.00028     81.52
  60      0   298.84737   -1833.34586   0.00397   302.69071  -0.12662   0.00020     88.84
  80      0   298.78911   -1833.34123   0.00333   302.66112  -0.12647   0.00017     96.25
 100      0   298.36163   -1833.34009   0.00285   302.63368  -0.12651   0.00015    103.68
 120      0   299.54305   -1833.33717   0.00273   302.60036  -0.12652   0.00013    111.01
 140      0   297.39983   -1833.33617   0.00250   302.52732  -0.12650   0.00012    118.33
 160      0   298.82103   -1833.33449   0.00227   302.53371  -0.12652   0.00011    125.74
 180      0   298.75204   -1833.33244   0.00211   302.52573  -0.12642   0.00010    133.19
 200      0   298.97412   -1833.33163   0.00196   302.50559  -0.12635   0.00010    140.51
 220      0   299.18375   -1833.33252   0.00191   302.50171  -0.12630   0.00009    149.11
 240      0   298.21724   -1833.32992   0.00186   302.46955  -0.12628   0.00009    156.54
 260      0   299.69341   -1833.33056   0.00197   302.47725  -0.12623   0.00009    163.99
 280      0   298.49240   -1833.33133   0.00186   302.44498  -0.12621   0.00008    171.30
 300      0   298.65302   -1833.33113   0.00177   302.46420  -0.12620   0.00008    178.62
 320      0   298.63674   -1833.33113   0.00176   302.44484  -0.12616   0.00008    186.02
 340      0   298.75114   -1833.33101   0.00169   302.46925  -0.12615   0.00008    193.45
 360      0   298.50290   -1833.33111   0.00164   302.46974  -0.12612   0.00008    200.78
 380      0   298.58031   -1833.32969   0.00161   302.44650  -0.12610   0.00007    208.11
 400      0   299.62705   -1833.33035   0.00156   302.44305  -0.12609   0.00007    215.50
 420      0   297.18156   -1833.32989   0.00150   302.43296  -0.12606   0.00007    222.88
 440      0   299.10228   -1833.32963   0.00146   302.42511  -0.12605   0.00007    230.21
 460      0   298.76394   -1833.33032   0.00142   302.41736  -0.12606   0.00006    237.53
 480      0   297.32235   -1833.32983   0.00142   302.39749  -0.12604   0.00006    244.90
 500      0   298.09200   -1833.32986   0.00139   302.38927  -0.12604   0.00006    252.30
 520      0   298.96882   -1833.32964   0.00136   302.38293  -0.12606   0.00006    259.62
 540      0   298.88742   -1833.32891   0.00134   302.36719  -0.12608   0.00006    266.94
 560      0   298.77847   -1833.32838   0.00131   302.36984  -0.12608   0.00006    274.28
 580      0   297.63309   -1833.32838   0.00128   302.35655  -0.12607   0.00005    281.77
 600      0   297.77554   -1833.32872   0.00126   302.34376  -0.12607   0.00005    289.11

Post Propagation
Total number of samples 600
Remove Outliers
Remove samples outside Zeta > 30
Outlier bound [-0.16250, -0.08930]
Removed 0 Outliers
Outliers Energy []
nsample = 600, max_block_size = 30, min_nblocks = 20
   B    NB    NS  Observable     Error    dError
   1   600   600  -1833.32869   0.00126   0.00004
   2   300   600  -1833.32869   0.00163   0.00007
   3   200   600  -1833.32870   0.00181   0.00009
   4   150   600  -1833.32870   0.00201   0.00012
   5   120   600  -1833.32870   0.00201   0.00013
   6   100   600  -1833.32871   0.00208   0.00015
   7    85   595  -1833.32861   0.00216   0.00017
   8    75   600  -1833.32871   0.00225   0.00019
   9    66   594  -1833.32866   0.00210   0.00018
  10    60   600  -1833.32871   0.00227   0.00021
  11    54   594  -1833.32866   0.00229   0.00022
  12    50   600  -1833.32871   0.00234   0.00024
  13    46   598  -1833.32872   0.00243   0.00026
  14    42   588  -1833.32863   0.00253   0.00028
  15    40   600  -1833.32871   0.00240   0.00027
  16    37   592  -1833.32860   0.00243   0.00029
  17    35   595  -1833.32862   0.00240   0.00029
  18    33   594  -1833.32866   0.00234   0.00029
  19    31   589  -1833.32859   0.00271   0.00035
  20    30   600  -1833.32871   0.00245   0.00032
  21    28   588  -1833.32863   0.00273   0.00037
  22    27   594  -1833.32866   0.00277   0.00038
  23    26   598  -1833.32873   0.00251   0.00035
  24    25   600  -1833.32871   0.00254   0.00037
  25    24   600  -1833.32871   0.00273   0.00040
  26    23   598  -1833.32873   0.00225   0.00034
  27    22   594  -1833.32866   0.00262   0.00040
  28    21   588  -1833.32863   0.00259   0.00041
  29    20   580  -1833.32838   0.00252   0.00041
  30    20   600  -1833.32872   0.00221   0.00036
Fit (variance): plateau_var = 5.944e-06 ± 3.915e-07
Fit (error):    plateau = 0.00244 ± 0.00008
     autocorrelation length ~ 4.3 blocks
     plateau reached at block size ~ 20
nsample = 600, max_block_size = 30, min_nblocks = 20
Blk_SZ   NBlk   NSmp      Energy     Error    dError
     1    600    600    -0.12604   0.00005   0.00000
     2    300    600    -0.12604   0.00006   0.00000
     3    200    600    -0.12605   0.00007   0.00000
     4    150    600    -0.12605   0.00007   0.00000
     5    120    600    -0.12605   0.00007   0.00000
     6    100    600    -0.12606   0.00007   0.00000
     7     85    595    -0.12606   0.00007   0.00001
     8     75    600    -0.12606   0.00007   0.00001
     9     66    594    -0.12607   0.00008   0.00001
    10     60    600    -0.12606   0.00007   0.00001
    11     54    594    -0.12607   0.00008   0.00001
    12     50    600    -0.12606   0.00007   0.00001
    13     46    598    -0.12606   0.00007   0.00001
    14     42    588    -0.12607   0.00007   0.00001
    15     40    600    -0.12606   0.00008   0.00001
    16     37    592    -0.12607   0.00008   0.00001
    17     35    595    -0.12607   0.00008   0.00001
    18     33    594    -0.12607   0.00008   0.00001
    19     31    589    -0.12607   0.00008   0.00001
    20     30    600    -0.12607   0.00008   0.00001
    21     28    588    -0.12607   0.00008   0.00001
    22     27    594    -0.12607   0.00008   0.00001
    23     26    598    -0.12607   0.00009   0.00001
    24     25    600    -0.12607   0.00008   0.00001
    25     24    600    -0.12606   0.00009   0.00001
    26     23    598    -0.12607   0.00008   0.00001
    27     22    594    -0.12608   0.00010   0.00002
    28     21    588    -0.12607   0.00009   0.00001
    29     20    580    -0.12607   0.00008   0.00001
    30     20    600    -0.12607   0.00009   0.00001
Fit (variance): plateau_var = 6.21760e-09 ± 4.46811e-10
Fit (error):    plateau = 0.00008 ± 0.00000
     autocorrelation length ~ 4.7 blocks
     plateau reached at block size ~ 20
Final AFQMC/HF Guiding Energy:      -1833.3287 +/- 0.0024
Final AFQMC/pt2CCSD Orbital Energy: -0.12607 +/- 0.00008
<t1> = weightp/weight = 1.01294
Total run time: 289.57

AFQMC Sampling Finished

LNO-Integral time (s):    27.85
LNO-AFQMC time (s):       328.08


========================= LNO-FRAGMENT [C2] 3/(48,48) ==========================
Fragment Num.  3
Fragment Idx.  3
Fragment Name  C2
LNO THRESHOLD  [0.00030000000000000003, 3e-05]
PySCF Threads  12
LNO-LAS: 32/156 Occ | 123/636 Vir | 155/792 MOs
LNO-MP2 Fragment Energy:  -0.12095545
LNO-CCSD Fragment Energy: -0.12047349
LNO-CPU time (s):         94.01 (LAS 16.03 | MP2 6.94 | CCSD 71.05)
LNO-CPU wait time (s):    0.00 (100.0% hidden)
Find Density Fit Teonsers in MF object
Integrals will be built by DF Tensors
Calculating Effective Active Space One-electron Integrals
*** Correlation Space Size ***
N Occupied Orbitals: 32
N Active Orbitals:   155
Build effective h0 and h1 time: 14.203967 s
Composing CDERIs from DF
Build CDERI in cLAS time: 6.818105 s
Raw CDERI in LAS shape: (3912, 12090)
Compress CDERI 2 Chol: 1e-05
Compress CDERI time: 4.046044 s
Finished calculating Integrals
LAS Cholesky shape: (1303, 155, 155)
AFQMC script: /u/yzhang65/myprojects/software/afqmc/afqmc/lno_afqmc/script/run_lno_afqmc_pt2ccsd.py

LNO-AFQMC Started
Hostname:     gpue08.delta.ncsa.illinois.edu
System:       Linux
Node:         gpue08.delta.ncsa.illinois.edu
Release:      5.14.0-570.131.1.el9_6.x86_64
Machine:      x86_64
Processor:    x86_64
JAX backend:  GPU
JAX devices:  [CudaDevice(id=0)]
Device kind:  NVIDIA H200
Platform:     gpu

QMC Parameters
eql_time        -         30
n_prop_steps    -         50
n_blocks        -        840
n_walkers       -        300
max_memory      -     100000
mix_precision   -       True
seed            -        727
walker_type     -        rhf
trial           - pt2ccsd_sto_chol
chol_cost_ratio -        0.2
max_error       -    7.2e-05
dt              -      0.005
n_exp_terms     -          6
n_batch         -          1
nchol_chunk     -        100
free_projection -      False

QMC System
Number of Occ. Orbitals:      32
Number of Act. Orbitals:      155
Number of Chol. Vectors:      1303
Mean-Field Energy:            -1832.00523770
Maximum memory per walker:            333.33 MB
Maximum number of Cholesky per chunk: 909
Number of Cholesky chunks:            2
Number of Cholesky per chunk:         652
Number of padding Cholesky:           1
Trial:   pt2ccsd_sto_chol(norb=155, nelec=(32, 32), n_batch=1, nchol_chunk=652, mix_precision=True, n_chol_head=0, head_chol_ratio=None, n_chol_samples=None, chol_cost_ratio=0.2, head_sample_ratio=3.0, chol_score_floor=1e-06, chol_uniform_mix=0.01, head_from_guide=False)
Sampler: sampler_pt2_sto_chol(n_prop_steps=50, n_blocks=840, n_chol=1303, frozen_vir=0)

Initalize QMC walkers by HF

Equilibration
Initial Orbital energy: -0.12050
inv_T  nodes      weight      energy     error   runTime
 0.00      0   300.00000  -1832.00411   0.00000     27.80
 3.00      0   307.80238  -1833.33581   0.02534     34.80
 6.00      0   300.06040  -1833.32500   0.02381     37.51
 9.00      0   299.90062  -1833.33338   0.02710     40.05
12.00      0   298.43653  -1833.35521   0.02935     42.57
15.00      0   298.18914  -1833.35504   0.02303     45.09
18.00      0   298.86666  -1833.34312   0.02551     47.61
21.00      0   299.33031  -1833.39563   0.02514     50.21
24.00      0   298.50527  -1833.37349   0.02582     52.98
27.00      0   298.77338  -1833.39050   0.03007     55.70
30.00      0   298.47730  -1833.35859   0.02234     58.26

Sampling Blocks
Target Final Error ~ 0.000072
   N  nodes      weight      E(Guide)     Error     weightp    E_frag     Error      Time
  20      0   298.89915   -1833.34625   0.00587   302.54774  -0.12714   0.00033     72.14
  40      0   298.14036   -1833.34665   0.00435   302.64178  -0.12685   0.00020     81.02
  60      0   298.13334   -1833.36216   0.00429   302.62819  -0.12722   0.00020     89.69
  80      0   298.93952   -1833.35762   0.00362   302.65408  -0.12709   0.00017     98.18
 100      0   298.31154   -1833.36233   0.00317   302.70957  -0.12713   0.00016    106.68
 120      0   298.89970   -1833.36286   0.00275   302.67867  -0.12709   0.00013    115.38
 140      0   299.35097   -1833.36061   0.00252   302.73846  -0.12697   0.00012    123.90
 160      0   298.50930   -1833.36046   0.00226   302.71957  -0.12691   0.00011    132.40
 180      0   298.18620   -1833.35935   0.00212   302.71393  -0.12699   0.00010    140.96
 200      0   299.06153   -1833.35820   0.00198   302.71586  -0.12702   0.00010    149.64
 220      0   298.46463   -1833.35785   0.00186   302.67592  -0.12708   0.00010    158.14
 240      0   298.32755   -1833.35782   0.00179   302.65201  -0.12712   0.00009    166.64
 260      0   297.74964   -1833.35777   0.00170   302.62726  -0.12709   0.00009    175.35
 280      0   298.65118   -1833.35823   0.00165   302.63056  -0.12712   0.00009    183.88
 300      0   298.11140   -1833.35746   0.00158   302.63644  -0.12708   0.00008    192.37
 320      0   298.66664   -1833.35672   0.00156   302.63144  -0.12707   0.00008    200.94
 340      0   298.86324   -1833.35637   0.00149   302.65331  -0.12706   0.00007    209.62
 360      0   298.68347   -1833.35528   0.00145   302.66357  -0.12701   0.00007    218.12
 380      0   298.48524   -1833.35606   0.00141   302.67284  -0.12699   0.00007    226.62
 400      0   298.47873   -1833.35789   0.00157   302.66771  -0.12706   0.00007    235.35
 420      0   298.67817   -1833.35741   0.00152   302.66546  -0.12704   0.00007    243.85
 440      0   298.03656   -1833.35658   0.00148   302.67119  -0.12704   0.00007    254.32
 460      0   299.05400   -1833.35658   0.00144   302.67786  -0.12707   0.00007    265.26
 480      0   297.74147   -1833.35642   0.00139   302.68125  -0.12704   0.00006    273.77
 500      0   297.63655   -1833.35633   0.00135   302.68474  -0.12702   0.00006    282.27
 520      0   297.71115   -1833.35600   0.00132   302.68381  -0.12704   0.00006    290.83
 540      0   297.86861   -1833.35601   0.00129   302.69651  -0.12704   0.00006    299.50
 560      0   299.68387   -1833.35611   0.00125   302.69590  -0.12705   0.00006    307.99
 580      0   297.95401   -1833.35639   0.00123   302.69091  -0.12705   0.00006    316.49
 600      0   297.95430   -1833.35597   0.00121   302.68730  -0.12702   0.00006    325.21
 620      0   298.57843   -1833.35620   0.00119   302.68760  -0.12699   0.00006    333.75
 640      0   298.56910   -1833.35673   0.00116   302.68463  -0.12699   0.00006    342.24
 660      0   298.38816   -1833.35664   0.00114   302.67334  -0.12698   0.00005    350.79
 680      0   297.31501   -1833.35690   0.00112   302.66701  -0.12698   0.00005    359.44

Post Propagation
Total number of samples 680
Remove Outliers
Remove samples outside Zeta > 30
Outlier bound [-0.16444, -0.08917]
Removed 0 Outliers
Outliers Energy []
nsample = 680, max_block_size = 34, min_nblocks = 20
   B    NB    NS  Observable     Error    dError
   1   680   680  -1833.35687   0.00111   0.00003
   2   340   680  -1833.35688   0.00142   0.00005
   3   226   678  -1833.35690   0.00158   0.00007
   4   170   680  -1833.35689   0.00177   0.00010
   5   136   680  -1833.35689   0.00182   0.00011
   6   113   678  -1833.35691   0.00184   0.00012
   7    97   679  -1833.35691   0.00195   0.00014
   8    85   680  -1833.35690   0.00196   0.00015
   9    75   675  -1833.35695   0.00205   0.00017
  10    68   680  -1833.35690   0.00219   0.00019
  11    61   671  -1833.35682   0.00196   0.00018
  12    56   672  -1833.35683   0.00213   0.00020
  13    52   676  -1833.35692   0.00223   0.00022
  14    48   672  -1833.35683   0.00235   0.00024
  15    45   675  -1833.35695   0.00248   0.00026
  16    42   672  -1833.35683   0.00221   0.00024
  17    40   680  -1833.35690   0.00227   0.00026
  18    37   666  -1833.35679   0.00234   0.00028
  19    35   665  -1833.35677   0.00246   0.00030
  20    34   680  -1833.35690   0.00229   0.00028
  21    32   672  -1833.35683   0.00245   0.00031
  22    30   660  -1833.35663   0.00231   0.00030
  23    29   667  -1833.35677   0.00228   0.00030
  24    28   672  -1833.35683   0.00222   0.00030
  25    27   675  -1833.35695   0.00223   0.00031
  26    26   676  -1833.35692   0.00254   0.00036
  27    25   675  -1833.35695   0.00236   0.00034
  28    24   672  -1833.35683   0.00274   0.00040
  29    23   667  -1833.35677   0.00234   0.00035
  30    22   660  -1833.35663   0.00285   0.00044
  31    21   651  -1833.35688   0.00263   0.00042
  32    21   672  -1833.35683   0.00228   0.00036
  33    20   660  -1833.35663   0.00257   0.00042
  34    20   680  -1833.35690   0.00233   0.00038
Fit (variance): plateau_var = 5.592e-06 ± 3.955e-07
Fit (error):    plateau = 0.00236 ± 0.00008
     autocorrelation length ~ 6.2 blocks
     plateau reached at block size ~ 29
nsample = 680, max_block_size = 34, min_nblocks = 20
Blk_SZ   NBlk   NSmp      Energy     Error    dError
     1    680    680    -0.12695   0.00005   0.00000
     2    340    680    -0.12695   0.00006   0.00000
     3    226    678    -0.12697   0.00007   0.00000
     4    170    680    -0.12696   0.00007   0.00000
     5    136    680    -0.12696   0.00007   0.00000
     6    113    678    -0.12697   0.00007   0.00000
     7     97    679    -0.12697   0.00007   0.00001
     8     85    680    -0.12697   0.00007   0.00001
     9     75    675    -0.12697   0.00008   0.00001
    10     68    680    -0.12697   0.00008   0.00001
    11     61    671    -0.12697   0.00008   0.00001
    12     56    672    -0.12697   0.00009   0.00001
    13     52    676    -0.12698   0.00008   0.00001
    14     48    672    -0.12697   0.00008   0.00001
    15     45    675    -0.12697   0.00008   0.00001
    16     42    672    -0.12697   0.00009   0.00001
    17     40    680    -0.12697   0.00008   0.00001
    18     37    666    -0.12697   0.00008   0.00001
    19     35    665    -0.12697   0.00009   0.00001
    20     34    680    -0.12697   0.00009   0.00001
    21     32    672    -0.12697   0.00009   0.00001
    22     30    660    -0.12698   0.00009   0.00001
    23     29    667    -0.12697   0.00009   0.00001
    24     28    672    -0.12698   0.00009   0.00001
    25     27    675    -0.12698   0.00010   0.00001
    26     26    676    -0.12698   0.00009   0.00001
    27     25    675    -0.12698   0.00009   0.00001
    28     24    672    -0.12698   0.00009   0.00001
    29     23    667    -0.12697   0.00008   0.00001
    30     22    660    -0.12698   0.00009   0.00001
    31     21    651    -0.12699   0.00009   0.00001
    32     21    672    -0.12698   0.00008   0.00001
    33     20    660    -0.12698   0.00010   0.00002
    34     20    680    -0.12698   0.00008   0.00001
Fit (variance): plateau_var = 8.04865e-09 ± 7.08758e-10
Fit (error):    plateau = 0.00009 ± 0.00000
     autocorrelation length ~ 8.0 blocks
     plateau reached at block size ~ 35
Final AFQMC/HF Guiding Energy:      -1833.3569 +/- 0.0024
Final AFQMC/pt2CCSD Orbital Energy: -0.12698 +/- 0.00009
<t1> = weightp/weight = 1.01417
Total run time: 361.18

AFQMC Sampling Finished

LNO-Integral time (s):    26.47
LNO-AFQMC time (s):       396.15


========================= LNO-FRAGMENT [C3] 4/(48,48) ==========================
Fragment Num.  4
Fragment Idx.  4
Fragment Name  C3
LNO THRESHOLD  [0.00030000000000000003, 3e-05]
PySCF Threads  12
LNO-LAS: 30/156 Occ | 122/636 Vir | 152/792 MOs
LNO-MP2 Fragment Energy:  -0.12030115
LNO-CCSD Fragment Energy: -0.11995588
LNO-CPU time (s):         82.07 (LAS 17.16 | MP2 10.93 | CCSD 53.97)
LNO-CPU wait time (s):    0.00 (100.0% hidden)
Find Density Fit Teonsers in MF object
Integrals will be built by DF Tensors
Calculating Effective Active Space One-electron Integrals
*** Correlation Space Size ***
N Occupied Orbitals: 30
N Active Orbitals:   152
Build effective h0 and h1 time: 26.843791 s
Composing CDERIs from DF
Build CDERI in cLAS time: 10.248209 s
Raw CDERI in LAS shape: (3912, 11628)
Compress CDERI 2 Chol: 1e-05
Compress CDERI time: 3.041997 s
Finished calculating Integrals
LAS Cholesky shape: (1264, 152, 152)
AFQMC script: /u/yzhang65/myprojects/software/afqmc/afqmc/lno_afqmc/script/run_lno_afqmc_pt2ccsd.py

LNO-AFQMC Started
Hostname:     gpue08.delta.ncsa.illinois.edu
System:       Linux
Node:         gpue08.delta.ncsa.illinois.edu
Release:      5.14.0-570.131.1.el9_6.x86_64
Machine:      x86_64
Processor:    x86_64
JAX backend:  GPU
JAX devices:  [CudaDevice(id=0)]
Device kind:  NVIDIA H200
Platform:     gpu

QMC Parameters
eql_time        -         30
n_prop_steps    -         50
n_blocks        -        840
n_walkers       -        300
max_memory      -     100000
mix_precision   -       True
seed            -       1752
walker_type     -        rhf
trial           - pt2ccsd_sto_chol
chol_cost_ratio -        0.2
max_error       -    7.2e-05
dt              -      0.005
n_exp_terms     -          6
n_batch         -          1
nchol_chunk     -        100
free_projection -      False

QMC System
Number of Occ. Orbitals:      30
Number of Act. Orbitals:      152
Number of Chol. Vectors:      1264
Mean-Field Energy:            -1832.00523770
Maximum memory per walker:            333.33 MB
Maximum number of Cholesky per chunk: 945
Number of Cholesky chunks:            2
Number of Cholesky per chunk:         632
Number of padding Cholesky:           0
Trial:   pt2ccsd_sto_chol(norb=152, nelec=(30, 30), n_batch=1, nchol_chunk=632, mix_precision=True, n_chol_head=0, head_chol_ratio=None, n_chol_samples=None, chol_cost_ratio=0.2, head_sample_ratio=3.0, chol_score_floor=1e-06, chol_uniform_mix=0.01, head_from_guide=False)
Sampler: sampler_pt2_sto_chol(n_prop_steps=50, n_blocks=840, n_chol=1264, frozen_vir=0)

Initalize QMC walkers by HF

Equilibration
Initial Orbital energy: -0.11999
inv_T  nodes      weight      energy     error   runTime
 0.00      0   300.00000  -1832.00417   0.00000     34.77
 3.00      0   306.96662  -1833.28853   0.02156     41.92
 6.00      0   301.63783  -1833.35090   0.02807     44.12
 9.00      0   299.38366  -1833.35396   0.02628     46.48
12.00      0   299.07788  -1833.34543   0.02566     48.82
15.00      0   299.40856  -1833.34224   0.02676     51.16
18.00      0   297.50569  -1833.28984   0.02398     53.36
21.00      0   298.26751  -1833.30445   0.02422     55.56
24.00      0   298.24954  -1833.25918   0.02295     57.76
27.00      0   297.46719  -1833.29558   0.02204     60.13
30.00      0   298.58495  -1833.28426   0.02165     62.36

Sampling Blocks
Target Final Error ~ 0.000072
   N  nodes      weight      E(Guide)     Error     weightp    E_frag     Error      Time
  20      0   298.51698   -1833.31752   0.00460   302.66540  -0.12564   0.00019     75.64
  40      0   297.83332   -1833.32879   0.00354   302.66920  -0.12562   0.00018     86.05
  60      0   297.72709   -1833.32015   0.00303   302.64808  -0.12551   0.00013     93.60
  80      0   299.09502   -1833.32538   0.00283   302.65352  -0.12576   0.00012    100.89
 100      0   299.50873   -1833.32558   0.00260   302.59608  -0.12589   0.00011    108.31
 120      0   298.62368   -1833.32571   0.00234   302.56140  -0.12588   0.00010    115.66
 140      0   298.23069   -1833.32457   0.00219   302.58427  -0.12586   0.00009    122.95
 160      0   298.29659   -1833.32521   0.00208   302.57581  -0.12588   0.00009    130.24
 180      0   299.47826   -1833.32524   0.00207   302.57962  -0.12590   0.00009    137.62
 200      0   299.21473   -1833.32626   0.00197   302.59963  -0.12588   0.00008    145.00
 220      0   300.13458   -1833.32549   0.00185   302.59801  -0.12586   0.00007    152.29
 240      0   298.07153   -1833.32529   0.00180   302.57047  -0.12585   0.00007    159.59
 260      0   298.59057   -1833.32584   0.00171   302.58550  -0.12587   0.00007    166.98
 280      0   298.83756   -1833.32527   0.00167   302.54462  -0.12584   0.00006    174.36
 300      0   298.28682   -1833.32399   0.00162   302.54221  -0.12592   0.00007    181.67
 320      0   298.48932   -1833.32517   0.00156   302.54949  -0.12593   0.00007    188.96
 340      0   298.90880   -1833.32739   0.00157   302.54889  -0.12598   0.00007    196.32
 360      0   298.10416   -1833.32800   0.00153   302.54093  -0.12602   0.00006    203.75
 380      0   298.17691   -1833.32787   0.00148   302.52946  -0.12605   0.00006    211.06
 400      0   298.60409   -1833.32783   0.00144   302.52211  -0.12605   0.00006    218.36
 420      0   298.39001   -1833.32804   0.00139   302.50587  -0.12604   0.00006    225.73
 440      0   298.32460   -1833.32835   0.00136   302.46676  -0.12605   0.00006    233.16
 460      0   298.91565   -1833.32809   0.00132   302.44454  -0.12607   0.00006    240.46
 480      0   299.02960   -1833.32861   0.00129   302.45388  -0.12608   0.00006    247.76
 500      0   299.48708   -1833.32854   0.00126   302.45539  -0.12612   0.00006    255.08
 520      0   298.95139   -1833.32855   0.00122   302.44559  -0.12611   0.00006    262.57
 540      0   298.54332   -1833.32877   0.00120   302.43933  -0.12610   0.00005    269.86
 560      0   298.58505   -1833.32891   0.00117   302.43839  -0.12610   0.00005    277.16

Post Propagation
Total number of samples 560
Remove Outliers
Remove samples outside Zeta > 30
Outlier bound [-0.15719, -0.09469]
Removed 0 Outliers
Outliers Energy []
nsample = 560, max_block_size = 28, min_nblocks = 20
   B    NB    NS  Observable     Error    dError
   1   560   560  -1833.32888   0.00117   0.00004
   2   280   560  -1833.32889   0.00147   0.00006
   3   186   558  -1833.32885   0.00170   0.00009
   4   140   560  -1833.32890   0.00172   0.00010
   5   112   560  -1833.32890   0.00188   0.00013
   6    93   558  -1833.32886   0.00190   0.00014
   7    80   560  -1833.32890   0.00179   0.00014
   8    70   560  -1833.32890   0.00183   0.00016
   9    62   558  -1833.32887   0.00202   0.00018
  10    56   560  -1833.32890   0.00206   0.00020
  11    50   550  -1833.32911   0.00199   0.00020
  12    46   552  -1833.32914   0.00195   0.00021
  13    43   559  -1833.32889   0.00199   0.00022
  14    40   560  -1833.32891   0.00186   0.00021
  15    37   555  -1833.32902   0.00220   0.00026
  16    35   560  -1833.32891   0.00207   0.00025
  17    32   544  -1833.32876   0.00222   0.00028
  18    31   558  -1833.32887   0.00192   0.00025
  19    29   551  -1833.32915   0.00224   0.00030
  20    28   560  -1833.32891   0.00225   0.00031
  21    26   546  -1833.32895   0.00216   0.00031
  22    25   550  -1833.32912   0.00206   0.00030
  23    24   552  -1833.32914   0.00205   0.00030
  24    23   552  -1833.32914   0.00205   0.00031
  25    22   550  -1833.32912   0.00194   0.00030
  26    21   546  -1833.32895   0.00213   0.00034
  27    20   540  -1833.32876   0.00190   0.00031
  28    20   560  -1833.32891   0.00217   0.00035
Fit (variance): plateau_var = 4.094e-06 ± 2.477e-07
Fit (error):    plateau = 0.00202 ± 0.00006
     autocorrelation length ~ 3.1 blocks
     plateau reached at block size ~ 14
nsample = 560, max_block_size = 28, min_nblocks = 20
Blk_SZ   NBlk   NSmp      Energy     Error    dError
     1    560    560    -0.12608   0.00005   0.00000
     2    280    560    -0.12608   0.00006   0.00000
     3    186    558    -0.12608   0.00007   0.00000
     4    140    560    -0.12609   0.00007   0.00000
     5    112    560    -0.12609   0.00007   0.00000
     6     93    558    -0.12609   0.00008   0.00001
     7     80    560    -0.12610   0.00008   0.00001
     8     70    560    -0.12610   0.00007   0.00001
     9     62    558    -0.12609   0.00008   0.00001
    10     56    560    -0.12610   0.00008   0.00001
    11     50    550    -0.12608   0.00008   0.00001
    12     46    552    -0.12608   0.00008   0.00001
    13     43    559    -0.12609   0.00007   0.00001
    14     40    560    -0.12610   0.00008   0.00001
    15     37    555    -0.12609   0.00008   0.00001
    16     35    560    -0.12610   0.00008   0.00001
    17     32    544    -0.12609   0.00007   0.00001
    18     31    558    -0.12609   0.00008   0.00001
    19     29    551    -0.12608   0.00008   0.00001
    20     28    560    -0.12610   0.00009   0.00001
    21     26    546    -0.12609   0.00008   0.00001
    22     25    550    -0.12609   0.00008   0.00001
    23     24    552    -0.12608   0.00008   0.00001
    24     23    552    -0.12608   0.00008   0.00001
    25     22    550    -0.12608   0.00008   0.00001
    26     21    546    -0.12609   0.00008   0.00001
    27     20    540    -0.12609   0.00009   0.00001
    28     20    560    -0.12610   0.00009   0.00001
Fit (variance): plateau_var = 6.34995e-09 ± 3.72951e-10
Fit (error):    plateau = 0.00008 ± 0.00000
     autocorrelation length ~ 2.8 blocks
     plateau reached at block size ~ 13
Final AFQMC/HF Guiding Energy:      -1833.3289 +/- 0.0020
Final AFQMC/pt2CCSD Orbital Energy: -0.12610 +/- 0.00008
<t1> = weightp/weight = 1.01324
Total run time: 277.17

AFQMC Sampling Finished

LNO-Integral time (s):    41.25
LNO-AFQMC time (s):       339.36


========================= LNO-FRAGMENT [C4] 5/(48,48) ==========================
Fragment Num.  5
Fragment Idx.  5
Fragment Name  C4
LNO THRESHOLD  [0.00030000000000000003, 3e-05]
PySCF Threads  12
LNO-LAS: 30/156 Occ | 122/636 Vir | 152/792 MOs
LNO-MP2 Fragment Energy:  -0.12057680
LNO-CCSD Fragment Energy: -0.12020398
LNO-CPU time (s):         83.76 (LAS 21.56 | MP2 6.72 | CCSD 55.48)
LNO-CPU wait time (s):    0.00 (100.0% hidden)
Find Density Fit Teonsers in MF object
Integrals will be built by DF Tensors
Calculating Effective Active Space One-electron Integrals
*** Correlation Space Size ***
N Occupied Orbitals: 30
N Active Orbitals:   152
Build effective h0 and h1 time: 9.129163 s
Composing CDERIs from DF
Build CDERI in cLAS time: 6.517458 s
Raw CDERI in LAS shape: (3912, 11628)
Compress CDERI 2 Chol: 1e-05
Compress CDERI time: 1.402646 s
Finished calculating Integrals
LAS Cholesky shape: (1253, 152, 152)
AFQMC script: /u/yzhang65/myprojects/software/afqmc/afqmc/lno_afqmc/script/run_lno_afqmc_pt2ccsd.py

LNO-AFQMC Started
Hostname:     gpue08.delta.ncsa.illinois.edu
System:       Linux
Node:         gpue08.delta.ncsa.illinois.edu
Release:      5.14.0-570.131.1.el9_6.x86_64
Machine:      x86_64
Processor:    x86_64
JAX backend:  GPU
JAX devices:  [CudaDevice(id=0)]
Device kind:  NVIDIA H200
Platform:     gpu

QMC Parameters
eql_time        -         30
n_prop_steps    -         50
n_blocks        -        840
n_walkers       -        300
max_memory      -     100000
mix_precision   -       True
seed            -       4155
walker_type     -        rhf
trial           - pt2ccsd_sto_chol
chol_cost_ratio -        0.2
max_error       -    7.2e-05
dt              -      0.005
n_exp_terms     -          6
n_batch         -          1
nchol_chunk     -        100
free_projection -      False

QMC System
Number of Occ. Orbitals:      30
Number of Act. Orbitals:      152
Number of Chol. Vectors:      1253
Mean-Field Energy:            -1832.00523770
Maximum memory per walker:            333.33 MB
Maximum number of Cholesky per chunk: 945
Number of Cholesky chunks:            2
Number of Cholesky per chunk:         627
Number of padding Cholesky:           1
Trial:   pt2ccsd_sto_chol(norb=152, nelec=(30, 30), n_batch=1, nchol_chunk=627, mix_precision=True, n_chol_head=0, head_chol_ratio=None, n_chol_samples=None, chol_cost_ratio=0.2, head_sample_ratio=3.0, chol_score_floor=1e-06, chol_uniform_mix=0.01, head_from_guide=False)
Sampler: sampler_pt2_sto_chol(n_prop_steps=50, n_blocks=840, n_chol=1253, frozen_vir=0)

Initalize QMC walkers by HF

Equilibration
Initial Orbital energy: -0.12022
inv_T  nodes      weight      energy     error   runTime
 0.00      0   300.00000  -1832.00413   0.00000     30.24
 3.00      0   306.87914  -1833.28297   0.02371     37.47
 6.00      0   300.72230  -1833.30697   0.02426     39.77
 9.00      0   299.25533  -1833.30752   0.02403     42.70
12.00      0   298.83564  -1833.31594   0.02386     45.50
15.00      0   298.24733  -1833.34683   0.02264     48.02
18.00      0   298.54658  -1833.30467   0.02241     50.33
21.00      0   297.50725  -1833.34943   0.02405     52.64
24.00      0   298.97142  -1833.33260   0.02307     54.90
27.00      0   298.27328  -1833.29498   0.02389     57.16
30.00      0   298.45906  -1833.32364   0.02433     59.42

Sampling Blocks
Target Final Error ~ 0.000072
   N  nodes      weight      E(Guide)     Error     weightp    E_frag     Error      Time
  20      0   299.32775   -1833.32436   0.00437   302.23258  -0.12610   0.00020     75.84
  40      0   298.35596   -1833.31876   0.00356   302.13565  -0.12617   0.00013     83.48
  60      0   298.61974   -1833.31838   0.00284   302.33488  -0.12629   0.00013     90.88
  80      0   298.19106   -1833.31861   0.00242   302.36357  -0.12626   0.00011     98.27
 100      0   298.12509   -1833.31935   0.00232   302.41160  -0.12621   0.00009    105.83
 120      0   299.14866   -1833.32061   0.00243   302.55589  -0.12628   0.00009    113.23
 140      0   298.01685   -1833.32097   0.00220   302.62442  -0.12623   0.00009    121.20
 160      0   298.26262   -1833.32120   0.00201   302.62932  -0.12622   0.00008    128.60
 180      0   298.45564   -1833.31989   0.00189   302.64245  -0.12623   0.00008    136.15
 200      0   297.93559   -1833.32398   0.00199   302.64472  -0.12637   0.00008    143.55
 220      0   298.06405   -1833.32606   0.00190   302.63949  -0.12640   0.00008    150.95
 240      0   298.45226   -1833.32813   0.00186   302.64234  -0.12649   0.00008    158.34
 260      0   298.52783   -1833.32931   0.00182   302.63780  -0.12654   0.00009    165.90
 280      0   297.69448   -1833.32993   0.00175   302.66835  -0.12650   0.00008    173.29
 300      0   298.40305   -1833.32925   0.00166   302.68378  -0.12645   0.00008    180.69
 320      0   298.07405   -1833.32846   0.00160   302.70792  -0.12647   0.00008    188.09
 340      0   297.79658   -1833.32776   0.00154   302.71383  -0.12647   0.00007    195.67
 360      0   298.90148   -1833.32754   0.00149   302.72598  -0.12645   0.00007    203.10
 380      0   299.03172   -1833.32920   0.00151   302.73645  -0.12649   0.00007    210.51
 400      0   298.17762   -1833.33011   0.00148   302.72605  -0.12648   0.00007    217.93
 420      0   298.23845   -1833.32990   0.00143   302.71915  -0.12645   0.00007    225.47
 440      0   298.71830   -1833.32947   0.00139   302.72323  -0.12646   0.00007    232.88
 460      0   298.18297   -1833.32964   0.00136   302.71643  -0.12649   0.00007    240.29
 480      0   298.12422   -1833.33020   0.00135   302.70512  -0.12648   0.00006    247.68
 500      0   298.48941   -1833.32975   0.00131   302.70826  -0.12647   0.00006    255.23
 520      0   298.76605   -1833.32920   0.00129   302.71314  -0.12649   0.00006    262.64
 540      0   298.25844   -1833.32873   0.00127   302.70569  -0.12647   0.00006    270.04
 560      0   298.82554   -1833.32854   0.00125   302.72075  -0.12647   0.00006    277.43
 580      0   297.59494   -1833.32821   0.00123   302.71661  -0.12647   0.00006    285.01
 600      0   298.26568   -1833.32855   0.00120   302.70561  -0.12648   0.00006    292.44
 620      0   297.56467   -1833.32815   0.00118   302.69396  -0.12646   0.00005    299.84
 640      0   299.90955   -1833.32803   0.00115   302.68031  -0.12646   0.00005    307.25

Post Propagation
Total number of samples 640
Remove Outliers
Remove samples outside Zeta > 30
Outlier bound [-0.15883, -0.09365]
Removed 0 Outliers
Outliers Energy []
nsample = 640, max_block_size = 32, min_nblocks = 20
   B    NB    NS  Observable     Error    dError
   1   640   640  -1833.32800   0.00115   0.00003
   2   320   640  -1833.32801   0.00143   0.00006
   3   213   639  -1833.32799   0.00161   0.00008
   4   160   640  -1833.32802   0.00172   0.00010
   5   128   640  -1833.32802   0.00179   0.00011
   6   106   636  -1833.32806   0.00184   0.00013
   7    91   637  -1833.32805   0.00202   0.00015
   8    80   640  -1833.32803   0.00200   0.00016
   9    71   639  -1833.32800   0.00208   0.00018
  10    64   640  -1833.32803   0.00215   0.00019
  11    58   638  -1833.32803   0.00200   0.00019
  12    53   636  -1833.32807   0.00216   0.00021
  13    49   637  -1833.32805   0.00217   0.00022
  14    45   630  -1833.32806   0.00233   0.00025
  15    42   630  -1833.32807   0.00221   0.00024
  16    40   640  -1833.32803   0.00234   0.00026
  17    37   629  -1833.32805   0.00214   0.00025
  18    35   630  -1833.32807   0.00236   0.00029
  19    33   627  -1833.32802   0.00237   0.00030
  20    32   640  -1833.32803   0.00243   0.00031
  21    30   630  -1833.32807   0.00240   0.00032
  22    29   638  -1833.32803   0.00247   0.00033
  23    27   621  -1833.32809   0.00267   0.00037
  24    26   624  -1833.32804   0.00249   0.00035
  25    25   625  -1833.32803   0.00246   0.00036
  26    24   624  -1833.32804   0.00278   0.00041
  27    23   621  -1833.32809   0.00239   0.00036
  28    22   616  -1833.32824   0.00267   0.00041
  29    22   638  -1833.32803   0.00243   0.00038
  30    21   630  -1833.32807   0.00285   0.00045
  31    20   620  -1833.32815   0.00275   0.00045
  32    20   640  -1833.32803   0.00246   0.00040
Fit (variance): plateau_var = 6.112e-06 ± 5.573e-07
Fit (error):    plateau = 0.00247 ± 0.00011
     autocorrelation length ~ 7.8 blocks
     plateau reached at block size ~ 36
nsample = 640, max_block_size = 32, min_nblocks = 20
Blk_SZ   NBlk   NSmp      Energy     Error    dError
     1    640    640    -0.12642   0.00005   0.00000
     2    320    640    -0.12642   0.00006   0.00000
     3    213    639    -0.12643   0.00007   0.00000
     4    160    640    -0.12643   0.00007   0.00000
     5    128    640    -0.12644   0.00007   0.00000
     6    106    636    -0.12644   0.00008   0.00001
     7     91    637    -0.12644   0.00008   0.00001
     8     80    640    -0.12644   0.00008   0.00001
     9     71    639    -0.12644   0.00008   0.00001
    10     64    640    -0.12644   0.00008   0.00001
    11     58    638    -0.12644   0.00008   0.00001
    12     53    636    -0.12644   0.00009   0.00001
    13     49    637    -0.12644   0.00008   0.00001
    14     45    630    -0.12644   0.00008   0.00001
    15     42    630    -0.12644   0.00009   0.00001
    16     40    640    -0.12645   0.00008   0.00001
    17     37    629    -0.12644   0.00009   0.00001
    18     35    630    -0.12644   0.00008   0.00001
    19     33    627    -0.12644   0.00009   0.00001
    20     32    640    -0.12645   0.00008   0.00001
    21     30    630    -0.12644   0.00009   0.00001
    22     29    638    -0.12645   0.00008   0.00001
    23     27    621    -0.12645   0.00009   0.00001
    24     26    624    -0.12644   0.00008   0.00001
    25     25    625    -0.12644   0.00010   0.00001
    26     24    624    -0.12644   0.00009   0.00001
    27     23    621    -0.12645   0.00009   0.00001
    28     22    616    -0.12646   0.00010   0.00002
    29     22    638    -0.12645   0.00009   0.00001
    30     21    630    -0.12644   0.00010   0.00002
    31     20    620    -0.12645   0.00009   0.00001
    32     20    640    -0.12645   0.00009   0.00001
Fit (variance): plateau_var = 7.33603e-09 ± 4.34762e-10
Fit (error):    plateau = 0.00009 ± 0.00000
     autocorrelation length ~ 3.8 blocks
     plateau reached at block size ~ 17
Final AFQMC/HF Guiding Energy:      -1833.3280 +/- 0.0025
Final AFQMC/pt2CCSD Orbital Energy: -0.12646 +/- 0.00009
<t1> = weightp/weight = 1.01411
Total run time: 307.26

AFQMC Sampling Finished

LNO-Integral time (s):    18.71
LNO-AFQMC time (s):       316.98


========================= LNO-FRAGMENT [C5] 6/(48,48) ==========================
Fragment Num.  6
Fragment Idx.  6
Fragment Name  C5
LNO THRESHOLD  [0.00030000000000000003, 3e-05]
PySCF Threads  12
LNO-LAS: 30/156 Occ | 121/636 Vir | 151/792 MOs
LNO-MP2 Fragment Energy:  -0.12022596
LNO-CCSD Fragment Energy: -0.11989478
LNO-CPU time (s):         81.24 (LAS 16.10 | MP2 10.36 | CCSD 54.78)
LNO-CPU wait time (s):    0.00 (100.0% hidden)
Find Density Fit Teonsers in MF object
Integrals will be built by DF Tensors
Calculating Effective Active Space One-electron Integrals
*** Correlation Space Size ***
N Occupied Orbitals: 30
N Active Orbitals:   151
Build effective h0 and h1 time: 7.967618 s
Composing CDERIs from DF
Build CDERI in cLAS time: 9.827289 s
Raw CDERI in LAS shape: (3912, 11476)
Compress CDERI 2 Chol: 1e-05
Compress CDERI time: 3.643179 s
Finished calculating Integrals
LAS Cholesky shape: (1241, 151, 151)
AFQMC script: /u/yzhang65/myprojects/software/afqmc/afqmc/lno_afqmc/script/run_lno_afqmc_pt2ccsd.py

LNO-AFQMC Started
Hostname:     gpue08.delta.ncsa.illinois.edu
System:       Linux
Node:         gpue08.delta.ncsa.illinois.edu
Release:      5.14.0-570.131.1.el9_6.x86_64
Machine:      x86_64
Processor:    x86_64
JAX backend:  GPU
JAX devices:  [CudaDevice(id=0)]
Device kind:  NVIDIA H200
Platform:     gpu

QMC Parameters
eql_time        -         30
n_prop_steps    -         50
n_blocks        -        840
n_walkers       -        300
max_memory      -     100000
mix_precision   -       True
seed            -        687
walker_type     -        rhf
trial           - pt2ccsd_sto_chol
chol_cost_ratio -        0.2
max_error       -    7.2e-05
dt              -      0.005
n_exp_terms     -          6
n_batch         -          1
nchol_chunk     -        100
free_projection -      False

QMC System
Number of Occ. Orbitals:      30
Number of Act. Orbitals:      151
Number of Chol. Vectors:      1241
Mean-Field Energy:            -1832.00523770
Maximum memory per walker:            333.33 MB
Maximum number of Cholesky per chunk: 958
Number of Cholesky chunks:            2
Number of Cholesky per chunk:         621
Number of padding Cholesky:           1
Trial:   pt2ccsd_sto_chol(norb=151, nelec=(30, 30), n_batch=1, nchol_chunk=621, mix_precision=True, n_chol_head=0, head_chol_ratio=None, n_chol_samples=None, chol_cost_ratio=0.2, head_sample_ratio=3.0, chol_score_floor=1e-06, chol_uniform_mix=0.01, head_from_guide=False)
Sampler: sampler_pt2_sto_chol(n_prop_steps=50, n_blocks=840, n_chol=1241, frozen_vir=0)

Initalize QMC walkers by HF

Equilibration
Initial Orbital energy: -0.11992
inv_T  nodes      weight      energy     error   runTime
 0.00      0   300.00000  -1832.00424   0.00000     28.76
 3.00      0   307.72434  -1833.34240   0.02460     34.86
 6.00      0   299.80133  -1833.32388   0.02653     37.26
 9.00      0   299.11100  -1833.32434   0.02457     39.64
12.00      0   298.73846  -1833.34663   0.02429     41.95
15.00      0   298.97004  -1833.32994   0.02637     44.26
18.00      0   297.83984  -1833.31544   0.02638     46.56
21.00      0   298.41469  -1833.27194   0.02190     48.86
24.00      0   297.99961  -1833.29183   0.02255     51.18
27.00      0   297.85981  -1833.30538   0.02397     53.48
30.00      0   298.50964  -1833.32363   0.02343     55.78

Sampling Blocks
Target Final Error ~ 0.000072
   N  nodes      weight      E(Guide)     Error     weightp    E_frag     Error      Time
  20      0   297.99275   -1833.30764   0.00481   302.36204  -0.12566   0.00030     69.94
  40      0   298.73303   -1833.31404   0.00359   302.67556  -0.12527   0.00019     77.72
  60      0   298.72421   -1833.32520   0.00342   302.58764  -0.12544   0.00015     85.19
  80      0   298.16995   -1833.32453   0.00279   302.49352  -0.12562   0.00014     92.65
 100      0   298.64264   -1833.32076   0.00257   302.46853  -0.12563   0.00012    100.26
 120      0   298.29897   -1833.32368   0.00243   302.49228  -0.12566   0.00010    107.71
 140      0   297.96992   -1833.32403   0.00218   302.43817  -0.12565   0.00010    115.17
 160      0   298.54123   -1833.32591   0.00204   302.45559  -0.12561   0.00009    122.65
 180      0   298.52507   -1833.32578   0.00186   302.45242  -0.12566   0.00008    130.25
 200      0   298.18459   -1833.32535   0.00178   302.43701  -0.12576   0.00008    137.72
 220      0   298.54980   -1833.32528   0.00173   302.43999  -0.12577   0.00008    145.17
 240      0   298.75375   -1833.32527   0.00163   302.44839  -0.12581   0.00008    152.67
 260      0   297.96440   -1833.32633   0.00157   302.41436  -0.12592   0.00008    160.27
 280      0   297.44235   -1833.32594   0.00153   302.41352  -0.12590   0.00007    167.73
 300      0   297.46663   -1833.32654   0.00156   302.44564  -0.12591   0.00007    175.21
 320      0   298.70481   -1833.32673   0.00149   302.44963  -0.12595   0.00007    182.66
 340      0   299.53760   -1833.32560   0.00147   302.44000  -0.12594   0.00007    190.28
 360      0   299.01933   -1833.32573   0.00141   302.45732  -0.12596   0.00006    197.74
 380      0   298.34487   -1833.32490   0.00138   302.46607  -0.12597   0.00006    205.21
 400      0   298.01117   -1833.32519   0.00136   302.48171  -0.12602   0.00006    212.69
 420      0   299.17302   -1833.32620   0.00134   302.49598  -0.12604   0.00006    220.31
 440      0   297.95923   -1833.32665   0.00132   302.48074  -0.12604   0.00006    227.78
 460      0   298.39197   -1833.32620   0.00129   302.47783  -0.12602   0.00006    235.24
 480      0   297.61202   -1833.32619   0.00127   302.46417  -0.12599   0.00006    242.72
 500      0   298.78573   -1833.32658   0.00125   302.47683  -0.12614   0.00010    250.32
 520      0   297.91913   -1833.32688   0.00121   302.47832  -0.12614   0.00009    257.78
 540      0   298.68517   -1833.32626   0.00119   302.47417  -0.12616   0.00009    265.23
 560      0   298.20085   -1833.32629   0.00116   302.47723  -0.12616   0.00009    272.69
 580      0   300.48956   -1833.32566   0.00115   302.45832  -0.12615   0.00009    280.31
 600      0   298.96073   -1833.32577   0.00114   302.45672  -0.12615   0.00008    287.77
 620      0   298.19129   -1833.32568   0.00111   302.45256  -0.12613   0.00008    295.24
 640      0   298.59875   -1833.32602   0.00109   302.46049  -0.12614   0.00008    302.70
 660      0   298.07466   -1833.32587   0.00106   302.45851  -0.12615   0.00008    310.30
 680      0   299.07864   -1833.32550   0.00104   302.47026  -0.12614   0.00007    317.76
 700      0   297.90552   -1833.32603   0.00103   302.47150  -0.12615   0.00007    325.25
 720      0   299.27733   -1833.32578   0.00102   302.47167  -0.12615   0.00007    332.72
 740      0   298.61196   -1833.32529   0.00101   302.47666  -0.12614   0.00007    340.37
 760      0   299.07101   -1833.32505   0.00101   302.47309  -0.12615   0.00007    347.83
 780      0   298.46355   -1833.32545   0.00100   302.47399  -0.12615   0.00007    355.30
 800      0   298.09679   -1833.32572   0.00099   302.46386  -0.12614   0.00007    362.81
 820      0   298.51164   -1833.32605   0.00097   302.46363  -0.12615   0.00007    370.42
 840      0   298.45211   -1833.32610   0.00095   302.46114  -0.12617   0.00006    377.88

Post Propagation
Total number of samples 840
Remove Outliers
Remove samples outside Zeta > 30
Outlier bound [-0.16325, -0.08864]
Removed 0 Outliers
Outliers Energy []
nsample = 840, max_block_size = 42, min_nblocks = 20
   B    NB    NS  Observable     Error    dError
   1   840   840  -1833.32607   0.00095   0.00002
   2   420   840  -1833.32608   0.00118   0.00004
   3   280   840  -1833.32608   0.00134   0.00006
   4   210   840  -1833.32608   0.00149   0.00007
   5   168   840  -1833.32608   0.00154   0.00008
   6   140   840  -1833.32609   0.00157   0.00009
   7   120   840  -1833.32609   0.00167   0.00011
   8   105   840  -1833.32609   0.00175   0.00012
   9    93   837  -1833.32608   0.00174   0.00013
  10    84   840  -1833.32609   0.00179   0.00014
  11    76   836  -1833.32608   0.00177   0.00014
  12    70   840  -1833.32609   0.00175   0.00015
  13    64   832  -1833.32623   0.00172   0.00015
  14    60   840  -1833.32609   0.00179   0.00017
  15    56   840  -1833.32609   0.00173   0.00016
  16    52   832  -1833.32623   0.00185   0.00018
  17    49   833  -1833.32620   0.00188   0.00019
  18    46   828  -1833.32614   0.00192   0.00020
  19    44   836  -1833.32608   0.00172   0.00019
  20    42   840  -1833.32609   0.00179   0.00020
  21    40   840  -1833.32609   0.00186   0.00021
  22    38   836  -1833.32608   0.00184   0.00021
  23    36   828  -1833.32614   0.00189   0.00023
  24    35   840  -1833.32610   0.00160   0.00019
  25    33   825  -1833.32611   0.00172   0.00022
  26    32   832  -1833.32624   0.00181   0.00023
  27    31   837  -1833.32608   0.00189   0.00024
  28    30   840  -1833.32610   0.00157   0.00021
  29    28   812  -1833.32593   0.00174   0.00024
  30    28   840  -1833.32610   0.00150   0.00020
  31    27   837  -1833.32608   0.00184   0.00026
  32    26   832  -1833.32624   0.00203   0.00029
  33    25   825  -1833.32611   0.00189   0.00027
  34    24   816  -1833.32596   0.00182   0.00027
  35    24   840  -1833.32610   0.00196   0.00029
  36    23   828  -1833.32614   0.00195   0.00029
  37    22   814  -1833.32597   0.00189   0.00029
  38    22   836  -1833.32608   0.00182   0.00028
  39    21   819  -1833.32603   0.00169   0.00027
  40    21   840  -1833.32610   0.00184   0.00029
  41    20   820  -1833.32605   0.00180   0.00029
  42    20   840  -1833.32610   0.00169   0.00027
Fit (variance): plateau_var = 3.201e-06 ± 1.412e-07
Fit (error):    plateau = 0.00179 ± 0.00004
     autocorrelation length ~ 3.9 blocks
     plateau reached at block size ~ 18
nsample = 840, max_block_size = 42, min_nblocks = 20
Blk_SZ   NBlk   NSmp      Energy     Error    dError
     1    840    840    -0.12614   0.00006   0.00000
     2    420    840    -0.12615   0.00007   0.00000
     3    280    840    -0.12615   0.00008   0.00000
     4    210    840    -0.12615   0.00008   0.00000
     5    168    840    -0.12615   0.00010   0.00001
     6    140    840    -0.12616   0.00009   0.00001
     7    120    840    -0.12616   0.00010   0.00001
     8    105    840    -0.12616   0.00010   0.00001
     9     93    837    -0.12615   0.00011   0.00001
    10     84    840    -0.12616   0.00011   0.00001
    11     76    836    -0.12615   0.00011   0.00001
    12     70    840    -0.12616   0.00010   0.00001
    13     64    832    -0.12615   0.00011   0.00001
    14     60    840    -0.12616   0.00012   0.00001
    15     56    840    -0.12617   0.00012   0.00001
    16     52    832    -0.12615   0.00012   0.00001
    17     49    833    -0.12615   0.00010   0.00001
    18     46    828    -0.12614   0.00012   0.00001
    19     44    836    -0.12615   0.00010   0.00001
    20     42    840    -0.12617   0.00012   0.00001
    21     40    840    -0.12617   0.00012   0.00001
    22     38    836    -0.12615   0.00012   0.00001
    23     36    828    -0.12615   0.00012   0.00001
    24     35    840    -0.12617   0.00012   0.00001
    25     33    825    -0.12615   0.00012   0.00001
    26     32    832    -0.12615   0.00011   0.00001
    27     31    837    -0.12616   0.00012   0.00002
    28     30    840    -0.12617   0.00013   0.00002
    29     28    812    -0.12613   0.00010   0.00001
    30     28    840    -0.12617   0.00013   0.00002
    31     27    837    -0.12616   0.00011   0.00002
    32     26    832    -0.12615   0.00013   0.00002
    33     25    825    -0.12615   0.00010   0.00001
    34     24    816    -0.12614   0.00012   0.00002
    35     24    840    -0.12617   0.00012   0.00002
    36     23    828    -0.12615   0.00011   0.00002
    37     22    814    -0.12614   0.00013   0.00002
    38     22    836    -0.12616   0.00009   0.00001
    39     21    819    -0.12615   0.00011   0.00002
    40     21    840    -0.12617   0.00012   0.00002
    41     20    820    -0.12615   0.00009   0.00002
    42     20    840    -0.12617   0.00011   0.00002
Fit (variance): plateau_var = 1.28868e-08 ± 7.01830e-10
Fit (error):    plateau = 0.00011 ± 0.00000
     autocorrelation length ~ 6.3 blocks
     plateau reached at block size ~ 28
Final AFQMC/HF Guiding Energy:      -1833.3261 +/- 0.0018
Final AFQMC/pt2CCSD Orbital Energy: -0.12617 +/- 0.00011
<t1> = weightp/weight = 1.01343
Total run time: 377.90

AFQMC Sampling Finished

LNO-Integral time (s):    22.29
LNO-AFQMC time (s):       382.74


========================= LNO-FRAGMENT [C6] 7/(48,48) ==========================
Fragment Num.  7
Fragment Idx.  7
Fragment Name  C6
LNO THRESHOLD  [0.00030000000000000003, 3e-05]
PySCF Threads  12
LNO-LAS: 28/156 Occ | 122/636 Vir | 150/792 MOs
LNO-MP2 Fragment Energy:  -0.11789203
LNO-CCSD Fragment Energy: -0.11828363
LNO-CPU time (s):         77.60 (LAS 19.58 | MP2 5.92 | CCSD 52.10)
LNO-CPU wait time (s):    0.00 (100.0% hidden)
Find Density Fit Teonsers in MF object
Integrals will be built by DF Tensors
Calculating Effective Active Space One-electron Integrals
*** Correlation Space Size ***
N Occupied Orbitals: 28
N Active Orbitals:   150
Build effective h0 and h1 time: 24.442595 s
Composing CDERIs from DF
Build CDERI in cLAS time: 8.023898 s
Raw CDERI in LAS shape: (3912, 11325)
Compress CDERI 2 Chol: 1e-05
Compress CDERI time: 3.762173 s
Finished calculating Integrals
LAS Cholesky shape: (1228, 150, 150)
AFQMC script: /u/yzhang65/myprojects/software/afqmc/afqmc/lno_afqmc/script/run_lno_afqmc_pt2ccsd.py

LNO-AFQMC Started
Hostname:     gpue08.delta.ncsa.illinois.edu
System:       Linux
Node:         gpue08.delta.ncsa.illinois.edu
Release:      5.14.0-570.131.1.el9_6.x86_64
Machine:      x86_64
Processor:    x86_64
JAX backend:  GPU
JAX devices:  [CudaDevice(id=0)]
Device kind:  NVIDIA H200
Platform:     gpu

QMC Parameters
eql_time        -         30
n_prop_steps    -         50
n_blocks        -        840
n_walkers       -        300
max_memory      -     100000
mix_precision   -       True
seed            -       3309
walker_type     -        rhf
trial           - pt2ccsd_sto_chol
chol_cost_ratio -        0.2
max_error       -    7.2e-05
dt              -      0.005
n_exp_terms     -          6
n_batch         -          1
nchol_chunk     -        100
free_projection -      False

QMC System
Number of Occ. Orbitals:      28
Number of Act. Orbitals:      150
Number of Chol. Vectors:      1228
Mean-Field Energy:            -1832.00523770
Maximum memory per walker:            333.33 MB
Maximum number of Cholesky per chunk: 970
Number of Cholesky chunks:            2
Number of Cholesky per chunk:         614
Number of padding Cholesky:           0
Trial:   pt2ccsd_sto_chol(norb=150, nelec=(28, 28), n_batch=1, nchol_chunk=614, mix_precision=True, n_chol_head=0, head_chol_ratio=None, n_chol_samples=None, chol_cost_ratio=0.2, head_sample_ratio=3.0, chol_score_floor=1e-06, chol_uniform_mix=0.01, head_from_guide=False)
Sampler: sampler_pt2_sto_chol(n_prop_steps=50, n_blocks=840, n_chol=1228, frozen_vir=0)

Initalize QMC walkers by HF

Equilibration
Initial Orbital energy: -0.11830
inv_T  nodes      weight      energy     error   runTime
 0.00      0   300.00000  -1832.00430   0.00000     27.15
 3.00      0   306.46158  -1833.21577   0.02361     32.75
 6.00      0   301.46761  -1833.22211   0.02382     34.94
 9.00      0   298.10956  -1833.14835   0.01956     37.12
12.00      0   299.43854  -1833.24264   0.02621     39.19
15.00      0   298.67472  -1833.19361   0.02368     41.23
18.00      0   298.40038  -1833.20034   0.02607     43.28
21.00      0   298.78660  -1833.23380   0.02341     45.33
24.00      0   297.27208  -1833.23062   0.02372     47.37
27.00      0   298.87220  -1833.23812   0.02632     49.42
30.00      0   298.99385  -1833.22897   0.02376     51.47

Sampling Blocks
Target Final Error ~ 0.000072
   N  nodes      weight      E(Guide)     Error     weightp    E_frag     Error      Time
  20      0   298.41132   -1833.21132   0.00587   303.37599  -0.12455   0.00029     64.55
  40      0   297.31672   -1833.20490   0.00404   303.34813  -0.12428   0.00017     71.57
  60      0   299.09164   -1833.20826   0.00310   303.35937  -0.12430   0.00015     78.14
  80      0   298.10264   -1833.20850   0.00273   303.42490  -0.12438   0.00013     84.70
 100      0   299.05350   -1833.20929   0.00257   303.46525  -0.12439   0.00011     91.26
 120      0   297.64038   -1833.21041   0.00230   303.44274  -0.12432   0.00010     98.03
 140      0   298.33895   -1833.20907   0.00219   303.43300  -0.12424   0.00009    104.59
 160      0   298.21026   -1833.20861   0.00201   303.42714  -0.12433   0.00009    111.17
 180      0   298.37154   -1833.20769   0.00185   303.40471  -0.12442   0.00009    117.73
 200      0   298.43928   -1833.20932   0.00180   303.39731  -0.12445   0.00008    124.43
 220      0   298.05106   -1833.20922   0.00168   303.38976  -0.12447   0.00008    131.06
 240      0   297.82911   -1833.20913   0.00161   303.41256  -0.12452   0.00008    137.62
 260      0   298.23268   -1833.21045   0.00159   303.45235  -0.12451   0.00007    144.20
 280      0   297.55379   -1833.21049   0.00156   303.44669  -0.12462   0.00008    150.76
 300      0   298.27974   -1833.20870   0.00153   303.41344  -0.12456   0.00008    157.49
 320      0   298.17714   -1833.20887   0.00146   303.41395  -0.12454   0.00008    164.05
 340      0   298.40091   -1833.20795   0.00144   303.38762  -0.12453   0.00008    170.61
 360      0   299.15807   -1833.20744   0.00142   303.36269  -0.12453   0.00007    177.17
 380      0   299.26004   -1833.20680   0.00140   303.34702  -0.12452   0.00007    183.86
 400      0   298.12759   -1833.20650   0.00135   303.33735  -0.12452   0.00007    190.52
 420      0   298.83463   -1833.20619   0.00130   303.33013  -0.12453   0.00007    197.08
 440      0   298.70225   -1833.20531   0.00128   303.32732  -0.12452   0.00006    203.65
 460      0   299.42633   -1833.20532   0.00127   303.35282  -0.12452   0.00006    210.22
 480      0   298.45558   -1833.20587   0.00124   303.35813  -0.12455   0.00006    216.94
 500      0   298.31773   -1833.20625   0.00123   303.38581  -0.12452   0.00006    223.51
 520      0   298.43323   -1833.20692   0.00120   303.39742  -0.12452   0.00006    230.08
 540      0   297.97252   -1833.20648   0.00118   303.39663  -0.12451   0.00006    236.65
 560      0   298.07836   -1833.20668   0.00115   303.40901  -0.12451   0.00006    243.29
 580      0   299.88705   -1833.20732   0.00117   303.43510  -0.12453   0.00006    249.95
 600      0   298.80301   -1833.20760   0.00114   303.45297  -0.12454   0.00006    256.51
 620      0   298.45387   -1833.20746   0.00111   303.47756  -0.12452   0.00006    263.07
 640      0   298.72199   -1833.20757   0.00109   303.48403  -0.12453   0.00006    269.63
 660      0   297.60697   -1833.20752   0.00106   303.49397  -0.12455   0.00005    276.33
 680      0   299.62585   -1833.20705   0.00105   303.48355  -0.12453   0.00005    282.93

Post Propagation
Total number of samples 680
Remove Outliers
Remove samples outside Zeta > 30
Outlier bound [-0.15859, -0.08992]
Removed 0 Outliers
Outliers Energy []
nsample = 680, max_block_size = 34, min_nblocks = 20
   B    NB    NS  Observable     Error    dError
   1   680   680  -1833.20702   0.00105   0.00003
   2   340   680  -1833.20703   0.00130   0.00005
   3   226   678  -1833.20696   0.00142   0.00007
   4   170   680  -1833.20703   0.00150   0.00008
   5   136   680  -1833.20704   0.00153   0.00009
   6   113   678  -1833.20697   0.00160   0.00011
   7    97   679  -1833.20699   0.00169   0.00012
   8    85   680  -1833.20704   0.00180   0.00014
   9    75   675  -1833.20709   0.00179   0.00015
  10    68   680  -1833.20704   0.00174   0.00015
  11    61   671  -1833.20729   0.00174   0.00016
  12    56   672  -1833.20727   0.00171   0.00016
  13    52   676  -1833.20705   0.00178   0.00018
  14    48   672  -1833.20727   0.00179   0.00018
  15    45   675  -1833.20710   0.00181   0.00019
  16    42   672  -1833.20727   0.00196   0.00022
  17    40   680  -1833.20704   0.00190   0.00022
  18    37   666  -1833.20742   0.00180   0.00021
  19    35   665  -1833.20738   0.00205   0.00025
  20    34   680  -1833.20705   0.00185   0.00023
  21    32   672  -1833.20727   0.00186   0.00024
  22    30   660  -1833.20752   0.00209   0.00027
  23    29   667  -1833.20740   0.00215   0.00029
  24    28   672  -1833.20728   0.00181   0.00025
  25    27   675  -1833.20710   0.00178   0.00025
  26    26   676  -1833.20705   0.00196   0.00028
  27    25   675  -1833.20710   0.00194   0.00028
  28    24   672  -1833.20727   0.00174   0.00026
  29    23   667  -1833.20740   0.00195   0.00029
  30    22   660  -1833.20752   0.00179   0.00028
  31    21   651  -1833.20752   0.00215   0.00034
  32    21   672  -1833.20727   0.00178   0.00028
  33    20   660  -1833.20752   0.00203   0.00033
  34    20   680  -1833.20705   0.00200   0.00032
Fit (variance): plateau_var = 3.504e-06 ± 2.080e-07
Fit (error):    plateau = 0.00187 ± 0.00006
     autocorrelation length ~ 4.5 blocks
     plateau reached at block size ~ 21
nsample = 680, max_block_size = 34, min_nblocks = 20
Blk_SZ   NBlk   NSmp      Energy     Error    dError
     1    680    680    -0.12450   0.00005   0.00000
     2    340    680    -0.12450   0.00006   0.00000
     3    226    678    -0.12451   0.00007   0.00000
     4    170    680    -0.12451   0.00007   0.00000
     5    136    680    -0.12451   0.00007   0.00000
     6    113    678    -0.12452   0.00007   0.00000
     7     97    679    -0.12452   0.00008   0.00001
     8     85    680    -0.12452   0.00007   0.00001
     9     75    675    -0.12452   0.00008   0.00001
    10     68    680    -0.12452   0.00008   0.00001
    11     61    671    -0.12453   0.00007   0.00001
    12     56    672    -0.12453   0.00007   0.00001
    13     52    676    -0.12452   0.00007   0.00001
    14     48    672    -0.12453   0.00008   0.00001
    15     45    675    -0.12453   0.00008   0.00001
    16     42    672    -0.12453   0.00008   0.00001
    17     40    680    -0.12452   0.00008   0.00001
    18     37    666    -0.12454   0.00007   0.00001
    19     35    665    -0.12454   0.00009   0.00001
    20     34    680    -0.12452   0.00008   0.00001
    21     32    672    -0.12454   0.00007   0.00001
    22     30    660    -0.12454   0.00008   0.00001
    23     29    667    -0.12454   0.00008   0.00001
    24     28    672    -0.12453   0.00008   0.00001
    25     27    675    -0.12453   0.00008   0.00001
    26     26    676    -0.12453   0.00008   0.00001
    27     25    675    -0.12453   0.00008   0.00001
    28     24    672    -0.12454   0.00010   0.00001
    29     23    667    -0.12454   0.00006   0.00001
    30     22    660    -0.12454   0.00006   0.00001
    31     21    651    -0.12453   0.00009   0.00001
    32     21    672    -0.12454   0.00008   0.00001
    33     20    660    -0.12454   0.00008   0.00001
    34     20    680    -0.12452   0.00008   0.00001
Fit (variance): plateau_var = 5.88327e-09 ± 2.70596e-10
Fit (error):    plateau = 0.00008 ± 0.00000
     autocorrelation length ~ 2.3 blocks
     plateau reached at block size ~ 10
Final AFQMC/HF Guiding Energy:      -1833.2070 +/- 0.0019
Final AFQMC/pt2CCSD Orbital Energy: -0.12453 +/- 0.00008
<t1> = weightp/weight = 1.01661
Total run time: 282.93

AFQMC Sampling Finished

LNO-Integral time (s):    37.12
LNO-AFQMC time (s):       288.50


======================== LNO-FRAGMENT [C7H24] 8/(48,48) ========================
Fragment Num.  8
Fragment Idx.  8
Fragment Name  C7H24
LNO THRESHOLD  [0.00030000000000000003, 3e-05]
PySCF Threads  12
LNO-LAS: 24/156 Occ | 104/636 Vir | 128/792 MOs
LNO-MP2 Fragment Energy:  -0.13192884
LNO-CCSD Fragment Energy: -0.13765901
LNO-CPU time (s):         51.65 (LAS 18.51 | MP2 4.98 | CCSD 28.16)
LNO-CPU wait time (s):    0.00 (100.0% hidden)
Find Density Fit Teonsers in MF object
Integrals will be built by DF Tensors
Calculating Effective Active Space One-electron Integrals
*** Correlation Space Size ***
N Occupied Orbitals: 24
N Active Orbitals:   128
Build effective h0 and h1 time: 7.228616 s
Composing CDERIs from DF
Build CDERI in cLAS time: 6.212961 s
Raw CDERI in LAS shape: (3912, 8256)
Compress CDERI 2 Chol: 1e-05
Compress CDERI time: 2.632780 s
Finished calculating Integrals
LAS Cholesky shape: (1055, 128, 128)
AFQMC script: /u/yzhang65/myprojects/software/afqmc/afqmc/lno_afqmc/script/run_lno_afqmc_pt2ccsd.py

LNO-AFQMC Started
Hostname:     gpue08.delta.ncsa.illinois.edu
System:       Linux
Node:         gpue08.delta.ncsa.illinois.edu
Release:      5.14.0-570.131.1.el9_6.x86_64
Machine:      x86_64
Processor:    x86_64
JAX backend:  GPU
JAX devices:  [CudaDevice(id=0)]
Device kind:  NVIDIA H200
Platform:     gpu

QMC Parameters
eql_time        -         30
n_prop_steps    -         50
n_blocks        -        840
n_walkers       -        300
max_memory      -     100000
mix_precision   -       True
seed            -       2687
walker_type     -        rhf
trial           - pt2ccsd_sto_chol
chol_cost_ratio -        0.2
max_error       -    7.2e-05
dt              -      0.005
n_exp_terms     -          6
n_batch         -          1
nchol_chunk     -        100
free_projection -      False

QMC System
Number of Occ. Orbitals:      24
Number of Act. Orbitals:      128
Number of Chol. Vectors:      1055
Mean-Field Energy:            -1832.00523770
Maximum memory per walker:            333.33 MB
Maximum number of Cholesky per chunk: 1333
Number of Cholesky chunks:            1
Number of Cholesky per chunk:         1055
Number of padding Cholesky:           0
Trial:   pt2ccsd_sto_chol(norb=128, nelec=(24, 24), n_batch=1, nchol_chunk=1055, mix_precision=True, n_chol_head=0, head_chol_ratio=None, n_chol_samples=None, chol_cost_ratio=0.2, head_sample_ratio=3.0, chol_score_floor=1e-06, chol_uniform_mix=0.01, head_from_guide=False)
Sampler: sampler_pt2_sto_chol(n_prop_steps=50, n_blocks=840, n_chol=1055, frozen_vir=0)

Initalize QMC walkers by HF

Equilibration
Initial Orbital energy: -0.13766
inv_T  nodes      weight      energy     error   runTime
 0.00      0   300.00000  -1832.00445   0.00000     29.04
 3.00      0   305.49482  -1833.00095   0.02063     35.32
 6.00      0   301.50218  -1833.03239   0.02172     36.81
 9.00      0   299.15065  -1832.97437   0.02030     38.44
12.00      0   298.55360  -1832.95774   0.01902     39.87
15.00      0   298.61913  -1832.98129   0.01895     41.43
18.00      0   298.88032  -1833.02127   0.02052     42.88
21.00      0   299.12682  -1833.00317   0.02203     44.30
24.00      0   298.22184  -1832.96091   0.01964     45.92
27.00      0   298.98327  -1832.97164   0.01922     47.33
30.00      0   299.11496  -1833.02359   0.02217     48.78

Sampling Blocks
Target Final Error ~ 0.000072
   N  nodes      weight      E(Guide)     Error     weightp    E_frag     Error      Time
  20      0   298.55115   -1833.02637   0.00577   302.64028  -0.14396   0.00030     59.38
  40      0   299.36560   -1833.02387   0.00341   302.55586  -0.14417   0.00020     63.57
  60      0   298.44062   -1833.02282   0.00299   302.54148  -0.14422   0.00016     67.50
  80      0   298.62234   -1833.01729   0.00296   302.76332  -0.14413   0.00013     71.45
 100      0   297.94499   -1833.01786   0.00255   302.89575  -0.14409   0.00012     75.37
 120      0   298.58902   -1833.01473   0.00239   302.93974  -0.14400   0.00012     79.31
 140      0   298.61102   -1833.01110   0.00225   302.89112  -0.14386   0.00012     83.25
 160      0   299.22222   -1833.00832   0.00213   302.93926  -0.14384   0.00012     87.33
 180      0   299.26990   -1833.00924   0.00201   302.96618  -0.14380   0.00011     91.45
 200      0   298.00576   -1833.00773   0.00194   302.97442  -0.14376   0.00010     95.37
 220      0   298.67816   -1833.00776   0.00186   302.99332  -0.14379   0.00009     99.30
 240      0   298.70013   -1833.00595   0.00178   302.99201  -0.14371   0.00009    103.23
 260      0   298.44804   -1833.00487   0.00171   303.03456  -0.14369   0.00009    107.16
 280      0   297.93565   -1833.00492   0.00162   303.04838  -0.14375   0.00010    111.10
 300      0   299.74022   -1833.00461   0.00154   303.04112  -0.14374   0.00009    115.03
 320      0   298.12422   -1833.00383   0.00148   303.01260  -0.14374   0.00009    119.17
 340      0   297.88146   -1833.00476   0.00143   303.01998  -0.14380   0.00009    123.17
 360      0   298.40889   -1833.00536   0.00138   303.03825  -0.14378   0.00009    127.11
 380      0   299.01520   -1833.00466   0.00134   303.03639  -0.14377   0.00008    131.02
 400      0   298.60779   -1833.00464   0.00129   303.03907  -0.14384   0.00009    134.94
 420      0   298.61753   -1833.00470   0.00125   303.05569  -0.14385   0.00009    138.86
 440      0   299.16113   -1833.00436   0.00123   303.07860  -0.14384   0.00009    142.79
 460      0   298.57640   -1833.00593   0.00125   303.08069  -0.14391   0.00009    146.80
 480      0   298.88222   -1833.00694   0.00127   303.10372  -0.14393   0.00009    150.94
 500      0   298.79895   -1833.00808   0.00128   303.10817  -0.14396   0.00009    154.88
 520      0   298.75195   -1833.00820   0.00125   303.09570  -0.14394   0.00008    158.81
 540      0   298.38587   -1833.00921   0.00123   303.07831  -0.14400   0.00009    162.74
 560      0   298.80298   -1833.00906   0.00120   303.06655  -0.14399   0.00008    166.66
 580      0   298.53311   -1833.00918   0.00117   303.04889  -0.14397   0.00008    170.58
 600      0   298.45895   -1833.00921   0.00114   303.04401  -0.14395   0.00008    174.50
 620      0   299.09875   -1833.00936   0.00111   303.05660  -0.14397   0.00008    178.64
 640      0   298.88043   -1833.00918   0.00109   303.05339  -0.14395   0.00008    182.70
 660      0   298.56238   -1833.00924   0.00107   303.04416  -0.14395   0.00007    186.64
 680      0   299.54429   -1833.00866   0.00105   303.05178  -0.14393   0.00007    190.59
 700      0   298.62223   -1833.00844   0.00103   303.05526  -0.14394   0.00007    194.53
 720      0   298.80979   -1833.00801   0.00101   303.07227  -0.14395   0.00007    198.47
 740      0   299.61358   -1833.00765   0.00100   303.07670  -0.14395   0.00007    202.40
 760      0   298.38687   -1833.00763   0.00098   303.06479  -0.14396   0.00007    206.42
 780      0   298.45114   -1833.00794   0.00096   303.05814  -0.14394   0.00007    210.54
 800      0   299.34753   -1833.00776   0.00094   303.04920  -0.14392   0.00007    214.50
 820      0   299.57481   -1833.00831   0.00094   303.02956  -0.14393   0.00006    218.44
 840      0   298.66885   -1833.00851   0.00093   303.01041  -0.14392   0.00006    222.39

Post Propagation
Total number of samples 840
Remove Outliers
Remove samples outside Zeta > 30
Outlier bound [-0.18487, -0.10231]
Removed 0 Outliers
Outliers Energy []
nsample = 840, max_block_size = 42, min_nblocks = 20
   B    NB    NS  Observable     Error    dError
   1   840   840  -1833.00849   0.00093   0.00002
   2   420   840  -1833.00849   0.00121   0.00004
   3   280   840  -1833.00849   0.00136   0.00006
   4   210   840  -1833.00850   0.00152   0.00007
   5   168   840  -1833.00850   0.00164   0.00009
   6   140   840  -1833.00850   0.00167   0.00010
   7   120   840  -1833.00850   0.00171   0.00011
   8   105   840  -1833.00850   0.00182   0.00013
   9    93   837  -1833.00847   0.00183   0.00013
  10    84   840  -1833.00850   0.00197   0.00015
  11    76   836  -1833.00844   0.00193   0.00016
  12    70   840  -1833.00850   0.00195   0.00017
  13    64   832  -1833.00833   0.00201   0.00018
  14    60   840  -1833.00851   0.00204   0.00019
  15    56   840  -1833.00850   0.00219   0.00021
  16    52   832  -1833.00833   0.00211   0.00021
  17    49   833  -1833.00836   0.00210   0.00021
  18    46   828  -1833.00821   0.00210   0.00022
  19    44   836  -1833.00844   0.00226   0.00024
  20    42   840  -1833.00851   0.00219   0.00024
  21    40   840  -1833.00851   0.00227   0.00026
  22    38   836  -1833.00844   0.00211   0.00025
  23    36   828  -1833.00822   0.00228   0.00027
  24    35   840  -1833.00851   0.00215   0.00026
  25    33   825  -1833.00830   0.00226   0.00028
  26    32   832  -1833.00833   0.00237   0.00030
  27    31   837  -1833.00848   0.00223   0.00029
  28    30   840  -1833.00851   0.00202   0.00027
  29    28   812  -1833.00802   0.00240   0.00033
  30    28   840  -1833.00851   0.00223   0.00030
  31    27   837  -1833.00848   0.00248   0.00034
  32    26   832  -1833.00833   0.00235   0.00033
  33    25   825  -1833.00831   0.00239   0.00034
  34    24   816  -1833.00823   0.00237   0.00035
  35    24   840  -1833.00851   0.00227   0.00033
  36    23   828  -1833.00822   0.00251   0.00038
  37    22   814  -1833.00818   0.00247   0.00038
  38    22   836  -1833.00844   0.00228   0.00035
  39    21   819  -1833.00825   0.00256   0.00040
  40    21   840  -1833.00851   0.00259   0.00041
  41    20   820  -1833.00831   0.00235   0.00038
  42    20   840  -1833.00851   0.00252   0.00041
Fit (variance): plateau_var = 5.295e-06 ± 3.434e-07
Fit (error):    plateau = 0.00230 ± 0.00007
     autocorrelation length ~ 8.3 blocks
     plateau reached at block size ~ 38
nsample = 840, max_block_size = 42, min_nblocks = 20
Blk_SZ   NBlk   NSmp      Energy     Error    dError
     1    840    840    -0.14386   0.00006   0.00000
     2    420    840    -0.14387   0.00007   0.00000
     3    280    840    -0.14387   0.00008   0.00000
     4    210    840    -0.14388   0.00008   0.00000
     5    168    840    -0.14388   0.00009   0.00000
     6    140    840    -0.14388   0.00009   0.00001
     7    120    840    -0.14389   0.00009   0.00001
     8    105    840    -0.14389   0.00009   0.00001
     9     93    837    -0.14390   0.00009   0.00001
    10     84    840    -0.14389   0.00009   0.00001
    11     76    836    -0.14390   0.00009   0.00001
    12     70    840    -0.14389   0.00009   0.00001
    13     64    832    -0.14390   0.00010   0.00001
    14     60    840    -0.14389   0.00009   0.00001
    15     56    840    -0.14389   0.00009   0.00001
    16     52    832    -0.14390   0.00009   0.00001
    17     49    833    -0.14390   0.00009   0.00001
    18     46    828    -0.14390   0.00010   0.00001
    19     44    836    -0.14391   0.00010   0.00001
    20     42    840    -0.14390   0.00009   0.00001
    21     40    840    -0.14390   0.00009   0.00001
    22     38    836    -0.14391   0.00009   0.00001
    23     36    828    -0.14390   0.00009   0.00001
    24     35    840    -0.14390   0.00009   0.00001
    25     33    825    -0.14391   0.00009   0.00001
    26     32    832    -0.14390   0.00009   0.00001
    27     31    837    -0.14391   0.00009   0.00001
    28     30    840    -0.14391   0.00008   0.00001
    29     28    812    -0.14390   0.00009   0.00001
    30     28    840    -0.14391   0.00008   0.00001
    31     27    837    -0.14391   0.00009   0.00001
    32     26    832    -0.14391   0.00010   0.00001
    33     25    825    -0.14391   0.00009   0.00001
    34     24    816    -0.14392   0.00009   0.00001
    35     24    840    -0.14391   0.00009   0.00001
    36     23    828    -0.14391   0.00009   0.00001
    37     22    814    -0.14391   0.00009   0.00001
    38     22    836    -0.14392   0.00008   0.00001
    39     21    819    -0.14391   0.00009   0.00001
    40     21    840    -0.14391   0.00010   0.00002
    41     20    820    -0.14392   0.00008   0.00001
    42     20    840    -0.14391   0.00010   0.00002
Fit (variance): plateau_var = 8.12626e-09 ± 3.08628e-10
Fit (error):    plateau = 0.00009 ± 0.00000
     autocorrelation length ~ 2.2 blocks
     plateau reached at block size ~ 10
Final AFQMC/HF Guiding Energy:      -1833.0085 +/- 0.0023
Final AFQMC/pt2CCSD Orbital Energy: -0.14392 +/- 0.00009
<t1> = weightp/weight = 1.01457
Total run time: 222.40

AFQMC Sampling Finished

LNO-Integral time (s):    16.93
LNO-AFQMC time (s):       227.66


======================== LNO-FRAGMENT [C8H25] 9/(48,48) ========================
Fragment Num.  9
Fragment Idx.  9
Fragment Name  C8H25
LNO THRESHOLD  [0.00030000000000000003, 3e-05]
PySCF Threads  12
LNO-LAS: 24/156 Occ | 104/636 Vir | 128/792 MOs
LNO-MP2 Fragment Energy:  -0.13255422
LNO-CCSD Fragment Energy: -0.13826249
LNO-CPU time (s):         59.97 (LAS 17.42 | MP2 11.87 | CCSD 30.67)
LNO-CPU wait time (s):    0.00 (100.0% hidden)
Find Density Fit Teonsers in MF object
Integrals will be built by DF Tensors
Calculating Effective Active Space One-electron Integrals
*** Correlation Space Size ***
N Occupied Orbitals: 24
N Active Orbitals:   128
Build effective h0 and h1 time: 10.210327 s
Composing CDERIs from DF
Build CDERI in cLAS time: 6.170721 s
Raw CDERI in LAS shape: (3912, 8256)
Compress CDERI 2 Chol: 1e-05
Compress CDERI time: 1.218369 s
Finished calculating Integrals
LAS Cholesky shape: (1060, 128, 128)
AFQMC script: /u/yzhang65/myprojects/software/afqmc/afqmc/lno_afqmc/script/run_lno_afqmc_pt2ccsd.py

LNO-AFQMC Started
Hostname:     gpue08.delta.ncsa.illinois.edu
System:       Linux
Node:         gpue08.delta.ncsa.illinois.edu
Release:      5.14.0-570.131.1.el9_6.x86_64
Machine:      x86_64
Processor:    x86_64
JAX backend:  GPU
JAX devices:  [CudaDevice(id=0)]
Device kind:  NVIDIA H200
Platform:     gpu

QMC Parameters
eql_time        -         30
n_prop_steps    -         50
n_blocks        -        840
n_walkers       -        300
max_memory      -     100000
mix_precision   -       True
seed            -       3708
walker_type     -        rhf
trial           - pt2ccsd_sto_chol
chol_cost_ratio -        0.2
max_error       -    7.2e-05
dt              -      0.005
n_exp_terms     -          6
n_batch         -          1
nchol_chunk     -        100
free_projection -      False

QMC System
Number of Occ. Orbitals:      24
Number of Act. Orbitals:      128
Number of Chol. Vectors:      1060
Mean-Field Energy:            -1832.00523770
Maximum memory per walker:            333.33 MB
Maximum number of Cholesky per chunk: 1333
Number of Cholesky chunks:            1
Number of Cholesky per chunk:         1060
Number of padding Cholesky:           0
Trial:   pt2ccsd_sto_chol(norb=128, nelec=(24, 24), n_batch=1, nchol_chunk=1060, mix_precision=True, n_chol_head=0, head_chol_ratio=None, n_chol_samples=None, chol_cost_ratio=0.2, head_sample_ratio=3.0, chol_score_floor=1e-06, chol_uniform_mix=0.01, head_from_guide=False)
Sampler: sampler_pt2_sto_chol(n_prop_steps=50, n_blocks=840, n_chol=1060, frozen_vir=0)

Initalize QMC walkers by HF

Equilibration
Initial Orbital energy: -0.13826
inv_T  nodes      weight      energy     error   runTime
 0.00      0   300.00000  -1832.00440   0.00000     29.36
 3.00      0   305.11511  -1833.00657   0.02152     36.55
 6.00      0   300.97532  -1833.04469   0.02166     38.11
 9.00      0   300.09340  -1833.01781   0.01978     39.81
12.00      0   299.20682  -1832.99213   0.02106     41.25
15.00      0   298.81219  -1833.01265   0.02002     42.69
18.00      0   298.52454  -1833.03378   0.02565     44.22
21.00      0   298.47390  -1833.00418   0.02516     45.66
24.00      0   298.83554  -1833.00020   0.02415     47.08
27.00      0   299.06779  -1833.04147   0.02081     48.49
30.00      0   298.69949  -1833.02116   0.02266     49.97

Sampling Blocks
Target Final Error ~ 0.000072
   N  nodes      weight      E(Guide)     Error     weightp    E_frag     Error      Time
  20      0   298.46545   -1833.00640   0.00314   303.05865  -0.14453   0.00025     60.57
  40      0   298.15218   -1833.01086   0.00296   302.99432  -0.14430   0.00019     64.87
  60      0   298.08120   -1833.00809   0.00261   303.20537  -0.14433   0.00015     68.81
  80      0   298.49083   -1833.00724   0.00212   303.21792  -0.14435   0.00014     72.77
 100      0   299.03546   -1833.00412   0.00208   303.18619  -0.14417   0.00013     76.71
 120      0   298.88605   -1833.00531   0.00208   303.14968  -0.14433   0.00014     80.74
 140      0   298.38256   -1833.00733   0.00197   303.14676  -0.14443   0.00013     84.88
 160      0   299.41247   -1833.00706   0.00183   303.15788  -0.14448   0.00012     88.83
 180      0   298.38650   -1833.00815   0.00177   303.15767  -0.14447   0.00012     92.78
 200      0   299.58971   -1833.00801   0.00167   303.16670  -0.14443   0.00012     96.71
 220      0   298.29696   -1833.00875   0.00157   303.18831  -0.14442   0.00011    100.65
 240      0   298.61642   -1833.00925   0.00153   303.17909  -0.14450   0.00011    104.58
 260      0   298.41943   -1833.00913   0.00147   303.16556  -0.14448   0.00010    108.52
 280      0   298.38964   -1833.00685   0.00148   303.16993  -0.14448   0.00010    112.68
 300      0   298.62113   -1833.00715   0.00142   303.14645  -0.14453   0.00010    116.73
 320      0   298.29974   -1833.00750   0.00138   303.13939  -0.14453   0.00010    120.66
 340      0   298.98954   -1833.00722   0.00132   303.12269  -0.14448   0.00009    124.60
 360      0   299.11375   -1833.00734   0.00127   303.13108  -0.14449   0.00009    128.54
 380      0   299.73491   -1833.00629   0.00126   303.14907  -0.14446   0.00009    132.47
 400      0   298.54758   -1833.00637   0.00122   303.14663  -0.14449   0.00008    136.43
 420      0   298.79292   -1833.00642   0.00118   303.12158  -0.14454   0.00008    140.47
 440      0   298.66455   -1833.00654   0.00116   303.07676  -0.14456   0.00008    144.59
 460      0   298.20261   -1833.00706   0.00114   303.07330  -0.14459   0.00008    148.57
 480      0   298.69978   -1833.00772   0.00110   303.06032  -0.14459   0.00008    152.50
 500      0   299.13840   -1833.00817   0.00108   303.06976  -0.14458   0.00007    156.43
 520      0   298.74652   -1833.00847   0.00106   303.08402  -0.14464   0.00008    160.37
 540      0   299.12219   -1833.00833   0.00105   303.08159  -0.14466   0.00008    164.29
 560      0   298.12331   -1833.00873   0.00102   303.07678  -0.14467   0.00008    168.22
 580      0   298.26042   -1833.00806   0.00101   303.08619  -0.14468   0.00008    172.34
 600      0   298.63744   -1833.00765   0.00099   303.08204  -0.14465   0.00008    176.40
 620      0   299.13067   -1833.00785   0.00098   303.07128  -0.14464   0.00007    180.33
 640      0   298.26772   -1833.00820   0.00096   303.06030  -0.14464   0.00007    184.27
 660      0   297.78885   -1833.00783   0.00095   303.05119  -0.14460   0.00007    188.21
 680      0   298.88958   -1833.00725   0.00093   303.05010  -0.14460   0.00007    192.15
 700      0   298.76633   -1833.00674   0.00092   303.04314  -0.14459   0.00007    196.08
 720      0   298.83298   -1833.00685   0.00091   303.04136  -0.14462   0.00007    200.07
 740      0   298.51626   -1833.00737   0.00090   303.02647  -0.14462   0.00007    204.21
 760      0   298.23086   -1833.00706   0.00089   303.00152  -0.14463   0.00007    208.21
 780      0   299.38830   -1833.00687   0.00088   302.99977  -0.14463   0.00007    212.14
 800      0   298.96742   -1833.00646   0.00087   303.00161  -0.14464   0.00007    216.09
 820      0   298.46149   -1833.00645   0.00086   303.00203  -0.14464   0.00007    220.04
 840      0   298.69907   -1833.00631   0.00085   303.00246  -0.14465   0.00007    223.98

Post Propagation
Total number of samples 840
Remove Outliers
Remove samples outside Zeta > 30
Outlier bound [-0.18768, -0.10098]
Removed 0 Outliers
Outliers Energy []
nsample = 840, max_block_size = 42, min_nblocks = 20
   B    NB    NS  Observable     Error    dError
   1   840   840  -1833.00628   0.00085   0.00002
   2   420   840  -1833.00629   0.00107   0.00004
   3   280   840  -1833.00629   0.00120   0.00005
   4   210   840  -1833.00630   0.00128   0.00006
   5   168   840  -1833.00630   0.00135   0.00007
   6   140   840  -1833.00630   0.00138   0.00008
   7   120   840  -1833.00630   0.00142   0.00009
   8   105   840  -1833.00630   0.00146   0.00010
   9    93   837  -1833.00617   0.00152   0.00011
  10    84   840  -1833.00630   0.00150   0.00012
  11    76   836  -1833.00617   0.00158   0.00013
  12    70   840  -1833.00630   0.00159   0.00014
  13    64   832  -1833.00625   0.00154   0.00014
  14    60   840  -1833.00630   0.00157   0.00014
  15    56   840  -1833.00630   0.00163   0.00016
  16    52   832  -1833.00625   0.00168   0.00017
  17    49   833  -1833.00625   0.00177   0.00018
  18    46   828  -1833.00638   0.00175   0.00018
  19    44   836  -1833.00618   0.00165   0.00018
  20    42   840  -1833.00630   0.00173   0.00019
  21    40   840  -1833.00630   0.00170   0.00019
  22    38   836  -1833.00618   0.00162   0.00019
  23    36   828  -1833.00638   0.00156   0.00019
  24    35   840  -1833.00630   0.00169   0.00021
  25    33   825  -1833.00644   0.00174   0.00022
  26    32   832  -1833.00625   0.00165   0.00021
  27    31   837  -1833.00617   0.00176   0.00023
  28    30   840  -1833.00631   0.00163   0.00021
  29    28   812  -1833.00660   0.00177   0.00024
  30    28   840  -1833.00630   0.00175   0.00024
  31    27   837  -1833.00617   0.00184   0.00026
  32    26   832  -1833.00625   0.00193   0.00027
  33    25   825  -1833.00644   0.00176   0.00025
  34    24   816  -1833.00653   0.00199   0.00029
  35    24   840  -1833.00630   0.00196   0.00029
  36    23   828  -1833.00638   0.00174   0.00026
  37    22   814  -1833.00658   0.00196   0.00030
  38    22   836  -1833.00618   0.00180   0.00028
  39    21   819  -1833.00645   0.00170   0.00027
  40    21   840  -1833.00631   0.00192   0.00030
  41    20   820  -1833.00645   0.00203   0.00033
  42    20   840  -1833.00631   0.00166   0.00027
Fit (variance): plateau_var = 2.962e-06 ± 1.636e-07
Fit (error):    plateau = 0.00172 ± 0.00005
     autocorrelation length ~ 6.1 blocks
     plateau reached at block size ~ 28
nsample = 840, max_block_size = 42, min_nblocks = 20
Blk_SZ   NBlk   NSmp      Energy     Error    dError
     1    840    840    -0.14462   0.00006   0.00000
     2    420    840    -0.14462   0.00008   0.00000
     3    280    840    -0.14463   0.00008   0.00000
     4    210    840    -0.14463   0.00008   0.00000
     5    168    840    -0.14463   0.00009   0.00000
     6    140    840    -0.14464   0.00009   0.00001
     7    120    840    -0.14464   0.00009   0.00001
     8    105    840    -0.14464   0.00009   0.00001
     9     93    837    -0.14464   0.00009   0.00001
    10     84    840    -0.14464   0.00009   0.00001
    11     76    836    -0.14464   0.00010   0.00001
    12     70    840    -0.14464   0.00009   0.00001
    13     64    832    -0.14464   0.00009   0.00001
    14     60    840    -0.14464   0.00009   0.00001
    15     56    840    -0.14464   0.00009   0.00001
    16     52    832    -0.14464   0.00010   0.00001
    17     49    833    -0.14464   0.00009   0.00001
    18     46    828    -0.14463   0.00009   0.00001
    19     44    836    -0.14464   0.00009   0.00001
    20     42    840    -0.14465   0.00009   0.00001
    21     40    840    -0.14465   0.00009   0.00001
    22     38    836    -0.14465   0.00010   0.00001
    23     36    828    -0.14464   0.00010   0.00001
    24     35    840    -0.14465   0.00009   0.00001
    25     33    825    -0.14463   0.00010   0.00001
    26     32    832    -0.14464   0.00009   0.00001
    27     31    837    -0.14465   0.00009   0.00001
    28     30    840    -0.14465   0.00010   0.00001
    29     28    812    -0.14464   0.00010   0.00001
    30     28    840    -0.14465   0.00009   0.00001
    31     27    837    -0.14465   0.00009   0.00001
    32     26    832    -0.14464   0.00011   0.00002
    33     25    825    -0.14463   0.00010   0.00001
    34     24    816    -0.14464   0.00009   0.00001
    35     24    840    -0.14465   0.00009   0.00001
    36     23    828    -0.14464   0.00010   0.00001
    37     22    814    -0.14464   0.00009   0.00001
    38     22    836    -0.14465   0.00009   0.00001
    39     21    819    -0.14464   0.00010   0.00002
    40     21    840    -0.14465   0.00008   0.00001
    41     20    820    -0.14463   0.00009   0.00001
    42     20    840    -0.14465   0.00008   0.00001
Fit (variance): plateau_var = 8.33240e-09 ± 3.30890e-10
Fit (error):    plateau = 0.00009 ± 0.00000
     autocorrelation length ~ 2.5 blocks
     plateau reached at block size ~ 11
Final AFQMC/HF Guiding Energy:      -1833.0063 +/- 0.0017
Final AFQMC/pt2CCSD Orbital Energy: -0.14465 +/- 0.00009
<t1> = weightp/weight = 1.01455
Total run time: 223.99

AFQMC Sampling Finished

LNO-Integral time (s):    18.06
LNO-AFQMC time (s):       228.60


========================= LNO-FRAGMENT [C9] 10/(48,48) =========================
Fragment Num.  10
Fragment Idx.  10
Fragment Name  C9
LNO THRESHOLD  [0.00030000000000000003, 3e-05]
PySCF Threads  12
LNO-LAS: 27/156 Occ | 119/636 Vir | 146/792 MOs
LNO-MP2 Fragment Energy:  -0.11744297
LNO-CCSD Fragment Energy: -0.11791906
LNO-CPU time (s):         72.31 (LAS 18.75 | MP2 6.37 | CCSD 47.19)
LNO-CPU wait time (s):    0.00 (100.0% hidden)
Find Density Fit Teonsers in MF object
Integrals will be built by DF Tensors
Calculating Effective Active Space One-electron Integrals
*** Correlation Space Size ***
N Occupied Orbitals: 27
N Active Orbitals:   146
Build effective h0 and h1 time: 8.494878 s
Composing CDERIs from DF
Build CDERI in cLAS time: 6.898072 s
Raw CDERI in LAS shape: (3912, 10731)
Compress CDERI 2 Chol: 1e-05
Compress CDERI time: 3.013911 s
Finished calculating Integrals
LAS Cholesky shape: (1165, 146, 146)
AFQMC script: /u/yzhang65/myprojects/software/afqmc/afqmc/lno_afqmc/script/run_lno_afqmc_pt2ccsd.py

LNO-AFQMC Started
Hostname:     gpue08.delta.ncsa.illinois.edu
System:       Linux
Node:         gpue08.delta.ncsa.illinois.edu
Release:      5.14.0-570.131.1.el9_6.x86_64
Machine:      x86_64
Processor:    x86_64
JAX backend:  GPU
JAX devices:  [CudaDevice(id=0)]
Device kind:  NVIDIA H200
Platform:     gpu

QMC Parameters
eql_time        -         30
n_prop_steps    -         50
n_blocks        -        840
n_walkers       -        300
max_memory      -     100000
mix_precision   -       True
seed            -        817
walker_type     -        rhf
trial           - pt2ccsd_sto_chol
chol_cost_ratio -        0.2
max_error       -    7.2e-05
dt              -      0.005
n_exp_terms     -          6
n_batch         -          1
nchol_chunk     -        100
free_projection -      False

QMC System
Number of Occ. Orbitals:      27
Number of Act. Orbitals:      146
Number of Chol. Vectors:      1165
Mean-Field Energy:            -1832.00523770
Maximum memory per walker:            333.33 MB
Maximum number of Cholesky per chunk: 1024
Number of Cholesky chunks:            2
Number of Cholesky per chunk:         583
Number of padding Cholesky:           1
Trial:   pt2ccsd_sto_chol(norb=146, nelec=(27, 27), n_batch=1, nchol_chunk=583, mix_precision=True, n_chol_head=0, head_chol_ratio=None, n_chol_samples=None, chol_cost_ratio=0.2, head_sample_ratio=3.0, chol_score_floor=1e-06, chol_uniform_mix=0.01, head_from_guide=False)
Sampler: sampler_pt2_sto_chol(n_prop_steps=50, n_blocks=840, n_chol=1165, frozen_vir=0)

Initalize QMC walkers by HF

Equilibration
Initial Orbital energy: -0.11797
inv_T  nodes      weight      energy     error   runTime
 0.00      0   300.00000  -1832.00433   0.00000     30.35
 3.00      0   305.24213  -1833.14542   0.02045     36.07
 6.00      0   300.49324  -1833.19556   0.02435     38.05
 9.00      0   299.84101  -1833.21981   0.02424     40.02
12.00      0   298.18666  -1833.19558   0.02156     42.10
15.00      0   297.79962  -1833.17840   0.02176     44.20
18.00      0   297.43809  -1833.16382   0.02349     46.30
21.00      0   298.24682  -1833.20679   0.02400     48.30
24.00      0   297.20596  -1833.16747   0.02124     50.28
27.00      0   298.40936  -1833.16767   0.02124     52.26
30.00      0   298.52842  -1833.18900   0.02319     54.23

Sampling Blocks
Target Final Error ~ 0.000072
   N  nodes      weight      E(Guide)     Error     weightp    E_frag     Error      Time
  20      0   298.29007   -1833.19750   0.00518   303.33302  -0.12402   0.00022     66.70
  40      0   297.82249   -1833.20282   0.00392   303.46960  -0.12398   0.00016     73.14
  60      0   297.65146   -1833.19584   0.00332   303.42986  -0.12410   0.00013     79.38
  80      0   299.05286   -1833.19478   0.00282   303.42088  -0.12438   0.00014     85.49
 100      0   298.74043   -1833.19379   0.00256   303.35005  -0.12442   0.00013     91.60
 120      0   298.47552   -1833.19349   0.00231   303.31452  -0.12435   0.00012     97.72
 140      0   298.51555   -1833.19477   0.00207   303.28507  -0.12450   0.00012    103.96
 160      0   298.03637   -1833.19732   0.00207   303.20927  -0.12455   0.00011    110.16
 180      0   298.59222   -1833.19684   0.00190   303.20786  -0.12457   0.00011    116.27
 200      0   298.61231   -1833.19699   0.00177   303.24032  -0.12462   0.00010    122.38
 220      0   298.86208   -1833.19791   0.00168   303.20649  -0.12457   0.00010    128.50
 240      0   297.70279   -1833.19833   0.00162   303.16723  -0.12455   0.00009    134.73
 260      0   298.85228   -1833.19757   0.00161   303.16133  -0.12455   0.00009    140.91
 280      0   298.60651   -1833.19693   0.00154   303.15290  -0.12451   0.00009    147.02
 300      0   298.33238   -1833.19679   0.00147   303.15406  -0.12446   0.00008    153.12
 320      0   298.82906   -1833.19757   0.00142   303.14242  -0.12445   0.00008    159.23
 340      0   297.60668   -1833.19801   0.00140   303.11673  -0.12447   0.00008    165.51
 360      0   298.50148   -1833.19759   0.00134   303.10998  -0.12447   0.00008    171.67
 380      0   299.10777   -1833.19710   0.00130   303.12341  -0.12447   0.00008    177.78
 400      0   298.48563   -1833.19696   0.00126   303.10605  -0.12447   0.00008    183.88
 420      0   299.01336   -1833.19698   0.00124   303.11304  -0.12446   0.00007    189.99
 440      0   298.71921   -1833.19671   0.00121   303.10585  -0.12447   0.00008    196.26
 460      0   298.79174   -1833.19699   0.00116   303.10674  -0.12447   0.00007    202.38
 480      0   298.36937   -1833.19734   0.00114   303.08458  -0.12447   0.00007    208.47
 500      0   297.91007   -1833.19704   0.00112   303.07451  -0.12449   0.00007    214.57
 520      0   298.77540   -1833.19662   0.00110   303.09433  -0.12447   0.00007    220.67
 540      0   298.92629   -1833.19686   0.00108   303.10352  -0.12448   0.00007    227.03
 560      0   298.83667   -1833.19661   0.00107   303.11092  -0.12448   0.00007    233.13
 580      0   297.53218   -1833.19651   0.00105   303.10585  -0.12448   0.00006    239.22
 600      0   299.40747   -1833.19629   0.00105   303.11002  -0.12448   0.00006    245.32
 620      0   297.19436   -1833.19640   0.00103   303.08191  -0.12448   0.00006    251.46
 640      0   298.43606   -1833.19591   0.00102   303.08817  -0.12448   0.00006    257.76
 660      0   298.44883   -1833.19580   0.00100   303.09795  -0.12447   0.00006    263.86
 680      0   299.01030   -1833.19594   0.00098   303.10080  -0.12448   0.00006    269.95
 700      0   298.80000   -1833.19584   0.00095   303.10036  -0.12449   0.00006    276.04
 720      0   297.62150   -1833.19623   0.00094   303.11152  -0.12452   0.00006    282.20
 740      0   298.32094   -1833.19682   0.00094   303.12842  -0.12453   0.00006    288.46
 760      0   298.31599   -1833.19688   0.00093   303.12464  -0.12452   0.00005    294.56
 780      0   298.45933   -1833.19642   0.00092   303.12498  -0.12451   0.00005    300.66

Post Propagation
Total number of samples 780
Remove Outliers
Remove samples outside Zeta > 30
Outlier bound [-0.16183, -0.08672]
Removed 0 Outliers
Outliers Energy []
nsample = 780, max_block_size = 39, min_nblocks = 20
   B    NB    NS  Observable     Error    dError
   1   780   780  -1833.19640   0.00092   0.00002
   2   390   780  -1833.19640   0.00113   0.00004
   3   260   780  -1833.19640   0.00129   0.00006
   4   195   780  -1833.19641   0.00136   0.00007
   5   156   780  -1833.19641   0.00145   0.00008
   6   130   780  -1833.19641   0.00144   0.00009
   7   111   777  -1833.19642   0.00144   0.00010
   8    97   776  -1833.19640   0.00163   0.00012
   9    86   774  -1833.19642   0.00161   0.00012
  10    78   780  -1833.19641   0.00154   0.00012
  11    70   770  -1833.19655   0.00162   0.00014
  12    65   780  -1833.19641   0.00158   0.00014
  13    60   780  -1833.19641   0.00157   0.00014
  14    55   770  -1833.19655   0.00157   0.00015
  15    52   780  -1833.19641   0.00172   0.00017
  16    48   768  -1833.19655   0.00162   0.00017
  17    45   765  -1833.19666   0.00178   0.00019
  18    43   774  -1833.19643   0.00165   0.00018
  19    41   779  -1833.19644   0.00178   0.00020
  20    39   780  -1833.19642   0.00147   0.00017
  21    37   777  -1833.19642   0.00169   0.00020
  22    35   770  -1833.19656   0.00180   0.00022
  23    33   759  -1833.19685   0.00160   0.00020
  24    32   768  -1833.19655   0.00146   0.00019
  25    31   775  -1833.19641   0.00171   0.00022
  26    30   780  -1833.19642   0.00178   0.00023
  27    28   756  -1833.19689   0.00169   0.00023
  28    27   756  -1833.19689   0.00157   0.00022
  29    26   754  -1833.19701   0.00157   0.00022
  30    26   780  -1833.19642   0.00176   0.00025
  31    25   775  -1833.19641   0.00164   0.00024
  32    24   768  -1833.19655   0.00143   0.00021
  33    23   759  -1833.19685   0.00179   0.00027
  34    22   748  -1833.19697   0.00174   0.00027
  35    22   770  -1833.19656   0.00121   0.00019
  36    21   756  -1833.19689   0.00155   0.00025
  37    21   777  -1833.19642   0.00181   0.00029
  38    20   760  -1833.19688   0.00169   0.00027
  39    20   780  -1833.19642   0.00178   0.00029
Fit (variance): plateau_var = 2.580e-06 ± 1.182e-07
Fit (error):    plateau = 0.00161 ± 0.00004
     autocorrelation length ~ 3.4 blocks
     plateau reached at block size ~ 16
nsample = 780, max_block_size = 39, min_nblocks = 20
Blk_SZ   NBlk   NSmp      Energy     Error    dError
     1    780    780    -0.12448   0.00005   0.00000
     2    390    780    -0.12449   0.00006   0.00000
     3    260    780    -0.12449   0.00006   0.00000
     4    195    780    -0.12450   0.00006   0.00000
     5    156    780    -0.12450   0.00006   0.00000
     6    130    780    -0.12450   0.00007   0.00000
     7    111    777    -0.12450   0.00007   0.00000
     8     97    776    -0.12450   0.00007   0.00000
     9     86    774    -0.12450   0.00007   0.00001
    10     78    780    -0.12450   0.00007   0.00001
    11     70    770    -0.12451   0.00007   0.00001
    12     65    780    -0.12450   0.00007   0.00001
    13     60    780    -0.12450   0.00007   0.00001
    14     55    770    -0.12451   0.00007   0.00001
    15     52    780    -0.12450   0.00007   0.00001
    16     48    768    -0.12451   0.00008   0.00001
    17     45    765    -0.12452   0.00007   0.00001
    18     43    774    -0.12451   0.00007   0.00001
    19     41    779    -0.12450   0.00007   0.00001
    20     39    780    -0.12451   0.00007   0.00001
    21     37    777    -0.12450   0.00007   0.00001
    22     35    770    -0.12451   0.00008   0.00001
    23     33    759    -0.12452   0.00007   0.00001
    24     32    768    -0.12451   0.00008   0.00001
    25     31    775    -0.12451   0.00008   0.00001
    26     30    780    -0.12450   0.00006   0.00001
    27     28    756    -0.12452   0.00007   0.00001
    28     27    756    -0.12452   0.00008   0.00001
    29     26    754    -0.12452   0.00008   0.00001
    30     26    780    -0.12450   0.00007   0.00001
    31     25    775    -0.12451   0.00007   0.00001
    32     24    768    -0.12451   0.00009   0.00001
    33     23    759    -0.12452   0.00008   0.00001
    34     22    748    -0.12452   0.00006   0.00001
    35     22    770    -0.12451   0.00007   0.00001
    36     21    756    -0.12452   0.00007   0.00001
    37     21    777    -0.12451   0.00007   0.00001
    38     20    760    -0.12452   0.00007   0.00001
    39     20    780    -0.12451   0.00009   0.00001
Fit (variance): plateau_var = 5.00483e-09 ± 2.17159e-10
Fit (error):    plateau = 0.00007 ± 0.00000
     autocorrelation length ~ 2.6 blocks
     plateau reached at block size ~ 11
Final AFQMC/HF Guiding Energy:      -1833.1964 +/- 0.0016
Final AFQMC/pt2CCSD Orbital Energy: -0.12451 +/- 0.00007
<t1> = weightp/weight = 1.01547
Total run time: 300.67

AFQMC Sampling Finished

LNO-Integral time (s):    19.19
LNO-AFQMC time (s):       305.22


======================== LNO-FRAGMENT [C10] 11/(48,48) =========================
Fragment Num.  11
Fragment Idx.  11
Fragment Name  C10
LNO THRESHOLD  [0.00030000000000000003, 3e-05]
PySCF Threads  12
LNO-LAS: 27/156 Occ | 117/636 Vir | 144/792 MOs
LNO-MP2 Fragment Energy:  -0.11763129
LNO-CCSD Fragment Energy: -0.11812781
LNO-CPU time (s):         69.32 (LAS 18.67 | MP2 5.63 | CCSD 45.02)
LNO-CPU wait time (s):    0.00 (100.0% hidden)
Find Density Fit Teonsers in MF object
Integrals will be built by DF Tensors
Calculating Effective Active Space One-electron Integrals
*** Correlation Space Size ***
N Occupied Orbitals: 27
N Active Orbitals:   144
Build effective h0 and h1 time: 7.520861 s
Composing CDERIs from DF
Build CDERI in cLAS time: 6.878966 s
Raw CDERI in LAS shape: (3912, 10440)
Compress CDERI 2 Chol: 1e-05
Compress CDERI time: 2.588388 s
Finished calculating Integrals
LAS Cholesky shape: (1158, 144, 144)
AFQMC script: /u/yzhang65/myprojects/software/afqmc/afqmc/lno_afqmc/script/run_lno_afqmc_pt2ccsd.py

LNO-AFQMC Started
Hostname:     gpue08.delta.ncsa.illinois.edu
System:       Linux
Node:         gpue08.delta.ncsa.illinois.edu
Release:      5.14.0-570.131.1.el9_6.x86_64
Machine:      x86_64
Processor:    x86_64
JAX backend:  GPU
JAX devices:  [CudaDevice(id=0)]
Device kind:  NVIDIA H200
Platform:     gpu

QMC Parameters
eql_time        -         30
n_prop_steps    -         50
n_blocks        -        840
n_walkers       -        300
max_memory      -     100000
mix_precision   -       True
seed            -        982
walker_type     -        rhf
trial           - pt2ccsd_sto_chol
chol_cost_ratio -        0.2
max_error       -    7.2e-05
dt              -      0.005
n_exp_terms     -          6
n_batch         -          1
nchol_chunk     -        100
free_projection -      False

QMC System
Number of Occ. Orbitals:      27
Number of Act. Orbitals:      144
Number of Chol. Vectors:      1158
Mean-Field Energy:            -1832.00523770
Maximum memory per walker:            333.33 MB
Maximum number of Cholesky per chunk: 1053
Number of Cholesky chunks:            2
Number of Cholesky per chunk:         579
Number of padding Cholesky:           0
Trial:   pt2ccsd_sto_chol(norb=144, nelec=(27, 27), n_batch=1, nchol_chunk=579, mix_precision=True, n_chol_head=0, head_chol_ratio=None, n_chol_samples=None, chol_cost_ratio=0.2, head_sample_ratio=3.0, chol_score_floor=1e-06, chol_uniform_mix=0.01, head_from_guide=False)
Sampler: sampler_pt2_sto_chol(n_prop_steps=50, n_blocks=840, n_chol=1158, frozen_vir=0)

Initalize QMC walkers by HF

Equilibration
Initial Orbital energy: -0.11811
inv_T  nodes      weight      energy     error   runTime
 0.00      0   300.00000  -1832.00449   0.00000     30.17
 3.00      0   305.95592  -1833.18539   0.02324     35.70
 6.00      0   300.84227  -1833.19429   0.02214     37.57
 9.00      0   298.86695  -1833.15823   0.02173     39.44
12.00      0   298.63851  -1833.16808   0.02218     41.32
15.00      0   298.69185  -1833.17659   0.02407     43.19
18.00      0   297.25189  -1833.10551   0.01967     45.07
21.00      0   298.31984  -1833.18611   0.02380     46.99
24.00      0   298.78201  -1833.19077   0.02399     49.04
27.00      0   298.61180  -1833.18854   0.02423     51.04
30.00      0   297.32241  -1833.14817   0.02222     53.03

Sampling Blocks
Target Final Error ~ 0.000072
   N  nodes      weight      E(Guide)     Error     weightp    E_frag     Error      Time
  20      0   298.70783   -1833.16510   0.00432   303.41459  -0.12369   0.00020     65.05
  40      0   297.12071   -1833.17668   0.00409   303.30879  -0.12395   0.00015     71.01
  60      0   298.88515   -1833.17628   0.00338   303.22497  -0.12391   0.00012     76.80
  80      0   297.80632   -1833.18797   0.00611   303.24266  -0.12388   0.00016     82.82
 100      0   299.29786   -1833.18635   0.00508   303.27603  -0.12404   0.00014     88.59
 120      0   299.10036   -1833.18707   0.00434   303.32450  -0.12400   0.00013     94.35
 140      0   298.71616   -1833.18619   0.00383   303.32170  -0.12407   0.00011    100.14
 160      0   298.89425   -1833.18656   0.00340   303.33723  -0.12399   0.00010    105.90
 180      0   297.73900   -1833.18543   0.00309   303.39229  -0.12396   0.00009    111.84
 200      0   298.49658   -1833.18659   0.00283   303.45718  -0.12402   0.00009    117.63
 220      0   298.05822   -1833.18561   0.00262   303.49272  -0.12407   0.00009    123.39
 240      0   298.77380   -1833.18614   0.00244   303.50432  -0.12416   0.00010    129.15
 260      0   298.77722   -1833.18531   0.00232   303.47129  -0.12411   0.00009    134.91
 280      0   298.56953   -1833.18418   0.00219   303.50224  -0.12407   0.00009    140.84
 300      0   299.94912   -1833.18426   0.00206   303.52941  -0.12405   0.00008    146.65
 320      0   297.87206   -1833.18506   0.00198   303.51611  -0.12410   0.00008    152.40
 340      0   298.29240   -1833.18431   0.00188   303.54076  -0.12413   0.00008    158.15
 360      0   297.72798   -1833.18478   0.00180   303.57371  -0.12411   0.00007    163.92
 380      0   298.33498   -1833.18442   0.00176   303.54942  -0.12412   0.00008    169.82
 400      0   298.07165   -1833.18465   0.00169   303.54479  -0.12408   0.00007    175.66
 420      0   297.59395   -1833.18526   0.00164   303.54610  -0.12408   0.00007    181.42
 440      0   298.81556   -1833.18501   0.00158   303.56238  -0.12414   0.00007    187.18
 460      0   298.61771   -1833.18461   0.00154   303.57866  -0.12414   0.00007    192.94
 480      0   297.91328   -1833.18404   0.00149   303.55921  -0.12412   0.00007    198.79
 500      0   299.13423   -1833.18442   0.00144   303.55127  -0.12413   0.00007    204.64
 520      0   297.75276   -1833.18476   0.00140   303.52386  -0.12413   0.00006    210.39
 540      0   298.18474   -1833.18481   0.00138   303.49103  -0.12414   0.00006    216.14
 560      0   298.46900   -1833.18605   0.00140   303.50004  -0.12414   0.00006    221.91
 580      0   297.94906   -1833.18650   0.00139   303.47711  -0.12415   0.00006    227.73
 600      0   299.18167   -1833.18664   0.00135   303.47981  -0.12415   0.00006    233.62
 620      0   298.52561   -1833.18678   0.00132   303.47504  -0.12416   0.00006    239.38
 640      0   299.43634   -1833.18646   0.00129   303.47916  -0.12416   0.00006    245.15
 660      0   297.85497   -1833.18596   0.00126   303.48505  -0.12415   0.00006    250.91
 680      0   298.54140   -1833.18557   0.00124   303.48240  -0.12414   0.00006    256.68
 700      0   298.57653   -1833.18597   0.00122   303.49417  -0.12418   0.00005    262.62
 720      0   298.89310   -1833.18615   0.00120   303.50207  -0.12418   0.00005    268.37

Post Propagation
Total number of samples 720
Remove Outliers
Remove samples outside Zeta > 30
Outlier bound [-0.15900, -0.08891]
Removed 0 Outliers
Outliers Energy []
nsample = 720, max_block_size = 36, min_nblocks = 20
   B    NB    NS  Observable     Error    dError
   1   720   720  -1833.18611   0.00119   0.00003
   2   360   720  -1833.18612   0.00146   0.00005
   3   240   720  -1833.18613   0.00161   0.00007
   4   180   720  -1833.18613   0.00170   0.00009
   5   144   720  -1833.18613   0.00189   0.00011
   6   120   720  -1833.18614   0.00174   0.00011
   7   102   714  -1833.18597   0.00198   0.00014
   8    90   720  -1833.18614   0.00185   0.00014
   9    80   720  -1833.18614   0.00184   0.00015
  10    72   720  -1833.18614   0.00191   0.00016
  11    65   715  -1833.18598   0.00206   0.00018
  12    60   720  -1833.18614   0.00196   0.00018
  13    55   715  -1833.18598   0.00215   0.00021
  14    51   714  -1833.18598   0.00205   0.00021
  15    48   720  -1833.18614   0.00223   0.00023
  16    45   720  -1833.18615   0.00205   0.00022
  17    42   714  -1833.18598   0.00194   0.00021
  18    40   720  -1833.18615   0.00199   0.00023
  19    37   703  -1833.18593   0.00219   0.00026
  20    36   720  -1833.18615   0.00216   0.00026
  21    34   714  -1833.18598   0.00200   0.00025
  22    32   704  -1833.18600   0.00203   0.00026
  23    31   713  -1833.18596   0.00191   0.00025
  24    30   720  -1833.18615   0.00187   0.00025
  25    28   700  -1833.18597   0.00225   0.00031
  26    27   702  -1833.18593   0.00231   0.00032
  27    26   702  -1833.18593   0.00231   0.00033
  28    25   700  -1833.18596   0.00220   0.00032
  29    24   696  -1833.18607   0.00216   0.00032
  30    24   720  -1833.18615   0.00222   0.00033
  31    23   713  -1833.18596   0.00221   0.00033
  32    22   704  -1833.18600   0.00229   0.00035
  33    21   693  -1833.18602   0.00201   0.00032
  34    21   714  -1833.18598   0.00211   0.00033
  35    20   700  -1833.18596   0.00212   0.00034
  36    20   720  -1833.18615   0.00219   0.00036
Fit (variance): plateau_var = 4.283e-06 ± 2.305e-07
Fit (error):    plateau = 0.00207 ± 0.00006
     autocorrelation length ~ 4.1 blocks
     plateau reached at block size ~ 19
nsample = 720, max_block_size = 36, min_nblocks = 20
Blk_SZ   NBlk   NSmp      Energy     Error    dError
     1    720    720    -0.12414   0.00005   0.00000
     2    360    720    -0.12415   0.00006   0.00000
     3    240    720    -0.12416   0.00007   0.00000
     4    180    720    -0.12416   0.00007   0.00000
     5    144    720    -0.12416   0.00008   0.00000
     6    120    720    -0.12417   0.00008   0.00000
     7    102    714    -0.12416   0.00008   0.00001
     8     90    720    -0.12417   0.00008   0.00001
     9     80    720    -0.12417   0.00008   0.00001
    10     72    720    -0.12417   0.00008   0.00001
    11     65    715    -0.12417   0.00008   0.00001
    12     60    720    -0.12417   0.00009   0.00001
    13     55    715    -0.12417   0.00008   0.00001
    14     51    714    -0.12417   0.00009   0.00001
    15     48    720    -0.12417   0.00009   0.00001
    16     45    720    -0.12417   0.00008   0.00001
    17     42    714    -0.12417   0.00009   0.00001
    18     40    720    -0.12418   0.00007   0.00001
    19     37    703    -0.12417   0.00008   0.00001
    20     36    720    -0.12418   0.00008   0.00001
    21     34    714    -0.12417   0.00009   0.00001
    22     32    704    -0.12417   0.00009   0.00001
    23     31    713    -0.12417   0.00008   0.00001
    24     30    720    -0.12418   0.00010   0.00001
    25     28    700    -0.12417   0.00009   0.00001
    26     27    702    -0.12417   0.00009   0.00001
    27     26    702    -0.12417   0.00010   0.00001
    28     25    700    -0.12417   0.00008   0.00001
    29     24    696    -0.12417   0.00008   0.00001
    30     24    720    -0.12418   0.00009   0.00001
    31     23    713    -0.12417   0.00008   0.00001
    32     22    704    -0.12417   0.00007   0.00001
    33     21    693    -0.12417   0.00009   0.00001
    34     21    714    -0.12417   0.00009   0.00001
    35     20    700    -0.12417   0.00010   0.00002
    36     20    720    -0.12418   0.00006   0.00001
Fit (variance): plateau_var = 6.88844e-09 ± 3.47857e-10
Fit (error):    plateau = 0.00008 ± 0.00000
     autocorrelation length ~ 3.6 blocks
     plateau reached at block size ~ 16
Final AFQMC/HF Guiding Energy:      -1833.1861 +/- 0.0021
Final AFQMC/pt2CCSD Orbital Energy: -0.12418 +/- 0.00008
<t1> = weightp/weight = 1.01668
Total run time: 268.37

AFQMC Sampling Finished

LNO-Integral time (s):    18.32
LNO-AFQMC time (s):       272.64


======================= LNO-FRAGMENT [C11H27] 12/(48,48) =======================
Fragment Num.  12
Fragment Idx.  12
Fragment Name  C11H27
LNO THRESHOLD  [0.00030000000000000003, 3e-05]
PySCF Threads  12
LNO-LAS: 23/156 Occ | 99/636 Vir | 122/792 MOs
LNO-MP2 Fragment Energy:  -0.13191239
LNO-CCSD Fragment Energy: -0.13774915
LNO-CPU time (s):         47.16 (LAS 19.12 | MP2 4.29 | CCSD 23.75)
LNO-CPU wait time (s):    0.00 (100.0% hidden)
Find Density Fit Teonsers in MF object
Integrals will be built by DF Tensors
Calculating Effective Active Space One-electron Integrals
*** Correlation Space Size ***
N Occupied Orbitals: 23
N Active Orbitals:   122
Build effective h0 and h1 time: 8.290814 s
Composing CDERIs from DF
Build CDERI in cLAS time: 7.172999 s
Raw CDERI in LAS shape: (3912, 7503)
Compress CDERI 2 Chol: 1e-05
Compress CDERI time: 3.177446 s
Finished calculating Integrals
LAS Cholesky shape: (984, 122, 122)
AFQMC script: /u/yzhang65/myprojects/software/afqmc/afqmc/lno_afqmc/script/run_lno_afqmc_pt2ccsd.py

LNO-AFQMC Started
Hostname:     gpue08.delta.ncsa.illinois.edu
System:       Linux
Node:         gpue08.delta.ncsa.illinois.edu
Release:      5.14.0-570.131.1.el9_6.x86_64
Machine:      x86_64
Processor:    x86_64
JAX backend:  GPU
JAX devices:  [CudaDevice(id=0)]
Device kind:  NVIDIA H200
Platform:     gpu

QMC Parameters
eql_time        -         30
n_prop_steps    -         50
n_blocks        -        840
n_walkers       -        300
max_memory      -     100000
mix_precision   -       True
seed            -       2746
walker_type     -        rhf
trial           - pt2ccsd_sto_chol
chol_cost_ratio -        0.2
max_error       -    7.2e-05
dt              -      0.005
n_exp_terms     -          6
n_batch         -          1
nchol_chunk     -        100
free_projection -      False

QMC System
Number of Occ. Orbitals:      23
Number of Act. Orbitals:      122
Number of Chol. Vectors:      984
Mean-Field Energy:            -1832.00523770
Maximum memory per walker:            333.33 MB
Maximum number of Cholesky per chunk: 1467
Number of Cholesky chunks:            1
Number of Cholesky per chunk:         984
Number of padding Cholesky:           0
Trial:   pt2ccsd_sto_chol(norb=122, nelec=(23, 23), n_batch=1, nchol_chunk=984, mix_precision=True, n_chol_head=0, head_chol_ratio=None, n_chol_samples=None, chol_cost_ratio=0.2, head_sample_ratio=3.0, chol_score_floor=1e-06, chol_uniform_mix=0.01, head_from_guide=False)
Sampler: sampler_pt2_sto_chol(n_prop_steps=50, n_blocks=840, n_chol=984, frozen_vir=0)

Initalize QMC walkers by HF

Equilibration
Initial Orbital energy: -0.13776
inv_T  nodes      weight      energy     error   runTime
 0.00      0   300.00000  -1832.00457   0.00000     32.42
 3.00      0   304.91687  -1832.92463   0.01781     37.95
 6.00      0   300.14276  -1832.96326   0.01967     39.38
 9.00      0   300.19470  -1832.99049   0.02243     40.80
12.00      0   297.72613  -1832.98153   0.02041     42.23
15.00      0   299.78361  -1833.08307   0.03193     43.65
18.00      0   297.72856  -1832.96927   0.01863     45.08
21.00      0   298.90497  -1833.01187   0.02282     46.51
24.00      0   299.11406  -1832.99807   0.02213     47.94
27.00      0   298.90241  -1832.99541   0.02100     49.36
30.00      0   298.94699  -1833.00620   0.02045     50.78

Sampling Blocks
Target Final Error ~ 0.000072
   N  nodes      weight      E(Guide)     Error     weightp    E_frag     Error      Time
  20      0   298.34255   -1832.98489   0.00577   302.83261  -0.14281   0.00016     61.65
  40      0   299.09195   -1832.98567   0.00352   302.90899  -0.14295   0.00014     65.60
  60      0   298.78935   -1832.98512   0.00276   302.88381  -0.14334   0.00014     69.32
  80      0   297.36889   -1832.98754   0.00244   302.90483  -0.14353   0.00013     73.02
 100      0   298.92482   -1832.98928   0.00210   302.94156  -0.14365   0.00015     76.74
 120      0   297.61253   -1832.98863   0.00191   302.92680  -0.14360   0.00013     80.46
 140      0   297.90535   -1832.98876   0.00178   302.92338  -0.14366   0.00014     84.33
 160      0   298.63842   -1832.98911   0.00177   302.94102  -0.14366   0.00013     88.18
 180      0   298.51057   -1832.98968   0.00169   302.93924  -0.14365   0.00012     91.89
 200      0   298.67404   -1832.98897   0.00158   302.97825  -0.14364   0.00011     95.60
 220      0   298.52344   -1832.98830   0.00153   302.93851  -0.14360   0.00010     99.30
 240      0   300.08090   -1832.98886   0.00143   302.94944  -0.14369   0.00011    103.02
 260      0   298.60539   -1832.98885   0.00136   302.93686  -0.14369   0.00010    106.72
 280      0   299.02275   -1832.98816   0.00132   302.90881  -0.14373   0.00010    110.44
 300      0   299.13186   -1832.98803   0.00128   302.87423  -0.14369   0.00009    114.28
 320      0   298.70591   -1832.98913   0.00124   302.85533  -0.14376   0.00009    118.13
 340      0   297.26286   -1832.99032   0.00124   302.84530  -0.14375   0.00009    121.84
 360      0   298.75765   -1832.99009   0.00120   302.82569  -0.14374   0.00008    125.55
 380      0   297.91408   -1832.99093   0.00118   302.82805  -0.14376   0.00008    129.26
 400      0   298.42396   -1832.99143   0.00114   302.82764  -0.14376   0.00008    132.97
 420      0   299.03554   -1832.99196   0.00111   302.81453  -0.14376   0.00008    136.68
 440      0   298.30514   -1832.99306   0.00111   302.81327  -0.14376   0.00007    140.40
 460      0   299.11415   -1832.99321   0.00107   302.81694  -0.14376   0.00007    144.25
 480      0   298.18920   -1832.99401   0.00108   302.81654  -0.14377   0.00007    148.10
 500      0   299.33353   -1832.99373   0.00106   302.82288  -0.14376   0.00007    151.80
 520      0   298.95554   -1832.99368   0.00103   302.81431  -0.14377   0.00007    155.52
 540      0   299.15786   -1832.99353   0.00101   302.82366  -0.14375   0.00007    159.23
 560      0   298.65564   -1832.99362   0.00100   302.82051  -0.14377   0.00006    162.96
 580      0   299.55077   -1832.99310   0.00099   302.82087  -0.14375   0.00006    166.67
 600      0   299.05293   -1832.99246   0.00098   302.82400  -0.14375   0.00006    170.37
 620      0   298.16380   -1832.99260   0.00097   302.83073  -0.14376   0.00006    174.19
 640      0   299.14839   -1832.99229   0.00095   302.83423  -0.14378   0.00006    178.05
 660      0   299.56932   -1832.99239   0.00094   302.83770  -0.14377   0.00006    181.79
 680      0   299.81845   -1832.99228   0.00092   302.84880  -0.14379   0.00006    185.52
 700      0   299.03070   -1832.99265   0.00092   302.85722  -0.14380   0.00006    189.25
 720      0   298.62279   -1832.99307   0.00091   302.86384  -0.14381   0.00006    192.98
 740      0   297.75670   -1832.99344   0.00089   302.85823  -0.14383   0.00006    196.71
 760      0   298.18614   -1832.99386   0.00088   302.85820  -0.14383   0.00006    200.45
 780      0   298.69959   -1832.99391   0.00087   302.86709  -0.14384   0.00006    204.34
 800      0   299.20998   -1832.99371   0.00086   302.86476  -0.14384   0.00006    208.24
 820      0   298.42143   -1832.99367   0.00086   302.85744  -0.14385   0.00006    211.96
 840      0   299.51366   -1832.99329   0.00084   302.85071  -0.14386   0.00005    215.68

Post Propagation
Total number of samples 840
Remove Outliers
Remove samples outside Zeta > 30
Outlier bound [-0.18107, -0.10622]
Removed 0 Outliers
Outliers Energy []
nsample = 840, max_block_size = 42, min_nblocks = 20
   B    NB    NS  Observable     Error    dError
   1   840   840  -1832.99327   0.00084   0.00002
   2   420   840  -1832.99328   0.00104   0.00004
   3   280   840  -1832.99328   0.00117   0.00005
   4   210   840  -1832.99328   0.00124   0.00006
   5   168   840  -1832.99329   0.00135   0.00007
   6   140   840  -1832.99329   0.00133   0.00008
   7   120   840  -1832.99329   0.00140   0.00009
   8   105   840  -1832.99329   0.00138   0.00010
   9    93   837  -1832.99329   0.00143   0.00011
  10    84   840  -1832.99329   0.00146   0.00011
  11    76   836  -1832.99331   0.00146   0.00012
  12    70   840  -1832.99329   0.00148   0.00013
  13    64   832  -1832.99339   0.00146   0.00013
  14    60   840  -1832.99329   0.00144   0.00013
  15    56   840  -1832.99329   0.00160   0.00015
  16    52   832  -1832.99339   0.00147   0.00015
  17    49   833  -1832.99335   0.00165   0.00017
  18    46   828  -1832.99344   0.00158   0.00017
  19    44   836  -1832.99331   0.00161   0.00017
  20    42   840  -1832.99329   0.00160   0.00018
  21    40   840  -1832.99329   0.00162   0.00018
  22    38   836  -1832.99331   0.00160   0.00019
  23    36   828  -1832.99344   0.00159   0.00019
  24    35   840  -1832.99329   0.00166   0.00020
  25    33   825  -1832.99352   0.00168   0.00021
  26    32   832  -1832.99339   0.00155   0.00020
  27    31   837  -1832.99329   0.00169   0.00022
  28    30   840  -1832.99329   0.00181   0.00024
  29    28   812  -1832.99339   0.00166   0.00023
  30    28   840  -1832.99329   0.00177   0.00024
  31    27   837  -1832.99329   0.00166   0.00023
  32    26   832  -1832.99339   0.00166   0.00024
  33    25   825  -1832.99352   0.00177   0.00026
  34    24   816  -1832.99355   0.00185   0.00027
  35    24   840  -1832.99329   0.00172   0.00025
  36    23   828  -1832.99344   0.00174   0.00026
  37    22   814  -1832.99339   0.00195   0.00030
  38    22   836  -1832.99332   0.00181   0.00028
  39    21   819  -1832.99363   0.00165   0.00026
  40    21   840  -1832.99329   0.00191   0.00030
  41    20   820  -1832.99367   0.00171   0.00028
  42    20   840  -1832.99329   0.00187   0.00030
Fit (variance): plateau_var = 2.685e-06 ± 1.485e-07
Fit (error):    plateau = 0.00164 ± 0.00005
     autocorrelation length ~ 5.9 blocks
     plateau reached at block size ~ 27
nsample = 840, max_block_size = 42, min_nblocks = 20
Blk_SZ   NBlk   NSmp      Energy     Error    dError
     1    840    840    -0.14382   0.00005   0.00000
     2    420    840    -0.14383   0.00006   0.00000
     3    280    840    -0.14383   0.00007   0.00000
     4    210    840    -0.14384   0.00007   0.00000
     5    168    840    -0.14384   0.00007   0.00000
     6    140    840    -0.14384   0.00007   0.00000
     7    120    840    -0.14384   0.00007   0.00000
     8    105    840    -0.14384   0.00007   0.00000
     9     93    837    -0.14384   0.00007   0.00001
    10     84    840    -0.14384   0.00007   0.00001
    11     76    836    -0.14384   0.00007   0.00001
    12     70    840    -0.14385   0.00006   0.00001
    13     64    832    -0.14384   0.00007   0.00001
    14     60    840    -0.14385   0.00007   0.00001
    15     56    840    -0.14384   0.00007   0.00001
    16     52    832    -0.14384   0.00007   0.00001
    17     49    833    -0.14384   0.00007   0.00001
    18     46    828    -0.14384   0.00008   0.00001
    19     44    836    -0.14385   0.00007   0.00001
    20     42    840    -0.14385   0.00007   0.00001
    21     40    840    -0.14385   0.00006   0.00001
    22     38    836    -0.14385   0.00007   0.00001
    23     36    828    -0.14384   0.00007   0.00001
    24     35    840    -0.14385   0.00006   0.00001
    25     33    825    -0.14384   0.00006   0.00001
    26     32    832    -0.14385   0.00007   0.00001
    27     31    837    -0.14385   0.00007   0.00001
    28     30    840    -0.14385   0.00007   0.00001
    29     28    812    -0.14384   0.00006   0.00001
    30     28    840    -0.14385   0.00008   0.00001
    31     27    837    -0.14385   0.00006   0.00001
    32     26    832    -0.14385   0.00007   0.00001
    33     25    825    -0.14384   0.00006   0.00001
    34     24    816    -0.14384   0.00007   0.00001
    35     24    840    -0.14385   0.00006   0.00001
    36     23    828    -0.14385   0.00006   0.00001
    37     22    814    -0.14384   0.00006   0.00001
    38     22    836    -0.14385   0.00007   0.00001
    39     21    819    -0.14385   0.00006   0.00001
    40     21    840    -0.14385   0.00007   0.00001
    41     20    820    -0.14385   0.00006   0.00001
    42     20    840    -0.14385   0.00006   0.00001
Fit (variance): plateau_var = 4.48663e-09 ± 1.45227e-10
Fit (error):    plateau = 0.00007 ± 0.00000
     autocorrelation length ~ 0.9 blocks
     plateau reached at block size ~ 5
Final AFQMC/HF Guiding Energy:      -1832.9933 +/- 0.0016
Final AFQMC/pt2CCSD Orbital Energy: -0.14386 +/- 0.00007
<t1> = weightp/weight = 1.01391
Total run time: 215.68

AFQMC Sampling Finished

LNO-Integral time (s):    19.60
LNO-AFQMC time (s):       221.48


======================= LNO-FRAGMENT [C12H26] 13/(48,48) =======================
Fragment Num.  13
Fragment Idx.  13
Fragment Name  C12H26
LNO THRESHOLD  [0.00030000000000000003, 3e-05]
PySCF Threads  12
LNO-LAS: 23/156 Occ | 101/636 Vir | 124/792 MOs
LNO-MP2 Fragment Energy:  -0.13206030
LNO-CCSD Fragment Energy: -0.13786082
LNO-CPU time (s):         49.10 (LAS 19.59 | MP2 4.59 | CCSD 24.91)
LNO-CPU wait time (s):    0.00 (100.0% hidden)
Find Density Fit Teonsers in MF object
Integrals will be built by DF Tensors
Calculating Effective Active Space One-electron Integrals
*** Correlation Space Size ***
N Occupied Orbitals: 23
N Active Orbitals:   124
Build effective h0 and h1 time: 32.263230 s
Composing CDERIs from DF
Build CDERI in cLAS time: 8.375438 s
Raw CDERI in LAS shape: (3912, 7750)
Compress CDERI 2 Chol: 1e-05
Compress CDERI time: 3.723152 s
Finished calculating Integrals
LAS Cholesky shape: (1004, 124, 124)
AFQMC script: /u/yzhang65/myprojects/software/afqmc/afqmc/lno_afqmc/script/run_lno_afqmc_pt2ccsd.py

LNO-AFQMC Started
Hostname:     gpue08.delta.ncsa.illinois.edu
System:       Linux
Node:         gpue08.delta.ncsa.illinois.edu
Release:      5.14.0-570.131.1.el9_6.x86_64
Machine:      x86_64
Processor:    x86_64
JAX backend:  GPU
JAX devices:  [CudaDevice(id=0)]
Device kind:  NVIDIA H200
Platform:     gpu

QMC Parameters
eql_time        -         30
n_prop_steps    -         50
n_blocks        -        840
n_walkers       -        300
max_memory      -     100000
mix_precision   -       True
seed            -       1504
walker_type     -        rhf
trial           - pt2ccsd_sto_chol
chol_cost_ratio -        0.2
max_error       -    7.2e-05
dt              -      0.005
n_exp_terms     -          6
n_batch         -          1
nchol_chunk     -        100
free_projection -      False

QMC System
Number of Occ. Orbitals:      23
Number of Act. Orbitals:      124
Number of Chol. Vectors:      1004
Mean-Field Energy:            -1832.00523770
Maximum memory per walker:            333.33 MB
Maximum number of Cholesky per chunk: 1420
Number of Cholesky chunks:            1
Number of Cholesky per chunk:         1004
Number of padding Cholesky:           0
Trial:   pt2ccsd_sto_chol(norb=124, nelec=(23, 23), n_batch=1, nchol_chunk=1004, mix_precision=True, n_chol_head=0, head_chol_ratio=None, n_chol_samples=None, chol_cost_ratio=0.2, head_sample_ratio=3.0, chol_score_floor=1e-06, chol_uniform_mix=0.01, head_from_guide=False)
Sampler: sampler_pt2_sto_chol(n_prop_steps=50, n_blocks=840, n_chol=1004, frozen_vir=0)

Initalize QMC walkers by HF

Equilibration
Initial Orbital energy: -0.13783
inv_T  nodes      weight      energy     error   runTime
 0.00      0   300.00000  -1832.00453   0.00000     26.66
 3.00      0   305.52429  -1832.97359   0.02055     32.60
 6.00      0   300.98390  -1832.98202   0.02805     34.04
 9.00      0   299.16644  -1833.01373   0.02111     35.47
12.00      0   298.79051  -1832.98875   0.02091     36.91
15.00      0   298.64828  -1832.96978   0.02003     38.34
18.00      0   298.64799  -1832.99788   0.02039     39.78
21.00      0   299.84422  -1832.98234   0.02196     41.22
24.00      0   298.16847  -1833.01728   0.02249     42.66
27.00      0   298.03909  -1832.96419   0.02082     44.10
30.00      0   299.61230  -1833.04308   0.02328     45.55

Sampling Blocks
Target Final Error ~ 0.000072
   N  nodes      weight      E(Guide)     Error     weightp    E_frag     Error      Time
  20      0   298.59298   -1832.99818   0.00312   302.98108  -0.14366   0.00022     55.98
  40      0   299.10426   -1832.98971   0.00324   302.77709  -0.14358   0.00015     60.32
  60      0   297.83137   -1832.99296   0.00272   303.08502  -0.14346   0.00014     64.13
  80      0   299.13822   -1832.99818   0.00279   303.02270  -0.14350   0.00014     67.93
 100      0   298.76671   -1832.99544   0.00254   302.90078  -0.14372   0.00013     71.75
 120      0   298.39090   -1832.99458   0.00247   302.89919  -0.14399   0.00030     75.55
 140      0   298.67060   -1832.99489   0.00231   302.90146  -0.14390   0.00026     79.35
 160      0   298.16422   -1832.99420   0.00208   302.89117  -0.14393   0.00023     83.17
 180      0   298.42789   -1832.99353   0.00191   302.96968  -0.14388   0.00021     87.18
 200      0   298.57593   -1832.99306   0.00183   302.99867  -0.14383   0.00019     91.12
 220      0   298.67799   -1832.99275   0.00170   302.99586  -0.14389   0.00018     94.92
 240      0   299.04974   -1832.99419   0.00161   303.04359  -0.14392   0.00016     98.74
 260      0   298.77022   -1832.99308   0.00161   303.05128  -0.14384   0.00015    102.56
 280      0   299.28380   -1832.99338   0.00152   303.06503  -0.14383   0.00014    106.37
 300      0   298.72628   -1832.99307   0.00145   303.07158  -0.14378   0.00013    110.19
 320      0   297.98704   -1832.99398   0.00141   303.06514  -0.14379   0.00013    114.03
 340      0   298.59112   -1832.99337   0.00135   303.09136  -0.14379   0.00012    118.09
 360      0   298.52055   -1832.99312   0.00130   303.12594  -0.14380   0.00012    122.01
 380      0   298.63404   -1832.99442   0.00129   303.12343  -0.14382   0.00011    125.83
 400      0   298.14373   -1832.99492   0.00124   303.11905  -0.14383   0.00011    129.64
 420      0   298.90544   -1832.99495   0.00121   303.11733  -0.14384   0.00010    133.46
 440      0   298.47288   -1832.99520   0.00119   303.11940  -0.14383   0.00010    137.28
 460      0   299.10632   -1832.99472   0.00118   303.12043  -0.14383   0.00009    141.08
 480      0   298.42556   -1832.99448   0.00115   303.11608  -0.14384   0.00009    144.99
 500      0   298.10184   -1832.99393   0.00113   303.09857  -0.14383   0.00009    149.00
 520      0   298.96182   -1832.99327   0.00112   303.09016  -0.14380   0.00009    152.84
 540      0   298.88256   -1832.99272   0.00109   303.07758  -0.14380   0.00008    156.65
 560      0   298.45599   -1832.99272   0.00107   303.07029  -0.14383   0.00008    160.47
 580      0   298.56682   -1832.99319   0.00105   303.07194  -0.14382   0.00008    164.28
 600      0   299.05205   -1832.99382   0.00103   303.07260  -0.14385   0.00008    168.09
 620      0   298.41183   -1832.99386   0.00101   303.06812  -0.14383   0.00008    171.90
 640      0   298.31056   -1832.99342   0.00100   303.05414  -0.14382   0.00007    175.86
 660      0   299.27157   -1832.99318   0.00098   303.04851  -0.14381   0.00007    179.87
 680      0   297.78400   -1832.99306   0.00095   303.04190  -0.14380   0.00007    183.69
 700      0   298.96484   -1832.99294   0.00094   303.04024  -0.14381   0.00007    187.51
 720      0   298.45615   -1832.99345   0.00093   303.04070  -0.14385   0.00007    191.32
 740      0   298.50070   -1832.99382   0.00092   303.05304  -0.14387   0.00007    195.12
 760      0   298.81135   -1832.99345   0.00090   303.05698  -0.14386   0.00007    198.94
 780      0   298.74402   -1832.99338   0.00089   303.07049  -0.14385   0.00007    202.75
 800      0   298.75219   -1832.99332   0.00087   303.07577  -0.14385   0.00007    206.74
 820      0   298.57809   -1832.99321   0.00086   303.08451  -0.14385   0.00006    210.71
 840      0   299.16553   -1832.99311   0.00084   303.08197  -0.14383   0.00006    214.52

Post Propagation
Total number of samples 840
Remove Outliers
Remove samples outside Zeta > 30
Outlier bound [-0.18270, -0.10442]
Removed 0 Outliers
Outliers Energy []
nsample = 840, max_block_size = 42, min_nblocks = 20
   B    NB    NS  Observable     Error    dError
   1   840   840  -1832.99309   0.00084   0.00002
   2   420   840  -1832.99310   0.00107   0.00004
   3   280   840  -1832.99310   0.00122   0.00005
   4   210   840  -1832.99310   0.00131   0.00006
   5   168   840  -1832.99310   0.00141   0.00008
   6   140   840  -1832.99310   0.00146   0.00009
   7   120   840  -1832.99311   0.00150   0.00010
   8   105   840  -1832.99311   0.00150   0.00010
   9    93   837  -1832.99304   0.00156   0.00012
  10    84   840  -1832.99311   0.00160   0.00012
  11    76   836  -1832.99304   0.00163   0.00013
  12    70   840  -1832.99311   0.00168   0.00014
  13    64   832  -1832.99309   0.00160   0.00014
  14    60   840  -1832.99311   0.00168   0.00015
  15    56   840  -1832.99311   0.00174   0.00017
  16    52   832  -1832.99309   0.00168   0.00017
  17    49   833  -1832.99305   0.00152   0.00016
  18    46   828  -1832.99314   0.00176   0.00019
  19    44   836  -1832.99304   0.00173   0.00019
  20    42   840  -1832.99311   0.00165   0.00018
  21    40   840  -1832.99311   0.00171   0.00019
  22    38   836  -1832.99304   0.00163   0.00019
  23    36   828  -1832.99314   0.00170   0.00020
  24    35   840  -1832.99311   0.00178   0.00022
  25    33   825  -1832.99325   0.00168   0.00021
  26    32   832  -1832.99309   0.00156   0.00020
  27    31   837  -1832.99305   0.00182   0.00023
  28    30   840  -1832.99311   0.00158   0.00021
  29    28   812  -1832.99320   0.00169   0.00023
  30    28   840  -1832.99311   0.00168   0.00023
  31    27   837  -1832.99305   0.00179   0.00025
  32    26   832  -1832.99309   0.00156   0.00022
  33    25   825  -1832.99325   0.00172   0.00025
  34    24   816  -1832.99321   0.00160   0.00024
  35    24   840  -1832.99311   0.00172   0.00025
  36    23   828  -1832.99314   0.00183   0.00028
  37    22   814  -1832.99323   0.00181   0.00028
  38    22   836  -1832.99304   0.00167   0.00026
  39    21   819  -1832.99322   0.00197   0.00031
  40    21   840  -1832.99311   0.00185   0.00029
  41    20   820  -1832.99321   0.00204   0.00033
  42    20   840  -1832.99311   0.00158   0.00026
Fit (variance): plateau_var = 2.853e-06 ± 1.347e-07
Fit (error):    plateau = 0.00169 ± 0.00004
     autocorrelation length ~ 4.6 blocks
     plateau reached at block size ~ 21
nsample = 840, max_block_size = 42, min_nblocks = 20
Blk_SZ   NBlk   NSmp      Energy     Error    dError
     1    840    840    -0.14378   0.00006   0.00000
     2    420    840    -0.14379   0.00007   0.00000
     3    280    840    -0.14379   0.00007   0.00000
     4    210    840    -0.14379   0.00008   0.00000
     5    168    840    -0.14380   0.00008   0.00000
     6    140    840    -0.14380   0.00007   0.00000
     7    120    840    -0.14380   0.00008   0.00001
     8    105    840    -0.14380   0.00009   0.00001
     9     93    837    -0.14381   0.00008   0.00001
    10     84    840    -0.14381   0.00008   0.00001
    11     76    836    -0.14381   0.00008   0.00001
    12     70    840    -0.14381   0.00008   0.00001
    13     64    832    -0.14382   0.00009   0.00001
    14     60    840    -0.14381   0.00008   0.00001
    15     56    840    -0.14381   0.00009   0.00001
    16     52    832    -0.14382   0.00008   0.00001
    17     49    833    -0.14383   0.00008   0.00001
    18     46    828    -0.14382   0.00008   0.00001
    19     44    836    -0.14382   0.00008   0.00001
    20     42    840    -0.14382   0.00009   0.00001
    21     40    840    -0.14382   0.00009   0.00001
    22     38    836    -0.14382   0.00008   0.00001
    23     36    828    -0.14383   0.00009   0.00001
    24     35    840    -0.14382   0.00009   0.00001
    25     33    825    -0.14383   0.00009   0.00001
    26     32    832    -0.14383   0.00010   0.00001
    27     31    837    -0.14382   0.00009   0.00001
    28     30    840    -0.14382   0.00009   0.00001
    29     28    812    -0.14384   0.00009   0.00001
    30     28    840    -0.14382   0.00010   0.00001
    31     27    837    -0.14382   0.00009   0.00001
    32     26    832    -0.14383   0.00009   0.00001
    33     25    825    -0.14383   0.00009   0.00001
    34     24    816    -0.14384   0.00008   0.00001
    35     24    840    -0.14382   0.00010   0.00001
    36     23    828    -0.14383   0.00009   0.00001
    37     22    814    -0.14385   0.00008   0.00001
    38     22    836    -0.14383   0.00009   0.00001
    39     21    819    -0.14384   0.00009   0.00001
    40     21    840    -0.14382   0.00010   0.00002
    41     20    820    -0.14384   0.00010   0.00002
    42     20    840    -0.14383   0.00008   0.00001
Fit (variance): plateau_var = 7.56990e-09 ± 4.18966e-10
Fit (error):    plateau = 0.00009 ± 0.00000
     autocorrelation length ~ 5.7 blocks
     plateau reached at block size ~ 23
Final AFQMC/HF Guiding Energy:      -1832.9931 +/- 0.0017
Final AFQMC/pt2CCSD Orbital Energy: -0.14383 +/- 0.00009
<t1> = weightp/weight = 1.01473
Total run time: 214.53

AFQMC Sampling Finished

LNO-Integral time (s):    46.03
LNO-AFQMC time (s):       219.73


======================= LNO-FRAGMENT [C13H28] 14/(48,48) =======================
Fragment Num.  14
Fragment Idx.  14
Fragment Name  C13H28
LNO THRESHOLD  [0.00030000000000000003, 3e-05]
PySCF Threads  12
LNO-LAS: 23/156 Occ | 99/636 Vir | 122/792 MOs
LNO-MP2 Fragment Energy:  -0.13191239
LNO-CCSD Fragment Energy: -0.13774915
LNO-CPU time (s):         48.15 (LAS 19.60 | MP2 4.44 | CCSD 24.11)
LNO-CPU wait time (s):    0.00 (100.0% hidden)
Find Density Fit Teonsers in MF object
Integrals will be built by DF Tensors
Calculating Effective Active Space One-electron Integrals
*** Correlation Space Size ***
N Occupied Orbitals: 23
N Active Orbitals:   122
Build effective h0 and h1 time: 15.752964 s
Composing CDERIs from DF
Build CDERI in cLAS time: 6.832729 s
Raw CDERI in LAS shape: (3912, 7503)
Compress CDERI 2 Chol: 1e-05
Compress CDERI time: 1.988487 s
Finished calculating Integrals
LAS Cholesky shape: (984, 122, 122)
AFQMC script: /u/yzhang65/myprojects/software/afqmc/afqmc/lno_afqmc/script/run_lno_afqmc_pt2ccsd.py

LNO-AFQMC Started
Hostname:     gpue08.delta.ncsa.illinois.edu
System:       Linux
Node:         gpue08.delta.ncsa.illinois.edu
Release:      5.14.0-570.131.1.el9_6.x86_64
Machine:      x86_64
Processor:    x86_64
JAX backend:  GPU
JAX devices:  [CudaDevice(id=0)]
Device kind:  NVIDIA H200
Platform:     gpu

QMC Parameters
eql_time        -         30
n_prop_steps    -         50
n_blocks        -        840
n_walkers       -        300
max_memory      -     100000
mix_precision   -       True
seed            -        129
walker_type     -        rhf
trial           - pt2ccsd_sto_chol
chol_cost_ratio -        0.2
max_error       -    7.2e-05
dt              -      0.005
n_exp_terms     -          6
n_batch         -          1
nchol_chunk     -        100
free_projection -      False

QMC System
Number of Occ. Orbitals:      23
Number of Act. Orbitals:      122
Number of Chol. Vectors:      984
Mean-Field Energy:            -1832.00523770
Maximum memory per walker:            333.33 MB
Maximum number of Cholesky per chunk: 1467
Number of Cholesky chunks:            1
Number of Cholesky per chunk:         984
Number of padding Cholesky:           0
Trial:   pt2ccsd_sto_chol(norb=122, nelec=(23, 23), n_batch=1, nchol_chunk=984, mix_precision=True, n_chol_head=0, head_chol_ratio=None, n_chol_samples=None, chol_cost_ratio=0.2, head_sample_ratio=3.0, chol_score_floor=1e-06, chol_uniform_mix=0.01, head_from_guide=False)
Sampler: sampler_pt2_sto_chol(n_prop_steps=50, n_blocks=840, n_chol=984, frozen_vir=0)

Initalize QMC walkers by HF

Equilibration
Initial Orbital energy: -0.13776
inv_T  nodes      weight      energy     error   runTime
 0.00      0   300.00000  -1832.00457   0.00000     31.24
 3.00      0   305.12940  -1832.94948   0.02055     36.82
 6.00      0   300.04661  -1832.97068   0.02073     38.26
 9.00      0   298.99555  -1832.99765   0.02304     39.69
12.00      0   298.69632  -1833.00432   0.02253     41.12
15.00      0   298.75414  -1832.98955   0.02021     42.56
18.00      0   297.83976  -1832.98241   0.02144     43.99
21.00      0   298.36969  -1832.95515   0.01998     45.42
24.00      0   299.27853  -1832.99986   0.02252     46.85
27.00      0   298.57751  -1832.99803   0.02305     48.29
30.00      0   298.36287  -1832.97348   0.02133     49.72

Sampling Blocks
Target Final Error ~ 0.000072
   N  nodes      weight      E(Guide)     Error     weightp    E_frag     Error      Time
  20      0   298.90274   -1832.97944   0.00424   302.67824  -0.14444   0.00039     60.04
  40      0   299.83995   -1832.98328   0.00283   302.43504  -0.14429   0.00022     64.09
  60      0   298.73045   -1832.99153   0.00295   302.52507  -0.14404   0.00017     67.83
  80      0   298.17954   -1832.99119   0.00263   302.48099  -0.14407   0.00015     71.57
 100      0   298.68584   -1832.98775   0.00229   302.57341  -0.14419   0.00014     75.31
 120      0   299.25588   -1832.98990   0.00215   302.68480  -0.14405   0.00013     79.05
 140      0   299.49956   -1832.98883   0.00193   302.65431  -0.14388   0.00012     82.78
 160      0   298.57123   -1832.98891   0.00175   302.64102  -0.14396   0.00012     86.57
 180      0   298.69032   -1832.99049   0.00170   302.59670  -0.14398   0.00011     90.54
 200      0   298.26910   -1832.99298   0.00168   302.59306  -0.14406   0.00011     94.35
 220      0   298.86624   -1832.99161   0.00159   302.58699  -0.14396   0.00010     98.08
 240      0   298.94902   -1832.99115   0.00152   302.62325  -0.14392   0.00010    101.81
 260      0   298.60711   -1832.99154   0.00147   302.66358  -0.14394   0.00009    105.55
 280      0   298.68528   -1832.99120   0.00139   302.67592  -0.14388   0.00009    109.29
 300      0   298.85002   -1832.99147   0.00132   302.70143  -0.14389   0.00008    113.02
 320      0   298.60233   -1832.99182   0.00127   302.69931  -0.14390   0.00008    116.84
 340      0   298.53600   -1832.99111   0.00122   302.71962  -0.14391   0.00008    120.81
 360      0   298.58080   -1832.99199   0.00123   302.72273  -0.14395   0.00008    124.58
 380      0   298.47961   -1832.99181   0.00122   302.73102  -0.14398   0.00008    128.33
 400      0   300.12289   -1832.99110   0.00119   302.73675  -0.14399   0.00008    132.07
 420      0   298.28800   -1832.99127   0.00116   302.74533  -0.14397   0.00008    135.80
 440      0   299.24476   -1832.99093   0.00112   302.75025  -0.14400   0.00007    139.52
 460      0   298.89575   -1832.99101   0.00109   302.74204  -0.14400   0.00007    143.25
 480      0   298.46746   -1832.99071   0.00106   302.72791  -0.14397   0.00007    147.09
 500      0   298.29565   -1832.99020   0.00104   302.72801  -0.14396   0.00007    151.05
 520      0   298.61818   -1832.99007   0.00101   302.73484  -0.14395   0.00007    154.83
 540      0   298.95285   -1832.99082   0.00100   302.73938  -0.14399   0.00007    158.57
 560      0   298.80132   -1832.99103   0.00098   302.73704  -0.14399   0.00007    162.31
 580      0   298.69982   -1832.99068   0.00096   302.73602  -0.14397   0.00007    166.07
 600      0   299.16278   -1832.99071   0.00094   302.74414  -0.14398   0.00006    169.81
 620      0   298.76425   -1832.99091   0.00093   302.76065  -0.14397   0.00006    173.56
 640      0   298.40776   -1832.99100   0.00092   302.77713  -0.14394   0.00006    177.42
 660      0   298.95485   -1832.99147   0.00091   302.78458  -0.14397   0.00007    181.35
 680      0   299.22772   -1832.99167   0.00089   302.78704  -0.14395   0.00006    185.14
 700      0   298.90008   -1832.99171   0.00087   302.79857  -0.14395   0.00006    188.88
 720      0   299.39805   -1832.99189   0.00086   302.79915  -0.14397   0.00006    192.62
 740      0   299.44099   -1832.99219   0.00085   302.79695  -0.14397   0.00006    196.36
 760      0   298.60410   -1832.99196   0.00083   302.79597  -0.14397   0.00006    200.10
 780      0   298.36189   -1832.99248   0.00083   302.78408  -0.14398   0.00006    203.86
 800      0   299.06247   -1832.99205   0.00082   302.76837  -0.14398   0.00006    207.72
 820      0   297.83878   -1832.99222   0.00080   302.76008  -0.14398   0.00006    211.66
 840      0   298.35176   -1832.99212   0.00080   302.76739  -0.14399   0.00006    215.41

Post Propagation
Total number of samples 840
Remove Outliers
Remove samples outside Zeta > 30
Outlier bound [-0.18563, -0.10177]
Removed 0 Outliers
Outliers Energy []
nsample = 840, max_block_size = 42, min_nblocks = 20
   B    NB    NS  Observable     Error    dError
   1   840   840  -1832.99210   0.00080   0.00002
   2   420   840  -1832.99211   0.00101   0.00003
   3   280   840  -1832.99211   0.00111   0.00005
   4   210   840  -1832.99211   0.00122   0.00006
   5   168   840  -1832.99211   0.00129   0.00007
   6   140   840  -1832.99211   0.00134   0.00008
   7   120   840  -1832.99211   0.00137   0.00009
   8   105   840  -1832.99211   0.00139   0.00010
   9    93   837  -1832.99220   0.00143   0.00011
  10    84   840  -1832.99211   0.00149   0.00012
  11    76   836  -1832.99222   0.00153   0.00013
  12    70   840  -1832.99211   0.00152   0.00013
  13    64   832  -1832.99212   0.00154   0.00014
  14    60   840  -1832.99212   0.00153   0.00014
  15    56   840  -1832.99212   0.00142   0.00014
  16    52   832  -1832.99212   0.00157   0.00016
  17    49   833  -1832.99217   0.00158   0.00016
  18    46   828  -1832.99205   0.00152   0.00016
  19    44   836  -1832.99222   0.00151   0.00016
  20    42   840  -1832.99212   0.00164   0.00018
  21    40   840  -1832.99212   0.00167   0.00019
  22    38   836  -1832.99222   0.00164   0.00019
  23    36   828  -1832.99205   0.00147   0.00018
  24    35   840  -1832.99212   0.00160   0.00019
  25    33   825  -1832.99213   0.00158   0.00020
  26    32   832  -1832.99212   0.00152   0.00019
  27    31   837  -1832.99220   0.00142   0.00018
  28    30   840  -1832.99212   0.00170   0.00022
  29    28   812  -1832.99221   0.00151   0.00021
  30    28   840  -1832.99212   0.00136   0.00018
  31    27   837  -1832.99220   0.00157   0.00022
  32    26   832  -1832.99212   0.00156   0.00022
  33    25   825  -1832.99213   0.00184   0.00027
  34    24   816  -1832.99223   0.00175   0.00026
  35    24   840  -1832.99212   0.00159   0.00023
  36    23   828  -1832.99205   0.00144   0.00022
  37    22   814  -1832.99218   0.00155   0.00024
  38    22   836  -1832.99222   0.00140   0.00022
  39    21   819  -1832.99226   0.00163   0.00026
  40    21   840  -1832.99212   0.00162   0.00026
  41    20   820  -1832.99222   0.00152   0.00025
  42    20   840  -1832.99212   0.00152   0.00025
Fit (variance): plateau_var = 2.393e-06 ± 1.132e-07
Fit (error):    plateau = 0.00155 ± 0.00004
     autocorrelation length ~ 4.6 blocks
     plateau reached at block size ~ 21
nsample = 840, max_block_size = 42, min_nblocks = 20
Blk_SZ   NBlk   NSmp      Energy     Error    dError
     1    840    840    -0.14396   0.00006   0.00000
     2    420    840    -0.14397   0.00007   0.00000
     3    280    840    -0.14397   0.00007   0.00000
     4    210    840    -0.14398   0.00008   0.00000
     5    168    840    -0.14398   0.00009   0.00000
     6    140    840    -0.14398   0.00009   0.00001
     7    120    840    -0.14398   0.00009   0.00001
     8    105    840    -0.14398   0.00010   0.00001
     9     93    837    -0.14398   0.00009   0.00001
    10     84    840    -0.14398   0.00009   0.00001
    11     76    836    -0.14399   0.00010   0.00001
    12     70    840    -0.14398   0.00009   0.00001
    13     64    832    -0.14398   0.00009   0.00001
    14     60    840    -0.14398   0.00009   0.00001
    15     56    840    -0.14399   0.00010   0.00001
    16     52    832    -0.14398   0.00009   0.00001
    17     49    833    -0.14399   0.00008   0.00001
    18     46    828    -0.14397   0.00008   0.00001
    19     44    836    -0.14399   0.00008   0.00001
    20     42    840    -0.14399   0.00009   0.00001
    21     40    840    -0.14399   0.00008   0.00001
    22     38    836    -0.14399   0.00009   0.00001
    23     36    828    -0.14397   0.00008   0.00001
    24     35    840    -0.14399   0.00009   0.00001
    25     33    825    -0.14397   0.00008   0.00001
    26     32    832    -0.14399   0.00008   0.00001
    27     31    837    -0.14399   0.00008   0.00001
    28     30    840    -0.14399   0.00008   0.00001
    29     28    812    -0.14398   0.00008   0.00001
    30     28    840    -0.14399   0.00008   0.00001
    31     27    837    -0.14399   0.00006   0.00001
    32     26    832    -0.14399   0.00008   0.00001
    33     25    825    -0.14397   0.00009   0.00001
    34     24    816    -0.14398   0.00009   0.00001
    35     24    840    -0.14399   0.00009   0.00001
    36     23    828    -0.14397   0.00009   0.00001
    37     22    814    -0.14397   0.00009   0.00001
    38     22    836    -0.14400   0.00006   0.00001
    39     21    819    -0.14398   0.00006   0.00001
    40     21    840    -0.14399   0.00008   0.00001
    41     20    820    -0.14398   0.00007   0.00001
    42     20    840    -0.14399   0.00007   0.00001
Fit (variance): plateau_var = 6.87160e-09 ± 2.50200e-10
Fit (error):    plateau = 0.00008 ± 0.00000
     autocorrelation length ~ 1.8 blocks
     plateau reached at block size ~ 9
Final AFQMC/HF Guiding Energy:      -1832.9921 +/- 0.0015
Final AFQMC/pt2CCSD Orbital Energy: -0.14399 +/- 0.00008
<t1> = weightp/weight = 1.01367
Total run time: 215.41

AFQMC Sampling Finished

LNO-Integral time (s):    25.71
LNO-AFQMC time (s):       235.28


======================= LNO-FRAGMENT [C14H29] 15/(48,48) =======================
Fragment Num.  15
Fragment Idx.  15
Fragment Name  C14H29
LNO THRESHOLD  [0.00030000000000000003, 3e-05]
PySCF Threads  12
LNO-LAS: 23/156 Occ | 101/636 Vir | 124/792 MOs
LNO-MP2 Fragment Energy:  -0.13206030
LNO-CCSD Fragment Energy: -0.13786082
LNO-CPU time (s):         64.41 (LAS 19.95 | MP2 15.93 | CCSD 28.53)
LNO-CPU wait time (s):    0.00 (100.0% hidden)
Find Density Fit Teonsers in MF object
Integrals will be built by DF Tensors
Calculating Effective Active Space One-electron Integrals
*** Correlation Space Size ***
N Occupied Orbitals: 23
N Active Orbitals:   124
Build effective h0 and h1 time: 10.150074 s
Composing CDERIs from DF
Build CDERI in cLAS time: 6.575697 s
Raw CDERI in LAS shape: (3912, 7750)
Compress CDERI 2 Chol: 1e-05
Compress CDERI time: 1.579893 s
Finished calculating Integrals
LAS Cholesky shape: (1004, 124, 124)
AFQMC script: /u/yzhang65/myprojects/software/afqmc/afqmc/lno_afqmc/script/run_lno_afqmc_pt2ccsd.py

LNO-AFQMC Started
Hostname:     gpue08.delta.ncsa.illinois.edu
System:       Linux
Node:         gpue08.delta.ncsa.illinois.edu
Release:      5.14.0-570.131.1.el9_6.x86_64
Machine:      x86_64
Processor:    x86_64
JAX backend:  GPU
JAX devices:  [CudaDevice(id=0)]
Device kind:  NVIDIA H200
Platform:     gpu

QMC Parameters
eql_time        -         30
n_prop_steps    -         50
n_blocks        -        840
n_walkers       -        300
max_memory      -     100000
mix_precision   -       True
seed            -       1653
walker_type     -        rhf
trial           - pt2ccsd_sto_chol
chol_cost_ratio -        0.2
max_error       -    7.2e-05
dt              -      0.005
n_exp_terms     -          6
n_batch         -          1
nchol_chunk     -        100
free_projection -      False

QMC System
Number of Occ. Orbitals:      23
Number of Act. Orbitals:      124
Number of Chol. Vectors:      1004
Mean-Field Energy:            -1832.00523770
Maximum memory per walker:            333.33 MB
Maximum number of Cholesky per chunk: 1420
Number of Cholesky chunks:            1
Number of Cholesky per chunk:         1004
Number of padding Cholesky:           0
Trial:   pt2ccsd_sto_chol(norb=124, nelec=(23, 23), n_batch=1, nchol_chunk=1004, mix_precision=True, n_chol_head=0, head_chol_ratio=None, n_chol_samples=None, chol_cost_ratio=0.2, head_sample_ratio=3.0, chol_score_floor=1e-06, chol_uniform_mix=0.01, head_from_guide=False)
Sampler: sampler_pt2_sto_chol(n_prop_steps=50, n_blocks=840, n_chol=1004, frozen_vir=0)

Initalize QMC walkers by HF

Equilibration
Initial Orbital energy: -0.13783
inv_T  nodes      weight      energy     error   runTime
 0.00      0   300.00000  -1832.00453   0.00000     30.49
 3.00      0   305.52088  -1832.97798   0.01962     36.70
 6.00      0   300.28116  -1832.95276   0.02046     38.16
 9.00      0   298.78039  -1832.98575   0.02552     39.60
12.00      0   298.67509  -1832.97585   0.01986     41.04
15.00      0   299.45756  -1833.00550   0.02057     42.48
18.00      0   298.69663  -1833.02824   0.02456     43.92
21.00      0   297.50396  -1832.98120   0.02073     45.37
24.00      0   298.34426  -1832.96021   0.01959     46.81
27.00      0   298.58710  -1832.99047   0.02210     48.44
30.00      0   298.71811  -1832.97230   0.01973     50.01

Sampling Blocks
Target Final Error ~ 0.000072
   N  nodes      weight      E(Guide)     Error     weightp    E_frag     Error      Time
  20      0   298.37465   -1832.98604   0.00521   302.91237  -0.14335   0.00028     60.52
  40      0   298.52250   -1832.98780   0.00337   303.07526  -0.14336   0.00020     64.70
  60      0   299.23054   -1832.99089   0.00283   303.08605  -0.14332   0.00015     68.52
  80      0   298.24630   -1832.98788   0.00237   303.09278  -0.14358   0.00017     72.34
 100      0   298.82313   -1832.98908   0.00230   303.12893  -0.14385   0.00017     76.16
 120      0   298.61376   -1832.99053   0.00215   303.09249  -0.14391   0.00018     80.18
 140      0   299.08260   -1832.99274   0.00206   303.10015  -0.14397   0.00016     84.13
 160      0   298.11319   -1832.99313   0.00200   303.09090  -0.14403   0.00015     87.94
 180      0   298.69528   -1832.99318   0.00182   303.11360  -0.14406   0.00014     91.76
 200      0   299.25266   -1832.99337   0.00178   303.07695  -0.14405   0.00013     95.58
 220      0   297.70954   -1832.99693   0.00298   303.08397  -0.14405   0.00016     99.40
 240      0   299.08061   -1832.99658   0.00276   303.06894  -0.14400   0.00016    103.22
 260      0   298.71238   -1832.99547   0.00260   303.04306  -0.14401   0.00015    107.07
 280      0   299.01642   -1832.99512   0.00246   303.03715  -0.14401   0.00014    111.13
 300      0   298.71983   -1832.99597   0.00234   303.01782  -0.14403   0.00013    115.05
 320      0   299.20265   -1832.99504   0.00222   302.99284  -0.14397   0.00012    118.87
 340      0   298.95646   -1832.99303   0.00215   302.96961  -0.14392   0.00012    122.69
 360      0   298.98559   -1832.99362   0.00206   302.95652  -0.14389   0.00011    126.52
 380      0   298.54424   -1832.99283   0.00197   302.95440  -0.14388   0.00011    130.34
 400      0   298.79283   -1832.99476   0.00216   302.95367  -0.14389   0.00010    134.17
 420      0   298.87846   -1832.99503   0.00207   302.93101  -0.14386   0.00010    138.06
 440      0   298.58658   -1832.99434   0.00199   302.90202  -0.14386   0.00010    142.10
 460      0   298.59274   -1832.99405   0.00192   302.88421  -0.14388   0.00009    145.97
 480      0   298.65097   -1832.99343   0.00185   302.89261  -0.14388   0.00009    149.79
 500      0   299.13660   -1832.99328   0.00179   302.89784  -0.14390   0.00009    153.62
 520      0   298.75120   -1832.99276   0.00173   302.90798  -0.14390   0.00009    157.44
 540      0   298.87258   -1832.99329   0.00169   302.91937  -0.14390   0.00009    161.25
 560      0   298.19125   -1832.99333   0.00164   302.93256  -0.14387   0.00008    165.06
 580      0   299.09809   -1832.99313   0.00160   302.95034  -0.14389   0.00008    168.98
 600      0   298.12822   -1832.99382   0.00156   302.97454  -0.14388   0.00008    173.00
 620      0   298.65679   -1832.99365   0.00152   302.98934  -0.14388   0.00008    176.83
 640      0   299.06480   -1832.99319   0.00148   302.99876  -0.14386   0.00008    180.64
 660      0   299.38572   -1832.99280   0.00144   303.01765  -0.14385   0.00007    184.47
 680      0   298.64870   -1832.99301   0.00140   303.02297  -0.14385   0.00007    188.28
 700      0   297.75552   -1832.99300   0.00137   303.04229  -0.14386   0.00007    192.09
 720      0   298.40696   -1832.99267   0.00134   303.05400  -0.14383   0.00007    195.92
 740      0   298.93324   -1832.99259   0.00131   303.05254  -0.14384   0.00007    199.96
 760      0   299.40212   -1832.99227   0.00129   303.05524  -0.14385   0.00007    203.94
 780      0   297.94260   -1832.99231   0.00126   303.05072  -0.14385   0.00007    207.76
 800      0   298.17269   -1832.99259   0.00124   303.04925  -0.14386   0.00007    211.59
 820      0   298.93069   -1832.99216   0.00122   303.04559  -0.14384   0.00007    215.41
 840      0   298.30528   -1832.99215   0.00120   303.03051  -0.14385   0.00007    219.23

Post Propagation
Total number of samples 840
Remove Outliers
Remove samples outside Zeta > 30
Outlier bound [-0.18198, -0.10515]
Removed 0 Outliers
Outliers Energy []
nsample = 840, max_block_size = 42, min_nblocks = 20
   B    NB    NS  Observable     Error    dError
   1   840   840  -1832.99212   0.00119   0.00003
   2   420   840  -1832.99212   0.00153   0.00005
   3   280   840  -1832.99213   0.00174   0.00007
   4   210   840  -1832.99214   0.00172   0.00008
   5   168   840  -1832.99214   0.00182   0.00010
   6   140   840  -1832.99214   0.00190   0.00011
   7   120   840  -1832.99214   0.00185   0.00012
   8   105   840  -1832.99215   0.00194   0.00013
   9    93   837  -1832.99213   0.00193   0.00014
  10    84   840  -1832.99215   0.00191   0.00015
  11    76   836  -1832.99214   0.00190   0.00016
  12    70   840  -1832.99215   0.00206   0.00018
  13    64   832  -1832.99220   0.00203   0.00018
  14    60   840  -1832.99215   0.00204   0.00019
  15    56   840  -1832.99215   0.00199   0.00019
  16    52   832  -1832.99220   0.00185   0.00018
  17    49   833  -1832.99216   0.00199   0.00020
  18    46   828  -1832.99226   0.00220   0.00023
  19    44   836  -1832.99214   0.00209   0.00023
  20    42   840  -1832.99215   0.00213   0.00024
  21    40   840  -1832.99215   0.00203   0.00023
  22    38   836  -1832.99214   0.00208   0.00024
  23    36   828  -1832.99226   0.00200   0.00024
  24    35   840  -1832.99215   0.00208   0.00025
  25    33   825  -1832.99227   0.00201   0.00025
  26    32   832  -1832.99220   0.00194   0.00025
  27    31   837  -1832.99214   0.00194   0.00025
  28    30   840  -1832.99215   0.00203   0.00027
  29    28   812  -1832.99243   0.00225   0.00031
  30    28   840  -1832.99215   0.00197   0.00027
  31    27   837  -1832.99214   0.00211   0.00029
  32    26   832  -1832.99221   0.00202   0.00029
  33    25   825  -1832.99227   0.00191   0.00028
  34    24   816  -1832.99229   0.00211   0.00031
  35    24   840  -1832.99215   0.00200   0.00029
  36    23   828  -1832.99226   0.00190   0.00029
  37    22   814  -1832.99237   0.00187   0.00029
  38    22   836  -1832.99214   0.00229   0.00035
  39    21   819  -1832.99215   0.00212   0.00033
  40    21   840  -1832.99216   0.00183   0.00029
  41    20   820  -1832.99216   0.00182   0.00029
  42    20   840  -1832.99215   0.00202   0.00033
Fit (variance): plateau_var = 3.938e-06 ± 1.552e-07
Fit (error):    plateau = 0.00198 ± 0.00004
     autocorrelation length ~ 2.5 blocks
     plateau reached at block size ~ 12
nsample = 840, max_block_size = 42, min_nblocks = 20
Blk_SZ   NBlk   NSmp      Energy     Error    dError
     1    840    840    -0.14376   0.00007   0.00000
     2    420    840    -0.14377   0.00007   0.00000
     3    280    840    -0.14378   0.00007   0.00000
     4    210    840    -0.14380   0.00008   0.00000
     5    168    840    -0.14381   0.00008   0.00000
     6    140    840    -0.14381   0.00007   0.00000
     7    120    840    -0.14382   0.00008   0.00001
     8    105    840    -0.14382   0.00008   0.00001
     9     93    837    -0.14382   0.00008   0.00001
    10     84    840    -0.14383   0.00008   0.00001
    11     76    836    -0.14383   0.00007   0.00001
    12     70    840    -0.14383   0.00008   0.00001
    13     64    832    -0.14383   0.00008   0.00001
    14     60    840    -0.14383   0.00007   0.00001
    15     56    840    -0.14383   0.00007   0.00001
    16     52    832    -0.14383   0.00009   0.00001
    17     49    833    -0.14383   0.00008   0.00001
    18     46    828    -0.14382   0.00008   0.00001
    19     44    836    -0.14383   0.00008   0.00001
    20     42    840    -0.14384   0.00008   0.00001
    21     40    840    -0.14384   0.00008   0.00001
    22     38    836    -0.14384   0.00007   0.00001
    23     36    828    -0.14383   0.00008   0.00001
    24     35    840    -0.14384   0.00008   0.00001
    25     33    825    -0.14383   0.00008   0.00001
    26     32    832    -0.14384   0.00007   0.00001
    27     31    837    -0.14384   0.00007   0.00001
    28     30    840    -0.14384   0.00009   0.00001
    29     28    812    -0.14384   0.00008   0.00001
    30     28    840    -0.14384   0.00008   0.00001
    31     27    837    -0.14384   0.00008   0.00001
    32     26    832    -0.14384   0.00008   0.00001
    33     25    825    -0.14383   0.00009   0.00001
    34     24    816    -0.14383   0.00008   0.00001
    35     24    840    -0.14384   0.00007   0.00001
    36     23    828    -0.14383   0.00008   0.00001
    37     22    814    -0.14384   0.00008   0.00001
    38     22    836    -0.14384   0.00009   0.00001
    39     21    819    -0.14383   0.00008   0.00001
    40     21    840    -0.14384   0.00008   0.00001
    41     20    820    -0.14383   0.00008   0.00001
    42     20    840    -0.14384   0.00008   0.00001
Fit (variance): plateau_var = 6.04312e-09 ± 2.17744e-10
Fit (error):    plateau = 0.00008 ± 0.00000
     autocorrelation length ~ 1.7 blocks
     plateau reached at block size ~ 7
Final AFQMC/HF Guiding Energy:      -1832.9922 +/- 0.0020
Final AFQMC/pt2CCSD Orbital Energy: -0.14385 +/- 0.00008
<t1> = weightp/weight = 1.01466
Total run time: 219.24

AFQMC Sampling Finished

LNO-Integral time (s):    18.94
LNO-AFQMC time (s):       236.47


======================== LNO-FRAGMENT [C15] 16/(48,48) =========================
Fragment Num.  16
Fragment Idx.  16
Fragment Name  C15
LNO THRESHOLD  [0.00030000000000000003, 3e-05]
PySCF Threads  12
LNO-LAS: 27/156 Occ | 119/636 Vir | 146/792 MOs
LNO-MP2 Fragment Energy:  -0.11744297
LNO-CCSD Fragment Energy: -0.11791906
LNO-CPU time (s):         72.32 (LAS 20.69 | MP2 7.20 | CCSD 44.43)
LNO-CPU wait time (s):    0.00 (100.0% hidden)
Find Density Fit Teonsers in MF object
Integrals will be built by DF Tensors
Calculating Effective Active Space One-electron Integrals
*** Correlation Space Size ***
N Occupied Orbitals: 27
N Active Orbitals:   146
Build effective h0 and h1 time: 13.507549 s
Composing CDERIs from DF
Build CDERI in cLAS time: 5.885623 s
Raw CDERI in LAS shape: (3912, 10731)
Compress CDERI 2 Chol: 1e-05
Compress CDERI time: 1.756056 s
Finished calculating Integrals
LAS Cholesky shape: (1165, 146, 146)
AFQMC script: /u/yzhang65/myprojects/software/afqmc/afqmc/lno_afqmc/script/run_lno_afqmc_pt2ccsd.py

LNO-AFQMC Started
Hostname:     gpue08.delta.ncsa.illinois.edu
System:       Linux
Node:         gpue08.delta.ncsa.illinois.edu
Release:      5.14.0-570.131.1.el9_6.x86_64
Machine:      x86_64
Processor:    x86_64
JAX backend:  GPU
JAX devices:  [CudaDevice(id=0)]
Device kind:  NVIDIA H200
Platform:     gpu

QMC Parameters
eql_time        -         30
n_prop_steps    -         50
n_blocks        -        840
n_walkers       -        300
max_memory      -     100000
mix_precision   -       True
seed            -       3424
walker_type     -        rhf
trial           - pt2ccsd_sto_chol
chol_cost_ratio -        0.2
max_error       -    7.2e-05
dt              -      0.005
n_exp_terms     -          6
n_batch         -          1
nchol_chunk     -        100
free_projection -      False

QMC System
Number of Occ. Orbitals:      27
Number of Act. Orbitals:      146
Number of Chol. Vectors:      1165
Mean-Field Energy:            -1832.00523770
Maximum memory per walker:            333.33 MB
Maximum number of Cholesky per chunk: 1024
Number of Cholesky chunks:            2
Number of Cholesky per chunk:         583
Number of padding Cholesky:           1
Trial:   pt2ccsd_sto_chol(norb=146, nelec=(27, 27), n_batch=1, nchol_chunk=583, mix_precision=True, n_chol_head=0, head_chol_ratio=None, n_chol_samples=None, chol_cost_ratio=0.2, head_sample_ratio=3.0, chol_score_floor=1e-06, chol_uniform_mix=0.01, head_from_guide=False)
Sampler: sampler_pt2_sto_chol(n_prop_steps=50, n_blocks=840, n_chol=1165, frozen_vir=0)

Initalize QMC walkers by HF

Equilibration
Initial Orbital energy: -0.11797
inv_T  nodes      weight      energy     error   runTime
 0.00      0   300.00000  -1832.00433   0.00000     30.97
 3.00      0   305.11738  -1833.15451   0.02183     36.89
 6.00      0   301.19792  -1833.18277   0.02172     39.02
 9.00      0   299.32529  -1833.18330   0.02192     41.13
12.00      0   299.85906  -1833.20204   0.02421     43.14
15.00      0   298.38968  -1833.18278   0.02207     45.12
18.00      0   298.76033  -1833.20653   0.02498     47.11
21.00      0   298.61505  -1833.18072   0.02001     49.09
24.00      0   298.06762  -1833.17452   0.01991     51.08
27.00      0   297.18031  -1833.19804   0.02268     53.08
30.00      0   299.24140  -1833.22365   0.02540     55.08

Sampling Blocks
Target Final Error ~ 0.000072
   N  nodes      weight      E(Guide)     Error     weightp    E_frag     Error      Time
  20      0   298.70960   -1833.18515   0.00349   303.48055  -0.12374   0.00036     67.75
  40      0   298.36859   -1833.19308   0.00418   303.31183  -0.12389   0.00022     74.18
  60      0   298.78786   -1833.19627   0.00346   303.31386  -0.12408   0.00018     80.29
  80      0   298.46425   -1833.20088   0.00290   303.26571  -0.12434   0.00016     86.41
 100      0   298.88502   -1833.20082   0.00257   303.21398  -0.12440   0.00014     92.53
 120      0   298.07230   -1833.20002   0.00228   303.15900  -0.12441   0.00013     98.77
 140      0   298.22041   -1833.19602   0.00220   303.14224  -0.12433   0.00012    104.97
 160      0   298.45842   -1833.19696   0.00206   303.17393  -0.12438   0.00011    111.10
 180      0   298.73194   -1833.19603   0.00192   303.09068  -0.12433   0.00010    117.23
 200      0   300.10634   -1833.19677   0.00193   303.10429  -0.12432   0.00009    123.36
 220      0   297.68109   -1833.19962   0.00194   303.07760  -0.12444   0.00010    129.61
 240      0   298.44529   -1833.19943   0.00181   303.07917  -0.12449   0.00009    135.81
 260      0   297.86274   -1833.19912   0.00170   303.10175  -0.12450   0.00009    141.93
 280      0   297.96081   -1833.19845   0.00162   303.12590  -0.12449   0.00008    148.05
 300      0   298.51094   -1833.19868   0.00155   303.14555  -0.12444   0.00008    154.16
 320      0   298.36926   -1833.19793   0.00151   303.13873  -0.12445   0.00008    160.46
 340      0   298.54049   -1833.19827   0.00149   303.11788  -0.12442   0.00008    166.63
 360      0   299.17916   -1833.19861   0.00142   303.07947  -0.12440   0.00007    172.76
 380      0   298.43680   -1833.19737   0.00139   303.06840  -0.12438   0.00007    178.88
 400      0   298.40520   -1833.19706   0.00135   303.08277  -0.12438   0.00007    185.01
 420      0   298.88811   -1833.19796   0.00132   303.09841  -0.12452   0.00009    191.34
 440      0   298.45999   -1833.19849   0.00132   303.09325  -0.12446   0.00009    197.51
 460      0   298.78120   -1833.19793   0.00128   303.09143  -0.12443   0.00009    203.64
 480      0   299.14075   -1833.19741   0.00125   303.10140  -0.12440   0.00008    209.75
 500      0   298.28165   -1833.19725   0.00121   303.11467  -0.12437   0.00008    215.89
 520      0   298.43196   -1833.19727   0.00117   303.11670  -0.12437   0.00008    222.19
 540      0   298.51743   -1833.19744   0.00114   303.11202  -0.12438   0.00008    228.31
 560      0   298.74787   -1833.19728   0.00111   303.12151  -0.12439   0.00007    234.44
 580      0   298.04809   -1833.19726   0.00109   303.11472  -0.12439   0.00007    240.57
 600      0   298.54890   -1833.19623   0.00109   303.12137  -0.12441   0.00007    246.74
 620      0   297.80458   -1833.19638   0.00108   303.12570  -0.12443   0.00007    253.00
 640      0   299.00683   -1833.19598   0.00107   303.12689  -0.12443   0.00007    259.13
 660      0   298.74777   -1833.19550   0.00105   303.13701  -0.12441   0.00007    265.24
 680      0   297.96220   -1833.19553   0.00104   303.15723  -0.12439   0.00006    271.37
 700      0   298.94266   -1833.19538   0.00102   303.16058  -0.12437   0.00006    277.58
 720      0   298.17433   -1833.19528   0.00100   303.15743  -0.12438   0.00006    283.81
 740      0   298.92165   -1833.19515   0.00099   303.15906  -0.12438   0.00006    289.93
 760      0   298.18103   -1833.19504   0.00097   303.15833  -0.12437   0.00006    296.06
 780      0   299.11288   -1833.19484   0.00095   303.16212  -0.12436   0.00006    302.24
 800      0   298.72503   -1833.19440   0.00094   303.16589  -0.12435   0.00006    308.54
 820      0   298.76302   -1833.19457   0.00093   303.17753  -0.12436   0.00006    314.77
 840      0   298.24984   -1833.19475   0.00092   303.17844  -0.12436   0.00006    320.89

Post Propagation
Total number of samples 840
Remove Outliers
Remove samples outside Zeta > 30
Outlier bound [-0.16024, -0.08800]
Removed 0 Outliers
Outliers Energy []
nsample = 840, max_block_size = 42, min_nblocks = 20
   B    NB    NS  Observable     Error    dError
   1   840   840  -1833.19473   0.00092   0.00002
   2   420   840  -1833.19473   0.00115   0.00004
   3   280   840  -1833.19474   0.00128   0.00005
   4   210   840  -1833.19474   0.00139   0.00007
   5   168   840  -1833.19474   0.00146   0.00008
   6   140   840  -1833.19474   0.00154   0.00009
   7   120   840  -1833.19474   0.00151   0.00010
   8   105   840  -1833.19474   0.00162   0.00011
   9    93   837  -1833.19484   0.00149   0.00011
  10    84   840  -1833.19475   0.00159   0.00012
  11    76   836  -1833.19489   0.00160   0.00013
  12    70   840  -1833.19475   0.00160   0.00014
  13    64   832  -1833.19486   0.00163   0.00015
  14    60   840  -1833.19475   0.00160   0.00015
  15    56   840  -1833.19475   0.00176   0.00017
  16    52   832  -1833.19486   0.00174   0.00017
  17    49   833  -1833.19489   0.00183   0.00019
  18    46   828  -1833.19474   0.00179   0.00019
  19    44   836  -1833.19490   0.00204   0.00022
  20    42   840  -1833.19475   0.00183   0.00020
  21    40   840  -1833.19475   0.00178   0.00020
  22    38   836  -1833.19490   0.00174   0.00020
  23    36   828  -1833.19474   0.00191   0.00023
  24    35   840  -1833.19475   0.00187   0.00023
  25    33   825  -1833.19455   0.00177   0.00022
  26    32   832  -1833.19486   0.00175   0.00022
  27    31   837  -1833.19484   0.00190   0.00024
  28    30   840  -1833.19475   0.00188   0.00025
  29    28   812  -1833.19445   0.00184   0.00025
  30    28   840  -1833.19475   0.00186   0.00025
  31    27   837  -1833.19484   0.00187   0.00026
  32    26   832  -1833.19486   0.00200   0.00028
  33    25   825  -1833.19455   0.00173   0.00025
  34    24   816  -1833.19444   0.00173   0.00026
  35    24   840  -1833.19475   0.00162   0.00024
  36    23   828  -1833.19474   0.00193   0.00029
  37    22   814  -1833.19446   0.00197   0.00030
  38    22   836  -1833.19490   0.00218   0.00034
  39    21   819  -1833.19457   0.00191   0.00030
  40    21   840  -1833.19475   0.00201   0.00032
  41    20   820  -1833.19457   0.00157   0.00025
  42    20   840  -1833.19475   0.00157   0.00025
Fit (variance): plateau_var = 3.140e-06 ± 1.608e-07
Fit (error):    plateau = 0.00177 ± 0.00005
     autocorrelation length ~ 5.2 blocks
     plateau reached at block size ~ 24
nsample = 840, max_block_size = 42, min_nblocks = 20
Blk_SZ   NBlk   NSmp      Energy     Error    dError
     1    840    840    -0.12433   0.00006   0.00000
     2    420    840    -0.12434   0.00006   0.00000
     3    280    840    -0.12434   0.00007   0.00000
     4    210    840    -0.12434   0.00007   0.00000
     5    168    840    -0.12435   0.00008   0.00000
     6    140    840    -0.12435   0.00008   0.00000
     7    120    840    -0.12435   0.00008   0.00001
     8    105    840    -0.12435   0.00007   0.00001
     9     93    837    -0.12436   0.00008   0.00001
    10     84    840    -0.12435   0.00009   0.00001
    11     76    836    -0.12436   0.00008   0.00001
    12     70    840    -0.12435   0.00009   0.00001
    13     64    832    -0.12436   0.00007   0.00001
    14     60    840    -0.12436   0.00009   0.00001
    15     56    840    -0.12436   0.00009   0.00001
    16     52    832    -0.12436   0.00009   0.00001
    17     49    833    -0.12436   0.00008   0.00001
    18     46    828    -0.12436   0.00009   0.00001
    19     44    836    -0.12436   0.00010   0.00001
    20     42    840    -0.12436   0.00010   0.00001
    21     40    840    -0.12436   0.00010   0.00001
    22     38    836    -0.12436   0.00010   0.00001
    23     36    828    -0.12436   0.00008   0.00001
    24     35    840    -0.12436   0.00010   0.00001
    25     33    825    -0.12436   0.00010   0.00001
    26     32    832    -0.12436   0.00008   0.00001
    27     31    837    -0.12436   0.00010   0.00001
    28     30    840    -0.12436   0.00010   0.00001
    29     28    812    -0.12435   0.00009   0.00001
    30     28    840    -0.12436   0.00010   0.00001
    31     27    837    -0.12436   0.00009   0.00001
    32     26    832    -0.12436   0.00009   0.00001
    33     25    825    -0.12436   0.00011   0.00002
    34     24    816    -0.12435   0.00008   0.00001
    35     24    840    -0.12436   0.00011   0.00002
    36     23    828    -0.12436   0.00011   0.00002
    37     22    814    -0.12435   0.00009   0.00001
    38     22    836    -0.12436   0.00012   0.00002
    39     21    819    -0.12436   0.00011   0.00002
    40     21    840    -0.12436   0.00010   0.00002
    41     20    820    -0.12436   0.00008   0.00001
    42     20    840    -0.12436   0.00011   0.00002
Fit (variance): plateau_var = 8.16427e-09 ± 4.54578e-10
Fit (error):    plateau = 0.00009 ± 0.00000
     autocorrelation length ~ 5.6 blocks
     plateau reached at block size ~ 25
Final AFQMC/HF Guiding Energy:      -1833.1948 +/- 0.0018
Final AFQMC/pt2CCSD Orbital Energy: -0.12436 +/- 0.00009
<t1> = weightp/weight = 1.01549
Total run time: 320.90

AFQMC Sampling Finished

LNO-Integral time (s):    22.45
LNO-AFQMC time (s):       325.82


======================= LNO-FRAGMENT [C16H30] 17/(48,48) =======================
Fragment Num.  17
Fragment Idx.  17
Fragment Name  C16H30
LNO THRESHOLD  [0.00030000000000000003, 3e-05]
PySCF Threads  12
LNO-LAS: 24/156 Occ | 104/636 Vir | 128/792 MOs
LNO-MP2 Fragment Energy:  -0.13255422
LNO-CCSD Fragment Energy: -0.13826249
LNO-CPU time (s):         50.72 (LAS 19.34 | MP2 4.27 | CCSD 27.12)
LNO-CPU wait time (s):    0.00 (100.0% hidden)
Find Density Fit Teonsers in MF object
Integrals will be built by DF Tensors
Calculating Effective Active Space One-electron Integrals
*** Correlation Space Size ***
N Occupied Orbitals: 24
N Active Orbitals:   128
Build effective h0 and h1 time: 9.400987 s
Composing CDERIs from DF
Build CDERI in cLAS time: 5.917560 s
Raw CDERI in LAS shape: (3912, 8256)
Compress CDERI 2 Chol: 1e-05
Compress CDERI time: 1.176183 s
Finished calculating Integrals
LAS Cholesky shape: (1060, 128, 128)
AFQMC script: /u/yzhang65/myprojects/software/afqmc/afqmc/lno_afqmc/script/run_lno_afqmc_pt2ccsd.py

LNO-AFQMC Started
Hostname:     gpue08.delta.ncsa.illinois.edu
System:       Linux
Node:         gpue08.delta.ncsa.illinois.edu
Release:      5.14.0-570.131.1.el9_6.x86_64
Machine:      x86_64
Processor:    x86_64
JAX backend:  GPU
JAX devices:  [CudaDevice(id=0)]
Device kind:  NVIDIA H200
Platform:     gpu

QMC Parameters
eql_time        -         30
n_prop_steps    -         50
n_blocks        -        840
n_walkers       -        300
max_memory      -     100000
mix_precision   -       True
seed            -       4366
walker_type     -        rhf
trial           - pt2ccsd_sto_chol
chol_cost_ratio -        0.2
max_error       -    7.2e-05
dt              -      0.005
n_exp_terms     -          6
n_batch         -          1
nchol_chunk     -        100
free_projection -      False

QMC System
Number of Occ. Orbitals:      24
Number of Act. Orbitals:      128
Number of Chol. Vectors:      1060
Mean-Field Energy:            -1832.00523770
Maximum memory per walker:            333.33 MB
Maximum number of Cholesky per chunk: 1333
Number of Cholesky chunks:            1
Number of Cholesky per chunk:         1060
Number of padding Cholesky:           0
Trial:   pt2ccsd_sto_chol(norb=128, nelec=(24, 24), n_batch=1, nchol_chunk=1060, mix_precision=True, n_chol_head=0, head_chol_ratio=None, n_chol_samples=None, chol_cost_ratio=0.2, head_sample_ratio=3.0, chol_score_floor=1e-06, chol_uniform_mix=0.01, head_from_guide=False)
Sampler: sampler_pt2_sto_chol(n_prop_steps=50, n_blocks=840, n_chol=1060, frozen_vir=0)

Initalize QMC walkers by HF

Equilibration
Initial Orbital energy: -0.13826
inv_T  nodes      weight      energy     error   runTime
 0.00      0   300.00000  -1832.00440   0.00000     30.11
 3.00      0   305.30423  -1832.99925   0.02078     36.53
 6.00      0   301.12544  -1832.96868   0.01976     37.96
 9.00      0   299.83516  -1833.04619   0.02098     39.38
12.00      0   298.90096  -1833.03169   0.02288     40.85
15.00      0   299.23414  -1833.03173   0.02331     42.40
18.00      0   298.61418  -1833.01543   0.02317     43.82
21.00      0   298.26359  -1832.98972   0.02165     45.27
24.00      0   298.74753  -1833.02275   0.02114     46.70
27.00      0   298.34421  -1832.96502   0.01881     48.13
30.00      0   297.98500  -1832.99207   0.01959     49.60

Sampling Blocks
Target Final Error ~ 0.000072
   N  nodes      weight      E(Guide)     Error     weightp    E_frag     Error      Time
  20      0   299.32200   -1832.99743   0.00508   303.15516  -0.14436   0.00033     60.56
  40      0   298.68874   -1832.99852   0.00379   303.19862  -0.14438   0.00028     64.67
  60      0   298.73517   -1833.00279   0.00295   303.23388  -0.14431   0.00020     68.61
  80      0   298.94962   -1833.00488   0.00242   303.30106  -0.14425   0.00020     72.56
 100      0   298.13449   -1833.00611   0.00216   303.20185  -0.14425   0.00017     76.51
 120      0   299.31225   -1833.00502   0.00193   303.19078  -0.14428   0.00015     80.46
 140      0   299.20931   -1833.00558   0.00178   303.09443  -0.14426   0.00014     84.61
 160      0   298.43712   -1833.00526   0.00163   303.04866  -0.14429   0.00013     88.70
 180      0   298.81741   -1833.00616   0.00160   303.04812  -0.14436   0.00013     92.65
 200      0   298.11986   -1833.00695   0.00160   303.05600  -0.14440   0.00012     96.63
 220      0   298.55899   -1833.00804   0.00155   303.04225  -0.14451   0.00012    100.56
 240      0   298.62918   -1833.00890   0.00150   303.08630  -0.14455   0.00011    104.50
 260      0   298.44233   -1833.00900   0.00141   303.11034  -0.14461   0.00012    108.46
 280      0   298.66178   -1833.00903   0.00138   303.08666  -0.14461   0.00011    112.55
 300      0   299.03018   -1833.00996   0.00137   303.07410  -0.14470   0.00011    116.71
 320      0   298.36167   -1833.00973   0.00131   303.08374  -0.14471   0.00011    120.67
 340      0   298.63497   -1833.00963   0.00127   303.06906  -0.14475   0.00011    124.64
 360      0   298.34803   -1833.00945   0.00123   303.08269  -0.14473   0.00011    128.60
 380      0   298.84623   -1833.00871   0.00119   303.08296  -0.14473   0.00010    132.56
 400      0   298.40003   -1833.00830   0.00115   303.06712  -0.14470   0.00010    136.51
 420      0   297.99228   -1833.00859   0.00112   303.06265  -0.14472   0.00010    140.46
 440      0   298.72936   -1833.00918   0.00110   303.04462  -0.14471   0.00009    144.64
 460      0   297.99991   -1833.00895   0.00109   303.02045  -0.14468   0.00009    148.72
 480      0   298.26646   -1833.00865   0.00108   302.99807  -0.14467   0.00009    152.67
 500      0   298.21058   -1833.00862   0.00107   303.01379  -0.14467   0.00008    156.63
 520      0   297.89268   -1833.00884   0.00104   303.02228  -0.14464   0.00008    160.58
 540      0   298.38237   -1833.00893   0.00102   303.03477  -0.14462   0.00008    164.54
 560      0   298.58022   -1833.00845   0.00100   303.03397  -0.14460   0.00008    168.50
 580      0   298.41352   -1833.00872   0.00098   303.05671  -0.14461   0.00008    172.56
 600      0   299.04509   -1833.00843   0.00096   303.06065  -0.14460   0.00007    176.71
 620      0   298.00801   -1833.00818   0.00094   303.06376  -0.14460   0.00007    180.69
 640      0   297.55116   -1833.00804   0.00092   303.07780  -0.14458   0.00007    184.66
 660      0   298.99361   -1833.00807   0.00090   303.09565  -0.14458   0.00007    188.84
 680      0   298.20161   -1833.00774   0.00089   303.09053  -0.14457   0.00007    192.80
 700      0   298.87344   -1833.00744   0.00088   303.08369  -0.14454   0.00007    196.76
 720      0   299.57226   -1833.00723   0.00086   303.08764  -0.14454   0.00006    200.73
 740      0   297.93438   -1833.00766   0.00085   303.07782  -0.14453   0.00006    204.92
 760      0   298.53684   -1833.00753   0.00085   303.06082  -0.14453   0.00006    208.97
 780      0   298.12023   -1833.00798   0.00089   303.05134  -0.14451   0.00007    212.94
 800      0   297.78309   -1833.00795   0.00088   303.04596  -0.14450   0.00007    216.91
 820      0   299.10669   -1833.00768   0.00087   303.04501  -0.14449   0.00007    220.86
 840      0   298.21460   -1833.00767   0.00086   303.04474  -0.14449   0.00007    224.82

Post Propagation
Total number of samples 840
Remove Outliers
Remove samples outside Zeta > 30
Outlier bound [-0.18551, -0.10301]
Removed 0 Outliers
Outliers Energy []
nsample = 840, max_block_size = 42, min_nblocks = 20
   B    NB    NS  Observable     Error    dError
   1   840   840  -1833.00765   0.00086   0.00002
   2   420   840  -1833.00765   0.00105   0.00004
   3   280   840  -1833.00766   0.00115   0.00005
   4   210   840  -1833.00766   0.00123   0.00006
   5   168   840  -1833.00766   0.00119   0.00006
   6   140   840  -1833.00766   0.00131   0.00008
   7   120   840  -1833.00767   0.00130   0.00008
   8   105   840  -1833.00767   0.00130   0.00009
   9    93   837  -1833.00773   0.00140   0.00010
  10    84   840  -1833.00767   0.00135   0.00010
  11    76   836  -1833.00773   0.00127   0.00010
  12    70   840  -1833.00767   0.00139   0.00012
  13    64   832  -1833.00768   0.00125   0.00011
  14    60   840  -1833.00767   0.00138   0.00013
  15    56   840  -1833.00767   0.00132   0.00013
  16    52   832  -1833.00768   0.00135   0.00013
  17    49   833  -1833.00768   0.00146   0.00015
  18    46   828  -1833.00776   0.00133   0.00014
  19    44   836  -1833.00773   0.00132   0.00014
  20    42   840  -1833.00767   0.00126   0.00014
  21    40   840  -1833.00767   0.00130   0.00015
  22    38   836  -1833.00773   0.00142   0.00016
  23    36   828  -1833.00777   0.00131   0.00016
  24    35   840  -1833.00767   0.00153   0.00019
  25    33   825  -1833.00778   0.00114   0.00014
  26    32   832  -1833.00768   0.00123   0.00016
  27    31   837  -1833.00774   0.00130   0.00017
  28    30   840  -1833.00767   0.00128   0.00017
  29    28   812  -1833.00755   0.00138   0.00019
  30    28   840  -1833.00767   0.00135   0.00018
  31    27   837  -1833.00774   0.00123   0.00017
  32    26   832  -1833.00768   0.00121   0.00017
  33    25   825  -1833.00778   0.00146   0.00021
  34    24   816  -1833.00760   0.00146   0.00021
  35    24   840  -1833.00767   0.00121   0.00018
  36    23   828  -1833.00777   0.00137   0.00021
  37    22   814  -1833.00761   0.00144   0.00022
  38    22   836  -1833.00773   0.00126   0.00019
  39    21   819  -1833.00765   0.00126   0.00020
  40    21   840  -1833.00767   0.00141   0.00022
  41    20   820  -1833.00768   0.00135   0.00022
  42    20   840  -1833.00767   0.00132   0.00021
Fit (variance): plateau_var = 1.735e-06 ± 6.641e-08
Fit (error):    plateau = 0.00132 ± 0.00003
     autocorrelation length ~ 2.3 blocks
     plateau reached at block size ~ 11
nsample = 840, max_block_size = 42, min_nblocks = 20
Blk_SZ   NBlk   NSmp      Energy     Error    dError
     1    840    840    -0.14447   0.00006   0.00000
     2    420    840    -0.14447   0.00007   0.00000
     3    280    840    -0.14447   0.00008   0.00000
     4    210    840    -0.14447   0.00009   0.00000
     5    168    840    -0.14448   0.00009   0.00000
     6    140    840    -0.14448   0.00009   0.00001
     7    120    840    -0.14448   0.00009   0.00001
     8    105    840    -0.14448   0.00009   0.00001
     9     93    837    -0.14448   0.00009   0.00001
    10     84    840    -0.14448   0.00009   0.00001
    11     76    836    -0.14449   0.00009   0.00001
    12     70    840    -0.14449   0.00009   0.00001
    13     64    832    -0.14449   0.00009   0.00001
    14     60    840    -0.14449   0.00009   0.00001
    15     56    840    -0.14449   0.00009   0.00001
    16     52    832    -0.14449   0.00009   0.00001
    17     49    833    -0.14449   0.00009   0.00001
    18     46    828    -0.14449   0.00009   0.00001
    19     44    836    -0.14449   0.00009   0.00001
    20     42    840    -0.14449   0.00008   0.00001
    21     40    840    -0.14449   0.00009   0.00001
    22     38    836    -0.14449   0.00009   0.00001
    23     36    828    -0.14449   0.00008   0.00001
    24     35    840    -0.14449   0.00009   0.00001
    25     33    825    -0.14449   0.00009   0.00001
    26     32    832    -0.14449   0.00009   0.00001
    27     31    837    -0.14449   0.00010   0.00001
    28     30    840    -0.14449   0.00009   0.00001
    29     28    812    -0.14449   0.00009   0.00001
    30     28    840    -0.14449   0.00008   0.00001
    31     27    837    -0.14449   0.00010   0.00001
    32     26    832    -0.14449   0.00009   0.00001
    33     25    825    -0.14449   0.00009   0.00001
    34     24    816    -0.14449   0.00009   0.00001
    35     24    840    -0.14449   0.00011   0.00002
    36     23    828    -0.14449   0.00009   0.00001
    37     22    814    -0.14449   0.00009   0.00001
    38     22    836    -0.14449   0.00009   0.00001
    39     21    819    -0.14449   0.00009   0.00001
    40     21    840    -0.14449   0.00009   0.00001
    41     20    820    -0.14449   0.00010   0.00002
    42     20    840    -0.14449   0.00010   0.00002
Fit (variance): plateau_var = 7.96262e-09 ± 2.89408e-10
Fit (error):    plateau = 0.00009 ± 0.00000
     autocorrelation length ~ 1.8 blocks
     plateau reached at block size ~ 9
Final AFQMC/HF Guiding Energy:      -1833.0077 +/- 0.0013
Final AFQMC/pt2CCSD Orbital Energy: -0.14449 +/- 0.00009
<t1> = weightp/weight = 1.01472
Total run time: 224.82

AFQMC Sampling Finished

LNO-Integral time (s):    17.78
LNO-AFQMC time (s):       229.77


======================= LNO-FRAGMENT [C17H31] 18/(48,48) =======================
Fragment Num.  18
Fragment Idx.  18
Fragment Name  C17H31
LNO THRESHOLD  [0.00030000000000000003, 3e-05]
PySCF Threads  12
LNO-LAS: 24/156 Occ | 104/636 Vir | 128/792 MOs
LNO-MP2 Fragment Energy:  -0.13192884
LNO-CCSD Fragment Energy: -0.13765901
LNO-CPU time (s):         53.28 (LAS 20.49 | MP2 5.09 | CCSD 27.70)
LNO-CPU wait time (s):    0.00 (100.0% hidden)
Find Density Fit Teonsers in MF object
Integrals will be built by DF Tensors
Calculating Effective Active Space One-electron Integrals
*** Correlation Space Size ***
N Occupied Orbitals: 24
N Active Orbitals:   128
Build effective h0 and h1 time: 7.537604 s
Composing CDERIs from DF
Build CDERI in cLAS time: 8.374595 s
Raw CDERI in LAS shape: (3912, 8256)
Compress CDERI 2 Chol: 1e-05
Compress CDERI time: 1.091581 s
Finished calculating Integrals
LAS Cholesky shape: (1055, 128, 128)
AFQMC script: /u/yzhang65/myprojects/software/afqmc/afqmc/lno_afqmc/script/run_lno_afqmc_pt2ccsd.py

LNO-AFQMC Started
Hostname:     gpue08.delta.ncsa.illinois.edu
System:       Linux
Node:         gpue08.delta.ncsa.illinois.edu
Release:      5.14.0-570.131.1.el9_6.x86_64
Machine:      x86_64
Processor:    x86_64
JAX backend:  GPU
JAX devices:  [CudaDevice(id=0)]
Device kind:  NVIDIA H200
Platform:     gpu

QMC Parameters
eql_time        -         30
n_prop_steps    -         50
n_blocks        -        840
n_walkers       -        300
max_memory      -     100000
mix_precision   -       True
seed            -       4267
walker_type     -        rhf
trial           - pt2ccsd_sto_chol
chol_cost_ratio -        0.2
max_error       -    7.2e-05
dt              -      0.005
n_exp_terms     -          6
n_batch         -          1
nchol_chunk     -        100
free_projection -      False

QMC System
Number of Occ. Orbitals:      24
Number of Act. Orbitals:      128
Number of Chol. Vectors:      1055
Mean-Field Energy:            -1832.00523770
Maximum memory per walker:            333.33 MB
Maximum number of Cholesky per chunk: 1333
Number of Cholesky chunks:            1
Number of Cholesky per chunk:         1055
Number of padding Cholesky:           0
Trial:   pt2ccsd_sto_chol(norb=128, nelec=(24, 24), n_batch=1, nchol_chunk=1055, mix_precision=True, n_chol_head=0, head_chol_ratio=None, n_chol_samples=None, chol_cost_ratio=0.2, head_sample_ratio=3.0, chol_score_floor=1e-06, chol_uniform_mix=0.01, head_from_guide=False)
Sampler: sampler_pt2_sto_chol(n_prop_steps=50, n_blocks=840, n_chol=1055, frozen_vir=0)

Initalize QMC walkers by HF

Equilibration
Initial Orbital energy: -0.13766
inv_T  nodes      weight      energy     error   runTime
 0.00      0   300.00000  -1832.00445   0.00000     27.91
 3.00      0   305.07827  -1832.97655   0.02094     34.45
 6.00      0   300.53681  -1832.99909   0.02211     35.87
 9.00      0   299.18040  -1833.01116   0.02067     37.30
12.00      0   299.57176  -1833.06015   0.02400     38.72
15.00      0   298.25807  -1832.99288   0.02080     40.14
18.00      0   299.12530  -1833.02737   0.01951     41.61
21.00      0   298.41961  -1833.01059   0.01912     43.18
24.00      0   298.67764  -1833.03012   0.02168     44.75
27.00      0   298.22435  -1832.99309   0.01935     46.31
30.00      0   299.16023  -1833.00022   0.02038     47.84

Sampling Blocks
Target Final Error ~ 0.000072
   N  nodes      weight      E(Guide)     Error     weightp    E_frag     Error      Time
  20      0   299.00929   -1833.01856   0.00477   303.09216  -0.14347   0.00029     57.92
  40      0   298.81926   -1833.00717   0.00360   303.12808  -0.14330   0.00019     62.15
  60      0   299.03166   -1833.01358   0.00362   303.17228  -0.14394   0.00026     66.09
  80      0   298.59998   -1833.00692   0.00324   303.11515  -0.14384   0.00021     70.04
 100      0   298.70568   -1833.00631   0.00298   303.22350  -0.14397   0.00020     74.18
 120      0   299.12778   -1833.00577   0.00261   303.24414  -0.14398   0.00018     78.28
 140      0   298.63792   -1833.00818   0.00244   303.20289  -0.14390   0.00017     82.22
 160      0   298.41982   -1833.00848   0.00228   303.10753  -0.14394   0.00016     86.18
 180      0   299.07910   -1833.00697   0.00212   303.09760  -0.14397   0.00014     90.12
 200      0   298.72912   -1833.00640   0.00195   303.11035  -0.14389   0.00013     94.07
 220      0   298.55592   -1833.00642   0.00179   303.08185  -0.14394   0.00012     98.02
 240      0   298.00555   -1833.00631   0.00170   303.07500  -0.14396   0.00012    102.03
 260      0   298.55183   -1833.00638   0.00160   303.04012  -0.14393   0.00011    106.19
 280      0   298.24988   -1833.00698   0.00154   303.01665  -0.14389   0.00010    110.20
 300      0   298.84944   -1833.00754   0.00147   303.00077  -0.14386   0.00010    114.15
 320      0   298.00191   -1833.00871   0.00142   302.96394  -0.14385   0.00009    118.10
 340      0   298.56120   -1833.00817   0.00138   302.96955  -0.14384   0.00009    122.05
 360      0   297.76778   -1833.00742   0.00135   302.95582  -0.14386   0.00009    126.00
 380      0   298.23574   -1833.00699   0.00132   302.94233  -0.14386   0.00008    129.95
 400      0   298.37437   -1833.00754   0.00128   302.92349  -0.14388   0.00008    134.11
 420      0   298.58380   -1833.00749   0.00124   302.90245  -0.14388   0.00008    138.23
 440      0   297.58029   -1833.00814   0.00122   302.90779  -0.14391   0.00008    142.19
 460      0   299.55115   -1833.00853   0.00119   302.92610  -0.14391   0.00007    146.13
 480      0   297.81895   -1833.00835   0.00115   302.93759  -0.14389   0.00007    150.08
 500      0   299.13639   -1833.00752   0.00113   302.94234  -0.14385   0.00007    154.02
 520      0   298.80708   -1833.00746   0.00111   302.92911  -0.14387   0.00007    157.96
 540      0   298.33855   -1833.00823   0.00111   302.93083  -0.14388   0.00007    161.94
 560      0   298.77373   -1833.00851   0.00111   302.93762  -0.14389   0.00007    166.12
 580      0   297.78832   -1833.00867   0.00109   302.91773  -0.14392   0.00007    170.12
 600      0   299.06047   -1833.00865   0.00106   302.91045  -0.14392   0.00007    174.09
 620      0   298.96135   -1833.00852   0.00103   302.90278  -0.14388   0.00007    178.02
 640      0   298.84917   -1833.00863   0.00101   302.90496  -0.14389   0.00007    181.96
 660      0   298.97064   -1833.00871   0.00099   302.89877  -0.14387   0.00007    185.91
 680      0   299.03459   -1833.00849   0.00097   302.89130  -0.14387   0.00007    189.85
 700      0   298.94004   -1833.00831   0.00095   302.88226  -0.14387   0.00007    193.96
 720      0   299.24580   -1833.00860   0.00093   302.87944  -0.14385   0.00006    198.07
 740      0   298.67517   -1833.00867   0.00092   302.88526  -0.14384   0.00006    202.01
 760      0   298.28569   -1833.00904   0.00091   302.88368  -0.14386   0.00006    205.95
 780      0   299.13714   -1833.00887   0.00089   302.87366  -0.14387   0.00006    209.91
 800      0   298.25004   -1833.00836   0.00088   302.87571  -0.14385   0.00006    213.86
 820      0   298.62665   -1833.00838   0.00086   302.88184  -0.14387   0.00006    217.81
 840      0   297.80828   -1833.00820   0.00085   302.87850  -0.14388   0.00006    221.83

Post Propagation
Total number of samples 840
Remove Outliers
Remove samples outside Zeta > 30
Outlier bound [-0.18299, -0.10431]
Removed 0 Outliers
Outliers Energy []
nsample = 840, max_block_size = 42, min_nblocks = 20
   B    NB    NS  Observable     Error    dError
   1   840   840  -1833.00817   0.00085   0.00002
   2   420   840  -1833.00818   0.00106   0.00004
   3   280   840  -1833.00818   0.00118   0.00005
   4   210   840  -1833.00818   0.00128   0.00006
   5   168   840  -1833.00819   0.00135   0.00007
   6   140   840  -1833.00819   0.00138   0.00008
   7   120   840  -1833.00819   0.00143   0.00009
   8   105   840  -1833.00819   0.00147   0.00010
   9    93   837  -1833.00828   0.00147   0.00011
  10    84   840  -1833.00819   0.00151   0.00012
  11    76   836  -1833.00830   0.00152   0.00012
  12    70   840  -1833.00819   0.00155   0.00013
  13    64   832  -1833.00832   0.00148   0.00013
  14    60   840  -1833.00819   0.00165   0.00015
  15    56   840  -1833.00819   0.00162   0.00015
  16    52   832  -1833.00832   0.00174   0.00017
  17    49   833  -1833.00831   0.00161   0.00016
  18    46   828  -1833.00835   0.00143   0.00015
  19    44   836  -1833.00830   0.00187   0.00020
  20    42   840  -1833.00819   0.00163   0.00018
  21    40   840  -1833.00819   0.00172   0.00019
  22    38   836  -1833.00830   0.00170   0.00020
  23    36   828  -1833.00835   0.00187   0.00022
  24    35   840  -1833.00819   0.00144   0.00018
  25    33   825  -1833.00837   0.00165   0.00021
  26    32   832  -1833.00832   0.00161   0.00020
  27    31   837  -1833.00828   0.00161   0.00021
  28    30   840  -1833.00819   0.00161   0.00021
  29    28   812  -1833.00835   0.00176   0.00024
  30    28   840  -1833.00819   0.00166   0.00023
  31    27   837  -1833.00828   0.00163   0.00023
  32    26   832  -1833.00832   0.00183   0.00026
  33    25   825  -1833.00836   0.00153   0.00022
  34    24   816  -1833.00831   0.00173   0.00025
  35    24   840  -1833.00819   0.00154   0.00023
  36    23   828  -1833.00835   0.00155   0.00023
  37    22   814  -1833.00833   0.00171   0.00026
  38    22   836  -1833.00830   0.00168   0.00026
  39    21   819  -1833.00837   0.00163   0.00026
  40    21   840  -1833.00819   0.00164   0.00026
  41    20   820  -1833.00838   0.00153   0.00025
  42    20   840  -1833.00819   0.00163   0.00026
Fit (variance): plateau_var = 2.617e-06 ± 1.254e-07
Fit (error):    plateau = 0.00162 ± 0.00004
     autocorrelation length ~ 4.6 blocks
     plateau reached at block size ~ 21
nsample = 840, max_block_size = 42, min_nblocks = 20
Blk_SZ   NBlk   NSmp      Energy     Error    dError
     1    840    840    -0.14385   0.00006   0.00000
     2    420    840    -0.14386   0.00007   0.00000
     3    280    840    -0.14386   0.00007   0.00000
     4    210    840    -0.14386   0.00007   0.00000
     5    168    840    -0.14387   0.00007   0.00000
     6    140    840    -0.14387   0.00008   0.00000
     7    120    840    -0.14387   0.00008   0.00000
     8    105    840    -0.14387   0.00008   0.00001
     9     93    837    -0.14388   0.00007   0.00001
    10     84    840    -0.14387   0.00008   0.00001
    11     76    836    -0.14388   0.00008   0.00001
    12     70    840    -0.14387   0.00008   0.00001
    13     64    832    -0.14388   0.00008   0.00001
    14     60    840    -0.14387   0.00009   0.00001
    15     56    840    -0.14388   0.00008   0.00001
    16     52    832    -0.14388   0.00009   0.00001
    17     49    833    -0.14388   0.00008   0.00001
    18     46    828    -0.14388   0.00009   0.00001
    19     44    836    -0.14388   0.00009   0.00001
    20     42    840    -0.14388   0.00008   0.00001
    21     40    840    -0.14388   0.00009   0.00001
    22     38    836    -0.14388   0.00007   0.00001
    23     36    828    -0.14387   0.00008   0.00001
    24     35    840    -0.14388   0.00008   0.00001
    25     33    825    -0.14387   0.00008   0.00001
    26     32    832    -0.14388   0.00008   0.00001
    27     31    837    -0.14388   0.00007   0.00001
    28     30    840    -0.14388   0.00008   0.00001
    29     28    812    -0.14385   0.00007   0.00001
    30     28    840    -0.14388   0.00009   0.00001
    31     27    837    -0.14388   0.00008   0.00001
    32     26    832    -0.14388   0.00009   0.00001
    33     25    825    -0.14387   0.00008   0.00001
    34     24    816    -0.14386   0.00008   0.00001
    35     24    840    -0.14388   0.00008   0.00001
    36     23    828    -0.14388   0.00008   0.00001
    37     22    814    -0.14386   0.00007   0.00001
    38     22    836    -0.14389   0.00008   0.00001
    39     21    819    -0.14387   0.00009   0.00001
    40     21    840    -0.14388   0.00008   0.00001
    41     20    820    -0.14387   0.00009   0.00001
    42     20    840    -0.14388   0.00009   0.00001
Fit (variance): plateau_var = 6.54532e-09 ± 2.79180e-10
Fit (error):    plateau = 0.00008 ± 0.00000
     autocorrelation length ~ 3.2 blocks
     plateau reached at block size ~ 14
Final AFQMC/HF Guiding Energy:      -1833.0082 +/- 0.0016
Final AFQMC/pt2CCSD Orbital Energy: -0.14388 +/- 0.00008
<t1> = weightp/weight = 1.01416
Total run time: 221.84

AFQMC Sampling Finished

LNO-Integral time (s):    17.61
LNO-AFQMC time (s):       228.15


======================== LNO-FRAGMENT [C18] 19/(48,48) =========================
Fragment Num.  19
Fragment Idx.  19
Fragment Name  C18
LNO THRESHOLD  [0.00030000000000000003, 3e-05]
PySCF Threads  12
LNO-LAS: 28/156 Occ | 122/636 Vir | 150/792 MOs
LNO-MP2 Fragment Energy:  -0.11789203
LNO-CCSD Fragment Energy: -0.11828363
LNO-CPU time (s):         77.50 (LAS 18.79 | MP2 6.31 | CCSD 52.40)
LNO-CPU wait time (s):    0.00 (100.0% hidden)
Find Density Fit Teonsers in MF object
Integrals will be built by DF Tensors
Calculating Effective Active Space One-electron Integrals
*** Correlation Space Size ***
N Occupied Orbitals: 28
N Active Orbitals:   150
Build effective h0 and h1 time: 19.239544 s
Composing CDERIs from DF
Build CDERI in cLAS time: 8.499079 s
Raw CDERI in LAS shape: (3912, 11325)
Compress CDERI 2 Chol: 1e-05
Compress CDERI time: 2.204633 s
Finished calculating Integrals
LAS Cholesky shape: (1228, 150, 150)
AFQMC script: /u/yzhang65/myprojects/software/afqmc/afqmc/lno_afqmc/script/run_lno_afqmc_pt2ccsd.py

LNO-AFQMC Started
Hostname:     gpue08.delta.ncsa.illinois.edu
System:       Linux
Node:         gpue08.delta.ncsa.illinois.edu
Release:      5.14.0-570.131.1.el9_6.x86_64
Machine:      x86_64
Processor:    x86_64
JAX backend:  GPU
JAX devices:  [CudaDevice(id=0)]
Device kind:  NVIDIA H200
Platform:     gpu

QMC Parameters
eql_time        -         30
n_prop_steps    -         50
n_blocks        -        840
n_walkers       -        300
max_memory      -     100000
mix_precision   -       True
seed            -       4002
walker_type     -        rhf
trial           - pt2ccsd_sto_chol
chol_cost_ratio -        0.2
max_error       -    7.2e-05
dt              -      0.005
n_exp_terms     -          6
n_batch         -          1
nchol_chunk     -        100
free_projection -      False

QMC System
Number of Occ. Orbitals:      28
Number of Act. Orbitals:      150
Number of Chol. Vectors:      1228
Mean-Field Energy:            -1832.00523770
Maximum memory per walker:            333.33 MB
Maximum number of Cholesky per chunk: 970
Number of Cholesky chunks:            2
Number of Cholesky per chunk:         614
Number of padding Cholesky:           0
Trial:   pt2ccsd_sto_chol(norb=150, nelec=(28, 28), n_batch=1, nchol_chunk=614, mix_precision=True, n_chol_head=0, head_chol_ratio=None, n_chol_samples=None, chol_cost_ratio=0.2, head_sample_ratio=3.0, chol_score_floor=1e-06, chol_uniform_mix=0.01, head_from_guide=False)
Sampler: sampler_pt2_sto_chol(n_prop_steps=50, n_blocks=840, n_chol=1228, frozen_vir=0)

Initalize QMC walkers by HF

Equilibration
Initial Orbital energy: -0.11830
inv_T  nodes      weight      energy     error   runTime
 0.00      0   300.00000  -1832.00430   0.00000     32.14
 3.00      0   306.42409  -1833.21989   0.02604     38.29
 6.00      0   299.85571  -1833.24780   0.02746     40.34
 9.00      0   299.35766  -1833.26895   0.02744     42.38
12.00      0   298.10912  -1833.21900   0.02323     44.42
15.00      0   298.32234  -1833.19250   0.02227     46.48
18.00      0   298.72534  -1833.21938   0.02519     48.53
21.00      0   299.55587  -1833.23889   0.02725     50.70
24.00      0   298.48193  -1833.17440   0.02435     52.87
27.00      0   298.85397  -1833.18177   0.02509     55.05
30.00      0   299.07365  -1833.22799   0.02420     57.10

Sampling Blocks
Target Final Error ~ 0.000072
   N  nodes      weight      E(Guide)     Error     weightp    E_frag     Error      Time
  20      0   298.43904   -1833.20843   0.00491   302.97701  -0.12405   0.00021     69.57
  40      0   298.83104   -1833.20097   0.00353   303.45686  -0.12453   0.00019     76.37
  60      0   298.73566   -1833.20525   0.00292   303.48653  -0.12459   0.00015     83.04
  80      0   297.43443   -1833.20904   0.00261   303.54747  -0.12470   0.00014     89.64
 100      0   298.11581   -1833.20864   0.00244   303.57895  -0.12454   0.00012     96.20
 120      0   298.62208   -1833.20924   0.00220   303.63945  -0.12458   0.00011    102.76
 140      0   297.43031   -1833.20877   0.00194   303.57668  -0.12464   0.00010    109.33
 160      0   299.09867   -1833.20723   0.00182   303.54676  -0.12457   0.00009    116.02
 180      0   298.67123   -1833.20741   0.00169   303.52284  -0.12453   0.00009    122.58
 200      0   298.85720   -1833.20788   0.00165   303.54313  -0.12443   0.00009    129.15
 220      0   298.77611   -1833.20732   0.00161   303.53833  -0.12445   0.00008    135.72
 240      0   299.19672   -1833.20785   0.00157   303.55094  -0.12453   0.00008    142.40
 260      0   298.27701   -1833.20838   0.00150   303.52479  -0.12446   0.00008    149.04
 280      0   298.83388   -1833.20897   0.00144   303.55795  -0.12447   0.00008    155.61
 300      0   298.85887   -1833.21018   0.00139   303.55003  -0.12446   0.00007    162.18
 320      0   297.31895   -1833.21028   0.00134   303.53376  -0.12442   0.00007    168.76
 340      0   298.83717   -1833.20864   0.00135   303.54740  -0.12440   0.00007    175.49
 360      0   297.79079   -1833.20873   0.00131   303.54713  -0.12441   0.00007    182.05
 380      0   298.25461   -1833.20878   0.00126   303.54331  -0.12440   0.00006    188.61
 400      0   298.10148   -1833.20901   0.00125   303.55462  -0.12440   0.00006    195.18
 420      0   298.02980   -1833.20829   0.00127   303.55169  -0.12437   0.00006    201.86
 440      0   298.65878   -1833.20940   0.00127   303.56313  -0.12439   0.00007    208.51
 460      0   298.37284   -1833.21054   0.00125   303.56741  -0.12442   0.00006    215.06
 480      0   298.70295   -1833.21031   0.00123   303.54894  -0.12440   0.00006    221.62
 500      0   298.80479   -1833.21015   0.00121   303.55121  -0.12439   0.00006    228.18
 520      0   298.77696   -1833.20992   0.00119   303.56582  -0.12440   0.00006    234.93
 540      0   299.09409   -1833.21005   0.00117   303.58925  -0.12443   0.00006    241.50
 560      0   298.20591   -1833.21044   0.00115   303.60027  -0.12444   0.00006    248.07
 580      0   298.88051   -1833.21022   0.00112   303.58750  -0.12443   0.00006    254.63
 600      0   298.26192   -1833.21035   0.00110   303.59160  -0.12443   0.00006    261.30
 620      0   297.88869   -1833.20999   0.00109   303.59246  -0.12442   0.00005    267.96
 640      0   297.84847   -1833.21041   0.00107   303.60783  -0.12441   0.00005    274.53

Post Propagation
Total number of samples 640
Remove Outliers
Remove samples outside Zeta > 30
Outlier bound [-0.15831, -0.09010]
Removed 0 Outliers
Outliers Energy []
nsample = 640, max_block_size = 32, min_nblocks = 20
   B    NB    NS  Observable     Error    dError
   1   640   640  -1833.21038   0.00107   0.00003
   2   320   640  -1833.21039   0.00133   0.00005
   3   213   639  -1833.21044   0.00146   0.00007
   4   160   640  -1833.21039   0.00158   0.00009
   5   128   640  -1833.21039   0.00165   0.00010
   6   106   636  -1833.21051   0.00175   0.00012
   7    91   637  -1833.21050   0.00178   0.00013
   8    80   640  -1833.21040   0.00191   0.00015
   9    71   639  -1833.21045   0.00188   0.00016
  10    64   640  -1833.21040   0.00185   0.00016
  11    58   638  -1833.21049   0.00185   0.00017
  12    53   636  -1833.21052   0.00184   0.00018
  13    49   637  -1833.21051   0.00198   0.00020
  14    45   630  -1833.21037   0.00191   0.00020
  15    42   630  -1833.21037   0.00186   0.00021
  16    40   640  -1833.21040   0.00199   0.00023
  17    37   629  -1833.21033   0.00203   0.00024
  18    35   630  -1833.21037   0.00201   0.00024
  19    33   627  -1833.21024   0.00219   0.00027
  20    32   640  -1833.21040   0.00196   0.00025
  21    30   630  -1833.21037   0.00193   0.00025
  22    29   638  -1833.21049   0.00206   0.00028
  23    27   621  -1833.21000   0.00216   0.00030
  24    26   624  -1833.21006   0.00167   0.00024
  25    25   625  -1833.21011   0.00178   0.00026
  26    24   624  -1833.21006   0.00198   0.00029
  27    23   621  -1833.21000   0.00184   0.00028
  28    22   616  -1833.21020   0.00194   0.00030
  29    22   638  -1833.21049   0.00182   0.00028
  30    21   630  -1833.21037   0.00194   0.00031
  31    20   620  -1833.20999   0.00206   0.00033
  32    20   640  -1833.21040   0.00217   0.00035
Fit (variance): plateau_var = 3.775e-06 ± 2.208e-07
Fit (error):    plateau = 0.00194 ± 0.00006
     autocorrelation length ~ 4.0 blocks
     plateau reached at block size ~ 19
nsample = 640, max_block_size = 32, min_nblocks = 20
Blk_SZ   NBlk   NSmp      Energy     Error    dError
     1    640    640    -0.12438   0.00005   0.00000
     2    320    640    -0.12439   0.00006   0.00000
     3    213    639    -0.12439   0.00007   0.00000
     4    160    640    -0.12439   0.00007   0.00000
     5    128    640    -0.12440   0.00007   0.00000
     6    106    636    -0.12440   0.00007   0.00001
     7     91    637    -0.12440   0.00008   0.00001
     8     80    640    -0.12440   0.00007   0.00001
     9     71    639    -0.12440   0.00007   0.00001
    10     64    640    -0.12440   0.00007   0.00001
    11     58    638    -0.12441   0.00008   0.00001
    12     53    636    -0.12441   0.00008   0.00001
    13     49    637    -0.12441   0.00009   0.00001
    14     45    630    -0.12441   0.00009   0.00001
    15     42    630    -0.12441   0.00009   0.00001
    16     40    640    -0.12440   0.00008   0.00001
    17     37    629    -0.12441   0.00008   0.00001
    18     35    630    -0.12441   0.00008   0.00001
    19     33    627    -0.12441   0.00009   0.00001
    20     32    640    -0.12441   0.00008   0.00001
    21     30    630    -0.12441   0.00009   0.00001
    22     29    638    -0.12441   0.00009   0.00001
    23     27    621    -0.12441   0.00008   0.00001
    24     26    624    -0.12442   0.00009   0.00001
    25     25    625    -0.12441   0.00009   0.00001
    26     24    624    -0.12442   0.00010   0.00001
    27     23    621    -0.12442   0.00009   0.00001
    28     22    616    -0.12443   0.00009   0.00001
    29     22    638    -0.12441   0.00008   0.00001
    30     21    630    -0.12441   0.00009   0.00001
    31     20    620    -0.12442   0.00007   0.00001
    32     20    640    -0.12441   0.00006   0.00001
Fit (variance): plateau_var = 6.86515e-09 ± 4.99581e-10
Fit (error):    plateau = 0.00008 ± 0.00000
     autocorrelation length ~ 5.7 blocks
     plateau reached at block size ~ 24
Final AFQMC/HF Guiding Energy:      -1833.2104 +/- 0.0019
Final AFQMC/pt2CCSD Orbital Energy: -0.12441 +/- 0.00008
<t1> = weightp/weight = 1.01712
Total run time: 274.54

AFQMC Sampling Finished

LNO-Integral time (s):    31.30
LNO-AFQMC time (s):       282.06


======================= LNO-FRAGMENT [C19H32] 20/(48,48) =======================
Fragment Num.  20
Fragment Idx.  20
Fragment Name  C19H32
LNO THRESHOLD  [0.00030000000000000003, 3e-05]
PySCF Threads  12
LNO-LAS: 25/156 Occ | 106/636 Vir | 131/792 MOs
LNO-MP2 Fragment Energy:  -0.13232956
LNO-CCSD Fragment Energy: -0.13797881
LNO-CPU time (s):         56.55 (LAS 18.83 | MP2 5.10 | CCSD 32.62)
LNO-CPU wait time (s):    0.00 (100.0% hidden)
Find Density Fit Teonsers in MF object
Integrals will be built by DF Tensors
Calculating Effective Active Space One-electron Integrals
*** Correlation Space Size ***
N Occupied Orbitals: 25
N Active Orbitals:   131
Build effective h0 and h1 time: 7.999173 s
Composing CDERIs from DF
Build CDERI in cLAS time: 7.359144 s
Raw CDERI in LAS shape: (3912, 8646)
Compress CDERI 2 Chol: 1e-05
Compress CDERI time: 4.100490 s
Finished calculating Integrals
LAS Cholesky shape: (1097, 131, 131)
AFQMC script: /u/yzhang65/myprojects/software/afqmc/afqmc/lno_afqmc/script/run_lno_afqmc_pt2ccsd.py

LNO-AFQMC Started
Hostname:     gpue08.delta.ncsa.illinois.edu
System:       Linux
Node:         gpue08.delta.ncsa.illinois.edu
Release:      5.14.0-570.131.1.el9_6.x86_64
Machine:      x86_64
Processor:    x86_64
JAX backend:  GPU
JAX devices:  [CudaDevice(id=0)]
Device kind:  NVIDIA H200
Platform:     gpu

QMC Parameters
eql_time        -         30
n_prop_steps    -         50
n_blocks        -        840
n_walkers       -        300
max_memory      -     100000
mix_precision   -       True
seed            -       4443
walker_type     -        rhf
trial           - pt2ccsd_sto_chol
chol_cost_ratio -        0.2
max_error       -    7.2e-05
dt              -      0.005
n_exp_terms     -          6
n_batch         -          1
nchol_chunk     -        100
free_projection -      False

QMC System
Number of Occ. Orbitals:      25
Number of Act. Orbitals:      131
Number of Chol. Vectors:      1097
Mean-Field Energy:            -1832.00523770
Maximum memory per walker:            333.33 MB
Maximum number of Cholesky per chunk: 1272
Number of Cholesky chunks:            1
Number of Cholesky per chunk:         1097
Number of padding Cholesky:           0
Trial:   pt2ccsd_sto_chol(norb=131, nelec=(25, 25), n_batch=1, nchol_chunk=1097, mix_precision=True, n_chol_head=0, head_chol_ratio=None, n_chol_samples=None, chol_cost_ratio=0.2, head_sample_ratio=3.0, chol_score_floor=1e-06, chol_uniform_mix=0.01, head_from_guide=False)
Sampler: sampler_pt2_sto_chol(n_prop_steps=50, n_blocks=840, n_chol=1097, frozen_vir=0)

Initalize QMC walkers by HF

Equilibration
Initial Orbital energy: -0.13805
inv_T  nodes      weight      energy     error   runTime
 0.00      0   300.00000  -1832.00434   0.00000     29.40
 3.00      0   305.07442  -1832.99854   0.02000     36.39
 6.00      0   300.74993  -1833.02091   0.01958     38.33
 9.00      0   298.25109  -1832.98162   0.01963     40.29
12.00      0   298.18044  -1833.00184   0.02133     42.10
15.00      0   298.78614  -1833.01391   0.01925     43.98
18.00      0   297.71656  -1833.02242   0.02237     45.76
21.00      0   298.70650  -1833.00781   0.02197     47.57
24.00      0   298.10335  -1832.97143   0.01931     49.97
27.00      0   298.45296  -1833.04852   0.02198     52.36
30.00      0   298.04790  -1833.02300   0.02084     54.26

Sampling Blocks
Target Final Error ~ 0.000072
   N  nodes      weight      E(Guide)     Error     weightp    E_frag     Error      Time
  20      0   298.37540   -1833.03284   0.00510   302.66386  -0.14362   0.00035     65.82
  40      0   298.71917   -1833.02480   0.00369   302.58158  -0.14416   0.00026     70.80
  60      0   298.88510   -1833.02356   0.00314   302.49604  -0.14448   0.00031     75.60
  80      0   299.00115   -1833.01902   0.00262   302.65613  -0.14425   0.00025     80.54
 100      0   298.37234   -1833.01674   0.00223   302.77584  -0.14413   0.00021     85.45
 120      0   298.77417   -1833.01765   0.00198   302.86199  -0.14414   0.00018     90.25
 140      0   299.23522   -1833.02066   0.00189   302.92892  -0.14426   0.00017     95.05
 160      0   298.38679   -1833.02124   0.00179   302.91286  -0.14433   0.00016     99.85
 180      0   299.11795   -1833.02106   0.00168   302.89152  -0.14429   0.00014    104.66
 200      0   298.66608   -1833.02035   0.00164   302.85855  -0.14431   0.00013    109.56
 220      0   298.29122   -1833.02214   0.00162   302.87148  -0.14439   0.00013    114.48
 240      0   299.45248   -1833.02180   0.00156   302.87220  -0.14439   0.00013    119.28
 260      0   298.82577   -1833.02207   0.00149   302.87513  -0.14440   0.00012    124.08
 280      0   299.26327   -1833.02253   0.00142   302.88080  -0.14439   0.00011    128.88
 300      0   298.97012   -1833.02283   0.00137   302.88428  -0.14435   0.00011    133.68
 320      0   298.58122   -1833.02236   0.00131   302.90412  -0.14430   0.00010    138.54
 340      0   298.68555   -1833.02256   0.00130   302.92071  -0.14435   0.00010    143.49
 360      0   298.39314   -1833.02229   0.00125   302.90067  -0.14435   0.00010    148.30
 380      0   298.47394   -1833.02248   0.00122   302.88595  -0.14439   0.00009    153.08
 400      0   299.19068   -1833.02286   0.00118   302.88450  -0.14434   0.00009    157.88
 420      0   298.54298   -1833.02274   0.00114   302.90009  -0.14433   0.00009    162.67
 440      0   298.74162   -1833.02274   0.00111   302.90572  -0.14433   0.00009    167.49
 460      0   298.03094   -1833.02291   0.00110   302.92382  -0.14432   0.00009    172.50
 480      0   297.77478   -1833.02306   0.00107   302.94380  -0.14437   0.00009    177.32
 500      0   298.81659   -1833.02227   0.00106   302.93358  -0.14435   0.00009    182.12
 520      0   298.19450   -1833.02223   0.00104   302.92991  -0.14432   0.00008    186.92
 540      0   298.75596   -1833.02230   0.00102   302.93748  -0.14432   0.00008    191.71
 560      0   298.01481   -1833.02354   0.00103   302.94981  -0.14435   0.00008    196.52
 580      0   299.04046   -1833.02356   0.00102   302.94101  -0.14438   0.00008    201.47
 600      0   299.00113   -1833.02358   0.00099   302.92177  -0.14437   0.00008    206.32
 620      0   298.67007   -1833.02284   0.00099   302.91402  -0.14437   0.00007    211.11
 640      0   297.68932   -1833.02301   0.00099   302.91428  -0.14446   0.00009    215.92
 660      0   298.89052   -1833.02291   0.00098   302.91975  -0.14446   0.00009    220.72
 680      0   299.09938   -1833.02309   0.00096   302.91684  -0.14448   0.00009    225.52
 700      0   299.23056   -1833.02291   0.00094   302.90518  -0.14445   0.00008    230.45
 720      0   298.78768   -1833.02307   0.00092   302.90557  -0.14447   0.00008    235.35
 740      0   297.28233   -1833.02328   0.00091   302.89954  -0.14446   0.00008    240.18
 760      0   297.97689   -1833.02298   0.00090   302.89844  -0.14444   0.00008    244.97
 780      0   298.90439   -1833.02301   0.00088   302.90463  -0.14442   0.00008    249.78
 800      0   298.19025   -1833.02300   0.00087   302.89263  -0.14443   0.00008    254.58
 820      0   298.35673   -1833.02296   0.00086   302.89460  -0.14440   0.00008    259.48
 840      0   298.50459   -1833.02258   0.00085   302.90043  -0.14440   0.00007    264.40

Post Propagation
Total number of samples 840
Remove Outliers
Remove samples outside Zeta > 30
Outlier bound [-0.18557, -0.10255]
Removed 0 Outliers
Outliers Energy []
nsample = 840, max_block_size = 42, min_nblocks = 20
   B    NB    NS  Observable     Error    dError
   1   840   840  -1833.02256   0.00085   0.00002
   2   420   840  -1833.02257   0.00105   0.00004
   3   280   840  -1833.02257   0.00119   0.00005
   4   210   840  -1833.02257   0.00127   0.00006
   5   168   840  -1833.02258   0.00133   0.00007
   6   140   840  -1833.02258   0.00139   0.00008
   7   120   840  -1833.02258   0.00141   0.00009
   8   105   840  -1833.02258   0.00144   0.00010
   9    93   837  -1833.02265   0.00151   0.00011
  10    84   840  -1833.02258   0.00146   0.00011
  11    76   836  -1833.02264   0.00152   0.00012
  12    70   840  -1833.02258   0.00159   0.00014
  13    64   832  -1833.02266   0.00148   0.00013
  14    60   840  -1833.02258   0.00145   0.00013
  15    56   840  -1833.02258   0.00141   0.00013
  16    52   832  -1833.02266   0.00155   0.00015
  17    49   833  -1833.02267   0.00148   0.00015
  18    46   828  -1833.02270   0.00157   0.00017
  19    44   836  -1833.02264   0.00154   0.00017
  20    42   840  -1833.02258   0.00156   0.00017
  21    40   840  -1833.02258   0.00146   0.00017
  22    38   836  -1833.02264   0.00149   0.00017
  23    36   828  -1833.02270   0.00154   0.00018
  24    35   840  -1833.02258   0.00167   0.00020
  25    33   825  -1833.02279   0.00165   0.00021
  26    32   832  -1833.02267   0.00140   0.00018
  27    31   837  -1833.02265   0.00152   0.00020
  28    30   840  -1833.02258   0.00169   0.00022
  29    28   812  -1833.02291   0.00125   0.00017
  30    28   840  -1833.02258   0.00156   0.00021
  31    27   837  -1833.02265   0.00164   0.00023
  32    26   832  -1833.02267   0.00143   0.00020
  33    25   825  -1833.02279   0.00170   0.00025
  34    24   816  -1833.02292   0.00130   0.00019
  35    24   840  -1833.02258   0.00173   0.00025
  36    23   828  -1833.02270   0.00137   0.00021
  37    22   814  -1833.02289   0.00170   0.00026
  38    22   836  -1833.02264   0.00166   0.00026
  39    21   819  -1833.02297   0.00155   0.00025
  40    21   840  -1833.02258   0.00151   0.00024
  41    20   820  -1833.02296   0.00144   0.00023
  42    20   840  -1833.02258   0.00152   0.00025
Fit (variance): plateau_var = 2.267e-06 ± 9.657e-08
Fit (error):    plateau = 0.00151 ± 0.00003
     autocorrelation length ~ 3.4 blocks
     plateau reached at block size ~ 16
nsample = 840, max_block_size = 42, min_nblocks = 20
Blk_SZ   NBlk   NSmp      Energy     Error    dError
     1    840    840    -0.14435   0.00007   0.00000
     2    420    840    -0.14436   0.00008   0.00000
     3    280    840    -0.14436   0.00009   0.00000
     4    210    840    -0.14437   0.00009   0.00000
     5    168    840    -0.14437   0.00009   0.00000
     6    140    840    -0.14437   0.00009   0.00001
     7    120    840    -0.14438   0.00010   0.00001
     8    105    840    -0.14438   0.00010   0.00001
     9     93    837    -0.14438   0.00010   0.00001
    10     84    840    -0.14438   0.00011   0.00001
    11     76    836    -0.14438   0.00011   0.00001
    12     70    840    -0.14438   0.00009   0.00001
    13     64    832    -0.14439   0.00010   0.00001
    14     60    840    -0.14439   0.00011   0.00001
    15     56    840    -0.14439   0.00011   0.00001
    16     52    832    -0.14439   0.00011   0.00001
    17     49    833    -0.14439   0.00012   0.00001
    18     46    828    -0.14439   0.00011   0.00001
    19     44    836    -0.14439   0.00012   0.00001
    20     42    840    -0.14439   0.00011   0.00001
    21     40    840    -0.14439   0.00011   0.00001
    22     38    836    -0.14439   0.00010   0.00001
    23     36    828    -0.14439   0.00011   0.00001
    24     35    840    -0.14439   0.00011   0.00001
    25     33    825    -0.14439   0.00012   0.00001
    26     32    832    -0.14439   0.00011   0.00001
    27     31    837    -0.14439   0.00012   0.00002
    28     30    840    -0.14439   0.00010   0.00001
    29     28    812    -0.14441   0.00011   0.00001
    30     28    840    -0.14439   0.00011   0.00002
    31     27    837    -0.14439   0.00011   0.00001
    32     26    832    -0.14440   0.00011   0.00002
    33     25    825    -0.14439   0.00013   0.00002
    34     24    816    -0.14441   0.00010   0.00002
    35     24    840    -0.14439   0.00012   0.00002
    36     23    828    -0.14440   0.00010   0.00001
    37     22    814    -0.14441   0.00011   0.00002
    38     22    836    -0.14439   0.00011   0.00002
    39     21    819    -0.14440   0.00011   0.00002
    40     21    840    -0.14439   0.00011   0.00002
    41     20    820    -0.14440   0.00011   0.00002
    42     20    840    -0.14439   0.00012   0.00002
Fit (variance): plateau_var = 1.22699e-08 ± 6.79278e-10
Fit (error):    plateau = 0.00011 ± 0.00000
     autocorrelation length ~ 6.1 blocks
     plateau reached at block size ~ 26
Final AFQMC/HF Guiding Energy:      -1833.0226 +/- 0.0015
Final AFQMC/pt2CCSD Orbital Energy: -0.14440 +/- 0.00011
<t1> = weightp/weight = 1.01433
Total run time: 264.41

AFQMC Sampling Finished

LNO-Integral time (s):    20.94
LNO-AFQMC time (s):       269.37


======================= LNO-FRAGMENT [C20H33] 21/(48,48) =======================
Fragment Num.  21
Fragment Idx.  21
Fragment Name  C20H33
LNO THRESHOLD  [0.00030000000000000003, 3e-05]
PySCF Threads  12
LNO-LAS: 26/156 Occ | 107/636 Vir | 133/792 MOs
LNO-MP2 Fragment Energy:  -0.13258751
LNO-CCSD Fragment Energy: -0.13817774
LNO-CPU time (s):         63.53 (LAS 20.30 | MP2 9.23 | CCSD 34.00)
LNO-CPU wait time (s):    0.00 (100.0% hidden)
Find Density Fit Teonsers in MF object
Integrals will be built by DF Tensors
Calculating Effective Active Space One-electron Integrals
*** Correlation Space Size ***
N Occupied Orbitals: 26
N Active Orbitals:   133
Build effective h0 and h1 time: 14.326376 s
Composing CDERIs from DF
Build CDERI in cLAS time: 7.507629 s
Raw CDERI in LAS shape: (3912, 8911)
Compress CDERI 2 Chol: 1e-05
Compress CDERI time: 3.950814 s
Finished calculating Integrals
LAS Cholesky shape: (1114, 133, 133)
AFQMC script: /u/yzhang65/myprojects/software/afqmc/afqmc/lno_afqmc/script/run_lno_afqmc_pt2ccsd.py

LNO-AFQMC Started
Hostname:     gpue08.delta.ncsa.illinois.edu
System:       Linux
Node:         gpue08.delta.ncsa.illinois.edu
Release:      5.14.0-570.131.1.el9_6.x86_64
Machine:      x86_64
Processor:    x86_64
JAX backend:  GPU
JAX devices:  [CudaDevice(id=0)]
Device kind:  NVIDIA H200
Platform:     gpu

QMC Parameters
eql_time        -         30
n_prop_steps    -         50
n_blocks        -        840
n_walkers       -        300
max_memory      -     100000
mix_precision   -       True
seed            -       1552
walker_type     -        rhf
trial           - pt2ccsd_sto_chol
chol_cost_ratio -        0.2
max_error       -    7.2e-05
dt              -      0.005
n_exp_terms     -          6
n_batch         -          1
nchol_chunk     -        100
free_projection -      False

QMC System
Number of Occ. Orbitals:      26
Number of Act. Orbitals:      133
Number of Chol. Vectors:      1114
Mean-Field Energy:            -1832.00523770
Maximum memory per walker:            333.33 MB
Maximum number of Cholesky per chunk: 1234
Number of Cholesky chunks:            1
Number of Cholesky per chunk:         1114
Number of padding Cholesky:           0
Trial:   pt2ccsd_sto_chol(norb=133, nelec=(26, 26), n_batch=1, nchol_chunk=1114, mix_precision=True, n_chol_head=0, head_chol_ratio=None, n_chol_samples=None, chol_cost_ratio=0.2, head_sample_ratio=3.0, chol_score_floor=1e-06, chol_uniform_mix=0.01, head_from_guide=False)
Sampler: sampler_pt2_sto_chol(n_prop_steps=50, n_blocks=840, n_chol=1114, frozen_vir=0)

Initalize QMC walkers by HF

Equilibration
Initial Orbital energy: -0.13824
inv_T  nodes      weight      energy     error   runTime
 0.00      0   300.00000  -1832.00428   0.00000     30.56
 3.00      0   304.44217  -1833.01742   0.02072     35.81
 6.00      0   300.68420  -1833.02098   0.01858     37.53
 9.00      0   298.81538  -1833.06718   0.02268     39.25
12.00      0   299.09536  -1833.04804   0.02462     40.97
15.00      0   298.96748  -1833.05552   0.02897     42.69
18.00      0   298.47144  -1833.04694   0.02193     44.41
21.00      0   298.20764  -1833.01456   0.01894     46.13
24.00      0   298.73474  -1833.05337   0.02148     47.86
27.00      0   298.32773  -1833.04913   0.02196     49.60
30.00      0   297.98690  -1833.02413   0.02244     51.46

Sampling Blocks
Target Final Error ~ 0.000072
   N  nodes      weight      E(Guide)     Error     weightp    E_frag     Error      Time
  20      0   298.40081   -1833.04304   0.00487   303.31149  -0.14426   0.00023     62.56
  40      0   298.26155   -1833.03065   0.00409   303.30471  -0.14378   0.00020     67.88
  60      0   298.57150   -1833.04117   0.00401   303.24725  -0.14411   0.00018     72.88
  80      0   299.03097   -1833.04063   0.00351   303.22098  -0.14415   0.00015     77.86
 100      0   298.24115   -1833.03914   0.00300   303.25399  -0.14423   0.00014     82.99
 120      0   299.48391   -1833.03944   0.00261   303.35719  -0.14430   0.00014     88.07
 140      0   298.45427   -1833.04252   0.00269   303.39305  -0.14435   0.00014     93.08
 160      0   298.73090   -1833.04253   0.00245   303.35388  -0.14448   0.00013     98.07
 180      0   298.20564   -1833.04384   0.00223   303.27663  -0.14456   0.00013    103.07
 200      0   298.16416   -1833.04160   0.00215   303.24105  -0.14447   0.00012    108.07
 220      0   298.39829   -1833.04063   0.00202   303.25453  -0.14438   0.00012    113.21
 240      0   298.11279   -1833.03959   0.00189   303.24314  -0.14447   0.00011    118.30
 260      0   297.89093   -1833.03974   0.00178   303.23497  -0.14463   0.00013    123.29
 280      0   298.61507   -1833.03896   0.00171   303.22608  -0.14458   0.00012    128.29
 300      0   298.20128   -1833.03946   0.00167   303.24031  -0.14457   0.00011    133.31
 320      0   299.07942   -1833.03870   0.00161   303.25165  -0.14452   0.00011    138.29
 340      0   297.87242   -1833.03849   0.00155   303.27982  -0.14449   0.00011    143.46
 360      0   299.03987   -1833.03838   0.00147   303.29169  -0.14447   0.00010    148.54
 380      0   299.35722   -1833.03761   0.00143   303.26275  -0.14446   0.00010    153.53
 400      0   300.11311   -1833.03777   0.00139   303.27284  -0.14451   0.00010    158.52
 420      0   298.92900   -1833.03844   0.00137   303.27172  -0.14453   0.00010    163.52
 440      0   298.71889   -1833.03811   0.00132   303.27501  -0.14449   0.00010    168.51
 460      0   299.79070   -1833.03791   0.00129   303.28828  -0.14449   0.00010    173.67
 480      0   297.84505   -1833.03811   0.00126   303.29054  -0.14452   0.00009    178.74
 500      0   298.61109   -1833.03773   0.00123   303.28953  -0.14450   0.00009    183.74
 520      0   298.54189   -1833.03659   0.00121   303.28340  -0.14451   0.00009    188.73
 540      0   298.67590   -1833.03693   0.00119   303.28637  -0.14451   0.00009    193.72
 560      0   298.68356   -1833.03708   0.00116   303.29427  -0.14449   0.00008    198.72
 580      0   297.93034   -1833.03745   0.00113   303.29398  -0.14450   0.00008    203.86
 600      0   298.51729   -1833.03773   0.00111   303.27556  -0.14450   0.00008    208.94
 620      0   298.47198   -1833.03783   0.00109   303.27755  -0.14450   0.00008    213.96
 640      0   299.28991   -1833.03740   0.00108   303.27681  -0.14449   0.00008    218.95
 660      0   299.13611   -1833.03707   0.00106   303.28151  -0.14449   0.00007    223.94
 680      0   298.30475   -1833.03684   0.00104   303.28665  -0.14448   0.00007    228.94
 700      0   297.60384   -1833.03686   0.00102   303.28531  -0.14448   0.00007    234.11
 720      0   298.02649   -1833.03743   0.00102   303.27808  -0.14449   0.00007    239.17
 740      0   299.02025   -1833.03766   0.00100   303.26471  -0.14450   0.00007    244.17
 760      0   298.18567   -1833.03805   0.00098   303.27189  -0.14452   0.00007    249.16
 780      0   299.18535   -1833.03858   0.00097   303.27654  -0.14451   0.00007    254.14
 800      0   297.60232   -1833.03885   0.00096   303.27086  -0.14452   0.00007    259.15
 820      0   298.55564   -1833.03886   0.00094   303.26687  -0.14451   0.00006    264.34
 840      0   298.53569   -1833.03869   0.00092   303.26705  -0.14450   0.00006    269.40

Post Propagation
Total number of samples 840
Remove Outliers
Remove samples outside Zeta > 30
Outlier bound [-0.18867, -0.09975]
Removed 0 Outliers
Outliers Energy []
nsample = 840, max_block_size = 42, min_nblocks = 20
   B    NB    NS  Observable     Error    dError
   1   840   840  -1833.03866   0.00092   0.00002
   2   420   840  -1833.03867   0.00117   0.00004
   3   280   840  -1833.03867   0.00129   0.00005
   4   210   840  -1833.03868   0.00138   0.00007
   5   168   840  -1833.03868   0.00145   0.00008
   6   140   840  -1833.03868   0.00148   0.00009
   7   120   840  -1833.03868   0.00154   0.00010
   8   105   840  -1833.03868   0.00158   0.00011
   9    93   837  -1833.03871   0.00158   0.00012
  10    84   840  -1833.03868   0.00159   0.00012
  11    76   836  -1833.03871   0.00151   0.00012
  12    70   840  -1833.03868   0.00173   0.00015
  13    64   832  -1833.03879   0.00174   0.00015
  14    60   840  -1833.03869   0.00160   0.00015
  15    56   840  -1833.03869   0.00159   0.00015
  16    52   832  -1833.03879   0.00165   0.00016
  17    49   833  -1833.03878   0.00167   0.00017
  18    46   828  -1833.03885   0.00180   0.00019
  19    44   836  -1833.03872   0.00175   0.00019
  20    42   840  -1833.03869   0.00185   0.00020
  21    40   840  -1833.03869   0.00169   0.00019
  22    38   836  -1833.03872   0.00178   0.00021
  23    36   828  -1833.03886   0.00192   0.00023
  24    35   840  -1833.03869   0.00176   0.00021
  25    33   825  -1833.03884   0.00179   0.00022
  26    32   832  -1833.03879   0.00200   0.00025
  27    31   837  -1833.03872   0.00186   0.00024
  28    30   840  -1833.03869   0.00178   0.00023
  29    28   812  -1833.03880   0.00181   0.00025
  30    28   840  -1833.03869   0.00187   0.00025
  31    27   837  -1833.03872   0.00201   0.00028
  32    26   832  -1833.03880   0.00184   0.00026
  33    25   825  -1833.03884   0.00200   0.00029
  34    24   816  -1833.03890   0.00187   0.00028
  35    24   840  -1833.03869   0.00199   0.00029
  36    23   828  -1833.03886   0.00193   0.00029
  37    22   814  -1833.03884   0.00208   0.00032
  38    22   836  -1833.03872   0.00205   0.00032
  39    21   819  -1833.03889   0.00209   0.00033
  40    21   840  -1833.03869   0.00197   0.00031
  41    20   820  -1833.03886   0.00185   0.00030
  42    20   840  -1833.03869   0.00199   0.00032
Fit (variance): plateau_var = 3.222e-06 ± 1.743e-07
Fit (error):    plateau = 0.00179 ± 0.00005
     autocorrelation length ~ 5.6 blocks
     plateau reached at block size ~ 26
nsample = 840, max_block_size = 42, min_nblocks = 20
Blk_SZ   NBlk   NSmp      Energy     Error    dError
     1    840    840    -0.14446   0.00006   0.00000
     2    420    840    -0.14447   0.00007   0.00000
     3    280    840    -0.14447   0.00008   0.00000
     4    210    840    -0.14448   0.00008   0.00000
     5    168    840    -0.14448   0.00008   0.00000
     6    140    840    -0.14448   0.00009   0.00001
     7    120    840    -0.14448   0.00009   0.00001
     8    105    840    -0.14448   0.00009   0.00001
     9     93    837    -0.14448   0.00009   0.00001
    10     84    840    -0.14449   0.00009   0.00001
    11     76    836    -0.14449   0.00009   0.00001
    12     70    840    -0.14449   0.00010   0.00001
    13     64    832    -0.14448   0.00010   0.00001
    14     60    840    -0.14449   0.00010   0.00001
    15     56    840    -0.14449   0.00010   0.00001
    16     52    832    -0.14449   0.00009   0.00001
    17     49    833    -0.14449   0.00009   0.00001
    18     46    828    -0.14449   0.00011   0.00001
    19     44    836    -0.14449   0.00009   0.00001
    20     42    840    -0.14449   0.00009   0.00001
    21     40    840    -0.14449   0.00011   0.00001
    22     38    836    -0.14449   0.00010   0.00001
    23     36    828    -0.14449   0.00012   0.00001
    24     35    840    -0.14450   0.00009   0.00001
    25     33    825    -0.14450   0.00011   0.00001
    26     32    832    -0.14449   0.00011   0.00001
    27     31    837    -0.14449   0.00009   0.00001
    28     30    840    -0.14450   0.00011   0.00001
    29     28    812    -0.14450   0.00011   0.00002
    30     28    840    -0.14450   0.00009   0.00001
    31     27    837    -0.14449   0.00010   0.00001
    32     26    832    -0.14449   0.00010   0.00001
    33     25    825    -0.14450   0.00010   0.00001
    34     24    816    -0.14451   0.00009   0.00001
    35     24    840    -0.14450   0.00009   0.00001
    36     23    828    -0.14450   0.00011   0.00002
    37     22    814    -0.14451   0.00012   0.00002
    38     22    836    -0.14449   0.00011   0.00002
    39     21    819    -0.14450   0.00008   0.00001
    40     21    840    -0.14450   0.00008   0.00001
    41     20    820    -0.14450   0.00009   0.00002
    42     20    840    -0.14450   0.00011   0.00002
Fit (variance): plateau_var = 9.51635e-09 ± 4.60609e-10
Fit (error):    plateau = 0.00010 ± 0.00000
     autocorrelation length ~ 4.6 blocks
     plateau reached at block size ~ 20
Final AFQMC/HF Guiding Energy:      -1833.0387 +/- 0.0018
Final AFQMC/pt2CCSD Orbital Energy: -0.14450 +/- 0.00010
<t1> = weightp/weight = 1.01559
Total run time: 269.41

AFQMC Sampling Finished

LNO-Integral time (s):    27.05
LNO-AFQMC time (s):       274.04


======================== LNO-FRAGMENT [C21] 22/(48,48) =========================
Fragment Num.  22
Fragment Idx.  22
Fragment Name  C21
LNO THRESHOLD  [0.00030000000000000003, 3e-05]
PySCF Threads  12
LNO-LAS: 29/156 Occ | 121/636 Vir | 150/792 MOs
LNO-MP2 Fragment Energy:  -0.11760993
LNO-CCSD Fragment Energy: -0.11799650
LNO-CPU time (s):         78.87 (LAS 19.07 | MP2 6.46 | CCSD 53.34)
LNO-CPU wait time (s):    0.00 (100.0% hidden)
Find Density Fit Teonsers in MF object
Integrals will be built by DF Tensors
Calculating Effective Active Space One-electron Integrals
*** Correlation Space Size ***
N Occupied Orbitals: 29
N Active Orbitals:   150
Build effective h0 and h1 time: 9.363538 s
Composing CDERIs from DF
Build CDERI in cLAS time: 18.434422 s
Raw CDERI in LAS shape: (3912, 11325)
Compress CDERI 2 Chol: 1e-05
Compress CDERI time: 1.936336 s
Finished calculating Integrals
LAS Cholesky shape: (1240, 150, 150)
AFQMC script: /u/yzhang65/myprojects/software/afqmc/afqmc/lno_afqmc/script/run_lno_afqmc_pt2ccsd.py

LNO-AFQMC Started
Hostname:     gpue08.delta.ncsa.illinois.edu
System:       Linux
Node:         gpue08.delta.ncsa.illinois.edu
Release:      5.14.0-570.131.1.el9_6.x86_64
Machine:      x86_64
Processor:    x86_64
JAX backend:  GPU
JAX devices:  [CudaDevice(id=0)]
Device kind:  NVIDIA H200
Platform:     gpu

QMC Parameters
eql_time        -         30
n_prop_steps    -         50
n_blocks        -        840
n_walkers       -        300
max_memory      -     100000
mix_precision   -       True
seed            -       1506
walker_type     -        rhf
trial           - pt2ccsd_sto_chol
chol_cost_ratio -        0.2
max_error       -    7.2e-05
dt              -      0.005
n_exp_terms     -          6
n_batch         -          1
nchol_chunk     -        100
free_projection -      False

QMC System
Number of Occ. Orbitals:      29
Number of Act. Orbitals:      150
Number of Chol. Vectors:      1240
Mean-Field Energy:            -1832.00523770
Maximum memory per walker:            333.33 MB
Maximum number of Cholesky per chunk: 970
Number of Cholesky chunks:            2
Number of Cholesky per chunk:         620
Number of padding Cholesky:           0
Trial:   pt2ccsd_sto_chol(norb=150, nelec=(29, 29), n_batch=1, nchol_chunk=620, mix_precision=True, n_chol_head=0, head_chol_ratio=None, n_chol_samples=None, chol_cost_ratio=0.2, head_sample_ratio=3.0, chol_score_floor=1e-06, chol_uniform_mix=0.01, head_from_guide=False)
Sampler: sampler_pt2_sto_chol(n_prop_steps=50, n_blocks=840, n_chol=1240, frozen_vir=0)

Initalize QMC walkers by HF

Equilibration
Initial Orbital energy: -0.11802
inv_T  nodes      weight      energy     error   runTime
 0.00      0   300.00000  -1832.00438   0.00000     38.15
 3.00      0   305.45082  -1833.14008   0.02023     44.39
 6.00      0   300.85664  -1833.23321   0.02394     46.71
 9.00      0   299.01708  -1833.21127   0.02415     49.01
12.00      0   298.71088  -1833.19465   0.02189     51.25
15.00      0   298.63572  -1833.20816   0.02161     53.40
18.00      0   298.90055  -1833.22802   0.02266     55.57
21.00      0   297.87201  -1833.17566   0.02352     57.73
24.00      0   298.17242  -1833.16807   0.02120     59.88
27.00      0   299.19002  -1833.19469   0.02265     62.03
30.00      0   298.56688  -1833.25767   0.02985     64.19

Sampling Blocks
Target Final Error ~ 0.000072
   N  nodes      weight      E(Guide)     Error     weightp    E_frag     Error      Time
  20      0   298.03566   -1833.23398   0.00521   303.16997  -0.12376   0.00031     77.90
  40      0   298.36550   -1833.22800   0.00368   303.20077  -0.12401   0.00021     85.25
  60      0   298.14435   -1833.22728   0.00292   303.24794  -0.12404   0.00016     92.26
  80      0   298.19790   -1833.22712   0.00248   303.24034  -0.12400   0.00013     99.26
 100      0   299.86989   -1833.22521   0.00273   303.33133  -0.12410   0.00014    106.35
 120      0   297.92100   -1833.22634   0.00241   303.37166  -0.12411   0.00012    113.45
 140      0   297.45611   -1833.22364   0.00231   303.38402  -0.12408   0.00011    120.46
 160      0   298.98327   -1833.22231   0.00218   303.42902  -0.12405   0.00011    127.47
 180      0   299.04924   -1833.22316   0.00205   303.48529  -0.12409   0.00010    134.48
 200      0   298.55224   -1833.22194   0.00192   303.46067  -0.12401   0.00009    141.64
 220      0   298.71856   -1833.21986   0.00184   303.41595  -0.12401   0.00009    148.66
 240      0   298.90030   -1833.22025   0.00175   303.42490  -0.12408   0.00008    155.67
 260      0   299.18697   -1833.21969   0.00165   303.40769  -0.12407   0.00008    162.68
 280      0   297.95464   -1833.21799   0.00160   303.38359  -0.12406   0.00007    169.85
 300      0   298.39090   -1833.21810   0.00153   303.34913  -0.12411   0.00007    176.89
 320      0   299.04557   -1833.21828   0.00146   303.31971  -0.12413   0.00007    183.90
 340      0   299.47874   -1833.21809   0.00142   303.34686  -0.12413   0.00007    190.91
 360      0   298.56362   -1833.21785   0.00142   303.34129  -0.12415   0.00007    198.05
 380      0   298.68913   -1833.21832   0.00142   303.32784  -0.12419   0.00007    205.12
 400      0   298.45445   -1833.21915   0.00140   303.31561  -0.12424   0.00007    212.13
 420      0   298.93634   -1833.21897   0.00136   303.31127  -0.12422   0.00006    219.14
 440      0   298.32771   -1833.21915   0.00131   303.30804  -0.12425   0.00006    226.24
 460      0   298.88497   -1833.21855   0.00126   303.28116  -0.12424   0.00006    233.37
 480      0   298.35591   -1833.21846   0.00122   303.27872  -0.12424   0.00006    240.37
 500      0   298.33724   -1833.21812   0.00120   303.28484  -0.12426   0.00006    247.39
 520      0   298.84068   -1833.21811   0.00119   303.30257  -0.12426   0.00006    254.42
 540      0   298.81715   -1833.21807   0.00116   303.30199  -0.12426   0.00006    261.63
 560      0   298.11770   -1833.21861   0.00115   303.30658  -0.12427   0.00006    268.65
 580      0   299.05527   -1833.21903   0.00112   303.30593  -0.12427   0.00005    275.66
 600      0   298.43303   -1833.21872   0.00111   303.27998  -0.12426   0.00005    282.70

Post Propagation
Total number of samples 600
Remove Outliers
Remove samples outside Zeta > 30
Outlier bound [-0.15816, -0.09000]
Removed 0 Outliers
Outliers Energy []
nsample = 600, max_block_size = 30, min_nblocks = 20
   B    NB    NS  Observable     Error    dError
   1   600   600  -1833.21870   0.00111   0.00003
   2   300   600  -1833.21870   0.00140   0.00006
   3   200   600  -1833.21871   0.00158   0.00008
   4   150   600  -1833.21871   0.00173   0.00010
   5   120   600  -1833.21871   0.00177   0.00011
   6   100   600  -1833.21871   0.00186   0.00013
   7    85   595  -1833.21900   0.00192   0.00015
   8    75   600  -1833.21872   0.00194   0.00016
   9    66   594  -1833.21903   0.00197   0.00017
  10    60   600  -1833.21872   0.00209   0.00019
  11    54   594  -1833.21903   0.00201   0.00020
  12    50   600  -1833.21872   0.00221   0.00022
  13    46   598  -1833.21884   0.00221   0.00023
  14    42   588  -1833.21924   0.00204   0.00023
  15    40   600  -1833.21872   0.00231   0.00026
  16    37   592  -1833.21918   0.00206   0.00024
  17    35   595  -1833.21900   0.00216   0.00026
  18    33   594  -1833.21903   0.00195   0.00024
  19    31   589  -1833.21923   0.00217   0.00028
  20    30   600  -1833.21872   0.00185   0.00024
  21    28   588  -1833.21924   0.00193   0.00026
  22    27   594  -1833.21903   0.00238   0.00033
  23    26   598  -1833.21884   0.00196   0.00028
  24    25   600  -1833.21872   0.00202   0.00029
  25    24   600  -1833.21872   0.00200   0.00030
  26    23   598  -1833.21884   0.00203   0.00031
  27    22   594  -1833.21903   0.00196   0.00030
  28    21   588  -1833.21925   0.00189   0.00030
  29    20   580  -1833.21903   0.00238   0.00039
  30    20   600  -1833.21872   0.00221   0.00036
Fit (variance): plateau_var = 4.278e-06 ± 2.550e-07
Fit (error):    plateau = 0.00207 ± 0.00006
     autocorrelation length ~ 3.7 blocks
     plateau reached at block size ~ 17
nsample = 600, max_block_size = 30, min_nblocks = 20
Blk_SZ   NBlk   NSmp      Energy     Error    dError
     1    600    600    -0.12423   0.00005   0.00000
     2    300    600    -0.12424   0.00006   0.00000
     3    200    600    -0.12424   0.00006   0.00000
     4    150    600    -0.12424   0.00007   0.00000
     5    120    600    -0.12425   0.00007   0.00000
     6    100    600    -0.12425   0.00007   0.00001
     7     85    595    -0.12425   0.00007   0.00001
     8     75    600    -0.12425   0.00007   0.00001
     9     66    594    -0.12425   0.00007   0.00001
    10     60    600    -0.12425   0.00007   0.00001
    11     54    594    -0.12425   0.00008   0.00001
    12     50    600    -0.12425   0.00008   0.00001
    13     46    598    -0.12425   0.00007   0.00001
    14     42    588    -0.12426   0.00008   0.00001
    15     40    600    -0.12425   0.00007   0.00001
    16     37    592    -0.12426   0.00007   0.00001
    17     35    595    -0.12425   0.00008   0.00001
    18     33    594    -0.12425   0.00008   0.00001
    19     31    589    -0.12426   0.00007   0.00001
    20     30    600    -0.12426   0.00008   0.00001
    21     28    588    -0.12426   0.00007   0.00001
    22     27    594    -0.12425   0.00009   0.00001
    23     26    598    -0.12425   0.00007   0.00001
    24     25    600    -0.12426   0.00007   0.00001
    25     24    600    -0.12426   0.00008   0.00001
    26     23    598    -0.12425   0.00007   0.00001
    27     22    594    -0.12426   0.00007   0.00001
    28     21    588    -0.12426   0.00008   0.00001
    29     20    580    -0.12426   0.00008   0.00001
    30     20    600    -0.12426   0.00008   0.00001
Fit (variance): plateau_var = 5.47875e-09 ± 2.89892e-10
Fit (error):    plateau = 0.00007 ± 0.00000
     autocorrelation length ~ 2.5 blocks
     plateau reached at block size ~ 11
Final AFQMC/HF Guiding Energy:      -1833.2187 +/- 0.0021
Final AFQMC/pt2CCSD Orbital Energy: -0.12426 +/- 0.00007
<t1> = weightp/weight = 1.01605
Total run time: 282.71

AFQMC Sampling Finished

LNO-Integral time (s):    30.61
LNO-AFQMC time (s):       287.54


======================= LNO-FRAGMENT [C22H34] 23/(48,48) =======================
Fragment Num.  23
Fragment Idx.  23
Fragment Name  C22H34
LNO THRESHOLD  [0.00030000000000000003, 3e-05]
PySCF Threads  12
LNO-LAS: 26/156 Occ | 107/636 Vir | 133/792 MOs
LNO-MP2 Fragment Energy:  -0.13258751
LNO-CCSD Fragment Energy: -0.13817774
LNO-CPU time (s):         59.96 (LAS 18.54 | MP2 6.90 | CCSD 34.52)
LNO-CPU wait time (s):    0.00 (100.0% hidden)
Find Density Fit Teonsers in MF object
Integrals will be built by DF Tensors
Calculating Effective Active Space One-electron Integrals
*** Correlation Space Size ***
N Occupied Orbitals: 26
N Active Orbitals:   133
Build effective h0 and h1 time: 16.809524 s
Composing CDERIs from DF
Build CDERI in cLAS time: 7.584483 s
Raw CDERI in LAS shape: (3912, 8911)
Compress CDERI 2 Chol: 1e-05
Compress CDERI time: 2.203759 s
Finished calculating Integrals
LAS Cholesky shape: (1114, 133, 133)
AFQMC script: /u/yzhang65/myprojects/software/afqmc/afqmc/lno_afqmc/script/run_lno_afqmc_pt2ccsd.py

LNO-AFQMC Started
Hostname:     gpue08.delta.ncsa.illinois.edu
System:       Linux
Node:         gpue08.delta.ncsa.illinois.edu
Release:      5.14.0-570.131.1.el9_6.x86_64
Machine:      x86_64
Processor:    x86_64
JAX backend:  GPU
JAX devices:  [CudaDevice(id=0)]
Device kind:  NVIDIA H200
Platform:     gpu

QMC Parameters
eql_time        -         30
n_prop_steps    -         50
n_blocks        -        840
n_walkers       -        300
max_memory      -     100000
mix_precision   -       True
seed            -       4167
walker_type     -        rhf
trial           - pt2ccsd_sto_chol
chol_cost_ratio -        0.2
max_error       -    7.2e-05
dt              -      0.005
n_exp_terms     -          6
n_batch         -          1
nchol_chunk     -        100
free_projection -      False

QMC System
Number of Occ. Orbitals:      26
Number of Act. Orbitals:      133
Number of Chol. Vectors:      1114
Mean-Field Energy:            -1832.00523770
Maximum memory per walker:            333.33 MB
Maximum number of Cholesky per chunk: 1234
Number of Cholesky chunks:            1
Number of Cholesky per chunk:         1114
Number of padding Cholesky:           0
Trial:   pt2ccsd_sto_chol(norb=133, nelec=(26, 26), n_batch=1, nchol_chunk=1114, mix_precision=True, n_chol_head=0, head_chol_ratio=None, n_chol_samples=None, chol_cost_ratio=0.2, head_sample_ratio=3.0, chol_score_floor=1e-06, chol_uniform_mix=0.01, head_from_guide=False)
Sampler: sampler_pt2_sto_chol(n_prop_steps=50, n_blocks=840, n_chol=1114, frozen_vir=0)

Initalize QMC walkers by HF

Equilibration
Initial Orbital energy: -0.13824
inv_T  nodes      weight      energy     error   runTime
 0.00      0   300.00000  -1832.00428   0.00000     31.06
 3.00      0   305.36539  -1832.99936   0.01983     38.11
 6.00      0   301.60328  -1833.07745   0.02309     39.94
 9.00      0   300.28395  -1833.05555   0.02086     41.71
12.00      0   299.34301  -1833.03132   0.02082     43.48
15.00      0   299.30853  -1833.03816   0.02394     45.43
18.00      0   298.97635  -1833.07673   0.02280     47.26
21.00      0   298.49015  -1833.03118   0.02134     48.99
24.00      0   298.85863  -1833.08197   0.02402     50.91
27.00      0   298.88302  -1833.05037   0.02132     52.78
30.00      0   298.51641  -1833.05560   0.02482     54.49

Sampling Blocks
Target Final Error ~ 0.000072
   N  nodes      weight      E(Guide)     Error     weightp    E_frag     Error      Time
  20      0   298.56013   -1833.05100   0.00459   303.36356  -0.14407   0.00032     65.48
  40      0   299.76403   -1833.05114   0.00376   303.54741  -0.14429   0.00021     70.80
  60      0   297.93474   -1833.04820   0.00330   303.28249  -0.14438   0.00017     75.79
  80      0   298.45753   -1833.04309   0.00302   303.23271  -0.14456   0.00015     80.77
 100      0   297.94823   -1833.04112   0.00263   303.16725  -0.14451   0.00013     85.76
 120      0   297.95954   -1833.04133   0.00231   303.19632  -0.14448   0.00012     90.95
 140      0   299.41541   -1833.03921   0.00216   303.17958  -0.14444   0.00011     95.98
 160      0   298.43818   -1833.03809   0.00202   303.12180  -0.14447   0.00010    100.98
 180      0   298.90435   -1833.03805   0.00185   303.13224  -0.14444   0.00009    105.98
 200      0   298.11426   -1833.04011   0.00177   303.17773  -0.14437   0.00009    110.98
 220      0   298.49861   -1833.03946   0.00165   303.18452  -0.14438   0.00008    115.99
 240      0   299.60475   -1833.03847   0.00157   303.20798  -0.14437   0.00008    121.19
 260      0   297.94377   -1833.03841   0.00150   303.26101  -0.14434   0.00008    126.20
 280      0   298.99874   -1833.03838   0.00144   303.28368  -0.14433   0.00007    131.19
 300      0   298.73739   -1833.03749   0.00142   303.28429  -0.14432   0.00008    136.19
 320      0   298.85813   -1833.03660   0.00136   303.29655  -0.14429   0.00007    141.17
 340      0   298.80753   -1833.03718   0.00132   303.31110  -0.14435   0.00007    146.19
 360      0   297.82890   -1833.03693   0.00126   303.32474  -0.14435   0.00007    151.36
 380      0   298.48622   -1833.03719   0.00125   303.35335  -0.14436   0.00007    156.35
 400      0   298.38820   -1833.03748   0.00120   303.37202  -0.14437   0.00007    161.34
 420      0   299.46889   -1833.03756   0.00119   303.36650  -0.14431   0.00007    166.32
 440      0   298.63148   -1833.03764   0.00114   303.36288  -0.14431   0.00007    171.31
 460      0   298.56651   -1833.03794   0.00112   303.35295  -0.14433   0.00007    176.31
 480      0   298.39815   -1833.03827   0.00109   303.33069  -0.14433   0.00007    181.48
 500      0   298.88673   -1833.03859   0.00107   303.32753  -0.14438   0.00007    186.47
 520      0   298.16704   -1833.03849   0.00105   303.31350  -0.14436   0.00007    191.45
 540      0   298.80873   -1833.03826   0.00103   303.32154  -0.14435   0.00006    196.43
 560      0   299.50928   -1833.03812   0.00101   303.33972  -0.14433   0.00006    201.42
 580      0   299.19401   -1833.03804   0.00098   303.34085  -0.14435   0.00006    206.44
 600      0   298.72457   -1833.03786   0.00096   303.34233  -0.14437   0.00006    211.57
 620      0   298.35171   -1833.03757   0.00095   303.34340  -0.14437   0.00006    216.56
 640      0   299.04134   -1833.03762   0.00093   303.35173  -0.14437   0.00006    221.54
 660      0   299.58023   -1833.03825   0.00093   303.35562  -0.14437   0.00006    226.54
 680      0   298.61749   -1833.03838   0.00090   303.35732  -0.14438   0.00006    231.52
 700      0   298.39232   -1833.03862   0.00089   303.36102  -0.14442   0.00007    236.54
 720      0   298.50180   -1833.03791   0.00089   303.35505  -0.14442   0.00006    241.69
 740      0   298.45641   -1833.03781   0.00087   303.36757  -0.14441   0.00006    246.67
 760      0   298.35973   -1833.03811   0.00086   303.36439  -0.14441   0.00006    251.65
 780      0   299.54208   -1833.03806   0.00085   303.35401  -0.14441   0.00006    256.63
 800      0   298.59108   -1833.03809   0.00085   303.34616  -0.14439   0.00006    261.62
 820      0   298.94076   -1833.03814   0.00084   303.34019  -0.14439   0.00006    266.66
 840      0   297.18179   -1833.03855   0.00083   303.34018  -0.14440   0.00006    271.83

Post Propagation
Total number of samples 840
Remove Outliers
Remove samples outside Zeta > 30
Outlier bound [-0.18330, -0.10517]
Removed 0 Outliers
Outliers Energy []
nsample = 840, max_block_size = 42, min_nblocks = 20
   B    NB    NS  Observable     Error    dError
   1   840   840  -1833.03853   0.00083   0.00002
   2   420   840  -1833.03853   0.00100   0.00003
   3   280   840  -1833.03853   0.00113   0.00005
   4   210   840  -1833.03854   0.00120   0.00006
   5   168   840  -1833.03854   0.00122   0.00007
   6   140   840  -1833.03854   0.00120   0.00007
   7   120   840  -1833.03854   0.00131   0.00009
   8   105   840  -1833.03854   0.00128   0.00009
   9    93   837  -1833.03849   0.00137   0.00010
  10    84   840  -1833.03854   0.00132   0.00010
  11    76   836  -1833.03846   0.00135   0.00011
  12    70   840  -1833.03855   0.00130   0.00011
  13    64   832  -1833.03838   0.00133   0.00012
  14    60   840  -1833.03855   0.00141   0.00013
  15    56   840  -1833.03855   0.00144   0.00014
  16    52   832  -1833.03838   0.00130   0.00013
  17    49   833  -1833.03838   0.00146   0.00015
  18    46   828  -1833.03831   0.00148   0.00016
  19    44   836  -1833.03846   0.00139   0.00015
  20    42   840  -1833.03855   0.00147   0.00016
  21    40   840  -1833.03855   0.00133   0.00015
  22    38   836  -1833.03846   0.00133   0.00015
  23    36   828  -1833.03831   0.00151   0.00018
  24    35   840  -1833.03855   0.00150   0.00018
  25    33   825  -1833.03830   0.00163   0.00020
  26    32   832  -1833.03838   0.00147   0.00019
  27    31   837  -1833.03850   0.00144   0.00019
  28    30   840  -1833.03855   0.00164   0.00022
  29    28   812  -1833.03828   0.00158   0.00021
  30    28   840  -1833.03855   0.00128   0.00017
  31    27   837  -1833.03850   0.00139   0.00019
  32    26   832  -1833.03839   0.00131   0.00019
  33    25   825  -1833.03831   0.00151   0.00022
  34    24   816  -1833.03822   0.00143   0.00021
  35    24   840  -1833.03855   0.00149   0.00022
  36    23   828  -1833.03831   0.00139   0.00021
  37    22   814  -1833.03822   0.00147   0.00023
  38    22   836  -1833.03846   0.00134   0.00021
  39    21   819  -1833.03814   0.00149   0.00024
  40    21   840  -1833.03855   0.00161   0.00025
  41    20   820  -1833.03814   0.00182   0.00030
  42    20   840  -1833.03855   0.00142   0.00023
Fit (variance): plateau_var = 1.981e-06 ± 9.097e-08
Fit (error):    plateau = 0.00141 ± 0.00003
     autocorrelation length ~ 3.9 blocks
     plateau reached at block size ~ 18
nsample = 840, max_block_size = 42, min_nblocks = 20
Blk_SZ   NBlk   NSmp      Energy     Error    dError
     1    840    840    -0.14437   0.00006   0.00000
     2    420    840    -0.14438   0.00006   0.00000
     3    280    840    -0.14438   0.00007   0.00000
     4    210    840    -0.14438   0.00007   0.00000
     5    168    840    -0.14439   0.00007   0.00000
     6    140    840    -0.14439   0.00007   0.00000
     7    120    840    -0.14439   0.00007   0.00000
     8    105    840    -0.14439   0.00008   0.00001
     9     93    837    -0.14439   0.00008   0.00001
    10     84    840    -0.14440   0.00008   0.00001
    11     76    836    -0.14440   0.00008   0.00001
    12     70    840    -0.14440   0.00007   0.00001
    13     64    832    -0.14440   0.00008   0.00001
    14     60    840    -0.14440   0.00007   0.00001
    15     56    840    -0.14440   0.00009   0.00001
    16     52    832    -0.14440   0.00008   0.00001
    17     49    833    -0.14440   0.00008   0.00001
    18     46    828    -0.14439   0.00007   0.00001
    19     44    836    -0.14440   0.00008   0.00001
    20     42    840    -0.14440   0.00008   0.00001
    21     40    840    -0.14440   0.00008   0.00001
    22     38    836    -0.14440   0.00007   0.00001
    23     36    828    -0.14439   0.00009   0.00001
    24     35    840    -0.14440   0.00008   0.00001
    25     33    825    -0.14439   0.00008   0.00001
    26     32    832    -0.14440   0.00009   0.00001
    27     31    837    -0.14440   0.00008   0.00001
    28     30    840    -0.14440   0.00008   0.00001
    29     28    812    -0.14439   0.00009   0.00001
    30     28    840    -0.14440   0.00009   0.00001
    31     27    837    -0.14440   0.00008   0.00001
    32     26    832    -0.14440   0.00008   0.00001
    33     25    825    -0.14439   0.00009   0.00001
    34     24    816    -0.14439   0.00008   0.00001
    35     24    840    -0.14440   0.00009   0.00001
    36     23    828    -0.14439   0.00008   0.00001
    37     22    814    -0.14439   0.00007   0.00001
    38     22    836    -0.14440   0.00009   0.00001
    39     21    819    -0.14439   0.00009   0.00001
    40     21    840    -0.14440   0.00008   0.00001
    41     20    820    -0.14439   0.00007   0.00001
    42     20    840    -0.14440   0.00007   0.00001
Fit (variance): plateau_var = 6.28987e-09 ± 3.03937e-10
Fit (error):    plateau = 0.00008 ± 0.00000
     autocorrelation length ~ 4.4 blocks
     plateau reached at block size ~ 18
Final AFQMC/HF Guiding Energy:      -1833.0385 +/- 0.0014
Final AFQMC/pt2CCSD Orbital Energy: -0.14440 +/- 0.00008
<t1> = weightp/weight = 1.01569
Total run time: 271.84

AFQMC Sampling Finished

LNO-Integral time (s):    28.04
LNO-AFQMC time (s):       278.41


======================= LNO-FRAGMENT [C23H35] 24/(48,48) =======================
Fragment Num.  24
Fragment Idx.  24
Fragment Name  C23H35
LNO THRESHOLD  [0.00030000000000000003, 3e-05]
PySCF Threads  12
LNO-LAS: 25/156 Occ | 106/636 Vir | 131/792 MOs
LNO-MP2 Fragment Energy:  -0.13232956
LNO-CCSD Fragment Energy: -0.13797881
LNO-CPU time (s):         62.98 (LAS 18.44 | MP2 13.32 | CCSD 31.21)
LNO-CPU wait time (s):    0.00 (100.0% hidden)
Find Density Fit Teonsers in MF object
Integrals will be built by DF Tensors
Calculating Effective Active Space One-electron Integrals
*** Correlation Space Size ***
N Occupied Orbitals: 25
N Active Orbitals:   131
Build effective h0 and h1 time: 22.646473 s
Composing CDERIs from DF
Build CDERI in cLAS time: 12.185145 s
Raw CDERI in LAS shape: (3912, 8646)
Compress CDERI 2 Chol: 1e-05
Compress CDERI time: 1.614454 s
Finished calculating Integrals
LAS Cholesky shape: (1097, 131, 131)
AFQMC script: /u/yzhang65/myprojects/software/afqmc/afqmc/lno_afqmc/script/run_lno_afqmc_pt2ccsd.py

LNO-AFQMC Started
Hostname:     gpue08.delta.ncsa.illinois.edu
System:       Linux
Node:         gpue08.delta.ncsa.illinois.edu
Release:      5.14.0-570.131.1.el9_6.x86_64
Machine:      x86_64
Processor:    x86_64
JAX backend:  GPU
JAX devices:  [CudaDevice(id=0)]
Device kind:  NVIDIA H200
Platform:     gpu

QMC Parameters
eql_time        -         30
n_prop_steps    -         50
n_blocks        -        840
n_walkers       -        300
max_memory      -     100000
mix_precision   -       True
seed            -       1510
walker_type     -        rhf
trial           - pt2ccsd_sto_chol
chol_cost_ratio -        0.2
max_error       -    7.2e-05
dt              -      0.005
n_exp_terms     -          6
n_batch         -          1
nchol_chunk     -        100
free_projection -      False

QMC System
Number of Occ. Orbitals:      25
Number of Act. Orbitals:      131
Number of Chol. Vectors:      1097
Mean-Field Energy:            -1832.00523770
Maximum memory per walker:            333.33 MB
Maximum number of Cholesky per chunk: 1272
Number of Cholesky chunks:            1
Number of Cholesky per chunk:         1097
Number of padding Cholesky:           0
Trial:   pt2ccsd_sto_chol(norb=131, nelec=(25, 25), n_batch=1, nchol_chunk=1097, mix_precision=True, n_chol_head=0, head_chol_ratio=None, n_chol_samples=None, chol_cost_ratio=0.2, head_sample_ratio=3.0, chol_score_floor=1e-06, chol_uniform_mix=0.01, head_from_guide=False)
Sampler: sampler_pt2_sto_chol(n_prop_steps=50, n_blocks=840, n_chol=1097, frozen_vir=0)

Initalize QMC walkers by HF

Equilibration
Initial Orbital energy: -0.13805
inv_T  nodes      weight      energy     error   runTime
 0.00      0   300.00000  -1832.00434   0.00000     36.19
 3.00      0   305.01157  -1833.02768   0.02413     43.15
 6.00      0   300.18282  -1833.01212   0.02121     44.85
 9.00      0   299.14557  -1833.08097   0.02599     46.56
12.00      0   299.14327  -1833.06625   0.02262     48.26
15.00      0   298.44568  -1833.02777   0.02275     50.02
18.00      0   298.17595  -1833.00382   0.02090     51.89
21.00      0   298.62263  -1833.02544   0.02547     53.72
24.00      0   298.21942  -1833.00697   0.02006     55.55
27.00      0   299.10391  -1833.08057   0.02472     57.26
30.00      0   297.28580  -1833.00534   0.01883     58.96

Sampling Blocks
Target Final Error ~ 0.000072
   N  nodes      weight      E(Guide)     Error     weightp    E_frag     Error      Time
  20      0   298.52126   -1833.02136   0.00572   302.58926  -0.14370   0.00027     70.59
  40      0   298.94481   -1833.02353   0.00386   303.02704  -0.14395   0.00019     75.67
  60      0   298.10486   -1833.02468   0.00320   302.89254  -0.14397   0.00016     80.51
  80      0   298.62955   -1833.02314   0.00263   302.81995  -0.14399   0.00013     85.47
 100      0   298.19776   -1833.02228   0.00234   302.89575  -0.14394   0.00012     90.26
 120      0   297.63417   -1833.02058   0.00206   302.88049  -0.14404   0.00011     95.03
 140      0   299.15632   -1833.02061   0.00190   302.93242  -0.14413   0.00011     99.81
 160      0   298.44506   -1833.02106   0.00179   302.93420  -0.14416   0.00010    104.60
 180      0   299.49271   -1833.01964   0.00169   302.95959  -0.14414   0.00010    109.41
 200      0   299.43144   -1833.01922   0.00157   302.93593  -0.14446   0.00018    114.39
 220      0   298.54908   -1833.02094   0.00154   302.92031  -0.14456   0.00017    119.23
 240      0   299.54912   -1833.02028   0.00146   302.89304  -0.14450   0.00016    124.01
 260      0   298.05456   -1833.01963   0.00143   302.86538  -0.14449   0.00015    128.80
 280      0   298.55650   -1833.01943   0.00138   302.89725  -0.14444   0.00014    133.58
 300      0   299.46287   -1833.01991   0.00133   302.93749  -0.14438   0.00013    138.36
 320      0   298.76272   -1833.01969   0.00127   302.94009  -0.14436   0.00012    143.32
 340      0   299.10075   -1833.02009   0.00124   302.94048  -0.14435   0.00012    148.18
 360      0   298.84023   -1833.02003   0.00122   302.92661  -0.14429   0.00011    152.95
 380      0   298.72857   -1833.01994   0.00123   302.91127  -0.14429   0.00011    157.74
 400      0   299.04311   -1833.02020   0.00120   302.91498  -0.14434   0.00011    162.54
 420      0   298.42015   -1833.02055   0.00118   302.90743  -0.14437   0.00010    167.33
 440      0   298.46499   -1833.02010   0.00114   302.91988  -0.14436   0.00010    172.23
 460      0   298.17171   -1833.02007   0.00111   302.92633  -0.14433   0.00009    177.14
 480      0   299.23900   -1833.02031   0.00108   302.93607  -0.14440   0.00009    181.94
 500      0   299.16396   -1833.02064   0.00106   302.95288  -0.14441   0.00009    186.73
 520      0   299.28778   -1833.02071   0.00104   302.96040  -0.14440   0.00009    191.51
 540      0   299.02880   -1833.02095   0.00102   302.97160  -0.14438   0.00009    196.30
 560      0   298.67185   -1833.02084   0.00099   302.97974  -0.14438   0.00008    201.19
 580      0   299.32972   -1833.02082   0.00098   302.98629  -0.14436   0.00008    206.13
 600      0   299.48453   -1833.02070   0.00096   302.99527  -0.14437   0.00008    210.92
 620      0   298.56609   -1833.02014   0.00095   302.98391  -0.14435   0.00008    215.71
 640      0   298.10564   -1833.02044   0.00093   302.97795  -0.14435   0.00008    220.50
 660      0   299.55725   -1833.02090   0.00094   302.97258  -0.14436   0.00008    225.30
 680      0   298.41786   -1833.02136   0.00093   302.98525  -0.14437   0.00007    230.13
 700      0   298.07333   -1833.02119   0.00091   302.98403  -0.14435   0.00007    235.12
 720      0   298.58770   -1833.02093   0.00090   302.98714  -0.14434   0.00007    239.93
 740      0   299.29839   -1833.02125   0.00089   302.99251  -0.14435   0.00007    244.72
 760      0   298.05944   -1833.02139   0.00087   303.00029  -0.14435   0.00007    249.51
 780      0   298.00583   -1833.02104   0.00086   303.01323  -0.14433   0.00007    254.31
 800      0   298.30137   -1833.02063   0.00086   303.03169  -0.14433   0.00007    259.11
 820      0   299.34787   -1833.02061   0.00085   303.03495  -0.14435   0.00007    264.06
 840      0   299.20883   -1833.02037   0.00084   303.03310  -0.14434   0.00007    268.90

Post Propagation
Total number of samples 840
Remove Outliers
Remove samples outside Zeta > 30
Outlier bound [-0.18060, -0.10732]
Removed 0 Outliers
Outliers Energy []
nsample = 840, max_block_size = 42, min_nblocks = 20
   B    NB    NS  Observable     Error    dError
   1   840   840  -1833.02035   0.00084   0.00002
   2   420   840  -1833.02036   0.00103   0.00004
   3   280   840  -1833.02036   0.00115   0.00005
   4   210   840  -1833.02036   0.00123   0.00006
   5   168   840  -1833.02037   0.00122   0.00007
   6   140   840  -1833.02037   0.00128   0.00008
   7   120   840  -1833.02037   0.00133   0.00009
   8   105   840  -1833.02037   0.00127   0.00009
   9    93   837  -1833.02036   0.00134   0.00010
  10    84   840  -1833.02037   0.00133   0.00010
  11    76   836  -1833.02035   0.00144   0.00012
  12    70   840  -1833.02037   0.00138   0.00012
  13    64   832  -1833.02037   0.00137   0.00012
  14    60   840  -1833.02037   0.00142   0.00013
  15    56   840  -1833.02037   0.00141   0.00013
  16    52   832  -1833.02038   0.00146   0.00014
  17    49   833  -1833.02035   0.00141   0.00014
  18    46   828  -1833.02053   0.00140   0.00015
  19    44   836  -1833.02035   0.00142   0.00015
  20    42   840  -1833.02037   0.00129   0.00014
  21    40   840  -1833.02037   0.00130   0.00015
  22    38   836  -1833.02035   0.00159   0.00018
  23    36   828  -1833.02053   0.00142   0.00017
  24    35   840  -1833.02037   0.00140   0.00017
  25    33   825  -1833.02065   0.00152   0.00019
  26    32   832  -1833.02038   0.00153   0.00019
  27    31   837  -1833.02036   0.00155   0.00020
  28    30   840  -1833.02037   0.00149   0.00020
  29    28   812  -1833.02082   0.00136   0.00018
  30    28   840  -1833.02037   0.00148   0.00020
  31    27   837  -1833.02036   0.00158   0.00022
  32    26   832  -1833.02038   0.00147   0.00021
  33    25   825  -1833.02065   0.00145   0.00021
  34    24   816  -1833.02076   0.00142   0.00021
  35    24   840  -1833.02037   0.00117   0.00017
  36    23   828  -1833.02053   0.00148   0.00022
  37    22   814  -1833.02080   0.00128   0.00020
  38    22   836  -1833.02035   0.00167   0.00026
  39    21   819  -1833.02062   0.00135   0.00021
  40    21   840  -1833.02037   0.00142   0.00022
  41    20   820  -1833.02061   0.00148   0.00024
  42    20   840  -1833.02037   0.00137   0.00022
Fit (variance): plateau_var = 1.956e-06 ± 8.331e-08
Fit (error):    plateau = 0.00140 ± 0.00003
     autocorrelation length ~ 3.2 blocks
     plateau reached at block size ~ 15
nsample = 840, max_block_size = 42, min_nblocks = 20
Blk_SZ   NBlk   NSmp      Energy     Error    dError
     1    840    840    -0.14431   0.00007   0.00000
     2    420    840    -0.14432   0.00008   0.00000
     3    280    840    -0.14432   0.00008   0.00000
     4    210    840    -0.14432   0.00009   0.00000
     5    168    840    -0.14433   0.00010   0.00001
     6    140    840    -0.14433   0.00010   0.00001
     7    120    840    -0.14433   0.00010   0.00001
     8    105    840    -0.14433   0.00010   0.00001
     9     93    837    -0.14433   0.00010   0.00001
    10     84    840    -0.14433   0.00010   0.00001
    11     76    836    -0.14433   0.00010   0.00001
    12     70    840    -0.14433   0.00011   0.00001
    13     64    832    -0.14433   0.00011   0.00001
    14     60    840    -0.14433   0.00011   0.00001
    15     56    840    -0.14433   0.00011   0.00001
    16     52    832    -0.14434   0.00012   0.00001
    17     49    833    -0.14434   0.00012   0.00001
    18     46    828    -0.14434   0.00011   0.00001
    19     44    836    -0.14434   0.00011   0.00001
    20     42    840    -0.14434   0.00011   0.00001
    21     40    840    -0.14434   0.00012   0.00001
    22     38    836    -0.14434   0.00011   0.00001
    23     36    828    -0.14434   0.00013   0.00002
    24     35    840    -0.14433   0.00011   0.00001
    25     33    825    -0.14435   0.00012   0.00001
    26     32    832    -0.14434   0.00012   0.00002
    27     31    837    -0.14434   0.00013   0.00002
    28     30    840    -0.14434   0.00012   0.00002
    29     28    812    -0.14435   0.00012   0.00002
    30     28    840    -0.14434   0.00013   0.00002
    31     27    837    -0.14434   0.00013   0.00002
    32     26    832    -0.14434   0.00012   0.00002
    33     25    825    -0.14435   0.00012   0.00002
    34     24    816    -0.14435   0.00012   0.00002
    35     24    840    -0.14434   0.00012   0.00002
    36     23    828    -0.14434   0.00013   0.00002
    37     22    814    -0.14435   0.00015   0.00002
    38     22    836    -0.14434   0.00013   0.00002
    39     21    819    -0.14435   0.00012   0.00002
    40     21    840    -0.14434   0.00010   0.00002
    41     20    820    -0.14434   0.00012   0.00002
    42     20    840    -0.14434   0.00012   0.00002
Fit (variance): plateau_var = 1.39196e-08 ± 7.98045e-10
Fit (error):    plateau = 0.00012 ± 0.00000
     autocorrelation length ~ 6.4 blocks
     plateau reached at block size ~ 29
Final AFQMC/HF Guiding Energy:      -1833.0204 +/- 0.0014
Final AFQMC/pt2CCSD Orbital Energy: -0.14434 +/- 0.00012
<t1> = weightp/weight = 1.01471
Total run time: 268.91

AFQMC Sampling Finished

LNO-Integral time (s):    37.13
LNO-AFQMC time (s):       298.62


======================== LNO-FRAGMENT [C36] 25/(48,48) =========================
Fragment Num.  25
Fragment Idx.  25
Fragment Name  C36
LNO THRESHOLD  [0.00030000000000000003, 3e-05]
PySCF Threads  12
LNO-LAS: 30/156 Occ | 122/636 Vir | 152/792 MOs
LNO-MP2 Fragment Energy:  -0.12030115
LNO-CCSD Fragment Energy: -0.11995588
LNO-CPU time (s):         86.01 (LAS 19.65 | MP2 9.54 | CCSD 56.82)
LNO-CPU wait time (s):    0.00 (100.0% hidden)
Find Density Fit Teonsers in MF object
Integrals will be built by DF Tensors
Calculating Effective Active Space One-electron Integrals
*** Correlation Space Size ***
N Occupied Orbitals: 30
N Active Orbitals:   152
Build effective h0 and h1 time: 18.643399 s
Composing CDERIs from DF
Build CDERI in cLAS time: 8.311263 s
Raw CDERI in LAS shape: (3912, 11628)
Compress CDERI 2 Chol: 1e-05
Compress CDERI time: 2.055823 s
Finished calculating Integrals
LAS Cholesky shape: (1264, 152, 152)
AFQMC script: /u/yzhang65/myprojects/software/afqmc/afqmc/lno_afqmc/script/run_lno_afqmc_pt2ccsd.py

LNO-AFQMC Started
Hostname:     gpue08.delta.ncsa.illinois.edu
System:       Linux
Node:         gpue08.delta.ncsa.illinois.edu
Release:      5.14.0-570.131.1.el9_6.x86_64
Machine:      x86_64
Processor:    x86_64
JAX backend:  GPU
JAX devices:  [CudaDevice(id=0)]
Device kind:  NVIDIA H200
Platform:     gpu

QMC Parameters
eql_time        -         30
n_prop_steps    -         50
n_blocks        -        840
n_walkers       -        300
max_memory      -     100000
mix_precision   -       True
seed            -        605
walker_type     -        rhf
trial           - pt2ccsd_sto_chol
chol_cost_ratio -        0.2
max_error       -    7.2e-05
dt              -      0.005
n_exp_terms     -          6
n_batch         -          1
nchol_chunk     -        100
free_projection -      False

QMC System
Number of Occ. Orbitals:      30
Number of Act. Orbitals:      152
Number of Chol. Vectors:      1264
Mean-Field Energy:            -1832.00523770
Maximum memory per walker:            333.33 MB
Maximum number of Cholesky per chunk: 945
Number of Cholesky chunks:            2
Number of Cholesky per chunk:         632
Number of padding Cholesky:           0
Trial:   pt2ccsd_sto_chol(norb=152, nelec=(30, 30), n_batch=1, nchol_chunk=632, mix_precision=True, n_chol_head=0, head_chol_ratio=None, n_chol_samples=None, chol_cost_ratio=0.2, head_sample_ratio=3.0, chol_score_floor=1e-06, chol_uniform_mix=0.01, head_from_guide=False)
Sampler: sampler_pt2_sto_chol(n_prop_steps=50, n_blocks=840, n_chol=1264, frozen_vir=0)

Initalize QMC walkers by HF

Equilibration
Initial Orbital energy: -0.11999
inv_T  nodes      weight      energy     error   runTime
 0.00      0   300.00000  -1832.00417   0.00000     35.28
 3.00      0   306.93392  -1833.28895   0.02402     43.13
 6.00      0   301.49899  -1833.31723   0.02582     46.21
 9.00      0   298.47236  -1833.29349   0.02231     48.64
12.00      0   297.93875  -1833.30281   0.02427     50.97
15.00      0   299.36079  -1833.40963   0.02736     53.17
18.00      0   298.37685  -1833.33643   0.02428     55.38
21.00      0   298.38684  -1833.32879   0.02720     57.59
24.00      0   298.09608  -1833.31773   0.02346     59.81
27.00      0   298.48890  -1833.38372   0.03935     62.02
30.00      0   298.13438  -1833.30300   0.02275     64.23

Sampling Blocks
Target Final Error ~ 0.000072
   N  nodes      weight      E(Guide)     Error     weightp    E_frag     Error      Time
  20      0   298.51967   -1833.32238   0.00641   302.41244  -0.12635   0.00030     78.01
  40      0   300.09178   -1833.32868   0.00432   302.52283  -0.12675   0.00036     85.68
  60      0   297.86887   -1833.32776   0.00353   302.41073  -0.12637   0.00026     92.99
  80      0   299.58458   -1833.32618   0.00343   302.49638  -0.12626   0.00020    100.34
 100      0   299.00256   -1833.32846   0.00301   302.45026  -0.12639   0.00018    107.81
 120      0   299.15335   -1833.32349   0.00285   302.45385  -0.12626   0.00016    115.14
 140      0   298.89223   -1833.32355   0.00259   302.49576  -0.12623   0.00014    122.47
 160      0   297.58124   -1833.32621   0.00240   302.46379  -0.12629   0.00013    129.81
 180      0   297.16976   -1833.32925   0.00239   302.44611  -0.12635   0.00013    137.29
 200      0   297.93202   -1833.32859   0.00223   302.43321  -0.12624   0.00012    144.61
 220      0   298.80570   -1833.32846   0.00207   302.48748  -0.12620   0.00012    151.93
 240      0   297.88442   -1833.32965   0.00197   302.47322  -0.12625   0.00011    159.26
 260      0   299.36692   -1833.32999   0.00188   302.42868  -0.12623   0.00010    166.73
 280      0   297.25917   -1833.33043   0.00186   302.42667  -0.12623   0.00010    174.06
 300      0   298.03768   -1833.33052   0.00180   302.43280  -0.12623   0.00009    181.38
 320      0   297.90942   -1833.33158   0.00176   302.43647  -0.12625   0.00009    188.71
 340      0   298.46523   -1833.33207   0.00172   302.42913  -0.12624   0.00009    196.20
 360      0   298.87388   -1833.33211   0.00167   302.42594  -0.12626   0.00008    203.53
 380      0   298.43470   -1833.33213   0.00161   302.42573  -0.12625   0.00008    210.88
 400      0   298.55272   -1833.33172   0.00156   302.43484  -0.12624   0.00008    218.20
 420      0   298.05012   -1833.33189   0.00151   302.44189  -0.12626   0.00008    225.67
 440      0   299.35177   -1833.33164   0.00146   302.43458  -0.12624   0.00008    233.01
 460      0   299.68129   -1833.33202   0.00141   302.45123  -0.12625   0.00008    240.34
 480      0   299.45739   -1833.33164   0.00138   302.45086  -0.12624   0.00008    247.67
 500      0   298.59981   -1833.33177   0.00135   302.45469  -0.12624   0.00007    255.16
 520      0   297.84342   -1833.33197   0.00133   302.45578  -0.12622   0.00007    262.51
 540      0   298.19080   -1833.33175   0.00129   302.46435  -0.12621   0.00007    269.83
 560      0   298.75754   -1833.33125   0.00126   302.46563  -0.12619   0.00007    277.17
 580      0   297.14150   -1833.33132   0.00123   302.45530  -0.12619   0.00006    284.64
 600      0   298.36568   -1833.33140   0.00121   302.45292  -0.12618   0.00006    291.99
 620      0   297.38285   -1833.33126   0.00119   302.44271  -0.12620   0.00006    299.31
 640      0   298.08008   -1833.33123   0.00117   302.43069  -0.12619   0.00006    306.63
 660      0   297.72999   -1833.33116   0.00114   302.42558  -0.12620   0.00006    314.11
 680      0   298.66274   -1833.33116   0.00112   302.42358  -0.12620   0.00006    321.49
 700      0   299.15470   -1833.33098   0.00111   302.42319  -0.12619   0.00006    328.81
 720      0   299.09607   -1833.33096   0.00109   302.42616  -0.12619   0.00005    336.13
 740      0   298.33854   -1833.33076   0.00108   302.43411  -0.12619   0.00005    343.55

Post Propagation
Total number of samples 740
Remove Outliers
Remove samples outside Zeta > 30
Outlier bound [-0.16173, -0.09024]
Removed 0 Outliers
Outliers Energy []
nsample = 740, max_block_size = 37, min_nblocks = 20
   B    NB    NS  Observable     Error    dError
   1   740   740  -1833.33073   0.00108   0.00003
   2   370   740  -1833.33073   0.00136   0.00005
   3   246   738  -1833.33077   0.00156   0.00007
   4   185   740  -1833.33074   0.00165   0.00009
   5   148   740  -1833.33074   0.00176   0.00010
   6   123   738  -1833.33078   0.00180   0.00012
   7   105   735  -1833.33067   0.00187   0.00013
   8    92   736  -1833.33072   0.00192   0.00014
   9    82   738  -1833.33078   0.00186   0.00015
  10    74   740  -1833.33075   0.00195   0.00016
  11    67   737  -1833.33077   0.00192   0.00017
  12    61   732  -1833.33056   0.00200   0.00018
  13    56   728  -1833.33047   0.00200   0.00019
  14    52   728  -1833.33047   0.00214   0.00021
  15    49   735  -1833.33068   0.00178   0.00018
  16    46   736  -1833.33072   0.00192   0.00020
  17    43   731  -1833.33052   0.00196   0.00021
  18    41   738  -1833.33078   0.00196   0.00022
  19    38   722  -1833.33088   0.00199   0.00023
  20    37   740  -1833.33076   0.00157   0.00019
  21    35   735  -1833.33068   0.00172   0.00021
  22    33   726  -1833.33055   0.00191   0.00024
  23    32   736  -1833.33072   0.00184   0.00023
  24    30   720  -1833.33096   0.00212   0.00028
  25    29   725  -1833.33063   0.00223   0.00030
  26    28   728  -1833.33048   0.00199   0.00027
  27    27   729  -1833.33049   0.00176   0.00024
  28    26   728  -1833.33048   0.00196   0.00028
  29    25   725  -1833.33063   0.00164   0.00024
  30    24   720  -1833.33096   0.00170   0.00025
  31    23   713  -1833.33095   0.00192   0.00029
  32    23   736  -1833.33072   0.00184   0.00028
  33    22   726  -1833.33055   0.00210   0.00032
  34    21   714  -1833.33095   0.00190   0.00030
  35    21   735  -1833.33068   0.00174   0.00027
  36    20   720  -1833.33096   0.00175   0.00028
  37    20   740  -1833.33076   0.00157   0.00025
Fit (variance): plateau_var = 3.519e-06 ± 1.544e-07
Fit (error):    plateau = 0.00188 ± 0.00004
     autocorrelation length ~ 2.6 blocks
     plateau reached at block size ~ 13
nsample = 740, max_block_size = 37, min_nblocks = 20
Blk_SZ   NBlk   NSmp      Energy     Error    dError
     1    740    740    -0.12616   0.00005   0.00000
     2    370    740    -0.12616   0.00006   0.00000
     3    246    738    -0.12616   0.00007   0.00000
     4    185    740    -0.12617   0.00007   0.00000
     5    148    740    -0.12617   0.00007   0.00000
     6    123    738    -0.12617   0.00007   0.00000
     7    105    735    -0.12617   0.00008   0.00001
     8     92    736    -0.12618   0.00007   0.00001
     9     82    738    -0.12618   0.00008   0.00001
    10     74    740    -0.12618   0.00007   0.00001
    11     67    737    -0.12618   0.00007   0.00001
    12     61    732    -0.12618   0.00008   0.00001
    13     56    728    -0.12618   0.00007   0.00001
    14     52    728    -0.12617   0.00008   0.00001
    15     49    735    -0.12618   0.00007   0.00001
    16     46    736    -0.12618   0.00006   0.00001
    17     43    731    -0.12618   0.00007   0.00001
    18     41    738    -0.12618   0.00007   0.00001
    19     38    722    -0.12618   0.00006   0.00001
    20     37    740    -0.12619   0.00007   0.00001
    21     35    735    -0.12619   0.00007   0.00001
    22     33    726    -0.12618   0.00007   0.00001
    23     32    736    -0.12619   0.00006   0.00001
    24     30    720    -0.12619   0.00007   0.00001
    25     29    725    -0.12618   0.00006   0.00001
    26     28    728    -0.12618   0.00006   0.00001
    27     27    729    -0.12618   0.00005   0.00001
    28     26    728    -0.12618   0.00008   0.00001
    29     25    725    -0.12618   0.00006   0.00001
    30     24    720    -0.12619   0.00006   0.00001
    31     23    713    -0.12618   0.00006   0.00001
    32     23    736    -0.12619   0.00006   0.00001
    33     22    726    -0.12618   0.00007   0.00001
    34     21    714    -0.12618   0.00005   0.00001
    35     21    735    -0.12619   0.00007   0.00001
    36     20    720    -0.12619   0.00007   0.00001
    37     20    740    -0.12619   0.00006   0.00001
Fit (variance): plateau_var = 4.64655e-09 ± 1.68136e-10
Fit (error):    plateau = 0.00007 ± 0.00000
     autocorrelation length ~ 1.0 blocks
     plateau reached at block size ~ 5
Final AFQMC/HF Guiding Energy:      -1833.3308 +/- 0.0019
Final AFQMC/pt2CCSD Orbital Energy: -0.12619 +/- 0.00007
<t1> = weightp/weight = 1.01335
Total run time: 343.56

AFQMC Sampling Finished

LNO-Integral time (s):    30.32
LNO-AFQMC time (s):       348.88


======================== LNO-FRAGMENT [C37] 26/(48,48) =========================
Fragment Num.  26
Fragment Idx.  26
Fragment Name  C37
LNO THRESHOLD  [0.00030000000000000003, 3e-05]
PySCF Threads  12
LNO-LAS: 30/156 Occ | 122/636 Vir | 152/792 MOs
LNO-MP2 Fragment Energy:  -0.12057680
LNO-CCSD Fragment Energy: -0.12020398
LNO-CPU time (s):         89.05 (LAS 20.68 | MP2 16.60 | CCSD 51.77)
LNO-CPU wait time (s):    0.00 (100.0% hidden)
Find Density Fit Teonsers in MF object
Integrals will be built by DF Tensors
Calculating Effective Active Space One-electron Integrals
*** Correlation Space Size ***
N Occupied Orbitals: 30
N Active Orbitals:   152
Build effective h0 and h1 time: 22.650336 s
Composing CDERIs from DF
Build CDERI in cLAS time: 8.205169 s
Raw CDERI in LAS shape: (3912, 11628)
Compress CDERI 2 Chol: 1e-05
Compress CDERI time: 2.358167 s
Finished calculating Integrals
LAS Cholesky shape: (1253, 152, 152)
AFQMC script: /u/yzhang65/myprojects/software/afqmc/afqmc/lno_afqmc/script/run_lno_afqmc_pt2ccsd.py

LNO-AFQMC Started
Hostname:     gpue08.delta.ncsa.illinois.edu
System:       Linux
Node:         gpue08.delta.ncsa.illinois.edu
Release:      5.14.0-570.131.1.el9_6.x86_64
Machine:      x86_64
Processor:    x86_64
JAX backend:  GPU
JAX devices:  [CudaDevice(id=0)]
Device kind:  NVIDIA H200
Platform:     gpu

QMC Parameters
eql_time        -         30
n_prop_steps    -         50
n_blocks        -        840
n_walkers       -        300
max_memory      -     100000
mix_precision   -       True
seed            -       3545
walker_type     -        rhf
trial           - pt2ccsd_sto_chol
chol_cost_ratio -        0.2
max_error       -    7.2e-05
dt              -      0.005
n_exp_terms     -          6
n_batch         -          1
nchol_chunk     -        100
free_projection -      False

QMC System
Number of Occ. Orbitals:      30
Number of Act. Orbitals:      152
Number of Chol. Vectors:      1253
Mean-Field Energy:            -1832.00523770
Maximum memory per walker:            333.33 MB
Maximum number of Cholesky per chunk: 945
Number of Cholesky chunks:            2
Number of Cholesky per chunk:         627
Number of padding Cholesky:           1
Trial:   pt2ccsd_sto_chol(norb=152, nelec=(30, 30), n_batch=1, nchol_chunk=627, mix_precision=True, n_chol_head=0, head_chol_ratio=None, n_chol_samples=None, chol_cost_ratio=0.2, head_sample_ratio=3.0, chol_score_floor=1e-06, chol_uniform_mix=0.01, head_from_guide=False)
Sampler: sampler_pt2_sto_chol(n_prop_steps=50, n_blocks=840, n_chol=1253, frozen_vir=0)

Initalize QMC walkers by HF

Equilibration
Initial Orbital energy: -0.12022
inv_T  nodes      weight      energy     error   runTime
 0.00      0   300.00000  -1832.00413   0.00000     30.81
 3.00      0   306.73577  -1833.30674   0.02298     38.36
 6.00      0   300.14505  -1833.31079   0.02416     40.67
 9.00      0   298.94619  -1833.28927   0.02317     42.97
12.00      0   298.18717  -1833.30525   0.02382     45.24
15.00      0   298.13482  -1833.30218   0.02332     48.03
18.00      0   297.94444  -1833.32698   0.02342     50.41
21.00      0   297.80175  -1833.32793   0.02503     52.73
24.00      0   298.44453  -1833.36069   0.02375     54.99
27.00      0   298.08184  -1833.34148   0.02574     57.25
30.00      0   298.39036  -1833.34349   0.02413     59.51

Sampling Blocks
Target Final Error ~ 0.000072
   N  nodes      weight      E(Guide)     Error     weightp    E_frag     Error      Time
  20      0   298.40110   -1833.33299   0.00568   302.82122  -0.12697   0.00026     73.17
  40      0   298.03343   -1833.33000   0.00389   302.76715  -0.12672   0.00021     80.98
  60      0   299.45929   -1833.32649   0.00364   302.80828  -0.12672   0.00017     88.39
  80      0   298.31371   -1833.32495   0.00313   302.72014  -0.12660   0.00015     95.80
 100      0   298.90815   -1833.31938   0.00292   302.63076  -0.12654   0.00013    103.20
 120      0   298.45316   -1833.32007   0.00257   302.64076  -0.12642   0.00012    110.74
 140      0   298.31280   -1833.32068   0.00232   302.65472  -0.12643   0.00011    118.17
 160      0   298.86702   -1833.32387   0.00227   302.63529  -0.12640   0.00010    125.57
 180      0   298.43879   -1833.32168   0.00212   302.57613  -0.12636   0.00009    132.97
 200      0   299.20009   -1833.32355   0.00201   302.59079  -0.12639   0.00008    140.51
 220      0   297.45406   -1833.32450   0.00189   302.58249  -0.12643   0.00008    147.92
 240      0   298.31096   -1833.32394   0.00177   302.60782  -0.12646   0.00008    155.34
 260      0   296.94320   -1833.32429   0.00169   302.61321  -0.12650   0.00008    162.75
 280      0   298.48242   -1833.32433   0.00162   302.60786  -0.12653   0.00008    170.29
 300      0   297.95718   -1833.32530   0.00156   302.60443  -0.12651   0.00007    177.71
 320      0   297.74136   -1833.32608   0.00155   302.61935  -0.12649   0.00007    185.10
 340      0   298.65236   -1833.32569   0.00148   302.60933  -0.12646   0.00007    192.50
 360      0   298.03007   -1833.32560   0.00142   302.61817  -0.12647   0.00007    200.04
 380      0   298.31623   -1833.32533   0.00137   302.61913  -0.12648   0.00007    207.48
 400      0   297.84931   -1833.32568   0.00135   302.61406  -0.12654   0.00007    214.88
 420      0   298.40618   -1833.32657   0.00135   302.63087  -0.12656   0.00007    222.29
 440      0   298.27511   -1833.32677   0.00133   302.62532  -0.12656   0.00006    229.78
 460      0   298.58734   -1833.32826   0.00135   302.62935  -0.12658   0.00006    237.24
 480      0   297.96139   -1833.32796   0.00130   302.62239  -0.12657   0.00006    244.65
 500      0   298.45588   -1833.32814   0.00129   302.61086  -0.12659   0.00006    252.05
 520      0   298.04711   -1833.32847   0.00126   302.61821  -0.12658   0.00006    259.55
 540      0   297.03351   -1833.32806   0.00122   302.61943  -0.12659   0.00006    266.99
 560      0   297.95459   -1833.32816   0.00119   302.62179  -0.12658   0.00006    274.39
 580      0   299.20724   -1833.32820   0.00117   302.62047  -0.12657   0.00005    281.80

Post Propagation
Total number of samples 580
Remove Outliers
Remove samples outside Zeta > 30
Outlier bound [-0.15919, -0.09353]
Removed 0 Outliers
Outliers Energy []
nsample = 580, max_block_size = 29, min_nblocks = 20
   B    NB    NS  Observable     Error    dError
   1   580   580  -1833.32817   0.00117   0.00003
   2   290   580  -1833.32817   0.00147   0.00006
   3   193   579  -1833.32810   0.00166   0.00008
   4   145   580  -1833.32818   0.00181   0.00011
   5   116   580  -1833.32818   0.00192   0.00013
   6    96   576  -1833.32820   0.00190   0.00014
   7    82   574  -1833.32815   0.00195   0.00015
   8    72   576  -1833.32820   0.00194   0.00016
   9    64   576  -1833.32820   0.00201   0.00018
  10    58   580  -1833.32819   0.00217   0.00020
  11    52   572  -1833.32817   0.00214   0.00021
  12    48   576  -1833.32821   0.00201   0.00021
  13    44   572  -1833.32817   0.00198   0.00021
  14    41   574  -1833.32815   0.00210   0.00023
  15    38   570  -1833.32821   0.00193   0.00022
  16    36   576  -1833.32821   0.00216   0.00026
  17    34   578  -1833.32816   0.00215   0.00026
  18    32   576  -1833.32821   0.00223   0.00028
  19    30   570  -1833.32822   0.00184   0.00024
  20    29   580  -1833.32819   0.00232   0.00031
  21    27   567  -1833.32834   0.00211   0.00029
  22    26   572  -1833.32817   0.00215   0.00030
  23    25   575  -1833.32820   0.00238   0.00034
  24    24   576  -1833.32821   0.00204   0.00030
  25    23   575  -1833.32820   0.00201   0.00030
  26    22   572  -1833.32817   0.00226   0.00035
  27    21   567  -1833.32835   0.00240   0.00038
  28    20   560  -1833.32816   0.00184   0.00030
  29    20   580  -1833.32820   0.00194   0.00031
Fit (variance): plateau_var = 4.301e-06 ± 2.474e-07
Fit (error):    plateau = 0.00207 ± 0.00006
     autocorrelation length ~ 3.1 blocks
     plateau reached at block size ~ 14
nsample = 580, max_block_size = 29, min_nblocks = 20
Blk_SZ   NBlk   NSmp      Energy     Error    dError
     1    580    580    -0.12654   0.00005   0.00000
     2    290    580    -0.12655   0.00006   0.00000
     3    193    579    -0.12656   0.00007   0.00000
     4    145    580    -0.12656   0.00007   0.00000
     5    116    580    -0.12656   0.00008   0.00000
     6     96    576    -0.12657   0.00008   0.00001
     7     82    574    -0.12657   0.00008   0.00001
     8     72    576    -0.12657   0.00007   0.00001
     9     64    576    -0.12657   0.00008   0.00001
    10     58    580    -0.12657   0.00007   0.00001
    11     52    572    -0.12657   0.00008   0.00001
    12     48    576    -0.12657   0.00007   0.00001
    13     44    572    -0.12657   0.00008   0.00001
    14     41    574    -0.12657   0.00007   0.00001
    15     38    570    -0.12658   0.00008   0.00001
    16     36    576    -0.12657   0.00008   0.00001
    17     34    578    -0.12657   0.00008   0.00001
    18     32    576    -0.12657   0.00008   0.00001
    19     30    570    -0.12658   0.00008   0.00001
    20     29    580    -0.12657   0.00007   0.00001
    21     27    567    -0.12658   0.00009   0.00001
    22     26    572    -0.12657   0.00009   0.00001
    23     25    575    -0.12657   0.00008   0.00001
    24     24    576    -0.12657   0.00008   0.00001
    25     23    575    -0.12658   0.00009   0.00001
    26     22    572    -0.12658   0.00008   0.00001
    27     21    567    -0.12658   0.00008   0.00001
    28     20    560    -0.12658   0.00008   0.00001
    29     20    580    -0.12657   0.00009   0.00002
Fit (variance): plateau_var = 6.10270e-09 ± 3.25205e-10
Fit (error):    plateau = 0.00008 ± 0.00000
     autocorrelation length ~ 2.4 blocks
     plateau reached at block size ~ 11
Final AFQMC/HF Guiding Energy:      -1833.3282 +/- 0.0021
Final AFQMC/pt2CCSD Orbital Energy: -0.12657 +/- 0.00008
<t1> = weightp/weight = 1.01401
Total run time: 281.81

AFQMC Sampling Finished

LNO-Integral time (s):    34.69
LNO-AFQMC time (s):       287.09


======================== LNO-FRAGMENT [C38] 27/(48,48) =========================
Fragment Num.  27
Fragment Idx.  27
Fragment Name  C38
LNO THRESHOLD  [0.00030000000000000003, 3e-05]
PySCF Threads  12
LNO-LAS: 30/156 Occ | 121/636 Vir | 151/792 MOs
LNO-MP2 Fragment Energy:  -0.12022596
LNO-CCSD Fragment Energy: -0.11989478
LNO-CPU time (s):         85.71 (LAS 20.03 | MP2 10.51 | CCSD 55.16)
LNO-CPU wait time (s):    0.00 (100.0% hidden)
Find Density Fit Teonsers in MF object
Integrals will be built by DF Tensors
Calculating Effective Active Space One-electron Integrals
*** Correlation Space Size ***
N Occupied Orbitals: 30
N Active Orbitals:   151
Build effective h0 and h1 time: 17.952779 s
Composing CDERIs from DF
Build CDERI in cLAS time: 8.047244 s
Raw CDERI in LAS shape: (3912, 11476)
Compress CDERI 2 Chol: 1e-05
Compress CDERI time: 2.000132 s
Finished calculating Integrals
LAS Cholesky shape: (1241, 151, 151)
AFQMC script: /u/yzhang65/myprojects/software/afqmc/afqmc/lno_afqmc/script/run_lno_afqmc_pt2ccsd.py

LNO-AFQMC Started
Hostname:     gpue08.delta.ncsa.illinois.edu
System:       Linux
Node:         gpue08.delta.ncsa.illinois.edu
Release:      5.14.0-570.131.1.el9_6.x86_64
Machine:      x86_64
Processor:    x86_64
JAX backend:  GPU
JAX devices:  [CudaDevice(id=0)]
Device kind:  NVIDIA H200
Platform:     gpu

QMC Parameters
eql_time        -         30
n_prop_steps    -         50
n_blocks        -        840
n_walkers       -        300
max_memory      -     100000
mix_precision   -       True
seed            -       1567
walker_type     -        rhf
trial           - pt2ccsd_sto_chol
chol_cost_ratio -        0.2
max_error       -    7.2e-05
dt              -      0.005
n_exp_terms     -          6
n_batch         -          1
nchol_chunk     -        100
free_projection -      False

QMC System
Number of Occ. Orbitals:      30
Number of Act. Orbitals:      151
Number of Chol. Vectors:      1241
Mean-Field Energy:            -1832.00523770
Maximum memory per walker:            333.33 MB
Maximum number of Cholesky per chunk: 958
Number of Cholesky chunks:            2
Number of Cholesky per chunk:         621
Number of padding Cholesky:           1
Trial:   pt2ccsd_sto_chol(norb=151, nelec=(30, 30), n_batch=1, nchol_chunk=621, mix_precision=True, n_chol_head=0, head_chol_ratio=None, n_chol_samples=None, chol_cost_ratio=0.2, head_sample_ratio=3.0, chol_score_floor=1e-06, chol_uniform_mix=0.01, head_from_guide=False)
Sampler: sampler_pt2_sto_chol(n_prop_steps=50, n_blocks=840, n_chol=1241, frozen_vir=0)

Initalize QMC walkers by HF

Equilibration
Initial Orbital energy: -0.11992
inv_T  nodes      weight      energy     error   runTime
 0.00      0   300.00000  -1832.00424   0.00000     31.76
 3.00      0   305.81389  -1833.27291   0.02133     39.39
 6.00      0   300.47170  -1833.31350   0.02665     41.78
 9.00      0   298.83934  -1833.27480   0.02238     44.28
12.00      0   299.12113  -1833.35807   0.02760     46.58
15.00      0   298.34988  -1833.39039   0.02519     48.89
18.00      0   298.00054  -1833.27947   0.02169     51.18
21.00      0   298.91997  -1833.31189   0.02453     53.49
24.00      0   299.07303  -1833.32772   0.02575     55.83
27.00      0   298.72437  -1833.32579   0.02523     58.25
30.00      0   298.15765  -1833.33649   0.02575     60.67

Sampling Blocks
Target Final Error ~ 0.000072
   N  nodes      weight      E(Guide)     Error     weightp    E_frag     Error      Time
  20      0   297.88508   -1833.32825   0.00582   302.33355  -0.12597   0.00025     74.58
  40      0   298.41817   -1833.32111   0.00390   302.29869  -0.12577   0.00017     82.51
  60      0   298.40221   -1833.31911   0.00316   302.39130  -0.12572   0.00015     90.09
  80      0   298.30477   -1833.32369   0.00275   302.40700  -0.12595   0.00016     97.59
 100      0   297.90342   -1833.32644   0.00256   302.40318  -0.12614   0.00014    105.05
 120      0   298.38316   -1833.32632   0.00229   302.41731  -0.12611   0.00013    112.51
 140      0   298.17384   -1833.32721   0.00211   302.37207  -0.12602   0.00011    120.09
 160      0   297.91199   -1833.32740   0.00193   302.38384  -0.12604   0.00011    127.56
 180      0   298.58925   -1833.32857   0.00182   302.37289  -0.12614   0.00011    135.02
 200      0   298.39157   -1833.32843   0.00173   302.36430  -0.12617   0.00010    142.48
 220      0   298.25107   -1833.32665   0.00170   302.40340  -0.12612   0.00010    150.04
 240      0   299.07072   -1833.32665   0.00162   302.44000  -0.12612   0.00009    157.52
 260      0   299.42191   -1833.32624   0.00156   302.43993  -0.12615   0.00009    164.98
 280      0   299.24881   -1833.32634   0.00152   302.46552  -0.12615   0.00008    172.43
 300      0   298.88515   -1833.32714   0.00147   302.47404  -0.12620   0.00008    180.03
 320      0   298.66534   -1833.32843   0.00147   302.45323  -0.12620   0.00008    187.53
 340      0   298.01871   -1833.32910   0.00144   302.43917  -0.12621   0.00007    195.00
 360      0   298.09949   -1833.32829   0.00139   302.43484  -0.12619   0.00007    202.46
 380      0   298.15606   -1833.32908   0.00136   302.43254  -0.12624   0.00007    210.05
 400      0   298.20180   -1833.32855   0.00131   302.42010  -0.12623   0.00007    217.54
 420      0   298.39955   -1833.32879   0.00127   302.41714  -0.12623   0.00007    225.01
 440      0   298.95785   -1833.32885   0.00123   302.39809  -0.12623   0.00007    232.47
 460      0   299.02415   -1833.32892   0.00121   302.38913  -0.12625   0.00006    240.05
 480      0   299.34973   -1833.32929   0.00119   302.38172  -0.12627   0.00006    247.56
 500      0   299.17653   -1833.32934   0.00117   302.37999  -0.12625   0.00006    255.03
 520      0   299.07097   -1833.33048   0.00117   302.39079  -0.12628   0.00006    262.49
 540      0   298.40552   -1833.33082   0.00115   302.39082  -0.12628   0.00006    270.08
 560      0   297.83193   -1833.33017   0.00112   302.39010  -0.12627   0.00006    277.57
 580      0   298.81237   -1833.32985   0.00110   302.39711  -0.12628   0.00006    285.03
 600      0   298.07627   -1833.32996   0.00108   302.40262  -0.12627   0.00006    292.49
 620      0   298.21022   -1833.32974   0.00106   302.40199  -0.12626   0.00006    300.09
 640      0   298.80363   -1833.32961   0.00105   302.41397  -0.12627   0.00006    307.59
 660      0   297.84238   -1833.32913   0.00105   302.41730  -0.12628   0.00005    315.07

Post Propagation
Total number of samples 660
Remove Outliers
Remove samples outside Zeta > 30
Outlier bound [-0.16363, -0.08851]
Removed 0 Outliers
Outliers Energy []
nsample = 660, max_block_size = 33, min_nblocks = 20
   B    NB    NS  Observable     Error    dError
   1   660   660  -1833.32910   0.00105   0.00003
   2   330   660  -1833.32911   0.00131   0.00005
   3   220   660  -1833.32911   0.00148   0.00007
   4   165   660  -1833.32911   0.00157   0.00009
   5   132   660  -1833.32912   0.00164   0.00010
   6   110   660  -1833.32912   0.00169   0.00011
   7    94   658  -1833.32924   0.00174   0.00013
   8    82   656  -1833.32931   0.00176   0.00014
   9    73   657  -1833.32930   0.00179   0.00015
  10    66   660  -1833.32912   0.00183   0.00016
  11    60   660  -1833.32912   0.00190   0.00017
  12    55   660  -1833.32912   0.00191   0.00018
  13    50   650  -1833.32931   0.00193   0.00020
  14    47   658  -1833.32924   0.00176   0.00018
  15    44   660  -1833.32912   0.00213   0.00023
  16    41   656  -1833.32931   0.00195   0.00022
  17    38   646  -1833.32960   0.00192   0.00022
  18    36   648  -1833.32944   0.00198   0.00024
  19    34   646  -1833.32960   0.00182   0.00022
  20    33   660  -1833.32912   0.00194   0.00024
  21    31   651  -1833.32925   0.00194   0.00025
  22    30   660  -1833.32912   0.00173   0.00023
  23    28   644  -1833.32968   0.00176   0.00024
  24    27   648  -1833.32944   0.00195   0.00027
  25    26   650  -1833.32931   0.00209   0.00030
  26    25   650  -1833.32931   0.00193   0.00028
  27    24   648  -1833.32944   0.00209   0.00031
  28    23   644  -1833.32968   0.00195   0.00029
  29    22   638  -1833.32949   0.00209   0.00032
  30    22   660  -1833.32913   0.00220   0.00034
  31    21   651  -1833.32925   0.00208   0.00033
  32    20   640  -1833.32961   0.00195   0.00032
  33    20   660  -1833.32913   0.00205   0.00033
Fit (variance): plateau_var = 3.718e-06 ± 2.154e-07
Fit (error):    plateau = 0.00193 ± 0.00006
     autocorrelation length ~ 4.1 blocks
     plateau reached at block size ~ 19
nsample = 660, max_block_size = 33, min_nblocks = 20
Blk_SZ   NBlk   NSmp      Energy     Error    dError
     1    660    660    -0.12625   0.00005   0.00000
     2    330    660    -0.12625   0.00006   0.00000
     3    220    660    -0.12626   0.00007   0.00000
     4    165    660    -0.12626   0.00007   0.00000
     5    132    660    -0.12626   0.00008   0.00000
     6    110    660    -0.12626   0.00007   0.00000
     7     94    658    -0.12627   0.00008   0.00001
     8     82    656    -0.12627   0.00007   0.00001
     9     73    657    -0.12627   0.00008   0.00001
    10     66    660    -0.12627   0.00008   0.00001
    11     60    660    -0.12627   0.00008   0.00001
    12     55    660    -0.12627   0.00008   0.00001
    13     50    650    -0.12627   0.00008   0.00001
    14     47    658    -0.12627   0.00008   0.00001
    15     44    660    -0.12627   0.00008   0.00001
    16     41    656    -0.12627   0.00009   0.00001
    17     38    646    -0.12628   0.00007   0.00001
    18     36    648    -0.12627   0.00008   0.00001
    19     34    646    -0.12628   0.00008   0.00001
    20     33    660    -0.12627   0.00008   0.00001
    21     31    651    -0.12627   0.00008   0.00001
    22     30    660    -0.12627   0.00007   0.00001
    23     28    644    -0.12628   0.00008   0.00001
    24     27    648    -0.12627   0.00008   0.00001
    25     26    650    -0.12627   0.00009   0.00001
    26     25    650    -0.12627   0.00009   0.00001
    27     24    648    -0.12627   0.00007   0.00001
    28     23    644    -0.12628   0.00009   0.00001
    29     22    638    -0.12626   0.00008   0.00001
    30     22    660    -0.12627   0.00009   0.00001
    31     21    651    -0.12627   0.00008   0.00001
    32     20    640    -0.12627   0.00009   0.00001
    33     20    660    -0.12627   0.00008   0.00001
Fit (variance): plateau_var = 6.17013e-09 ± 3.14695e-10
Fit (error):    plateau = 0.00008 ± 0.00000
     autocorrelation length ~ 2.8 blocks
     plateau reached at block size ~ 13
Final AFQMC/HF Guiding Energy:      -1833.3291 +/- 0.0019
Final AFQMC/pt2CCSD Orbital Energy: -0.12628 +/- 0.00008
<t1> = weightp/weight = 1.01333
Total run time: 315.07

AFQMC Sampling Finished

LNO-Integral time (s):    29.48
LNO-AFQMC time (s):       323.62


======================== LNO-FRAGMENT [C39] 28/(48,48) =========================
Fragment Num.  28
Fragment Idx.  28
Fragment Name  C39
LNO THRESHOLD  [0.00030000000000000003, 3e-05]
PySCF Threads  12
LNO-LAS: 30/156 Occ | 122/636 Vir | 152/792 MOs
LNO-MP2 Fragment Energy:  -0.12057680
LNO-CCSD Fragment Energy: -0.12020398
LNO-CPU time (s):         87.13 (LAS 20.69 | MP2 9.41 | CCSD 57.02)
LNO-CPU wait time (s):    0.00 (100.0% hidden)
Find Density Fit Teonsers in MF object
Integrals will be built by DF Tensors
Calculating Effective Active Space One-electron Integrals
*** Correlation Space Size ***
N Occupied Orbitals: 30
N Active Orbitals:   152
Build effective h0 and h1 time: 15.866961 s
Composing CDERIs from DF
Build CDERI in cLAS time: 6.275696 s
Raw CDERI in LAS shape: (3912, 11628)
Compress CDERI 2 Chol: 1e-05
Compress CDERI time: 2.333349 s
Finished calculating Integrals
LAS Cholesky shape: (1253, 152, 152)
AFQMC script: /u/yzhang65/myprojects/software/afqmc/afqmc/lno_afqmc/script/run_lno_afqmc_pt2ccsd.py

LNO-AFQMC Started
Hostname:     gpue08.delta.ncsa.illinois.edu
System:       Linux
Node:         gpue08.delta.ncsa.illinois.edu
Release:      5.14.0-570.131.1.el9_6.x86_64
Machine:      x86_64
Processor:    x86_64
JAX backend:  GPU
JAX devices:  [CudaDevice(id=0)]
Device kind:  NVIDIA H200
Platform:     gpu

QMC Parameters
eql_time        -         30
n_prop_steps    -         50
n_blocks        -        840
n_walkers       -        300
max_memory      -     100000
mix_precision   -       True
seed            -       3904
walker_type     -        rhf
trial           - pt2ccsd_sto_chol
chol_cost_ratio -        0.2
max_error       -    7.2e-05
dt              -      0.005
n_exp_terms     -          6
n_batch         -          1
nchol_chunk     -        100
free_projection -      False

QMC System
Number of Occ. Orbitals:      30
Number of Act. Orbitals:      152
Number of Chol. Vectors:      1253
Mean-Field Energy:            -1832.00523770
Maximum memory per walker:            333.33 MB
Maximum number of Cholesky per chunk: 945
Number of Cholesky chunks:            2
Number of Cholesky per chunk:         627
Number of padding Cholesky:           1
Trial:   pt2ccsd_sto_chol(norb=152, nelec=(30, 30), n_batch=1, nchol_chunk=627, mix_precision=True, n_chol_head=0, head_chol_ratio=None, n_chol_samples=None, chol_cost_ratio=0.2, head_sample_ratio=3.0, chol_score_floor=1e-06, chol_uniform_mix=0.01, head_from_guide=False)
Sampler: sampler_pt2_sto_chol(n_prop_steps=50, n_blocks=840, n_chol=1253, frozen_vir=0)

Initalize QMC walkers by HF

Equilibration
Initial Orbital energy: -0.12022
inv_T  nodes      weight      energy     error   runTime
 0.00      0   300.00000  -1832.00413   0.00000     29.25
 3.00      0   306.12256  -1833.26288   0.02302     36.92
 6.00      0   300.58385  -1833.30828   0.02602     40.02
 9.00      0   298.89476  -1833.29289   0.02403     42.32
12.00      0   298.88587  -1833.37151   0.02862     44.67
15.00      0   296.96947  -1833.30786   0.02332     47.16
18.00      0   298.60068  -1833.36007   0.02588     49.45
21.00      0   297.59478  -1833.33097   0.02150     51.97
24.00      0   298.08187  -1833.32477   0.02488     54.49
27.00      0   297.84457  -1833.26970   0.02217     56.92
30.00      0   298.14074  -1833.28065   0.02447     59.27

Sampling Blocks
Target Final Error ~ 0.000072
   N  nodes      weight      E(Guide)     Error     weightp    E_frag     Error      Time
  20      0   298.23488   -1833.31602   0.00685   303.09800  -0.12587   0.00025     73.48
  40      0   298.02963   -1833.33798   0.00567   303.07620  -0.12606   0.00016     81.05
  60      0   298.78550   -1833.34029   0.00519   302.95823  -0.12643   0.00017     88.45
  80      0   298.31537   -1833.34269   0.00424   302.81556  -0.12645   0.00014     95.91
 100      0   298.08889   -1833.33964   0.00360   302.76991  -0.12647   0.00013    103.42
 120      0   298.85430   -1833.33963   0.00316   302.71899  -0.12641   0.00012    110.83
 140      0   298.99034   -1833.33793   0.00280   302.71638  -0.12643   0.00011    118.22
 160      0   297.92791   -1833.33779   0.00260   302.66869  -0.12651   0.00010    125.67
 180      0   298.78376   -1833.33648   0.00237   302.61347  -0.12653   0.00010    133.19
 200      0   299.75482   -1833.33749   0.00224   302.60531  -0.12655   0.00009    140.59
 220      0   298.15300   -1833.33642   0.00215   302.57159  -0.12665   0.00011    148.00
 240      0   298.76765   -1833.33667   0.00200   302.59046  -0.12666   0.00010    155.44
 260      0   298.75042   -1833.33711   0.00189   302.56126  -0.12667   0.00010    162.97
 280      0   298.97504   -1833.33714   0.00181   302.57533  -0.12667   0.00009    170.37
 300      0   298.99994   -1833.33836   0.00177   302.60682  -0.12674   0.00009    177.78
 320      0   298.16477   -1833.33911   0.00182   302.60329  -0.12675   0.00009    185.19
 340      0   299.05393   -1833.33899   0.00173   302.61395  -0.12672   0.00009    192.74
 360      0   299.10146   -1833.33806   0.00167   302.62503  -0.12671   0.00009    200.15
 380      0   298.34336   -1833.33870   0.00163   302.62262  -0.12675   0.00008    207.55
 400      0   297.24165   -1833.33862   0.00157   302.60928  -0.12675   0.00008    214.97
 420      0   299.34946   -1833.33734   0.00155   302.60150  -0.12673   0.00008    222.54
 440      0   298.47494   -1833.33700   0.00150   302.58638  -0.12673   0.00007    229.95
 460      0   299.50075   -1833.33701   0.00145   302.60873  -0.12675   0.00007    237.36
 480      0   298.02552   -1833.33682   0.00141   302.61151  -0.12675   0.00007    244.80
 500      0   298.64078   -1833.33665   0.00137   302.63993  -0.12673   0.00007    252.36
 520      0   298.99803   -1833.33624   0.00134   302.64777  -0.12671   0.00007    259.76
 540      0   298.80003   -1833.33605   0.00130   302.63871  -0.12673   0.00007    267.18
 560      0   297.84919   -1833.33587   0.00127   302.64482  -0.12671   0.00007    274.61
 580      0   297.46803   -1833.33605   0.00123   302.64800  -0.12671   0.00006    282.18
 600      0   298.99131   -1833.33597   0.00122   302.65941  -0.12672   0.00006    289.58
 620      0   297.75286   -1833.33558   0.00120   302.65437  -0.12671   0.00006    296.98
 640      0   298.57838   -1833.33520   0.00117   302.65811  -0.12670   0.00006    304.40
 660      0   298.22096   -1833.33533   0.00115   302.65860  -0.12669   0.00006    311.94
 680      0   298.58922   -1833.33590   0.00113   302.65856  -0.12666   0.00006    319.34
 700      0   298.73901   -1833.33610   0.00112   302.66020  -0.12666   0.00006    326.75
 720      0   298.62452   -1833.33617   0.00109   302.65586  -0.12666   0.00006    334.15
 740      0   298.59688   -1833.33628   0.00109   302.64527  -0.12670   0.00005    341.72
 760      0   299.25738   -1833.33617   0.00107   302.64048  -0.12669   0.00005    349.13

Post Propagation
Total number of samples 760
Remove Outliers
Remove samples outside Zeta > 30
Outlier bound [-0.16312, -0.08978]
Removed 0 Outliers
Outliers Energy []
nsample = 760, max_block_size = 38, min_nblocks = 20
   B    NB    NS  Observable     Error    dError
   1   760   760  -1833.33614   0.00107   0.00003
   2   380   760  -1833.33615   0.00133   0.00005
   3   253   759  -1833.33611   0.00149   0.00007
   4   190   760  -1833.33616   0.00158   0.00008
   5   152   760  -1833.33616   0.00170   0.00010
   6   126   756  -1833.33611   0.00174   0.00011
   7   108   756  -1833.33611   0.00179   0.00012
   8    95   760  -1833.33616   0.00184   0.00013
   9    84   756  -1833.33611   0.00181   0.00014
  10    76   760  -1833.33617   0.00191   0.00016
  11    69   759  -1833.33612   0.00175   0.00015
  12    63   756  -1833.33612   0.00188   0.00017
  13    58   754  -1833.33603   0.00192   0.00018
  14    54   756  -1833.33612   0.00182   0.00018
  15    50   750  -1833.33611   0.00193   0.00019
  16    47   752  -1833.33606   0.00198   0.00021
  17    44   748  -1833.33621   0.00203   0.00022
  18    42   756  -1833.33612   0.00188   0.00021
  19    40   760  -1833.33617   0.00193   0.00022
  20    38   760  -1833.33617   0.00176   0.00020
  21    36   756  -1833.33612   0.00194   0.00023
  22    34   748  -1833.33621   0.00211   0.00026
  23    33   759  -1833.33613   0.00193   0.00024
  24    31   744  -1833.33616   0.00188   0.00024
  25    30   750  -1833.33611   0.00188   0.00025
  26    29   754  -1833.33603   0.00198   0.00026
  27    28   756  -1833.33612   0.00176   0.00024
  28    27   756  -1833.33612   0.00194   0.00027
  29    26   754  -1833.33603   0.00181   0.00026
  30    25   750  -1833.33611   0.00187   0.00027
  31    24   744  -1833.33616   0.00157   0.00023
  32    23   736  -1833.33634   0.00159   0.00024
  33    23   759  -1833.33613   0.00179   0.00027
  34    22   748  -1833.33621   0.00160   0.00025
  35    21   735  -1833.33640   0.00167   0.00026
  36    21   756  -1833.33612   0.00184   0.00029
  37    20   740  -1833.33628   0.00161   0.00026
  38    20   760  -1833.33617   0.00181   0.00029
Fit (variance): plateau_var = 3.393e-06 ± 1.507e-07
Fit (error):    plateau = 0.00184 ± 0.00004
     autocorrelation length ~ 3.0 blocks
     plateau reached at block size ~ 14
nsample = 760, max_block_size = 38, min_nblocks = 20
Blk_SZ   NBlk   NSmp      Energy     Error    dError
     1    760    760    -0.12665   0.00005   0.00000
     2    380    760    -0.12666   0.00006   0.00000
     3    253    759    -0.12666   0.00007   0.00000
     4    190    760    -0.12667   0.00007   0.00000
     5    152    760    -0.12667   0.00007   0.00000
     6    126    756    -0.12667   0.00007   0.00000
     7    108    756    -0.12668   0.00008   0.00001
     8     95    760    -0.12667   0.00008   0.00001
     9     84    756    -0.12668   0.00008   0.00001
    10     76    760    -0.12668   0.00008   0.00001
    11     69    759    -0.12668   0.00007   0.00001
    12     63    756    -0.12668   0.00008   0.00001
    13     58    754    -0.12668   0.00008   0.00001
    14     54    756    -0.12668   0.00008   0.00001
    15     50    750    -0.12668   0.00008   0.00001
    16     47    752    -0.12668   0.00009   0.00001
    17     44    748    -0.12668   0.00009   0.00001
    18     42    756    -0.12668   0.00008   0.00001
    19     40    760    -0.12668   0.00008   0.00001
    20     38    760    -0.12668   0.00008   0.00001
    21     36    756    -0.12668   0.00009   0.00001
    22     34    748    -0.12669   0.00008   0.00001
    23     33    759    -0.12668   0.00009   0.00001
    24     31    744    -0.12669   0.00008   0.00001
    25     30    750    -0.12669   0.00008   0.00001
    26     29    754    -0.12668   0.00008   0.00001
    27     28    756    -0.12669   0.00009   0.00001
    28     27    756    -0.12669   0.00008   0.00001
    29     26    754    -0.12669   0.00007   0.00001
    30     25    750    -0.12669   0.00009   0.00001
    31     24    744    -0.12669   0.00008   0.00001
    32     23    736    -0.12669   0.00009   0.00001
    33     23    759    -0.12669   0.00008   0.00001
    34     22    748    -0.12669   0.00010   0.00001
    35     21    735    -0.12669   0.00010   0.00002
    36     21    756    -0.12669   0.00008   0.00001
    37     20    740    -0.12670   0.00008   0.00001
    38     20    760    -0.12669   0.00009   0.00001
Fit (variance): plateau_var = 6.61239e-09 ± 3.48088e-10
Fit (error):    plateau = 0.00008 ± 0.00000
     autocorrelation length ~ 4.3 blocks
     plateau reached at block size ~ 19
Final AFQMC/HF Guiding Energy:      -1833.3362 +/- 0.0018
Final AFQMC/pt2CCSD Orbital Energy: -0.12669 +/- 0.00008
<t1> = weightp/weight = 1.01399
Total run time: 349.15

AFQMC Sampling Finished

LNO-Integral time (s):    25.94
LNO-AFQMC time (s):       357.27


======================== LNO-FRAGMENT [C40] 29/(48,48) =========================
Fragment Num.  29
Fragment Idx.  29
Fragment Name  C40
LNO THRESHOLD  [0.00030000000000000003, 3e-05]
PySCF Threads  12
LNO-LAS: 30/156 Occ | 122/636 Vir | 152/792 MOs
LNO-MP2 Fragment Energy:  -0.12030115
LNO-CCSD Fragment Energy: -0.11995588
LNO-CPU time (s):         86.17 (LAS 19.72 | MP2 10.04 | CCSD 56.41)
LNO-CPU wait time (s):    0.00 (100.0% hidden)
Find Density Fit Teonsers in MF object
Integrals will be built by DF Tensors
Calculating Effective Active Space One-electron Integrals
*** Correlation Space Size ***
N Occupied Orbitals: 30
N Active Orbitals:   152
Build effective h0 and h1 time: 17.494333 s
Composing CDERIs from DF
Build CDERI in cLAS time: 7.674312 s
Raw CDERI in LAS shape: (3912, 11628)
Compress CDERI 2 Chol: 1e-05
Compress CDERI time: 1.903987 s
Finished calculating Integrals
LAS Cholesky shape: (1264, 152, 152)
AFQMC script: /u/yzhang65/myprojects/software/afqmc/afqmc/lno_afqmc/script/run_lno_afqmc_pt2ccsd.py

LNO-AFQMC Started
Hostname:     gpue08.delta.ncsa.illinois.edu
System:       Linux
Node:         gpue08.delta.ncsa.illinois.edu
Release:      5.14.0-570.131.1.el9_6.x86_64
Machine:      x86_64
Processor:    x86_64
JAX backend:  GPU
JAX devices:  [CudaDevice(id=0)]
Device kind:  NVIDIA H200
Platform:     gpu

QMC Parameters
eql_time        -         30
n_prop_steps    -         50
n_blocks        -        840
n_walkers       -        300
max_memory      -     100000
mix_precision   -       True
seed            -        480
walker_type     -        rhf
trial           - pt2ccsd_sto_chol
chol_cost_ratio -        0.2
max_error       -    7.2e-05
dt              -      0.005
n_exp_terms     -          6
n_batch         -          1
nchol_chunk     -        100
free_projection -      False

QMC System
Number of Occ. Orbitals:      30
Number of Act. Orbitals:      152
Number of Chol. Vectors:      1264
Mean-Field Energy:            -1832.00523770
Maximum memory per walker:            333.33 MB
Maximum number of Cholesky per chunk: 945
Number of Cholesky chunks:            2
Number of Cholesky per chunk:         632
Number of padding Cholesky:           0
Trial:   pt2ccsd_sto_chol(norb=152, nelec=(30, 30), n_batch=1, nchol_chunk=632, mix_precision=True, n_chol_head=0, head_chol_ratio=None, n_chol_samples=None, chol_cost_ratio=0.2, head_sample_ratio=3.0, chol_score_floor=1e-06, chol_uniform_mix=0.01, head_from_guide=False)
Sampler: sampler_pt2_sto_chol(n_prop_steps=50, n_blocks=840, n_chol=1264, frozen_vir=0)

Initalize QMC walkers by HF

Equilibration
Initial Orbital energy: -0.11999
inv_T  nodes      weight      energy     error   runTime
 0.00      0   300.00000  -1832.00417   0.00000     31.63
 3.00      0   306.79086  -1833.33059   0.02454     39.04
 6.00      0   300.78121  -1833.31183   0.02544     41.36
 9.00      0   298.63039  -1833.32562   0.02408     43.58
12.00      0   298.54149  -1833.34061   0.02306     45.78
15.00      0   297.76697  -1833.26947   0.02093     47.98
18.00      0   298.15998  -1833.34090   0.02672     50.19
21.00      0   298.10648  -1833.32006   0.02526     52.40
24.00      0   298.52678  -1833.28877   0.02434     54.61
27.00      0   298.33264  -1833.31930   0.02667     56.83
30.00      0   298.04492  -1833.33569   0.02780     59.04

Sampling Blocks
Target Final Error ~ 0.000072
   N  nodes      weight      E(Guide)     Error     weightp    E_frag     Error      Time
  20      0   298.38537   -1833.32552   0.00471   302.39482  -0.12609   0.00041     72.48
  40      0   299.01948   -1833.32612   0.00443   302.58445  -0.12626   0.00024     80.00
  60      0   298.59291   -1833.32639   0.00329   302.38515  -0.12625   0.00019     87.32
  80      0   299.42369   -1833.32659   0.00300   302.28755  -0.12619   0.00016     94.65
 100      0   298.47296   -1833.33083   0.00289   302.28087  -0.12623   0.00014    102.14
 120      0   298.59302   -1833.33072   0.00261   302.25394  -0.12615   0.00013    109.46
 140      0   297.67949   -1833.33145   0.00243   302.25328  -0.12611   0.00012    116.80
 160      0   299.49964   -1833.33202   0.00229   302.27037  -0.12606   0.00011    124.12
 180      0   297.65370   -1833.33127   0.00222   302.31387  -0.12610   0.00010    131.61
 200      0   297.81298   -1833.33062   0.00207   302.31411  -0.12604   0.00010    138.92
 220      0   297.83032   -1833.33020   0.00195   302.32533  -0.12606   0.00009    146.24
 240      0   299.59952   -1833.33000   0.00183   302.36979  -0.12609   0.00008    153.57
 260      0   298.68449   -1833.32991   0.00174   302.38762  -0.12607   0.00008    161.05
 280      0   299.17753   -1833.33019   0.00168   302.40870  -0.12612   0.00008    168.41
 300      0   299.17983   -1833.33120   0.00167   302.42546  -0.12611   0.00008    175.72
 320      0   298.92726   -1833.33054   0.00159   302.44358  -0.12607   0.00007    183.05
 340      0   298.27855   -1833.33035   0.00154   302.44747  -0.12610   0.00007    190.51
 360      0   298.23457   -1833.33080   0.00150   302.45604  -0.12610   0.00007    197.88
 380      0   298.21699   -1833.33013   0.00146   302.46659  -0.12608   0.00007    205.21
 400      0   298.38925   -1833.32985   0.00140   302.45955  -0.12608   0.00006    212.54
 420      0   298.10422   -1833.32933   0.00135   302.45094  -0.12604   0.00006    219.99
 440      0   297.19603   -1833.32966   0.00132   302.44413  -0.12607   0.00006    227.37
 460      0   298.08132   -1833.32927   0.00128   302.44668  -0.12606   0.00006    234.69
 480      0   297.99171   -1833.32957   0.00127   302.45971  -0.12604   0.00006    242.02
 500      0   299.02213   -1833.32962   0.00126   302.46785  -0.12605   0.00006    249.46
 520      0   297.60081   -1833.32961   0.00122   302.47375  -0.12604   0.00006    256.83
 540      0   298.86117   -1833.32917   0.00119   302.49068  -0.12604   0.00006    264.16
 560      0   298.46507   -1833.32908   0.00117   302.48512  -0.12604   0.00005    271.51

Post Propagation
Total number of samples 560
Remove Outliers
Remove samples outside Zeta > 30
Outlier bound [-0.16071, -0.09111]
Removed 0 Outliers
Outliers Energy []
nsample = 560, max_block_size = 28, min_nblocks = 20
   B    NB    NS  Observable     Error    dError
   1   560   560  -1833.32905   0.00117   0.00004
   2   280   560  -1833.32906   0.00142   0.00006
   3   186   558  -1833.32901   0.00162   0.00008
   4   140   560  -1833.32907   0.00158   0.00010
   5   112   560  -1833.32907   0.00164   0.00011
   6    93   558  -1833.32902   0.00175   0.00013
   7    80   560  -1833.32907   0.00182   0.00015
   8    70   560  -1833.32907   0.00173   0.00015
   9    62   558  -1833.32902   0.00177   0.00016
  10    56   560  -1833.32908   0.00166   0.00016
  11    50   550  -1833.32899   0.00175   0.00018
  12    46   552  -1833.32902   0.00155   0.00016
  13    43   559  -1833.32908   0.00163   0.00018
  14    40   560  -1833.32908   0.00170   0.00019
  15    37   555  -1833.32899   0.00188   0.00022
  16    35   560  -1833.32908   0.00162   0.00020
  17    32   544  -1833.32902   0.00131   0.00017
  18    31   558  -1833.32903   0.00172   0.00022
  19    29   551  -1833.32899   0.00177   0.00024
  20    28   560  -1833.32908   0.00143   0.00019
  21    26   546  -1833.32895   0.00175   0.00025
  22    25   550  -1833.32899   0.00137   0.00020
  23    24   552  -1833.32902   0.00163   0.00024
  24    23   552  -1833.32902   0.00159   0.00024
  25    22   550  -1833.32899   0.00162   0.00025
  26    21   546  -1833.32895   0.00148   0.00023
  27    20   540  -1833.32916   0.00174   0.00028
  28    20   560  -1833.32908   0.00141   0.00023
Fit (variance): plateau_var = 2.654e-06 ± 1.217e-07
Fit (error):    plateau = 0.00163 ± 0.00004
     autocorrelation length ~ 1.2 blocks
     plateau reached at block size ~ 6
nsample = 560, max_block_size = 28, min_nblocks = 20
Blk_SZ   NBlk   NSmp      Energy     Error    dError
     1    560    560    -0.12601   0.00005   0.00000
     2    280    560    -0.12602   0.00006   0.00000
     3    186    558    -0.12602   0.00007   0.00000
     4    140    560    -0.12603   0.00007   0.00000
     5    112    560    -0.12603   0.00007   0.00000
     6     93    558    -0.12603   0.00007   0.00001
     7     80    560    -0.12603   0.00007   0.00001
     8     70    560    -0.12603   0.00008   0.00001
     9     62    558    -0.12603   0.00007   0.00001
    10     56    560    -0.12604   0.00007   0.00001
    11     50    550    -0.12604   0.00007   0.00001
    12     46    552    -0.12604   0.00008   0.00001
    13     43    559    -0.12604   0.00007   0.00001
    14     40    560    -0.12604   0.00006   0.00001
    15     37    555    -0.12604   0.00008   0.00001
    16     35    560    -0.12604   0.00008   0.00001
    17     32    544    -0.12604   0.00006   0.00001
    18     31    558    -0.12603   0.00006   0.00001
    19     29    551    -0.12604   0.00007   0.00001
    20     28    560    -0.12604   0.00007   0.00001
    21     26    546    -0.12603   0.00007   0.00001
    22     25    550    -0.12604   0.00008   0.00001
    23     24    552    -0.12604   0.00006   0.00001
    24     23    552    -0.12604   0.00008   0.00001
    25     22    550    -0.12604   0.00007   0.00001
    26     21    546    -0.12604   0.00007   0.00001
    27     20    540    -0.12604   0.00006   0.00001
    28     20    560    -0.12604   0.00007   0.00001
Fit (variance): plateau_var = 4.84407e-09 ± 2.35300e-10
Fit (error):    plateau = 0.00007 ± 0.00000
     autocorrelation length ~ 1.5 blocks
     plateau reached at block size ~ 7
Final AFQMC/HF Guiding Energy:      -1833.3291 +/- 0.0016
Final AFQMC/pt2CCSD Orbital Energy: -0.12604 +/- 0.00007
<t1> = weightp/weight = 1.01340
Total run time: 271.52

AFQMC Sampling Finished

LNO-Integral time (s):    28.86
LNO-AFQMC time (s):       281.29


======================== LNO-FRAGMENT [C41] 30/(48,48) =========================
Fragment Num.  30
Fragment Idx.  30
Fragment Name  C41
LNO THRESHOLD  [0.00030000000000000003, 3e-05]
PySCF Threads  12
LNO-LAS: 32/156 Occ | 123/636 Vir | 155/792 MOs
LNO-MP2 Fragment Energy:  -0.12095545
LNO-CCSD Fragment Energy: -0.12047349
LNO-CPU time (s):         95.03 (LAS 20.22 | MP2 7.83 | CCSD 66.98)
LNO-CPU wait time (s):    0.00 (100.0% hidden)
Find Density Fit Teonsers in MF object
Integrals will be built by DF Tensors
Calculating Effective Active Space One-electron Integrals
*** Correlation Space Size ***
N Occupied Orbitals: 32
N Active Orbitals:   155
Build effective h0 and h1 time: 15.584781 s
Composing CDERIs from DF
Build CDERI in cLAS time: 6.189083 s
Raw CDERI in LAS shape: (3912, 12090)
Compress CDERI 2 Chol: 1e-05
Compress CDERI time: 2.529714 s
Finished calculating Integrals
LAS Cholesky shape: (1303, 155, 155)
AFQMC script: /u/yzhang65/myprojects/software/afqmc/afqmc/lno_afqmc/script/run_lno_afqmc_pt2ccsd.py

LNO-AFQMC Started
Hostname:     gpue08.delta.ncsa.illinois.edu
System:       Linux
Node:         gpue08.delta.ncsa.illinois.edu
Release:      5.14.0-570.131.1.el9_6.x86_64
Machine:      x86_64
Processor:    x86_64
JAX backend:  GPU
JAX devices:  [CudaDevice(id=0)]
Device kind:  NVIDIA H200
Platform:     gpu

QMC Parameters
eql_time        -         30
n_prop_steps    -         50
n_blocks        -        840
n_walkers       -        300
max_memory      -     100000
mix_precision   -       True
seed            -       3944
walker_type     -        rhf
trial           - pt2ccsd_sto_chol
chol_cost_ratio -        0.2
max_error       -    7.2e-05
dt              -      0.005
n_exp_terms     -          6
n_batch         -          1
nchol_chunk     -        100
free_projection -      False

QMC System
Number of Occ. Orbitals:      32
Number of Act. Orbitals:      155
Number of Chol. Vectors:      1303
Mean-Field Energy:            -1832.00523770
Maximum memory per walker:            333.33 MB
Maximum number of Cholesky per chunk: 909
Number of Cholesky chunks:            2
Number of Cholesky per chunk:         652
Number of padding Cholesky:           1
Trial:   pt2ccsd_sto_chol(norb=155, nelec=(32, 32), n_batch=1, nchol_chunk=652, mix_precision=True, n_chol_head=0, head_chol_ratio=None, n_chol_samples=None, chol_cost_ratio=0.2, head_sample_ratio=3.0, chol_score_floor=1e-06, chol_uniform_mix=0.01, head_from_guide=False)
Sampler: sampler_pt2_sto_chol(n_prop_steps=50, n_blocks=840, n_chol=1303, frozen_vir=0)

Initalize QMC walkers by HF

Equilibration
Initial Orbital energy: -0.12050
inv_T  nodes      weight      energy     error   runTime
 0.00      0   300.00000  -1832.00411   0.00000     25.87
 3.00      0   308.21560  -1833.36679   0.02468     31.77
 6.00      0   300.77603  -1833.33574   0.02488     34.28
 9.00      0   299.05912  -1833.30910   0.02411     36.82
12.00      0   299.25476  -1833.38077   0.02482     39.34
15.00      0   298.25756  -1833.35752   0.02437     41.85
18.00      0   298.89803  -1833.39356   0.02602     44.38
21.00      0   297.96746  -1833.31452   0.02340     47.00
24.00      0   297.71715  -1833.32847   0.02358     49.72
27.00      0   298.80741  -1833.38403   0.02698     52.42
30.00      0   298.73225  -1833.32496   0.02347     54.93

Sampling Blocks
Target Final Error ~ 0.000072
   N  nodes      weight      E(Guide)     Error     weightp    E_frag     Error      Time
  20      0   299.41036   -1833.35593   0.00478   302.42086  -0.12669   0.00021     69.70
  40      0   297.78762   -1833.35394   0.00366   302.58857  -0.12677   0.00015     78.54
  60      0   298.88124   -1833.35592   0.00288   302.62849  -0.12665   0.00011     87.14
  80      0   298.34635   -1833.36049   0.00258   302.62173  -0.12697   0.00016     95.62
 100      0   299.56473   -1833.35879   0.00224   302.67455  -0.12680   0.00014    104.10
 120      0   297.33169   -1833.35480   0.00217   302.68768  -0.12671   0.00012    112.78
 140      0   298.14391   -1833.35592   0.00199   302.70346  -0.12678   0.00012    121.28
 160      0   298.00635   -1833.35476   0.00187   302.71940  -0.12680   0.00011    129.77
 180      0   298.95911   -1833.35189   0.00187   302.65146  -0.12677   0.00010    138.36
 200      0   298.48767   -1833.35138   0.00178   302.66586  -0.12677   0.00009    146.98
 220      0   298.25417   -1833.35288   0.00172   302.70326  -0.12673   0.00009    155.48
 240      0   297.93760   -1833.35237   0.00164   302.69885  -0.12679   0.00008    163.98
 260      0   297.14985   -1833.35338   0.00160   302.72135  -0.12682   0.00008    172.70
 280      0   297.63660   -1833.35307   0.00159   302.71347  -0.12680   0.00008    181.20
 300      0   298.43652   -1833.35301   0.00163   302.72696  -0.12696   0.00016    189.69
 320      0   298.99824   -1833.35308   0.00157   302.73212  -0.12698   0.00015    198.27
 340      0   297.70378   -1833.35419   0.00155   302.73932  -0.12703   0.00014    206.87
 360      0   298.90361   -1833.35370   0.00148   302.74440  -0.12702   0.00014    215.36
 380      0   298.40942   -1833.35367   0.00144   302.74244  -0.12699   0.00013    223.85
 400      0   297.49690   -1833.35365   0.00141   302.74771  -0.12694   0.00012    232.52
 420      0   298.06096   -1833.35316   0.00140   302.73372  -0.12693   0.00012    241.02
 440      0   299.48079   -1833.35311   0.00135   302.74037  -0.12694   0.00011    249.52
 460      0   298.43997   -1833.35354   0.00131   302.74058  -0.12695   0.00011    258.10
 480      0   298.79218   -1833.35338   0.00127   302.74588  -0.12693   0.00011    266.72
 500      0   298.06980   -1833.35364   0.00124   302.75431  -0.12693   0.00010    275.22
 520      0   298.48513   -1833.35377   0.00122   302.75089  -0.12693   0.00010    283.71
 540      0   297.71982   -1833.35383   0.00119   302.74981  -0.12695   0.00010    292.42
 560      0   298.76487   -1833.35391   0.00116   302.74271  -0.12696   0.00009    300.91
 580      0   297.62268   -1833.35428   0.00113   302.73248  -0.12698   0.00009    309.42
 600      0   297.96303   -1833.35505   0.00112   302.72693  -0.12699   0.00009    318.00
 620      0   298.96574   -1833.35490   0.00109   302.72758  -0.12696   0.00009    326.62
 640      0   298.62592   -1833.35512   0.00107   302.72778  -0.12694   0.00008    335.12
 660      0   298.38236   -1833.35486   0.00105   302.73340  -0.12695   0.00008    343.62
 680      0   297.74849   -1833.35446   0.00104   302.73510  -0.12696   0.00008    352.30
 700      0   298.06033   -1833.35480   0.00104   302.74095  -0.12696   0.00008    360.79
 720      0   298.07532   -1833.35498   0.00103   302.73468  -0.12696   0.00008    369.29
 740      0   298.56757   -1833.35477   0.00101   302.74340  -0.12694   0.00007    377.89
 760      0   297.99542   -1833.35482   0.00099   302.75150  -0.12694   0.00007    386.52
 780      0   298.24989   -1833.35479   0.00097   302.75815  -0.12696   0.00007    395.01
 800      0   298.34356   -1833.35484   0.00095   302.75314  -0.12695   0.00007    403.50
 820      0   298.97880   -1833.35482   0.00093   302.74130  -0.12696   0.00007    412.21
 840      0   297.00418   -1833.35496   0.00092   302.72246  -0.12695   0.00007    420.77

Post Propagation
Total number of samples 840
Remove Outliers
Remove samples outside Zeta > 30
Outlier bound [-0.16194, -0.09139]
Removed 1 Outliers
Outliers Energy [-0.16554503]
nsample = 840, max_block_size = 42, min_nblocks = 20
   B    NB    NS  Observable     Error    dError
   1   840   840  -1833.35494   0.00092   0.00002
   2   420   840  -1833.35494   0.00114   0.00004
   3   280   840  -1833.35495   0.00124   0.00005
   4   210   840  -1833.35495   0.00133   0.00007
   5   168   840  -1833.35495   0.00149   0.00008
   6   140   840  -1833.35495   0.00147   0.00009
   7   120   840  -1833.35496   0.00152   0.00010
   8   105   840  -1833.35496   0.00149   0.00010
   9    93   837  -1833.35489   0.00151   0.00011
  10    84   840  -1833.35496   0.00159   0.00012
  11    76   836  -1833.35490   0.00154   0.00013
  12    70   840  -1833.35496   0.00163   0.00014
  13    64   832  -1833.35500   0.00160   0.00014
  14    60   840  -1833.35496   0.00150   0.00014
  15    56   840  -1833.35496   0.00160   0.00015
  16    52   832  -1833.35500   0.00159   0.00016
  17    49   833  -1833.35498   0.00150   0.00015
  18    46   828  -1833.35503   0.00149   0.00016
  19    44   836  -1833.35490   0.00160   0.00017
  20    42   840  -1833.35496   0.00151   0.00017
  21    40   840  -1833.35496   0.00152   0.00017
  22    38   836  -1833.35490   0.00153   0.00018
  23    36   828  -1833.35503   0.00169   0.00020
  24    35   840  -1833.35496   0.00167   0.00020
  25    33   825  -1833.35496   0.00146   0.00018
  26    32   832  -1833.35500   0.00163   0.00021
  27    31   837  -1833.35489   0.00143   0.00018
  28    30   840  -1833.35496   0.00140   0.00018
  29    28   812  -1833.35487   0.00133   0.00018
  30    28   840  -1833.35496   0.00161   0.00022
  31    27   837  -1833.35489   0.00168   0.00023
  32    26   832  -1833.35500   0.00151   0.00021
  33    25   825  -1833.35496   0.00145   0.00021
  34    24   816  -1833.35486   0.00149   0.00022
  35    24   840  -1833.35496   0.00134   0.00020
  36    23   828  -1833.35503   0.00150   0.00023
  37    22   814  -1833.35488   0.00138   0.00021
  38    22   836  -1833.35490   0.00183   0.00028
  39    21   819  -1833.35481   0.00154   0.00024
  40    21   840  -1833.35496   0.00165   0.00026
  41    20   820  -1833.35482   0.00144   0.00023
  42    20   840  -1833.35496   0.00138   0.00022
Fit (variance): plateau_var = 2.345e-06 ± 9.343e-08
Fit (error):    plateau = 0.00153 ± 0.00003
     autocorrelation length ~ 2.7 blocks
     plateau reached at block size ~ 13
nsample = 839, max_block_size = 41, min_nblocks = 20
Blk_SZ   NBlk   NSmp      Energy     Error    dError
     1    839    839    -0.12687   0.00005   0.00000
     2    419    838    -0.12688   0.00006   0.00000
     3    279    837    -0.12688   0.00006   0.00000
     4    209    836    -0.12688   0.00007   0.00000
     5    167    835    -0.12689   0.00007   0.00000
     6    139    834    -0.12689   0.00007   0.00000
     7    119    833    -0.12689   0.00007   0.00000
     8    104    832    -0.12689   0.00007   0.00001
     9     93    837    -0.12689   0.00007   0.00001
    10     83    830    -0.12690   0.00008   0.00001
    11     76    836    -0.12689   0.00007   0.00001
    12     69    828    -0.12690   0.00007   0.00001
    13     64    832    -0.12690   0.00007   0.00001
    14     59    826    -0.12690   0.00007   0.00001
    15     55    825    -0.12690   0.00008   0.00001
    16     52    832    -0.12690   0.00008   0.00001
    17     49    833    -0.12690   0.00007   0.00001
    18     46    828    -0.12690   0.00007   0.00001
    19     44    836    -0.12690   0.00007   0.00001
    20     41    820    -0.12690   0.00008   0.00001
    21     39    819    -0.12690   0.00008   0.00001
    22     38    836    -0.12690   0.00007   0.00001
    23     36    828    -0.12690   0.00008   0.00001
    24     34    816    -0.12690   0.00008   0.00001
    25     33    825    -0.12691   0.00007   0.00001
    26     32    832    -0.12690   0.00008   0.00001
    27     31    837    -0.12690   0.00007   0.00001
    28     29    812    -0.12690   0.00008   0.00001
    29     28    812    -0.12690   0.00008   0.00001
    30     27    810    -0.12689   0.00008   0.00001
    31     27    837    -0.12690   0.00007   0.00001
    32     26    832    -0.12690   0.00008   0.00001
    33     25    825    -0.12691   0.00007   0.00001
    34     24    816    -0.12690   0.00007   0.00001
    35     23    805    -0.12690   0.00008   0.00001
    36     23    828    -0.12691   0.00007   0.00001
    37     22    814    -0.12690   0.00008   0.00001
    38     22    836    -0.12690   0.00008   0.00001
    39     21    819    -0.12691   0.00008   0.00001
    40     20    800    -0.12690   0.00009   0.00001
    41     20    820    -0.12691   0.00008   0.00001
Fit (variance): plateau_var = 5.39956e-09 ± 2.18496e-10
Fit (error):    plateau = 0.00007 ± 0.00000
     autocorrelation length ~ 2.7 blocks
     plateau reached at block size ~ 12
Final AFQMC/HF Guiding Energy:      -1833.3550 +/- 0.0015
Final AFQMC/pt2CCSD Orbital Energy: -0.12690 +/- 0.00007
<t1> = weightp/weight = 1.01424
Total run time: 420.78

AFQMC Sampling Finished

LNO-Integral time (s):    25.37
LNO-AFQMC time (s):       442.31


======================== LNO-FRAGMENT [C42] 31/(48,48) =========================
Fragment Num.  31
Fragment Idx.  31
Fragment Name  C42
LNO THRESHOLD  [0.00030000000000000003, 3e-05]
PySCF Threads  12
LNO-LAS: 27/156 Occ | 119/636 Vir | 146/792 MOs
LNO-MP2 Fragment Energy:  -0.11744297
LNO-CCSD Fragment Energy: -0.11791906
LNO-CPU time (s):         74.69 (LAS 20.35 | MP2 8.76 | CCSD 45.57)
LNO-CPU wait time (s):    0.00 (100.0% hidden)
Find Density Fit Teonsers in MF object
Integrals will be built by DF Tensors
Calculating Effective Active Space One-electron Integrals
*** Correlation Space Size ***
N Occupied Orbitals: 27
N Active Orbitals:   146
Build effective h0 and h1 time: 15.320393 s
Composing CDERIs from DF
Build CDERI in cLAS time: 6.941395 s
Raw CDERI in LAS shape: (3912, 10731)
Compress CDERI 2 Chol: 1e-05
Compress CDERI time: 1.917574 s
Finished calculating Integrals
LAS Cholesky shape: (1165, 146, 146)
AFQMC script: /u/yzhang65/myprojects/software/afqmc/afqmc/lno_afqmc/script/run_lno_afqmc_pt2ccsd.py

LNO-AFQMC Started
Hostname:     gpue08.delta.ncsa.illinois.edu
System:       Linux
Node:         gpue08.delta.ncsa.illinois.edu
Release:      5.14.0-570.131.1.el9_6.x86_64
Machine:      x86_64
Processor:    x86_64
JAX backend:  GPU
JAX devices:  [CudaDevice(id=0)]
Device kind:  NVIDIA H200
Platform:     gpu

QMC Parameters
eql_time        -         30
n_prop_steps    -         50
n_blocks        -        840
n_walkers       -        300
max_memory      -     100000
mix_precision   -       True
seed            -       1045
walker_type     -        rhf
trial           - pt2ccsd_sto_chol
chol_cost_ratio -        0.2
max_error       -    7.2e-05
dt              -      0.005
n_exp_terms     -          6
n_batch         -          1
nchol_chunk     -        100
free_projection -      False

QMC System
Number of Occ. Orbitals:      27
Number of Act. Orbitals:      146
Number of Chol. Vectors:      1165
Mean-Field Energy:            -1832.00523770
Maximum memory per walker:            333.33 MB
Maximum number of Cholesky per chunk: 1024
Number of Cholesky chunks:            2
Number of Cholesky per chunk:         583
Number of padding Cholesky:           1
Trial:   pt2ccsd_sto_chol(norb=146, nelec=(27, 27), n_batch=1, nchol_chunk=583, mix_precision=True, n_chol_head=0, head_chol_ratio=None, n_chol_samples=None, chol_cost_ratio=0.2, head_sample_ratio=3.0, chol_score_floor=1e-06, chol_uniform_mix=0.01, head_from_guide=False)
Sampler: sampler_pt2_sto_chol(n_prop_steps=50, n_blocks=840, n_chol=1165, frozen_vir=0)

Initalize QMC walkers by HF

Equilibration
Initial Orbital energy: -0.11797
inv_T  nodes      weight      energy     error   runTime
 0.00      0   300.00000  -1832.00433   0.00000     27.61
 3.00      0   306.06716  -1833.18116   0.02119     32.97
 6.00      0   300.70029  -1833.17291   0.02284     34.96
 9.00      0   299.21683  -1833.19722   0.02399     36.94
12.00      0   298.76104  -1833.13942   0.02034     38.92
15.00      0   298.75365  -1833.19663   0.02453     40.90
18.00      0   297.69809  -1833.20599   0.02717     42.97
21.00      0   299.12789  -1833.23317   0.02362     45.12
24.00      0   299.06992  -1833.18658   0.02416     47.24
27.00      0   297.71924  -1833.18037   0.02328     49.29
30.00      0   298.30240  -1833.16389   0.02413     51.28

Sampling Blocks
Target Final Error ~ 0.000072
   N  nodes      weight      E(Guide)     Error     weightp    E_frag     Error      Time
  20      0   297.38783   -1833.19429   0.00596   303.29667  -0.12427   0.00023     63.88
  40      0   299.33253   -1833.19557   0.00411   303.21056  -0.12422   0.00016     70.21
  60      0   298.64415   -1833.19962   0.00330   303.12667  -0.12418   0.00014     76.47
  80      0   298.23138   -1833.20144   0.00298   303.14565  -0.12415   0.00014     82.63
 100      0   298.97138   -1833.19691   0.00288   303.08073  -0.12406   0.00012     88.75
 120      0   298.47589   -1833.19601   0.00257   302.99484  -0.12409   0.00010     94.87
 140      0   298.61106   -1833.19637   0.00229   303.02138  -0.12414   0.00009    100.98
 160      0   298.78819   -1833.19529   0.00207   303.05544  -0.12409   0.00009    107.31
 180      0   298.85326   -1833.19716   0.00194   303.08963  -0.12404   0.00008    113.46
 200      0   298.69507   -1833.19583   0.00181   303.08720  -0.12405   0.00008    119.59
 220      0   299.26999   -1833.19541   0.00178   303.15294  -0.12405   0.00007    125.70
 240      0   299.48326   -1833.19488   0.00170   303.16557  -0.12403   0.00007    131.82
 260      0   299.38165   -1833.19530   0.00162   303.16655  -0.12403   0.00007    138.15
 280      0   298.62975   -1833.19646   0.00155   303.18798  -0.12400   0.00007    144.27
 300      0   298.47928   -1833.19570   0.00149   303.17354  -0.12400   0.00006    150.40
 320      0   297.87353   -1833.19604   0.00145   303.19740  -0.12399   0.00006    156.50
 340      0   297.65133   -1833.19600   0.00139   303.19537  -0.12401   0.00006    162.64
 360      0   296.78932   -1833.19605   0.00137   303.19069  -0.12402   0.00006    168.93
 380      0   298.86506   -1833.19520   0.00133   303.18171  -0.12402   0.00006    175.05
 400      0   298.41728   -1833.19551   0.00129   303.17277  -0.12402   0.00005    181.17
 420      0   299.44524   -1833.19561   0.00124   303.18092  -0.12403   0.00005    187.28

Post Propagation
Total number of samples 420
Remove Outliers
Remove samples outside Zeta > 30
Outlier bound [-0.15594, -0.09183]
Removed 0 Outliers
Outliers Energy []
nsample = 420, max_block_size = 21, min_nblocks = 20
   B    NB    NS  Observable     Error    dError
   1   420   420  -1833.19559   0.00124   0.00004
   2   210   420  -1833.19560   0.00151   0.00007
   3   140   420  -1833.19560   0.00170   0.00010
   4   105   420  -1833.19560   0.00175   0.00012
   5    84   420  -1833.19560   0.00194   0.00015
   6    70   420  -1833.19560   0.00193   0.00016
   7    60   420  -1833.19560   0.00202   0.00019
   8    52   416  -1833.19540   0.00206   0.00020
   9    46   414  -1833.19539   0.00201   0.00021
  10    42   420  -1833.19561   0.00210   0.00023
  11    38   418  -1833.19541   0.00197   0.00023
  12    35   420  -1833.19561   0.00206   0.00025
  13    32   416  -1833.19540   0.00216   0.00027
  14    30   420  -1833.19561   0.00235   0.00031
  15    28   420  -1833.19561   0.00209   0.00028
  16    26   416  -1833.19540   0.00234   0.00033
  17    24   408  -1833.19532   0.00242   0.00036
  18    23   414  -1833.19540   0.00189   0.00028
  19    22   418  -1833.19542   0.00167   0.00026
  20    21   420  -1833.19561   0.00208   0.00033
  21    20   420  -1833.19561   0.00226   0.00037
Fit (variance): plateau_var = 4.265e-06 ± 3.390e-07
Fit (error):    plateau = 0.00207 ± 0.00008
     autocorrelation length ~ 3.0 blocks
     plateau reached at block size ~ 14
nsample = 420, max_block_size = 21, min_nblocks = 20
Blk_SZ   NBlk   NSmp      Energy     Error    dError
     1    420    420    -0.12401   0.00005   0.00000
     2    210    420    -0.12401   0.00006   0.00000
     3    140    420    -0.12402   0.00006   0.00000
     4    105    420    -0.12402   0.00007   0.00000
     5     84    420    -0.12402   0.00007   0.00001
     6     70    420    -0.12402   0.00007   0.00001
     7     60    420    -0.12402   0.00007   0.00001
     8     52    416    -0.12403   0.00007   0.00001
     9     46    414    -0.12403   0.00008   0.00001
    10     42    420    -0.12403   0.00007   0.00001
    11     38    418    -0.12403   0.00007   0.00001
    12     35    420    -0.12403   0.00006   0.00001
    13     32    416    -0.12403   0.00007   0.00001
    14     30    420    -0.12403   0.00008   0.00001
    15     28    420    -0.12403   0.00007   0.00001
    16     26    416    -0.12403   0.00008   0.00001
    17     24    408    -0.12402   0.00008   0.00001
    18     23    414    -0.12403   0.00006   0.00001
    19     22    418    -0.12403   0.00007   0.00001
    20     21    420    -0.12403   0.00006   0.00001
    21     20    420    -0.12403   0.00006   0.00001
Fit (variance): plateau_var = 4.82176e-09 ± 3.03411e-10
Fit (error):    plateau = 0.00007 ± 0.00000
     autocorrelation length ~ 1.6 blocks
     plateau reached at block size ~ 7
Final AFQMC/HF Guiding Energy:      -1833.1956 +/- 0.0021
Final AFQMC/pt2CCSD Orbital Energy: -0.12403 +/- 0.00007
<t1> = weightp/weight = 1.01551
Total run time: 187.35

AFQMC Sampling Finished

LNO-Integral time (s):    25.50
LNO-AFQMC time (s):       194.08


======================= LNO-FRAGMENT [C43H60] 32/(48,48) =======================
Fragment Num.  32
Fragment Idx.  32
Fragment Name  C43H60
LNO THRESHOLD  [0.00030000000000000003, 3e-05]
PySCF Threads  12
LNO-LAS: 24/156 Occ | 104/636 Vir | 128/792 MOs
LNO-MP2 Fragment Energy:  -0.13255422
LNO-CCSD Fragment Energy: -0.13826249
LNO-CPU time (s):         52.73 (LAS 21.10 | MP2 5.26 | CCSD 26.37)
LNO-CPU wait time (s):    0.00 (100.0% hidden)
Find Density Fit Teonsers in MF object
Integrals will be built by DF Tensors
Calculating Effective Active Space One-electron Integrals
*** Correlation Space Size ***
N Occupied Orbitals: 24
N Active Orbitals:   128
Build effective h0 and h1 time: 16.802736 s
Composing CDERIs from DF
Build CDERI in cLAS time: 5.666347 s
Raw CDERI in LAS shape: (3912, 8256)
Compress CDERI 2 Chol: 1e-05
Compress CDERI time: 1.266593 s
Finished calculating Integrals
LAS Cholesky shape: (1060, 128, 128)
AFQMC script: /u/yzhang65/myprojects/software/afqmc/afqmc/lno_afqmc/script/run_lno_afqmc_pt2ccsd.py

LNO-AFQMC Started
Hostname:     gpue08.delta.ncsa.illinois.edu
System:       Linux
Node:         gpue08.delta.ncsa.illinois.edu
Release:      5.14.0-570.131.1.el9_6.x86_64
Machine:      x86_64
Processor:    x86_64
JAX backend:  GPU
JAX devices:  [CudaDevice(id=0)]
Device kind:  NVIDIA H200
Platform:     gpu

QMC Parameters
eql_time        -         30
n_prop_steps    -         50
n_blocks        -        840
n_walkers       -        300
max_memory      -     100000
mix_precision   -       True
seed            -       3914
walker_type     -        rhf
trial           - pt2ccsd_sto_chol
chol_cost_ratio -        0.2
max_error       -    7.2e-05
dt              -      0.005
n_exp_terms     -          6
n_batch         -          1
nchol_chunk     -        100
free_projection -      False

QMC System
Number of Occ. Orbitals:      24
Number of Act. Orbitals:      128
Number of Chol. Vectors:      1060
Mean-Field Energy:            -1832.00523770
Maximum memory per walker:            333.33 MB
Maximum number of Cholesky per chunk: 1333
Number of Cholesky chunks:            1
Number of Cholesky per chunk:         1060
Number of padding Cholesky:           0
Trial:   pt2ccsd_sto_chol(norb=128, nelec=(24, 24), n_batch=1, nchol_chunk=1060, mix_precision=True, n_chol_head=0, head_chol_ratio=None, n_chol_samples=None, chol_cost_ratio=0.2, head_sample_ratio=3.0, chol_score_floor=1e-06, chol_uniform_mix=0.01, head_from_guide=False)
Sampler: sampler_pt2_sto_chol(n_prop_steps=50, n_blocks=840, n_chol=1060, frozen_vir=0)

Initalize QMC walkers by HF

Equilibration
Initial Orbital energy: -0.13826
inv_T  nodes      weight      energy     error   runTime
 0.00      0   300.00000  -1832.00440   0.00000     30.88
 3.00      0   304.46091  -1832.94393   0.01815     38.01
 6.00      0   300.98449  -1833.01462   0.01992     39.82
 9.00      0   298.90996  -1833.01291   0.02060     41.27
12.00      0   298.15356  -1832.99094   0.02002     42.70
15.00      0   298.34414  -1832.99599   0.02225     44.25
18.00      0   298.85539  -1833.01825   0.02136     45.68
21.00      0   298.34874  -1833.05451   0.02229     47.14
24.00      0   298.66965  -1833.00696   0.02142     48.59
27.00      0   298.99037  -1833.03563   0.02227     50.12
30.00      0   298.74256  -1833.07082   0.02451     51.54

Sampling Blocks
Target Final Error ~ 0.000072
   N  nodes      weight      E(Guide)     Error     weightp    E_frag     Error      Time
  20      0   298.16689   -1833.01320   0.00667   303.01944  -0.14374   0.00027     61.77
  40      0   298.34598   -1833.01124   0.00411   303.08643  -0.14430   0.00027     66.52
  60      0   298.66905   -1833.00785   0.00342   303.25629  -0.14453   0.00024     70.59
  80      0   299.70447   -1833.00626   0.00297   303.24770  -0.14452   0.00019     74.56
 100      0   298.84915   -1833.00502   0.00258   303.24483  -0.14444   0.00021     78.52
 120      0   298.88334   -1833.00589   0.00237   303.11369  -0.14436   0.00018     82.48
 140      0   298.93308   -1833.00679   0.00214   303.08704  -0.14442   0.00016     86.44
 160      0   298.93004   -1833.00792   0.00202   303.01901  -0.14470   0.00018     90.41
 180      0   298.58959   -1833.00751   0.00194   303.04504  -0.14475   0.00017     94.48
 200      0   298.72926   -1833.00701   0.00178   303.07866  -0.14473   0.00015     98.63
 220      0   299.08460   -1833.00682   0.00169   303.09284  -0.14467   0.00014    102.60
 240      0   298.71044   -1833.00849   0.00162   303.05646  -0.14470   0.00013    106.54
 260      0   298.64574   -1833.00845   0.00156   303.03681  -0.14470   0.00012    110.50
 280      0   298.19471   -1833.00791   0.00147   303.07453  -0.14472   0.00012    114.45
 300      0   298.67430   -1833.00782   0.00140   303.07682  -0.14470   0.00011    118.41
 320      0   298.57937   -1833.00755   0.00135   303.10035  -0.14468   0.00011    122.39
 340      0   298.47909   -1833.00689   0.00129   303.07400  -0.14465   0.00010    126.54
 360      0   298.06002   -1833.00723   0.00126   303.07840  -0.14466   0.00010    130.61
 380      0   298.95000   -1833.00621   0.00125   303.09080  -0.14464   0.00010    134.57
 400      0   298.70399   -1833.00567   0.00121   303.10872  -0.14461   0.00009    138.53
 420      0   299.03948   -1833.00489   0.00118   303.10930  -0.14462   0.00009    142.50
 440      0   299.05374   -1833.00474   0.00118   303.14373  -0.14460   0.00009    146.44
 460      0   299.17317   -1833.00472   0.00115   303.16964  -0.14462   0.00008    150.41
 480      0   298.15287   -1833.00534   0.00113   303.17211  -0.14461   0.00008    154.46
 500      0   298.43537   -1833.00537   0.00110   303.17361  -0.14459   0.00008    158.62
 520      0   299.17444   -1833.00604   0.00108   303.17005  -0.14459   0.00008    162.59
 540      0   297.35746   -1833.00651   0.00107   303.14962  -0.14460   0.00007    166.53
 560      0   297.55729   -1833.00754   0.00107   303.14156  -0.14464   0.00008    170.49
 580      0   298.18947   -1833.00750   0.00104   303.12554  -0.14462   0.00007    174.44
 600      0   298.26259   -1833.00673   0.00104   303.12623  -0.14463   0.00007    178.39
 620      0   297.84297   -1833.00648   0.00102   303.11955  -0.14466   0.00007    182.35
 640      0   298.78043   -1833.00599   0.00101   303.12043  -0.14469   0.00008    186.52
 660      0   299.39278   -1833.00587   0.00099   303.12378  -0.14468   0.00008    190.59
 680      0   298.37278   -1833.00640   0.00098   303.13374  -0.14470   0.00008    194.56
 700      0   298.15400   -1833.00610   0.00097   303.13122  -0.14471   0.00008    198.51
 720      0   298.00675   -1833.00605   0.00096   303.13220  -0.14470   0.00008    202.48
 740      0   298.29877   -1833.00616   0.00094   303.13890  -0.14469   0.00008    206.44
 760      0   299.27650   -1833.00597   0.00093   303.13661  -0.14466   0.00007    210.39
 780      0   299.38490   -1833.00621   0.00091   303.13219  -0.14469   0.00007    214.46
 800      0   297.75091   -1833.00614   0.00091   303.11974  -0.14469   0.00007    218.62
 820      0   299.51768   -1833.00661   0.00092   303.13361  -0.14469   0.00007    222.62
 840      0   297.77722   -1833.00634   0.00092   303.12882  -0.14469   0.00007    226.59

Post Propagation
Total number of samples 840
Remove Outliers
Remove samples outside Zeta > 30
Outlier bound [-0.18650, -0.10227]
Removed 0 Outliers
Outliers Energy []
nsample = 840, max_block_size = 42, min_nblocks = 20
   B    NB    NS  Observable     Error    dError
   1   840   840  -1833.00631   0.00092   0.00002
   2   420   840  -1833.00632   0.00118   0.00004
   3   280   840  -1833.00632   0.00134   0.00006
   4   210   840  -1833.00632   0.00146   0.00007
   5   168   840  -1833.00632   0.00159   0.00009
   6   140   840  -1833.00633   0.00158   0.00009
   7   120   840  -1833.00633   0.00162   0.00010
   8   105   840  -1833.00633   0.00171   0.00012
   9    93   837  -1833.00655   0.00173   0.00013
  10    84   840  -1833.00633   0.00176   0.00014
  11    76   836  -1833.00658   0.00178   0.00015
  12    70   840  -1833.00633   0.00171   0.00015
  13    64   832  -1833.00659   0.00166   0.00015
  14    60   840  -1833.00633   0.00185   0.00017
  15    56   840  -1833.00633   0.00202   0.00019
  16    52   832  -1833.00659   0.00170   0.00017
  17    49   833  -1833.00659   0.00171   0.00017
  18    46   828  -1833.00670   0.00202   0.00021
  19    44   836  -1833.00658   0.00166   0.00018
  20    42   840  -1833.00634   0.00170   0.00019
  21    40   840  -1833.00634   0.00161   0.00018
  22    38   836  -1833.00658   0.00181   0.00021
  23    36   828  -1833.00670   0.00178   0.00021
  24    35   840  -1833.00634   0.00179   0.00022
  25    33   825  -1833.00677   0.00159   0.00020
  26    32   832  -1833.00659   0.00154   0.00020
  27    31   837  -1833.00655   0.00182   0.00024
  28    30   840  -1833.00634   0.00171   0.00022
  29    28   812  -1833.00600   0.00181   0.00025
  30    28   840  -1833.00634   0.00169   0.00023
  31    27   837  -1833.00655   0.00193   0.00027
  32    26   832  -1833.00659   0.00173   0.00024
  33    25   825  -1833.00677   0.00193   0.00028
  34    24   816  -1833.00629   0.00175   0.00026
  35    24   840  -1833.00634   0.00172   0.00025
  36    23   828  -1833.00670   0.00192   0.00029
  37    22   814  -1833.00611   0.00174   0.00027
  38    22   836  -1833.00658   0.00163   0.00025
  39    21   819  -1833.00656   0.00188   0.00030
  40    21   840  -1833.00634   0.00185   0.00029
  41    20   820  -1833.00661   0.00180   0.00029
  42    20   840  -1833.00634   0.00184   0.00030
Fit (variance): plateau_var = 3.083e-06 ± 1.310e-07
Fit (error):    plateau = 0.00176 ± 0.00004
     autocorrelation length ~ 3.5 blocks
     plateau reached at block size ~ 16
nsample = 840, max_block_size = 42, min_nblocks = 20
Blk_SZ   NBlk   NSmp      Energy     Error    dError
     1    840    840    -0.14464   0.00007   0.00000
     2    420    840    -0.14465   0.00008   0.00000
     3    280    840    -0.14465   0.00008   0.00000
     4    210    840    -0.14466   0.00008   0.00000
     5    168    840    -0.14466   0.00008   0.00000
     6    140    840    -0.14467   0.00009   0.00001
     7    120    840    -0.14467   0.00009   0.00001
     8    105    840    -0.14467   0.00009   0.00001
     9     93    837    -0.14467   0.00009   0.00001
    10     84    840    -0.14467   0.00009   0.00001
    11     76    836    -0.14467   0.00009   0.00001
    12     70    840    -0.14468   0.00009   0.00001
    13     64    832    -0.14467   0.00009   0.00001
    14     60    840    -0.14467   0.00009   0.00001
    15     56    840    -0.14468   0.00009   0.00001
    16     52    832    -0.14467   0.00009   0.00001
    17     49    833    -0.14467   0.00009   0.00001
    18     46    828    -0.14467   0.00010   0.00001
    19     44    836    -0.14468   0.00010   0.00001
    20     42    840    -0.14468   0.00009   0.00001
    21     40    840    -0.14468   0.00010   0.00001
    22     38    836    -0.14468   0.00010   0.00001
    23     36    828    -0.14468   0.00011   0.00001
    24     35    840    -0.14468   0.00010   0.00001
    25     33    825    -0.14468   0.00010   0.00001
    26     32    832    -0.14468   0.00009   0.00001
    27     31    837    -0.14468   0.00009   0.00001
    28     30    840    -0.14468   0.00010   0.00001
    29     28    812    -0.14467   0.00011   0.00001
    30     28    840    -0.14468   0.00010   0.00001
    31     27    837    -0.14468   0.00009   0.00001
    32     26    832    -0.14468   0.00010   0.00001
    33     25    825    -0.14468   0.00011   0.00002
    34     24    816    -0.14468   0.00010   0.00001
    35     24    840    -0.14468   0.00010   0.00001
    36     23    828    -0.14468   0.00009   0.00001
    37     22    814    -0.14468   0.00010   0.00001
    38     22    836    -0.14468   0.00009   0.00001
    39     21    819    -0.14469   0.00010   0.00002
    40     21    840    -0.14468   0.00010   0.00002
    41     20    820    -0.14468   0.00009   0.00001
    42     20    840    -0.14469   0.00011   0.00002
Fit (variance): plateau_var = 9.12621e-09 ± 4.39177e-10
Fit (error):    plateau = 0.00010 ± 0.00000
     autocorrelation length ~ 4.3 blocks
     plateau reached at block size ~ 18
Final AFQMC/HF Guiding Energy:      -1833.0063 +/- 0.0018
Final AFQMC/pt2CCSD Orbital Energy: -0.14469 +/- 0.00010
<t1> = weightp/weight = 1.01505
Total run time: 226.60

AFQMC Sampling Finished

LNO-Integral time (s):    25.68
LNO-AFQMC time (s):       232.03


======================= LNO-FRAGMENT [C44H61] 33/(48,48) =======================
Fragment Num.  33
Fragment Idx.  33
Fragment Name  C44H61
LNO THRESHOLD  [0.00030000000000000003, 3e-05]
PySCF Threads  12
LNO-LAS: 24/156 Occ | 104/636 Vir | 128/792 MOs
LNO-MP2 Fragment Energy:  -0.13192884
LNO-CCSD Fragment Energy: -0.13765901
LNO-CPU time (s):         56.15 (LAS 20.25 | MP2 6.44 | CCSD 29.46)
LNO-CPU wait time (s):    0.00 (100.0% hidden)
Find Density Fit Teonsers in MF object
Integrals will be built by DF Tensors
Calculating Effective Active Space One-electron Integrals
*** Correlation Space Size ***
N Occupied Orbitals: 24
N Active Orbitals:   128
Build effective h0 and h1 time: 7.582790 s
Composing CDERIs from DF
Build CDERI in cLAS time: 6.275879 s
Raw CDERI in LAS shape: (3912, 8256)
Compress CDERI 2 Chol: 1e-05
Compress CDERI time: 1.316339 s
Finished calculating Integrals
LAS Cholesky shape: (1055, 128, 128)
AFQMC script: /u/yzhang65/myprojects/software/afqmc/afqmc/lno_afqmc/script/run_lno_afqmc_pt2ccsd.py

LNO-AFQMC Started
Hostname:     gpue08.delta.ncsa.illinois.edu
System:       Linux
Node:         gpue08.delta.ncsa.illinois.edu
Release:      5.14.0-570.131.1.el9_6.x86_64
Machine:      x86_64
Processor:    x86_64
JAX backend:  GPU
JAX devices:  [CudaDevice(id=0)]
Device kind:  NVIDIA H200
Platform:     gpu

QMC Parameters
eql_time        -         30
n_prop_steps    -         50
n_blocks        -        840
n_walkers       -        300
max_memory      -     100000
mix_precision   -       True
seed            -       1426
walker_type     -        rhf
trial           - pt2ccsd_sto_chol
chol_cost_ratio -        0.2
max_error       -    7.2e-05
dt              -      0.005
n_exp_terms     -          6
n_batch         -          1
nchol_chunk     -        100
free_projection -      False

QMC System
Number of Occ. Orbitals:      24
Number of Act. Orbitals:      128
Number of Chol. Vectors:      1055
Mean-Field Energy:            -1832.00523770
Maximum memory per walker:            333.33 MB
Maximum number of Cholesky per chunk: 1333
Number of Cholesky chunks:            1
Number of Cholesky per chunk:         1055
Number of padding Cholesky:           0
Trial:   pt2ccsd_sto_chol(norb=128, nelec=(24, 24), n_batch=1, nchol_chunk=1055, mix_precision=True, n_chol_head=0, head_chol_ratio=None, n_chol_samples=None, chol_cost_ratio=0.2, head_sample_ratio=3.0, chol_score_floor=1e-06, chol_uniform_mix=0.01, head_from_guide=False)
Sampler: sampler_pt2_sto_chol(n_prop_steps=50, n_blocks=840, n_chol=1055, frozen_vir=0)

Initalize QMC walkers by HF

Equilibration
Initial Orbital energy: -0.13766
inv_T  nodes      weight      energy     error   runTime
 0.00      0   300.00000  -1832.00445   0.00000     30.66
 3.00      0   305.52089  -1832.99875   0.02102     36.98
 6.00      0   299.77471  -1833.01123   0.02087     38.45
 9.00      0   298.64351  -1832.97456   0.02022     40.00
12.00      0   299.40245  -1833.04442   0.02518     41.42
15.00      0   299.14222  -1833.01138   0.02053     43.07
18.00      0   298.60557  -1833.00009   0.01945     44.54
21.00      0   299.16680  -1833.04612   0.02096     46.06
24.00      0   299.04410  -1833.01122   0.02404     47.56
27.00      0   298.26482  -1833.00245   0.01900     49.00
30.00      0   297.94590  -1833.00461   0.02224     50.42

Sampling Blocks
Target Final Error ~ 0.000072
   N  nodes      weight      E(Guide)     Error     weightp    E_frag     Error      Time
  20      0   299.44446   -1833.01482   0.00508   302.98370  -0.14306   0.00026     61.69
  40      0   298.25556   -1833.01690   0.00362   302.78068  -0.14357   0.00021     65.87
  60      0   298.77275   -1833.01494   0.00273   302.52928  -0.14380   0.00018     69.79
  80      0   299.03158   -1833.00892   0.00284   302.51813  -0.14377   0.00017     73.71
 100      0   298.49111   -1833.00446   0.00254   302.57517  -0.14378   0.00014     77.62
 120      0   297.83235   -1833.00169   0.00228   302.62750  -0.14387   0.00014     81.56
 140      0   298.63184   -1833.00036   0.00209   302.66786  -0.14388   0.00012     85.57
 160      0   298.55460   -1833.00124   0.00192   302.64525  -0.14384   0.00011     89.65
 180      0   299.06909   -1833.00316   0.00180   302.64477  -0.14392   0.00011     93.56
 200      0   298.05200   -1833.00487   0.00175   302.63282  -0.14394   0.00010     97.48
 220      0   299.16163   -1833.00397   0.00171   302.60206  -0.14384   0.00010    101.40
 240      0   297.57209   -1833.00477   0.00168   302.64852  -0.14399   0.00010    105.32
 260      0   298.98715   -1833.00510   0.00161   302.65474  -0.14400   0.00010    109.25
 280      0   298.55816   -1833.00605   0.00153   302.64807  -0.14402   0.00009    113.17
 300      0   299.38241   -1833.00695   0.00153   302.64377  -0.14406   0.00012    117.27
 320      0   298.53262   -1833.00766   0.00149   302.66049  -0.14407   0.00012    121.27
 340      0   298.97932   -1833.00798   0.00143   302.69502  -0.14408   0.00011    125.20
 360      0   298.75187   -1833.00846   0.00137   302.70337  -0.14408   0.00011    129.13
 380      0   298.35786   -1833.00808   0.00132   302.70045  -0.14406   0.00010    133.04
 400      0   298.63500   -1833.00846   0.00128   302.71654  -0.14403   0.00010    136.96
 420      0   299.15217   -1833.00862   0.00124   302.72147  -0.14405   0.00010    140.89
 440      0   298.66040   -1833.00832   0.00121   302.73535  -0.14404   0.00009    144.87
 460      0   298.51235   -1833.00831   0.00117   302.77017  -0.14402   0.00009    149.03
 480      0   298.81667   -1833.00815   0.00114   302.79035  -0.14402   0.00009    153.04
 500      0   299.36161   -1833.00865   0.00112   302.79987  -0.14400   0.00009    156.97
 520      0   299.17612   -1833.00857   0.00109   302.79733  -0.14398   0.00009    160.90
 540      0   297.90138   -1833.00792   0.00107   302.81229  -0.14394   0.00009    164.84
 560      0   299.50006   -1833.00824   0.00104   302.83394  -0.14396   0.00008    168.96
 580      0   298.29897   -1833.00824   0.00103   302.84012  -0.14397   0.00008    172.88
 600      0   298.75882   -1833.00789   0.00101   302.85026  -0.14395   0.00008    177.01
 620      0   298.58421   -1833.00803   0.00100   302.85115  -0.14395   0.00008    181.09
 640      0   298.21626   -1833.00812   0.00099   302.84983  -0.14396   0.00008    185.02
 660      0   298.94700   -1833.00811   0.00098   302.85577  -0.14395   0.00008    188.96
 680      0   298.29331   -1833.00843   0.00097   302.87181  -0.14392   0.00008    192.89
 700      0   298.17707   -1833.00812   0.00095   302.87198  -0.14391   0.00008    196.82
 720      0   298.98728   -1833.00829   0.00093   302.87940  -0.14390   0.00007    200.75
 740      0   298.66353   -1833.00867   0.00092   302.86899  -0.14393   0.00007    204.72
 760      0   299.65467   -1833.00932   0.00096   302.85340  -0.14396   0.00007    208.89
 780      0   298.55118   -1833.00936   0.00095   302.84394  -0.14396   0.00007    212.88
 800      0   297.78134   -1833.00938   0.00093   302.84692  -0.14394   0.00007    216.81
 820      0   297.88618   -1833.00938   0.00092   302.85316  -0.14394   0.00007    220.75
 840      0   299.20141   -1833.00909   0.00091   302.84698  -0.14394   0.00007    224.67

Post Propagation
Total number of samples 840
Remove Outliers
Remove samples outside Zeta > 30
Outlier bound [-0.18572, -0.10151]
Removed 0 Outliers
Outliers Energy []
nsample = 840, max_block_size = 42, min_nblocks = 20
   B    NB    NS  Observable     Error    dError
   1   840   840  -1833.00907   0.00091   0.00002
   2   420   840  -1833.00908   0.00113   0.00004
   3   280   840  -1833.00908   0.00127   0.00005
   4   210   840  -1833.00908   0.00138   0.00007
   5   168   840  -1833.00909   0.00144   0.00008
   6   140   840  -1833.00909   0.00144   0.00009
   7   120   840  -1833.00909   0.00153   0.00010
   8   105   840  -1833.00909   0.00157   0.00011
   9    93   837  -1833.00910   0.00163   0.00012
  10    84   840  -1833.00909   0.00157   0.00012
  11    76   836  -1833.00913   0.00170   0.00014
  12    70   840  -1833.00909   0.00168   0.00014
  13    64   832  -1833.00914   0.00169   0.00015
  14    60   840  -1833.00909   0.00170   0.00016
  15    56   840  -1833.00909   0.00168   0.00016
  16    52   832  -1833.00914   0.00180   0.00018
  17    49   833  -1833.00912   0.00182   0.00019
  18    46   828  -1833.00908   0.00173   0.00018
  19    44   836  -1833.00913   0.00173   0.00019
  20    42   840  -1833.00909   0.00162   0.00018
  21    40   840  -1833.00909   0.00173   0.00020
  22    38   836  -1833.00913   0.00184   0.00021
  23    36   828  -1833.00908   0.00178   0.00021
  24    35   840  -1833.00909   0.00183   0.00022
  25    33   825  -1833.00919   0.00170   0.00021
  26    32   832  -1833.00914   0.00177   0.00022
  27    31   837  -1833.00911   0.00193   0.00025
  28    30   840  -1833.00909   0.00182   0.00024
  29    28   812  -1833.00948   0.00174   0.00024
  30    28   840  -1833.00909   0.00188   0.00026
  31    27   837  -1833.00911   0.00183   0.00025
  32    26   832  -1833.00914   0.00218   0.00031
  33    25   825  -1833.00919   0.00198   0.00029
  34    24   816  -1833.00954   0.00197   0.00029
  35    24   840  -1833.00909   0.00199   0.00029
  36    23   828  -1833.00908   0.00199   0.00030
  37    22   814  -1833.00952   0.00191   0.00030
  38    22   836  -1833.00913   0.00187   0.00029
  39    21   819  -1833.00942   0.00186   0.00029
  40    21   840  -1833.00909   0.00188   0.00030
  41    20   820  -1833.00938   0.00204   0.00033
  42    20   840  -1833.00909   0.00194   0.00032
Fit (variance): plateau_var = 3.277e-06 ± 1.759e-07
Fit (error):    plateau = 0.00181 ± 0.00005
     autocorrelation length ~ 5.8 blocks
     plateau reached at block size ~ 26
nsample = 840, max_block_size = 42, min_nblocks = 20
Blk_SZ   NBlk   NSmp      Energy     Error    dError
     1    840    840    -0.14390   0.00007   0.00000
     2    420    840    -0.14390   0.00008   0.00000
     3    280    840    -0.14391   0.00008   0.00000
     4    210    840    -0.14391   0.00008   0.00000
     5    168    840    -0.14392   0.00008   0.00000
     6    140    840    -0.14392   0.00008   0.00000
     7    120    840    -0.14392   0.00008   0.00001
     8    105    840    -0.14392   0.00009   0.00001
     9     93    837    -0.14392   0.00009   0.00001
    10     84    840    -0.14392   0.00009   0.00001
    11     76    836    -0.14392   0.00009   0.00001
    12     70    840    -0.14392   0.00008   0.00001
    13     64    832    -0.14392   0.00009   0.00001
    14     60    840    -0.14392   0.00009   0.00001
    15     56    840    -0.14393   0.00009   0.00001
    16     52    832    -0.14392   0.00009   0.00001
    17     49    833    -0.14392   0.00009   0.00001
    18     46    828    -0.14392   0.00010   0.00001
    19     44    836    -0.14393   0.00007   0.00001
    20     42    840    -0.14393   0.00009   0.00001
    21     40    840    -0.14393   0.00009   0.00001
    22     38    836    -0.14393   0.00010   0.00001
    23     36    828    -0.14393   0.00008   0.00001
    24     35    840    -0.14393   0.00009   0.00001
    25     33    825    -0.14393   0.00008   0.00001
    26     32    832    -0.14393   0.00008   0.00001
    27     31    837    -0.14393   0.00009   0.00001
    28     30    840    -0.14393   0.00008   0.00001
    29     28    812    -0.14394   0.00008   0.00001
    30     28    840    -0.14393   0.00009   0.00001
    31     27    837    -0.14394   0.00009   0.00001
    32     26    832    -0.14393   0.00009   0.00001
    33     25    825    -0.14393   0.00008   0.00001
    34     24    816    -0.14394   0.00009   0.00001
    35     24    840    -0.14393   0.00008   0.00001
    36     23    828    -0.14393   0.00010   0.00001
    37     22    814    -0.14394   0.00009   0.00001
    38     22    836    -0.14394   0.00008   0.00001
    39     21    819    -0.14394   0.00008   0.00001
    40     21    840    -0.14393   0.00008   0.00001
    41     20    820    -0.14393   0.00009   0.00001
    42     20    840    -0.14394   0.00008   0.00001
Fit (variance): plateau_var = 7.27556e-09 ± 2.54860e-10
Fit (error):    plateau = 0.00009 ± 0.00000
     autocorrelation length ~ 1.4 blocks
     plateau reached at block size ~ 7
Final AFQMC/HF Guiding Energy:      -1833.0091 +/- 0.0018
Final AFQMC/pt2CCSD Orbital Energy: -0.14394 +/- 0.00009
<t1> = weightp/weight = 1.01403
Total run time: 224.73

AFQMC Sampling Finished

LNO-Integral time (s):    15.93
LNO-AFQMC time (s):       230.80


======================== LNO-FRAGMENT [C45] 34/(48,48) =========================
Fragment Num.  34
Fragment Idx.  34
Fragment Name  C45
LNO THRESHOLD  [0.00030000000000000003, 3e-05]
PySCF Threads  12
LNO-LAS: 28/156 Occ | 122/636 Vir | 150/792 MOs
LNO-MP2 Fragment Energy:  -0.11789203
LNO-CCSD Fragment Energy: -0.11828363
LNO-CPU time (s):         80.19 (LAS 21.55 | MP2 7.12 | CCSD 51.52)
LNO-CPU wait time (s):    0.00 (100.0% hidden)
Find Density Fit Teonsers in MF object
Integrals will be built by DF Tensors
Calculating Effective Active Space One-electron Integrals
*** Correlation Space Size ***
N Occupied Orbitals: 28
N Active Orbitals:   150
Build effective h0 and h1 time: 23.681430 s
Composing CDERIs from DF
Build CDERI in cLAS time: 8.175987 s
Raw CDERI in LAS shape: (3912, 11325)
Compress CDERI 2 Chol: 1e-05
Compress CDERI time: 2.236921 s
Finished calculating Integrals
LAS Cholesky shape: (1228, 150, 150)
AFQMC script: /u/yzhang65/myprojects/software/afqmc/afqmc/lno_afqmc/script/run_lno_afqmc_pt2ccsd.py

LNO-AFQMC Started
Hostname:     gpue08.delta.ncsa.illinois.edu
System:       Linux
Node:         gpue08.delta.ncsa.illinois.edu
Release:      5.14.0-570.131.1.el9_6.x86_64
Machine:      x86_64
Processor:    x86_64
JAX backend:  GPU
JAX devices:  [CudaDevice(id=0)]
Device kind:  NVIDIA H200
Platform:     gpu

QMC Parameters
eql_time        -         30
n_prop_steps    -         50
n_blocks        -        840
n_walkers       -        300
max_memory      -     100000
mix_precision   -       True
seed            -         33
walker_type     -        rhf
trial           - pt2ccsd_sto_chol
chol_cost_ratio -        0.2
max_error       -    7.2e-05
dt              -      0.005
n_exp_terms     -          6
n_batch         -          1
nchol_chunk     -        100
free_projection -      False

QMC System
Number of Occ. Orbitals:      28
Number of Act. Orbitals:      150
Number of Chol. Vectors:      1228
Mean-Field Energy:            -1832.00523770
Maximum memory per walker:            333.33 MB
Maximum number of Cholesky per chunk: 970
Number of Cholesky chunks:            2
Number of Cholesky per chunk:         614
Number of padding Cholesky:           0
Trial:   pt2ccsd_sto_chol(norb=150, nelec=(28, 28), n_batch=1, nchol_chunk=614, mix_precision=True, n_chol_head=0, head_chol_ratio=None, n_chol_samples=None, chol_cost_ratio=0.2, head_sample_ratio=3.0, chol_score_floor=1e-06, chol_uniform_mix=0.01, head_from_guide=False)
Sampler: sampler_pt2_sto_chol(n_prop_steps=50, n_blocks=840, n_chol=1228, frozen_vir=0)

Initalize QMC walkers by HF

Equilibration
Initial Orbital energy: -0.11830
inv_T  nodes      weight      energy     error   runTime
 0.00      0   300.00000  -1832.00430   0.00000     31.16
 3.00      0   305.82402  -1833.19898   0.03369     36.49
 6.00      0   300.25221  -1833.20766   0.02416     38.54
 9.00      0   299.23606  -1833.23488   0.02677     40.59
12.00      0   296.85693  -1833.15976   0.02186     42.64
15.00      0   298.05087  -1833.16733   0.02350     44.70
18.00      0   297.71575  -1833.20965   0.02370     46.74
21.00      0   298.71788  -1833.20557   0.02740     48.79
24.00      0   298.21599  -1833.17976   0.02380     50.84
27.00      0   298.07696  -1833.20866   0.02416     52.89
30.00      0   298.87117  -1833.24885   0.02721     55.07

Sampling Blocks
Target Final Error ~ 0.000072
   N  nodes      weight      E(Guide)     Error     weightp    E_frag     Error      Time
  20      0   298.63254   -1833.19911   0.00478   303.14888  -0.12416   0.00018     67.53
  40      0   298.24860   -1833.20825   0.00422   303.10377  -0.12417   0.00018     74.46
  60      0   299.19483   -1833.20549   0.00324   303.16375  -0.12429   0.00015     81.01
  80      0   298.22200   -1833.20824   0.00297   303.08418  -0.12430   0.00014     87.69
 100      0   297.21511   -1833.21241   0.00266   303.18920  -0.12442   0.00012     94.31
 120      0   299.81788   -1833.21194   0.00242   303.25871  -0.12447   0.00012    100.87
 140      0   298.98237   -1833.20932   0.00230   303.30758  -0.12452   0.00011    107.43
 160      0   298.29779   -1833.20703   0.00224   303.32636  -0.12443   0.00010    114.01
 180      0   299.44704   -1833.20776   0.00212   303.35739  -0.12438   0.00010    120.71
 200      0   298.21470   -1833.20841   0.00199   303.34200  -0.12446   0.00009    127.28
 220      0   298.02963   -1833.20846   0.00188   303.33988  -0.12447   0.00009    133.85
 240      0   298.68795   -1833.20926   0.00179   303.33140  -0.12447   0.00008    140.41
 260      0   298.95837   -1833.20982   0.00168   303.31947  -0.12452   0.00009    147.08
 280      0   298.36902   -1833.20897   0.00161   303.30874  -0.12445   0.00009    153.71
 300      0   299.00560   -1833.20837   0.00154   303.30418  -0.12445   0.00008    160.27
 320      0   298.69818   -1833.20743   0.00151   303.30249  -0.12445   0.00008    166.83
 340      0   298.33510   -1833.20666   0.00147   303.32996  -0.12447   0.00008    173.39
 360      0   298.73445   -1833.20797   0.00145   303.37494  -0.12450   0.00007    180.15
 380      0   297.96809   -1833.20792   0.00139   303.37096  -0.12447   0.00007    186.71
 400      0   297.82398   -1833.20824   0.00136   303.38332  -0.12446   0.00007    193.27
 420      0   299.12640   -1833.20920   0.00133   303.37666  -0.12448   0.00007    199.83
 440      0   298.60065   -1833.20859   0.00128   303.37035  -0.12447   0.00007    206.51
 460      0   298.78303   -1833.20848   0.00125   303.36622  -0.12445   0.00006    213.14
 480      0   298.12936   -1833.20884   0.00122   303.36429  -0.12448   0.00006    219.70
 500      0   298.99071   -1833.20897   0.00119   303.35964  -0.12448   0.00006    226.26
 520      0   297.67795   -1833.20962   0.00116   303.36849  -0.12450   0.00006    232.81
 540      0   299.23742   -1833.21011   0.00114   303.36422  -0.12452   0.00006    239.54
 560      0   297.56149   -1833.21174   0.00118   303.36197  -0.12457   0.00006    246.10
 580      0   297.92393   -1833.21226   0.00116   303.34494  -0.12459   0.00006    252.66
 600      0   298.16794   -1833.21204   0.00114   303.35437  -0.12460   0.00006    259.21
 620      0   299.10898   -1833.21141   0.00112   303.36975  -0.12461   0.00006    265.85
 640      0   298.66465   -1833.21136   0.00110   303.36277  -0.12461   0.00006    272.50
 660      0   299.44301   -1833.21114   0.00109   303.34960  -0.12465   0.00006    279.07
 680      0   298.58354   -1833.21142   0.00106   303.35290  -0.12465   0.00006    285.66
 700      0   299.06034   -1833.21151   0.00103   303.36199  -0.12463   0.00005    292.21
 720      0   298.25898   -1833.21151   0.00102   303.35268  -0.12466   0.00005    298.91
 740      0   298.30678   -1833.21146   0.00099   303.35355  -0.12467   0.00005    305.48

Post Propagation
Total number of samples 740
Remove Outliers
Remove samples outside Zeta > 30
Outlier bound [-0.16054, -0.08832]
Removed 0 Outliers
Outliers Energy []
nsample = 740, max_block_size = 37, min_nblocks = 20
   B    NB    NS  Observable     Error    dError
   1   740   740  -1833.21144   0.00099   0.00003
   2   370   740  -1833.21145   0.00125   0.00005
   3   246   738  -1833.21151   0.00142   0.00006
   4   185   740  -1833.21145   0.00153   0.00008
   5   148   740  -1833.21145   0.00160   0.00009
   6   123   738  -1833.21152   0.00169   0.00011
   7   105   735  -1833.21150   0.00178   0.00012
   8    92   736  -1833.21155   0.00175   0.00013
   9    82   738  -1833.21152   0.00174   0.00014
  10    74   740  -1833.21146   0.00196   0.00016
  11    67   737  -1833.21154   0.00187   0.00016
  12    61   732  -1833.21151   0.00192   0.00018
  13    56   728  -1833.21153   0.00181   0.00017
  14    52   728  -1833.21153   0.00204   0.00020
  15    49   735  -1833.21150   0.00206   0.00021
  16    46   736  -1833.21155   0.00201   0.00021
  17    43   731  -1833.21154   0.00198   0.00022
  18    41   738  -1833.21153   0.00202   0.00023
  19    38   722  -1833.21154   0.00225   0.00026
  20    37   740  -1833.21146   0.00221   0.00026
  21    35   735  -1833.21151   0.00222   0.00027
  22    33   726  -1833.21157   0.00215   0.00027
  23    32   736  -1833.21155   0.00207   0.00026
  24    30   720  -1833.21151   0.00218   0.00029
  25    29   725  -1833.21157   0.00224   0.00030
  26    28   728  -1833.21153   0.00211   0.00029
  27    27   729  -1833.21150   0.00224   0.00031
  28    26   728  -1833.21153   0.00246   0.00035
  29    25   725  -1833.21157   0.00222   0.00032
  30    24   720  -1833.21151   0.00262   0.00039
  31    23   713  -1833.21146   0.00258   0.00039
  32    23   736  -1833.21155   0.00228   0.00034
  33    22   726  -1833.21157   0.00260   0.00040
  34    21   714  -1833.21142   0.00241   0.00038
  35    21   735  -1833.21151   0.00229   0.00036
  36    20   720  -1833.21151   0.00234   0.00038
  37    20   740  -1833.21146   0.00245   0.00040
Fit (variance): plateau_var = 5.006e-06 ± 3.943e-07
Fit (error):    plateau = 0.00224 ± 0.00009
     autocorrelation length ~ 8.3 blocks
     plateau reached at block size ~ 38
nsample = 740, max_block_size = 37, min_nblocks = 20
Blk_SZ   NBlk   NSmp      Energy     Error    dError
     1    740    740    -0.12464   0.00005   0.00000
     2    370    740    -0.12464   0.00006   0.00000
     3    246    738    -0.12464   0.00007   0.00000
     4    185    740    -0.12465   0.00007   0.00000
     5    148    740    -0.12465   0.00007   0.00000
     6    123    738    -0.12465   0.00007   0.00000
     7    105    735    -0.12466   0.00008   0.00001
     8     92    736    -0.12465   0.00008   0.00001
     9     82    738    -0.12466   0.00008   0.00001
    10     74    740    -0.12466   0.00008   0.00001
    11     67    737    -0.12466   0.00008   0.00001
    12     61    732    -0.12466   0.00008   0.00001
    13     56    728    -0.12467   0.00008   0.00001
    14     52    728    -0.12466   0.00009   0.00001
    15     49    735    -0.12466   0.00008   0.00001
    16     46    736    -0.12466   0.00008   0.00001
    17     43    731    -0.12466   0.00008   0.00001
    18     41    738    -0.12466   0.00008   0.00001
    19     38    722    -0.12466   0.00009   0.00001
    20     37    740    -0.12466   0.00009   0.00001
    21     35    735    -0.12466   0.00009   0.00001
    22     33    726    -0.12467   0.00010   0.00001
    23     32    736    -0.12466   0.00008   0.00001
    24     30    720    -0.12466   0.00009   0.00001
    25     29    725    -0.12466   0.00009   0.00001
    26     28    728    -0.12467   0.00009   0.00001
    27     27    729    -0.12467   0.00009   0.00001
    28     26    728    -0.12467   0.00010   0.00001
    29     25    725    -0.12467   0.00010   0.00001
    30     24    720    -0.12465   0.00009   0.00001
    31     23    713    -0.12464   0.00008   0.00001
    32     23    736    -0.12466   0.00009   0.00001
    33     22    726    -0.12467   0.00011   0.00002
    34     21    714    -0.12464   0.00008   0.00001
    35     21    735    -0.12467   0.00010   0.00002
    36     20    720    -0.12466   0.00010   0.00002
    37     20    740    -0.12466   0.00010   0.00002
Fit (variance): plateau_var = 7.79325e-09 ± 5.18596e-10
Fit (error):    plateau = 0.00009 ± 0.00000
     autocorrelation length ~ 6.2 blocks
     plateau reached at block size ~ 27
Final AFQMC/HF Guiding Energy:      -1833.2115 +/- 0.0022
Final AFQMC/pt2CCSD Orbital Energy: -0.12467 +/- 0.00009
<t1> = weightp/weight = 1.01640
Total run time: 305.49

AFQMC Sampling Finished

LNO-Integral time (s):    35.10
LNO-AFQMC time (s):       314.72


======================== LNO-FRAGMENT [C46] 35/(48,48) =========================
Fragment Num.  35
Fragment Idx.  35
Fragment Name  C46
LNO THRESHOLD  [0.00030000000000000003, 3e-05]
PySCF Threads  12
LNO-LAS: 29/156 Occ | 121/636 Vir | 150/792 MOs
LNO-MP2 Fragment Energy:  -0.11760993
LNO-CCSD Fragment Energy: -0.11799650
LNO-CPU time (s):         77.73 (LAS 19.08 | MP2 5.98 | CCSD 52.66)
LNO-CPU wait time (s):    0.00 (100.0% hidden)
Find Density Fit Teonsers in MF object
Integrals will be built by DF Tensors
Calculating Effective Active Space One-electron Integrals
*** Correlation Space Size ***
N Occupied Orbitals: 29
N Active Orbitals:   150
Build effective h0 and h1 time: 20.397790 s
Composing CDERIs from DF
Build CDERI in cLAS time: 7.936444 s
Raw CDERI in LAS shape: (3912, 11325)
Compress CDERI 2 Chol: 1e-05
Compress CDERI time: 2.158587 s
Finished calculating Integrals
LAS Cholesky shape: (1240, 150, 150)
AFQMC script: /u/yzhang65/myprojects/software/afqmc/afqmc/lno_afqmc/script/run_lno_afqmc_pt2ccsd.py

LNO-AFQMC Started
Hostname:     gpue08.delta.ncsa.illinois.edu
System:       Linux
Node:         gpue08.delta.ncsa.illinois.edu
Release:      5.14.0-570.131.1.el9_6.x86_64
Machine:      x86_64
Processor:    x86_64
JAX backend:  GPU
JAX devices:  [CudaDevice(id=0)]
Device kind:  NVIDIA H200
Platform:     gpu

QMC Parameters
eql_time        -         30
n_prop_steps    -         50
n_blocks        -        840
n_walkers       -        300
max_memory      -     100000
mix_precision   -       True
seed            -       2939
walker_type     -        rhf
trial           - pt2ccsd_sto_chol
chol_cost_ratio -        0.2
max_error       -    7.2e-05
dt              -      0.005
n_exp_terms     -          6
n_batch         -          1
nchol_chunk     -        100
free_projection -      False

QMC System
Number of Occ. Orbitals:      29
Number of Act. Orbitals:      150
Number of Chol. Vectors:      1240
Mean-Field Energy:            -1832.00523770
Maximum memory per walker:            333.33 MB
Maximum number of Cholesky per chunk: 970
Number of Cholesky chunks:            2
Number of Cholesky per chunk:         620
Number of padding Cholesky:           0
Trial:   pt2ccsd_sto_chol(norb=150, nelec=(29, 29), n_batch=1, nchol_chunk=620, mix_precision=True, n_chol_head=0, head_chol_ratio=None, n_chol_samples=None, chol_cost_ratio=0.2, head_sample_ratio=3.0, chol_score_floor=1e-06, chol_uniform_mix=0.01, head_from_guide=False)
Sampler: sampler_pt2_sto_chol(n_prop_steps=50, n_blocks=840, n_chol=1240, frozen_vir=0)

Initalize QMC walkers by HF

Equilibration
Initial Orbital energy: -0.11802
inv_T  nodes      weight      energy     error   runTime
 0.00      0   300.00000  -1832.00438   0.00000     29.71
 3.00      0   306.03242  -1833.22067   0.02396     36.11
 6.00      0   300.15165  -1833.19665   0.02356     38.32
 9.00      0   299.81061  -1833.23840   0.02531     40.48
12.00      0   299.12919  -1833.23390   0.02377     42.63
15.00      0   298.33024  -1833.16794   0.02199     44.78
18.00      0   298.35319  -1833.24793   0.02441     46.94
21.00      0   297.52193  -1833.20143   0.02277     49.09
24.00      0   298.70143  -1833.18728   0.02037     51.24
27.00      0   296.88366  -1833.16810   0.02114     53.40
30.00      0   298.62596  -1833.21572   0.02312     55.56

Sampling Blocks
Target Final Error ~ 0.000072
   N  nodes      weight      E(Guide)     Error     weightp    E_frag     Error      Time
  20      0   299.43278   -1833.21829   0.00560   303.28722  -0.12381   0.00026     68.83
  40      0   298.75014   -1833.21398   0.00384   303.30103  -0.12397   0.00023     76.09
  60      0   298.25160   -1833.21832   0.00322   303.32097  -0.12415   0.00018     83.10
  80      0   298.61222   -1833.21814   0.00255   303.37909  -0.12418   0.00015     90.10
 100      0   297.96498   -1833.21969   0.00243   303.33051  -0.12426   0.00013     97.28
 120      0   298.22721   -1833.22528   0.00248   303.36113  -0.12413   0.00013    104.28
 140      0   298.30223   -1833.22402   0.00223   303.32930  -0.12412   0.00012    111.30
 160      0   298.49121   -1833.22265   0.00205   303.21586  -0.12408   0.00011    118.30
 180      0   298.43369   -1833.22111   0.00214   303.20085  -0.12413   0.00010    125.44
 200      0   298.45920   -1833.22046   0.00208   303.23503  -0.12412   0.00009    132.48
 220      0   297.54875   -1833.22116   0.00196   303.22175  -0.12408   0.00009    139.48
 240      0   297.00189   -1833.22071   0.00188   303.21001  -0.12408   0.00008    146.49
 260      0   299.23950   -1833.21927   0.00180   303.19614  -0.12403   0.00008    153.59
 280      0   297.43320   -1833.21806   0.00172   303.22763  -0.12400   0.00007    160.70
 300      0   298.40094   -1833.21717   0.00166   303.25758  -0.12401   0.00007    167.70
 320      0   297.94508   -1833.21702   0.00162   303.26362  -0.12402   0.00007    174.71
 340      0   298.14068   -1833.21788   0.00158   303.28337  -0.12404   0.00007    181.76
 360      0   298.06662   -1833.21857   0.00154   303.24438  -0.12411   0.00007    188.89
 380      0   299.20442   -1833.21805   0.00148   303.22564  -0.12413   0.00007    195.90
 400      0   298.63224   -1833.21791   0.00143   303.20630  -0.12416   0.00007    202.91
 420      0   298.49760   -1833.21774   0.00138   303.20284  -0.12415   0.00007    209.93
 440      0   298.33515   -1833.21869   0.00135   303.20324  -0.12416   0.00007    217.11
 460      0   297.93864   -1833.21894   0.00131   303.19033  -0.12414   0.00007    224.13
 480      0   298.87695   -1833.21855   0.00128   303.20143  -0.12415   0.00006    231.13
 500      0   298.89561   -1833.21775   0.00126   303.22376  -0.12412   0.00006    238.13
 520      0   298.36171   -1833.21853   0.00125   303.22369  -0.12413   0.00006    245.26
 540      0   298.29399   -1833.21863   0.00122   303.18825  -0.12412   0.00006    252.29
 560      0   297.31746   -1833.21850   0.00120   303.17067  -0.12414   0.00006    259.30
 580      0   299.28354   -1833.21852   0.00117   303.17284  -0.12418   0.00006    266.31
 600      0   298.22340   -1833.21741   0.00118   303.16343  -0.12418   0.00006    273.41
 620      0   298.28800   -1833.21772   0.00115   303.16330  -0.12418   0.00006    280.50
 640      0   299.24066   -1833.21783   0.00112   303.15651  -0.12423   0.00006    287.50
 660      0   298.77133   -1833.21750   0.00110   303.16292  -0.12425   0.00006    294.52
 680      0   299.82896   -1833.21747   0.00108   303.16251  -0.12426   0.00006    301.57
 700      0   298.07342   -1833.21707   0.00107   303.16426  -0.12427   0.00006    308.75
 720      0   298.58796   -1833.21621   0.00106   303.15679  -0.12427   0.00006    315.75
 740      0   298.12787   -1833.21569   0.00104   303.16500  -0.12426   0.00006    322.75
 760      0   298.43207   -1833.21541   0.00102   303.15503  -0.12428   0.00006    329.76
 780      0   298.89376   -1833.21564   0.00100   303.15445  -0.12429   0.00006    336.95
 800      0   297.78068   -1833.21571   0.00099   303.13664  -0.12430   0.00006    343.97
 820      0   299.05315   -1833.21502   0.00099   303.12681  -0.12429   0.00005    350.98
 840      0   298.70445   -1833.21512   0.00097   303.13156  -0.12429   0.00005    357.99

Post Propagation
Total number of samples 840
Remove Outliers
Remove samples outside Zeta > 30
Outlier bound [-0.16317, -0.08496]
Removed 0 Outliers
Outliers Energy []
nsample = 840, max_block_size = 42, min_nblocks = 20
   B    NB    NS  Observable     Error    dError
   1   840   840  -1833.21510   0.00097   0.00002
   2   420   840  -1833.21510   0.00123   0.00004
   3   280   840  -1833.21511   0.00139   0.00006
   4   210   840  -1833.21511   0.00150   0.00007
   5   168   840  -1833.21511   0.00161   0.00009
   6   140   840  -1833.21511   0.00170   0.00010
   7   120   840  -1833.21511   0.00178   0.00012
   8   105   840  -1833.21511   0.00182   0.00013
   9    93   837  -1833.21507   0.00184   0.00014
  10    84   840  -1833.21512   0.00190   0.00015
  11    76   836  -1833.21506   0.00201   0.00016
  12    70   840  -1833.21512   0.00198   0.00017
  13    64   832  -1833.21505   0.00208   0.00018
  14    60   840  -1833.21512   0.00209   0.00019
  15    56   840  -1833.21512   0.00213   0.00020
  16    52   832  -1833.21505   0.00204   0.00020
  17    49   833  -1833.21505   0.00216   0.00022
  18    46   828  -1833.21512   0.00208   0.00022
  19    44   836  -1833.21506   0.00217   0.00023
  20    42   840  -1833.21512   0.00214   0.00024
  21    40   840  -1833.21512   0.00227   0.00026
  22    38   836  -1833.21506   0.00224   0.00026
  23    36   828  -1833.21512   0.00228   0.00027
  24    35   840  -1833.21512   0.00230   0.00028
  25    33   825  -1833.21511   0.00236   0.00030
  26    32   832  -1833.21505   0.00219   0.00028
  27    31   837  -1833.21507   0.00205   0.00026
  28    30   840  -1833.21512   0.00219   0.00029
  29    28   812  -1833.21516   0.00258   0.00035
  30    28   840  -1833.21512   0.00242   0.00033
  31    27   837  -1833.21507   0.00222   0.00031
  32    26   832  -1833.21505   0.00239   0.00034
  33    25   825  -1833.21511   0.00259   0.00037
  34    24   816  -1833.21513   0.00217   0.00032
  35    24   840  -1833.21512   0.00212   0.00031
  36    23   828  -1833.21512   0.00239   0.00036
  37    22   814  -1833.21517   0.00214   0.00033
  38    22   836  -1833.21506   0.00258   0.00040
  39    21   819  -1833.21501   0.00234   0.00037
  40    21   840  -1833.21512   0.00238   0.00038
  41    20   820  -1833.21502   0.00255   0.00041
  42    20   840  -1833.21512   0.00254   0.00041
Fit (variance): plateau_var = 5.260e-06 ± 3.382e-07
Fit (error):    plateau = 0.00229 ± 0.00007
     autocorrelation length ~ 8.3 blocks
     plateau reached at block size ~ 38
nsample = 840, max_block_size = 42, min_nblocks = 20
Blk_SZ   NBlk   NSmp      Energy     Error    dError
     1    840    840    -0.12426   0.00005   0.00000
     2    420    840    -0.12427   0.00006   0.00000
     3    280    840    -0.12427   0.00007   0.00000
     4    210    840    -0.12427   0.00007   0.00000
     5    168    840    -0.12427   0.00007   0.00000
     6    140    840    -0.12428   0.00008   0.00000
     7    120    840    -0.12428   0.00007   0.00000
     8    105    840    -0.12428   0.00008   0.00001
     9     93    837    -0.12428   0.00008   0.00001
    10     84    840    -0.12428   0.00008   0.00001
    11     76    836    -0.12428   0.00008   0.00001
    12     70    840    -0.12428   0.00008   0.00001
    13     64    832    -0.12427   0.00008   0.00001
    14     60    840    -0.12428   0.00008   0.00001
    15     56    840    -0.12428   0.00009   0.00001
    16     52    832    -0.12428   0.00008   0.00001
    17     49    833    -0.12428   0.00009   0.00001
    18     46    828    -0.12428   0.00008   0.00001
    19     44    836    -0.12428   0.00008   0.00001
    20     42    840    -0.12428   0.00008   0.00001
    21     40    840    -0.12428   0.00008   0.00001
    22     38    836    -0.12428   0.00009   0.00001
    23     36    828    -0.12428   0.00008   0.00001
    24     35    840    -0.12429   0.00008   0.00001
    25     33    825    -0.12429   0.00008   0.00001
    26     32    832    -0.12428   0.00009   0.00001
    27     31    837    -0.12429   0.00008   0.00001
    28     30    840    -0.12428   0.00009   0.00001
    29     28    812    -0.12428   0.00007   0.00001
    30     28    840    -0.12429   0.00010   0.00001
    31     27    837    -0.12429   0.00008   0.00001
    32     26    832    -0.12428   0.00009   0.00001
    33     25    825    -0.12429   0.00009   0.00001
    34     24    816    -0.12429   0.00009   0.00001
    35     24    840    -0.12429   0.00008   0.00001
    36     23    828    -0.12429   0.00010   0.00001
    37     22    814    -0.12429   0.00008   0.00001
    38     22    836    -0.12428   0.00009   0.00001
    39     21    819    -0.12429   0.00010   0.00002
    40     21    840    -0.12429   0.00008   0.00001
    41     20    820    -0.12429   0.00009   0.00001
    42     20    840    -0.12429   0.00009   0.00001
Fit (variance): plateau_var = 6.71403e-09 ± 3.01183e-10
Fit (error):    plateau = 0.00008 ± 0.00000
     autocorrelation length ~ 3.6 blocks
     plateau reached at block size ~ 16
Final AFQMC/HF Guiding Energy:      -1833.2151 +/- 0.0023
Final AFQMC/pt2CCSD Orbital Energy: -0.12429 +/- 0.00008
<t1> = weightp/weight = 1.01554
Total run time: 358.00

AFQMC Sampling Finished

LNO-Integral time (s):    31.81
LNO-AFQMC time (s):       373.78


======================= LNO-FRAGMENT [C47H63] 36/(48,48) =======================
Fragment Num.  36
Fragment Idx.  36
Fragment Name  C47H63
LNO THRESHOLD  [0.00030000000000000003, 3e-05]
PySCF Threads  12
LNO-LAS: 26/156 Occ | 107/636 Vir | 133/792 MOs
LNO-MP2 Fragment Energy:  -0.13258751
LNO-CCSD Fragment Energy: -0.13817774
LNO-CPU time (s):         65.71 (LAS 18.92 | MP2 12.44 | CCSD 34.36)
LNO-CPU wait time (s):    0.00 (100.0% hidden)
Find Density Fit Teonsers in MF object
Integrals will be built by DF Tensors
Calculating Effective Active Space One-electron Integrals
*** Correlation Space Size ***
N Occupied Orbitals: 26
N Active Orbitals:   133
Build effective h0 and h1 time: 23.465959 s
Composing CDERIs from DF
Build CDERI in cLAS time: 8.467148 s
Raw CDERI in LAS shape: (3912, 8911)
Compress CDERI 2 Chol: 1e-05
Compress CDERI time: 2.015148 s
Finished calculating Integrals
LAS Cholesky shape: (1114, 133, 133)
AFQMC script: /u/yzhang65/myprojects/software/afqmc/afqmc/lno_afqmc/script/run_lno_afqmc_pt2ccsd.py

LNO-AFQMC Started
Hostname:     gpue08.delta.ncsa.illinois.edu
System:       Linux
Node:         gpue08.delta.ncsa.illinois.edu
Release:      5.14.0-570.131.1.el9_6.x86_64
Machine:      x86_64
Processor:    x86_64
JAX backend:  GPU
JAX devices:  [CudaDevice(id=0)]
Device kind:  NVIDIA H200
Platform:     gpu

QMC Parameters
eql_time        -         30
n_prop_steps    -         50
n_blocks        -        840
n_walkers       -        300
max_memory      -     100000
mix_precision   -       True
seed            -        922
walker_type     -        rhf
trial           - pt2ccsd_sto_chol
chol_cost_ratio -        0.2
max_error       -    7.2e-05
dt              -      0.005
n_exp_terms     -          6
n_batch         -          1
nchol_chunk     -        100
free_projection -      False

QMC System
Number of Occ. Orbitals:      26
Number of Act. Orbitals:      133
Number of Chol. Vectors:      1114
Mean-Field Energy:            -1832.00523770
Maximum memory per walker:            333.33 MB
Maximum number of Cholesky per chunk: 1234
Number of Cholesky chunks:            1
Number of Cholesky per chunk:         1114
Number of padding Cholesky:           0
Trial:   pt2ccsd_sto_chol(norb=133, nelec=(26, 26), n_batch=1, nchol_chunk=1114, mix_precision=True, n_chol_head=0, head_chol_ratio=None, n_chol_samples=None, chol_cost_ratio=0.2, head_sample_ratio=3.0, chol_score_floor=1e-06, chol_uniform_mix=0.01, head_from_guide=False)
Sampler: sampler_pt2_sto_chol(n_prop_steps=50, n_blocks=840, n_chol=1114, frozen_vir=0)

Initalize QMC walkers by HF

Equilibration
Initial Orbital energy: -0.13824
inv_T  nodes      weight      energy     error   runTime
 0.00      0   300.00000  -1832.00428   0.00000     28.00
 3.00      0   304.71475  -1832.99220   0.02016     33.65
 6.00      0   300.51622  -1833.02706   0.02073     35.36
 9.00      0   299.36822  -1833.05027   0.02330     37.08
12.00      0   298.60877  -1833.02768   0.02155     38.79
15.00      0   298.09505  -1833.02997   0.01982     40.51
18.00      0   298.31085  -1833.00510   0.02011     42.23
21.00      0   298.82150  -1833.02977   0.01911     43.94
24.00      0   299.15317  -1833.08248   0.02721     45.65
27.00      0   298.06826  -1833.00698   0.02215     47.37
30.00      0   298.51364  -1833.05855   0.02094     49.09

Sampling Blocks
Target Final Error ~ 0.000072
   N  nodes      weight      E(Guide)     Error     weightp    E_frag     Error      Time
  20      0   299.00770   -1833.03616   0.00465   302.95555  -0.14437   0.00037     60.17
  40      0   297.92044   -1833.03658   0.00368   302.87137  -0.14431   0.00024     65.33
  60      0   298.13856   -1833.03416   0.00293   302.93082  -0.14426   0.00019     70.30
  80      0   298.64439   -1833.03568   0.00263   302.94809  -0.14423   0.00017     75.28
 100      0   298.19030   -1833.03862   0.00248   302.94344  -0.14408   0.00015     80.32
 120      0   298.65046   -1833.03857   0.00234   302.95901  -0.14413   0.00013     85.51
 140      0   299.58456   -1833.03874   0.00217   303.01458  -0.14416   0.00013     90.50
 160      0   298.82961   -1833.03857   0.00199   303.06923  -0.14421   0.00012     95.48
 180      0   298.93575   -1833.03783   0.00195   303.09330  -0.14430   0.00012    100.47
 200      0   298.31883   -1833.03785   0.00179   303.07457  -0.14432   0.00011    105.45
 220      0   299.04783   -1833.03713   0.00171   303.12012  -0.14429   0.00010    110.49
 240      0   299.05892   -1833.03788   0.00168   303.11883  -0.14429   0.00010    115.69
 260      0   298.80281   -1833.03856   0.00160   303.11224  -0.14425   0.00010    120.67
 280      0   298.55465   -1833.03992   0.00158   303.12732  -0.14424   0.00009    125.66
 300      0   298.28898   -1833.03939   0.00150   303.12632  -0.14427   0.00009    130.63
 320      0   299.15657   -1833.03871   0.00144   303.10921  -0.14427   0.00008    135.60
 340      0   298.88939   -1833.03809   0.00138   303.08672  -0.14429   0.00008    140.65
 360      0   298.61178   -1833.03751   0.00133   303.07137  -0.14428   0.00008    145.78
 380      0   299.06744   -1833.03765   0.00128   303.06949  -0.14425   0.00007    150.77
 400      0   297.84015   -1833.03852   0.00125   303.07589  -0.14426   0.00007    155.75
 420      0   298.65727   -1833.03816   0.00123   303.06800  -0.14427   0.00007    160.74
 440      0   299.47147   -1833.03820   0.00121   303.06987  -0.14428   0.00007    165.74
 460      0   298.73672   -1833.03908   0.00119   303.04288  -0.14432   0.00007    170.83
 480      0   298.50330   -1833.03933   0.00115   303.03432  -0.14434   0.00007    176.00
 500      0   297.75378   -1833.03991   0.00116   303.01408  -0.14434   0.00006    180.98
 520      0   298.04269   -1833.03896   0.00115   303.02681  -0.14434   0.00006    185.95
 540      0   299.01622   -1833.03860   0.00113   303.06976  -0.14437   0.00006    190.93
 560      0   298.81233   -1833.03862   0.00111   303.07500  -0.14434   0.00006    195.90
 580      0   298.53524   -1833.03820   0.00108   303.07603  -0.14433   0.00006    200.97
 600      0   298.48778   -1833.03831   0.00106   303.06902  -0.14434   0.00006    206.12
 620      0   298.63249   -1833.03797   0.00104   303.07008  -0.14435   0.00006    211.09
 640      0   298.02937   -1833.03795   0.00102   303.06596  -0.14435   0.00006    216.08
 660      0   298.34908   -1833.03806   0.00101   303.07606  -0.14435   0.00006    221.05
 680      0   297.77112   -1833.03786   0.00099   303.08627  -0.14434   0.00005    226.03
 700      0   298.04621   -1833.03797   0.00097   303.08797  -0.14435   0.00005    231.11

Post Propagation
Total number of samples 700
Remove Outliers
Remove samples outside Zeta > 30
Outlier bound [-0.18152, -0.10683]
Removed 0 Outliers
Outliers Energy []
nsample = 700, max_block_size = 35, min_nblocks = 20
   B    NB    NS  Observable     Error    dError
   1   700   700  -1833.03795   0.00097   0.00003
   2   350   700  -1833.03796   0.00122   0.00005
   3   233   699  -1833.03799   0.00136   0.00006
   4   175   700  -1833.03796   0.00149   0.00008
   5   140   700  -1833.03797   0.00155   0.00009
   6   116   696  -1833.03808   0.00149   0.00010
   7   100   700  -1833.03797   0.00159   0.00011
   8    87   696  -1833.03809   0.00166   0.00013
   9    77   693  -1833.03806   0.00167   0.00014
  10    70   700  -1833.03797   0.00156   0.00013
  11    63   693  -1833.03806   0.00166   0.00015
  12    58   696  -1833.03809   0.00158   0.00015
  13    53   689  -1833.03805   0.00161   0.00016
  14    50   700  -1833.03797   0.00166   0.00017
  15    46   690  -1833.03804   0.00181   0.00019
  16    43   688  -1833.03802   0.00182   0.00020
  17    41   697  -1833.03807   0.00172   0.00019
  18    38   684  -1833.03787   0.00162   0.00019
  19    36   684  -1833.03787   0.00202   0.00024
  20    35   700  -1833.03798   0.00163   0.00020
  21    33   693  -1833.03806   0.00164   0.00020
  22    31   682  -1833.03787   0.00171   0.00022
  23    30   690  -1833.03804   0.00165   0.00022
  24    29   696  -1833.03809   0.00171   0.00023
  25    28   700  -1833.03798   0.00175   0.00024
  26    26   676  -1833.03786   0.00206   0.00029
  27    25   675  -1833.03782   0.00180   0.00026
  28    25   700  -1833.03798   0.00178   0.00026
  29    24   696  -1833.03809   0.00209   0.00031
  30    23   690  -1833.03804   0.00157   0.00024
  31    22   682  -1833.03787   0.00217   0.00033
  32    21   672  -1833.03783   0.00187   0.00030
  33    21   693  -1833.03806   0.00211   0.00033
  34    20   680  -1833.03786   0.00158   0.00026
  35    20   700  -1833.03797   0.00170   0.00028
Fit (variance): plateau_var = 2.893e-06 ± 1.451e-07
Fit (error):    plateau = 0.00170 ± 0.00004
     autocorrelation length ~ 3.2 blocks
     plateau reached at block size ~ 15
nsample = 700, max_block_size = 35, min_nblocks = 20
Blk_SZ   NBlk   NSmp      Energy     Error    dError
     1    700    700    -0.14432   0.00005   0.00000
     2    350    700    -0.14433   0.00006   0.00000
     3    233    699    -0.14433   0.00007   0.00000
     4    175    700    -0.14433   0.00007   0.00000
     5    140    700    -0.14434   0.00007   0.00000
     6    116    696    -0.14434   0.00007   0.00000
     7    100    700    -0.14434   0.00007   0.00001
     8     87    696    -0.14434   0.00007   0.00001
     9     77    693    -0.14435   0.00008   0.00001
    10     70    700    -0.14435   0.00007   0.00001
    11     63    693    -0.14435   0.00007   0.00001
    12     58    696    -0.14435   0.00008   0.00001
    13     53    689    -0.14435   0.00008   0.00001
    14     50    700    -0.14435   0.00008   0.00001
    15     46    690    -0.14435   0.00009   0.00001
    16     43    688    -0.14435   0.00007   0.00001
    17     41    697    -0.14434   0.00007   0.00001
    18     38    684    -0.14434   0.00008   0.00001
    19     36    684    -0.14434   0.00008   0.00001
    20     35    700    -0.14435   0.00007   0.00001
    21     33    693    -0.14435   0.00008   0.00001
    22     31    682    -0.14434   0.00007   0.00001
    23     30    690    -0.14436   0.00008   0.00001
    24     29    696    -0.14435   0.00008   0.00001
    25     28    700    -0.14435   0.00008   0.00001
    26     26    676    -0.14433   0.00008   0.00001
    27     25    675    -0.14433   0.00008   0.00001
    28     25    700    -0.14435   0.00007   0.00001
    29     24    696    -0.14435   0.00007   0.00001
    30     23    690    -0.14436   0.00008   0.00001
    31     22    682    -0.14434   0.00008   0.00001
    32     21    672    -0.14433   0.00006   0.00001
    33     21    693    -0.14435   0.00007   0.00001
    34     20    680    -0.14434   0.00007   0.00001
    35     20    700    -0.14435   0.00007   0.00001
Fit (variance): plateau_var = 5.64695e-09 ± 2.66917e-10
Fit (error):    plateau = 0.00008 ± 0.00000
     autocorrelation length ~ 2.7 blocks
     plateau reached at block size ~ 12
Final AFQMC/HF Guiding Energy:      -1833.0380 +/- 0.0017
Final AFQMC/pt2CCSD Orbital Energy: -0.14435 +/- 0.00008
<t1> = weightp/weight = 1.01512
Total run time: 231.12

AFQMC Sampling Finished

LNO-Integral time (s):    35.45
LNO-AFQMC time (s):       237.06


======================= LNO-FRAGMENT [C48H62] 37/(48,48) =======================
Fragment Num.  37
Fragment Idx.  37
Fragment Name  C48H62
LNO THRESHOLD  [0.00030000000000000003, 3e-05]
PySCF Threads  12
LNO-LAS: 25/156 Occ | 106/636 Vir | 131/792 MOs
LNO-MP2 Fragment Energy:  -0.13232956
LNO-CCSD Fragment Energy: -0.13797881
LNO-CPU time (s):         58.09 (LAS 18.38 | MP2 9.03 | CCSD 30.68)
LNO-CPU wait time (s):    0.00 (100.0% hidden)
Find Density Fit Teonsers in MF object
Integrals will be built by DF Tensors
Calculating Effective Active Space One-electron Integrals
*** Correlation Space Size ***
N Occupied Orbitals: 25
N Active Orbitals:   131
Build effective h0 and h1 time: 20.162177 s
Composing CDERIs from DF
Build CDERI in cLAS time: 8.637606 s
Raw CDERI in LAS shape: (3912, 8646)
Compress CDERI 2 Chol: 1e-05
Compress CDERI time: 1.848963 s
Finished calculating Integrals
LAS Cholesky shape: (1097, 131, 131)
AFQMC script: /u/yzhang65/myprojects/software/afqmc/afqmc/lno_afqmc/script/run_lno_afqmc_pt2ccsd.py

LNO-AFQMC Started
Hostname:     gpue08.delta.ncsa.illinois.edu
System:       Linux
Node:         gpue08.delta.ncsa.illinois.edu
Release:      5.14.0-570.131.1.el9_6.x86_64
Machine:      x86_64
Processor:    x86_64
JAX backend:  GPU
JAX devices:  [CudaDevice(id=0)]
Device kind:  NVIDIA H200
Platform:     gpu

QMC Parameters
eql_time        -         30
n_prop_steps    -         50
n_blocks        -        840
n_walkers       -        300
max_memory      -     100000
mix_precision   -       True
seed            -       1068
walker_type     -        rhf
trial           - pt2ccsd_sto_chol
chol_cost_ratio -        0.2
max_error       -    7.2e-05
dt              -      0.005
n_exp_terms     -          6
n_batch         -          1
nchol_chunk     -        100
free_projection -      False

QMC System
Number of Occ. Orbitals:      25
Number of Act. Orbitals:      131
Number of Chol. Vectors:      1097
Mean-Field Energy:            -1832.00523770
Maximum memory per walker:            333.33 MB
Maximum number of Cholesky per chunk: 1272
Number of Cholesky chunks:            1
Number of Cholesky per chunk:         1097
Number of padding Cholesky:           0
Trial:   pt2ccsd_sto_chol(norb=131, nelec=(25, 25), n_batch=1, nchol_chunk=1097, mix_precision=True, n_chol_head=0, head_chol_ratio=None, n_chol_samples=None, chol_cost_ratio=0.2, head_sample_ratio=3.0, chol_score_floor=1e-06, chol_uniform_mix=0.01, head_from_guide=False)
Sampler: sampler_pt2_sto_chol(n_prop_steps=50, n_blocks=840, n_chol=1097, frozen_vir=0)

Initalize QMC walkers by HF

Equilibration
Initial Orbital energy: -0.13805
inv_T  nodes      weight      energy     error   runTime
 0.00      0   300.00000  -1832.00434   0.00000     27.97
 3.00      0   305.95453  -1833.04393   0.02056     33.26
 6.00      0   299.99396  -1832.97740   0.01904     34.97
 9.00      0   299.56998  -1833.03858   0.02337     36.68
12.00      0   299.06864  -1833.00496   0.02098     38.40
15.00      0   298.77062  -1833.01660   0.02139     40.11
18.00      0   298.29980  -1833.05450   0.02187     41.81
21.00      0   298.15240  -1833.00349   0.01947     43.52
24.00      0   298.18765  -1833.02045   0.02064     45.23
27.00      0   298.20343  -1833.00678   0.02297     46.93
30.00      0   297.91205  -1833.02085   0.02080     48.64

Sampling Blocks
Target Final Error ~ 0.000072
   N  nodes      weight      E(Guide)     Error     weightp    E_frag     Error      Time
  20      0   298.63168   -1833.02404   0.00489   302.75243  -0.14510   0.00031     59.59
  40      0   299.01684   -1833.01940   0.00328   302.95272  -0.14450   0.00021     64.61
  60      0   298.24619   -1833.02080   0.00292   303.04679  -0.14418   0.00018     69.39
  80      0   298.08036   -1833.01866   0.00251   303.09841  -0.14428   0.00015     74.19
 100      0   298.92422   -1833.01909   0.00216   303.15151  -0.14435   0.00016     79.01
 120      0   298.54659   -1833.02176   0.00200   303.16582  -0.14440   0.00014     84.00
 140      0   299.06769   -1833.01967   0.00192   303.17264  -0.14428   0.00013     88.83
 160      0   298.42519   -1833.02127   0.00178   303.16774  -0.14424   0.00011     93.62
 180      0   298.89223   -1833.01998   0.00170   303.19580  -0.14427   0.00011     98.42
 200      0   297.70019   -1833.01907   0.00161   303.17942  -0.14421   0.00010    103.21
 220      0   298.98878   -1833.01819   0.00153   303.20252  -0.14420   0.00010    107.99
 240      0   298.81822   -1833.01907   0.00143   303.21001  -0.14414   0.00009    112.98
 260      0   299.06437   -1833.01954   0.00135   303.22459  -0.14416   0.00009    117.85
 280      0   298.76806   -1833.01920   0.00130   303.21504  -0.14417   0.00008    122.64
 300      0   299.13526   -1833.01974   0.00124   303.21300  -0.14419   0.00008    127.44
 320      0   298.73786   -1833.01969   0.00121   303.18126  -0.14427   0.00009    132.24
 340      0   298.22287   -1833.01907   0.00116   303.17074  -0.14425   0.00008    137.04
 360      0   298.89172   -1833.01834   0.00116   303.14725  -0.14423   0.00008    141.99
 380      0   299.28797   -1833.01882   0.00117   303.15363  -0.14432   0.00008    146.88
 400      0   298.38610   -1833.01963   0.00115   303.12109  -0.14434   0.00008    151.68
 420      0   298.59514   -1833.02019   0.00114   303.10753  -0.14430   0.00008    156.48
 440      0   298.25843   -1833.02008   0.00111   303.09213  -0.14426   0.00008    161.28
 460      0   298.66306   -1833.01987   0.00108   303.10813  -0.14425   0.00007    166.08
 480      0   298.93033   -1833.01984   0.00105   303.10236  -0.14424   0.00007    170.98
 500      0   298.94502   -1833.01925   0.00104   303.08428  -0.14422   0.00007    175.90
 520      0   298.35918   -1833.01868   0.00102   303.07985  -0.14421   0.00007    180.67
 540      0   298.31324   -1833.01835   0.00099   303.07439  -0.14418   0.00007    185.46
 560      0   298.89689   -1833.01847   0.00098   303.07156  -0.14417   0.00007    190.25
 580      0   298.95900   -1833.01832   0.00096   303.05745  -0.14419   0.00007    195.06
 600      0   298.26218   -1833.01896   0.00095   303.03491  -0.14417   0.00007    199.93
 620      0   299.18303   -1833.01928   0.00095   303.02761  -0.14425   0.00009    204.90
 640      0   298.25971   -1833.01935   0.00093   303.00765  -0.14425   0.00008    209.70
 660      0   298.58044   -1833.01986   0.00092   303.01166  -0.14426   0.00008    214.50
 680      0   298.67115   -1833.02032   0.00091   303.01088  -0.14427   0.00008    219.30
 700      0   298.79946   -1833.02028   0.00089   303.00217  -0.14424   0.00008    224.09
 720      0   298.82093   -1833.01994   0.00088   303.00127  -0.14424   0.00008    228.91
 740      0   299.48597   -1833.02010   0.00087   302.98812  -0.14424   0.00008    233.87
 760      0   298.36186   -1833.02050   0.00086   302.97750  -0.14426   0.00007    238.70
 780      0   298.63586   -1833.02084   0.00085   302.96844  -0.14427   0.00007    243.50
 800      0   298.96377   -1833.02119   0.00085   302.95298  -0.14430   0.00007    248.30
 820      0   298.49341   -1833.02129   0.00083   302.95208  -0.14431   0.00007    253.09
 840      0   298.99568   -1833.02103   0.00082   302.95711  -0.14431   0.00007    257.89

Post Propagation
Total number of samples 840
Remove Outliers
Remove samples outside Zeta > 30
Outlier bound [-0.18074, -0.10719]
Removed 0 Outliers
Outliers Energy []
nsample = 840, max_block_size = 42, min_nblocks = 20
   B    NB    NS  Observable     Error    dError
   1   840   840  -1833.02102   0.00082   0.00002
   2   420   840  -1833.02102   0.00104   0.00004
   3   280   840  -1833.02102   0.00116   0.00005
   4   210   840  -1833.02103   0.00124   0.00006
   5   168   840  -1833.02103   0.00134   0.00007
   6   140   840  -1833.02103   0.00137   0.00008
   7   120   840  -1833.02103   0.00139   0.00009
   8   105   840  -1833.02103   0.00139   0.00010
   9    93   837  -1833.02108   0.00147   0.00011
  10    84   840  -1833.02103   0.00149   0.00012
  11    76   836  -1833.02110   0.00155   0.00013
  12    70   840  -1833.02103   0.00150   0.00013
  13    64   832  -1833.02103   0.00154   0.00014
  14    60   840  -1833.02103   0.00146   0.00013
  15    56   840  -1833.02103   0.00150   0.00014
  16    52   832  -1833.02103   0.00162   0.00016
  17    49   833  -1833.02104   0.00176   0.00018
  18    46   828  -1833.02111   0.00160   0.00017
  19    44   836  -1833.02111   0.00153   0.00016
  20    42   840  -1833.02103   0.00158   0.00017
  21    40   840  -1833.02103   0.00145   0.00016
  22    38   836  -1833.02111   0.00158   0.00018
  23    36   828  -1833.02111   0.00171   0.00020
  24    35   840  -1833.02103   0.00163   0.00020
  25    33   825  -1833.02110   0.00174   0.00022
  26    32   832  -1833.02103   0.00152   0.00019
  27    31   837  -1833.02109   0.00154   0.00020
  28    30   840  -1833.02103   0.00161   0.00021
  29    28   812  -1833.02118   0.00169   0.00023
  30    28   840  -1833.02103   0.00160   0.00022
  31    27   837  -1833.02109   0.00174   0.00024
  32    26   832  -1833.02103   0.00165   0.00023
  33    25   825  -1833.02110   0.00166   0.00024
  34    24   816  -1833.02126   0.00182   0.00027
  35    24   840  -1833.02103   0.00145   0.00021
  36    23   828  -1833.02111   0.00182   0.00027
  37    22   814  -1833.02121   0.00173   0.00027
  38    22   836  -1833.02111   0.00173   0.00027
  39    21   819  -1833.02131   0.00154   0.00024
  40    21   840  -1833.02103   0.00182   0.00029
  41    20   820  -1833.02129   0.00191   0.00031
  42    20   840  -1833.02104   0.00156   0.00025
Fit (variance): plateau_var = 2.561e-06 ± 1.259e-07
Fit (error):    plateau = 0.00160 ± 0.00004
     autocorrelation length ~ 4.9 blocks
     plateau reached at block size ~ 22
nsample = 840, max_block_size = 42, min_nblocks = 20
Blk_SZ   NBlk   NSmp      Energy     Error    dError
     1    840    840    -0.14427   0.00007   0.00000
     2    420    840    -0.14427   0.00008   0.00000
     3    280    840    -0.14428   0.00009   0.00000
     4    210    840    -0.14428   0.00009   0.00000
     5    168    840    -0.14428   0.00010   0.00001
     6    140    840    -0.14428   0.00009   0.00001
     7    120    840    -0.14429   0.00009   0.00001
     8    105    840    -0.14429   0.00010   0.00001
     9     93    837    -0.14429   0.00010   0.00001
    10     84    840    -0.14429   0.00010   0.00001
    11     76    836    -0.14429   0.00010   0.00001
    12     70    840    -0.14429   0.00010   0.00001
    13     64    832    -0.14429   0.00010   0.00001
    14     60    840    -0.14430   0.00010   0.00001
    15     56    840    -0.14430   0.00010   0.00001
    16     52    832    -0.14429   0.00010   0.00001
    17     49    833    -0.14429   0.00010   0.00001
    18     46    828    -0.14429   0.00010   0.00001
    19     44    836    -0.14430   0.00010   0.00001
    20     42    840    -0.14430   0.00011   0.00001
    21     40    840    -0.14430   0.00009   0.00001
    22     38    836    -0.14430   0.00011   0.00001
    23     36    828    -0.14429   0.00011   0.00001
    24     35    840    -0.14430   0.00011   0.00001
    25     33    825    -0.14430   0.00011   0.00001
    26     32    832    -0.14430   0.00011   0.00001
    27     31    837    -0.14431   0.00010   0.00001
    28     30    840    -0.14430   0.00011   0.00001
    29     28    812    -0.14429   0.00010   0.00001
    30     28    840    -0.14430   0.00012   0.00002
    31     27    837    -0.14430   0.00011   0.00001
    32     26    832    -0.14430   0.00011   0.00001
    33     25    825    -0.14430   0.00011   0.00002
    34     24    816    -0.14429   0.00009   0.00001
    35     24    840    -0.14430   0.00010   0.00001
    36     23    828    -0.14430   0.00011   0.00002
    37     22    814    -0.14429   0.00011   0.00002
    38     22    836    -0.14430   0.00009   0.00001
    39     21    819    -0.14430   0.00011   0.00002
    40     21    840    -0.14430   0.00012   0.00002
    41     20    820    -0.14430   0.00010   0.00002
    42     20    840    -0.14430   0.00010   0.00002
Fit (variance): plateau_var = 1.08013e-08 ± 4.93740e-10
Fit (error):    plateau = 0.00010 ± 0.00000
     autocorrelation length ~ 3.9 blocks
     plateau reached at block size ~ 17
Final AFQMC/HF Guiding Energy:      -1833.0210 +/- 0.0016
Final AFQMC/pt2CCSD Orbital Energy: -0.14431 +/- 0.00010
<t1> = weightp/weight = 1.01444
Total run time: 257.90

AFQMC Sampling Finished

LNO-Integral time (s):    31.93
LNO-AFQMC time (s):       264.73


======================= LNO-FRAGMENT [C49H64] 38/(48,48) =======================
Fragment Num.  38
Fragment Idx.  38
Fragment Name  C49H64
LNO THRESHOLD  [0.00030000000000000003, 3e-05]
PySCF Threads  12
LNO-LAS: 26/156 Occ | 107/636 Vir | 133/792 MOs
LNO-MP2 Fragment Energy:  -0.13258751
LNO-CCSD Fragment Energy: -0.13817774
LNO-CPU time (s):         65.36 (LAS 18.93 | MP2 11.22 | CCSD 35.21)
LNO-CPU wait time (s):    0.00 (100.0% hidden)
Find Density Fit Teonsers in MF object
Integrals will be built by DF Tensors
Calculating Effective Active Space One-electron Integrals
*** Correlation Space Size ***
N Occupied Orbitals: 26
N Active Orbitals:   133
Build effective h0 and h1 time: 7.666702 s
Composing CDERIs from DF
Build CDERI in cLAS time: 6.345887 s
Raw CDERI in LAS shape: (3912, 8911)
Compress CDERI 2 Chol: 1e-05
Compress CDERI time: 1.476851 s
Finished calculating Integrals
LAS Cholesky shape: (1114, 133, 133)
AFQMC script: /u/yzhang65/myprojects/software/afqmc/afqmc/lno_afqmc/script/run_lno_afqmc_pt2ccsd.py

LNO-AFQMC Started
Hostname:     gpue08.delta.ncsa.illinois.edu
System:       Linux
Node:         gpue08.delta.ncsa.illinois.edu
Release:      5.14.0-570.131.1.el9_6.x86_64
Machine:      x86_64
Processor:    x86_64
JAX backend:  GPU
JAX devices:  [CudaDevice(id=0)]
Device kind:  NVIDIA H200
Platform:     gpu

QMC Parameters
eql_time        -         30
n_prop_steps    -         50
n_blocks        -        840
n_walkers       -        300
max_memory      -     100000
mix_precision   -       True
seed            -       2151
walker_type     -        rhf
trial           - pt2ccsd_sto_chol
chol_cost_ratio -        0.2
max_error       -    7.2e-05
dt              -      0.005
n_exp_terms     -          6
n_batch         -          1
nchol_chunk     -        100
free_projection -      False

QMC System
Number of Occ. Orbitals:      26
Number of Act. Orbitals:      133
Number of Chol. Vectors:      1114
Mean-Field Energy:            -1832.00523770
Maximum memory per walker:            333.33 MB
Maximum number of Cholesky per chunk: 1234
Number of Cholesky chunks:            1
Number of Cholesky per chunk:         1114
Number of padding Cholesky:           0
Trial:   pt2ccsd_sto_chol(norb=133, nelec=(26, 26), n_batch=1, nchol_chunk=1114, mix_precision=True, n_chol_head=0, head_chol_ratio=None, n_chol_samples=None, chol_cost_ratio=0.2, head_sample_ratio=3.0, chol_score_floor=1e-06, chol_uniform_mix=0.01, head_from_guide=False)
Sampler: sampler_pt2_sto_chol(n_prop_steps=50, n_blocks=840, n_chol=1114, frozen_vir=0)

Initalize QMC walkers by HF

Equilibration
Initial Orbital energy: -0.13824
inv_T  nodes      weight      energy     error   runTime
 0.00      0   300.00000  -1832.00428   0.00000     31.24
 3.00      0   304.81471  -1832.99305   0.02085     38.13
 6.00      0   300.39310  -1833.04686   0.01992     40.25
 9.00      0   298.16956  -1833.02117   0.02256     42.49
12.00      0   299.09181  -1833.05417   0.02240     44.77
15.00      0   298.97127  -1833.04027   0.02021     46.73
18.00      0   299.68835  -1833.06985   0.02762     48.45
21.00      0   299.54042  -1833.05472   0.02245     50.25
24.00      0   298.85923  -1833.05363   0.02175     51.97
27.00      0   298.43759  -1833.04021   0.02092     53.71
30.00      0   298.72231  -1833.03056   0.02078     55.67

Sampling Blocks
Target Final Error ~ 0.000072
   N  nodes      weight      E(Guide)     Error     weightp    E_frag     Error      Time
  20      0   299.44558   -1833.04083   0.00568   303.19123  -0.14375   0.00027     66.93
  40      0   298.54564   -1833.03777   0.00366   303.15113  -0.14371   0.00018     72.36
  60      0   298.54488   -1833.04412   0.00283   303.07642  -0.14417   0.00016     77.45
  80      0   297.85228   -1833.04131   0.00245   303.08830  -0.14431   0.00015     82.44
 100      0   298.09744   -1833.04085   0.00217   303.12815  -0.14448   0.00017     87.43
 120      0   298.85783   -1833.03859   0.00207   303.20463  -0.14430   0.00015     92.41
 140      0   298.79324   -1833.04131   0.00352   303.24801  -0.14426   0.00014     97.40
 160      0   297.86467   -1833.04138   0.00310   303.29273  -0.14433   0.00013    102.57
 180      0   298.13530   -1833.04202   0.00281   303.30476  -0.14433   0.00012    107.65
 200      0   298.63294   -1833.04071   0.00259   303.29926  -0.14433   0.00011    112.63
 220      0   298.85394   -1833.03923   0.00242   303.31393  -0.14433   0.00010    117.61
 240      0   298.46223   -1833.03922   0.00224   303.32882  -0.14430   0.00010    122.59
 260      0   299.11548   -1833.03849   0.00210   303.34246  -0.14430   0.00009    127.59
 280      0   298.71509   -1833.03733   0.00198   303.35078  -0.14428   0.00009    132.72
 300      0   298.08052   -1833.03648   0.00188   303.33374  -0.14425   0.00008    137.78
 320      0   299.14872   -1833.03645   0.00179   303.31860  -0.14423   0.00008    142.80
 340      0   298.49447   -1833.03688   0.00170   303.29980  -0.14420   0.00008    147.78
 360      0   299.79913   -1833.03661   0.00163   303.31445  -0.14419   0.00007    152.77
 380      0   299.10816   -1833.03683   0.00155   303.31589  -0.14419   0.00007    157.76
 400      0   298.86830   -1833.03765   0.00150   303.31290  -0.14421   0.00007    162.90
 420      0   298.53354   -1833.03801   0.00145   303.31339  -0.14423   0.00007    167.96
 440      0   298.71363   -1833.03819   0.00140   303.31784  -0.14428   0.00007    172.96
 460      0   298.15530   -1833.03782   0.00136   303.32023  -0.14427   0.00007    177.95
 480      0   299.85947   -1833.03778   0.00133   303.33247  -0.14426   0.00007    182.94
 500      0   298.52191   -1833.03786   0.00128   303.32177  -0.14426   0.00007    187.92
 520      0   298.51365   -1833.03729   0.00125   303.30985  -0.14426   0.00006    193.07
 540      0   299.05140   -1833.03780   0.00125   303.31495  -0.14429   0.00007    198.15
 560      0   298.27611   -1833.03759   0.00122   303.30097  -0.14427   0.00007    203.15
 580      0   299.34889   -1833.03732   0.00120   303.30584  -0.14428   0.00007    208.16
 600      0   298.22885   -1833.03698   0.00116   303.30212  -0.14427   0.00006    213.16
 620      0   298.69912   -1833.03715   0.00114   303.31036  -0.14429   0.00006    218.16
 640      0   297.44055   -1833.03748   0.00111   303.29846  -0.14427   0.00006    223.32
 660      0   298.09373   -1833.03784   0.00109   303.30566  -0.14428   0.00006    228.37
 680      0   298.13179   -1833.03754   0.00107   303.30351  -0.14429   0.00006    233.36
 700      0   298.84526   -1833.03772   0.00104   303.32956  -0.14433   0.00006    238.36
 720      0   298.22186   -1833.03812   0.00102   303.32983  -0.14433   0.00006    243.35
 740      0   298.39629   -1833.03793   0.00100   303.32103  -0.14434   0.00006    248.35
 760      0   298.64510   -1833.03785   0.00098   303.31777  -0.14433   0.00006    253.53
 780      0   298.77669   -1833.03795   0.00097   303.31050  -0.14432   0.00006    258.59
 800      0   298.65626   -1833.03766   0.00095   303.30548  -0.14432   0.00006    263.58
 820      0   298.62801   -1833.03738   0.00094   303.30744  -0.14433   0.00006    268.57
 840      0   297.92051   -1833.03778   0.00093   303.31101  -0.14436   0.00006    273.56

Post Propagation
Total number of samples 840
Remove Outliers
Remove samples outside Zeta > 30
Outlier bound [-0.18313, -0.10509]
Removed 0 Outliers
Outliers Energy []
nsample = 840, max_block_size = 42, min_nblocks = 20
   B    NB    NS  Observable     Error    dError
   1   840   840  -1833.03775   0.00093   0.00002
   2   420   840  -1833.03776   0.00107   0.00004
   3   280   840  -1833.03777   0.00116   0.00005
   4   210   840  -1833.03777   0.00117   0.00006
   5   168   840  -1833.03777   0.00131   0.00007
   6   140   840  -1833.03777   0.00129   0.00008
   7   120   840  -1833.03778   0.00130   0.00008
   8   105   840  -1833.03778   0.00136   0.00009
   9    93   837  -1833.03784   0.00144   0.00011
  10    84   840  -1833.03778   0.00140   0.00011
  11    76   836  -1833.03783   0.00145   0.00012
  12    70   840  -1833.03778   0.00141   0.00012
  13    64   832  -1833.03771   0.00149   0.00013
  14    60   840  -1833.03778   0.00150   0.00014
  15    56   840  -1833.03778   0.00153   0.00015
  16    52   832  -1833.03771   0.00146   0.00014
  17    49   833  -1833.03770   0.00139   0.00014
  18    46   828  -1833.03756   0.00160   0.00017
  19    44   836  -1833.03783   0.00150   0.00016
  20    42   840  -1833.03778   0.00153   0.00017
  21    40   840  -1833.03778   0.00154   0.00017
  22    38   836  -1833.03783   0.00162   0.00019
  23    36   828  -1833.03756   0.00136   0.00016
  24    35   840  -1833.03778   0.00153   0.00019
  25    33   825  -1833.03741   0.00144   0.00018
  26    32   832  -1833.03771   0.00155   0.00020
  27    31   837  -1833.03784   0.00137   0.00018
  28    30   840  -1833.03778   0.00154   0.00020
  29    28   812  -1833.03742   0.00167   0.00023
  30    28   840  -1833.03778   0.00162   0.00022
  31    27   837  -1833.03784   0.00155   0.00022
  32    26   832  -1833.03771   0.00144   0.00020
  33    25   825  -1833.03741   0.00141   0.00020
  34    24   816  -1833.03742   0.00143   0.00021
  35    24   840  -1833.03778   0.00151   0.00022
  36    23   828  -1833.03756   0.00159   0.00024
  37    22   814  -1833.03738   0.00154   0.00024
  38    22   836  -1833.03783   0.00147   0.00023
  39    21   819  -1833.03744   0.00161   0.00025
  40    21   840  -1833.03778   0.00149   0.00024
  41    20   820  -1833.03738   0.00152   0.00025
  42    20   840  -1833.03778   0.00144   0.00023
Fit (variance): plateau_var = 2.255e-06 ± 1.150e-07
Fit (error):    plateau = 0.00150 ± 0.00004
     autocorrelation length ~ 5.3 blocks
     plateau reached at block size ~ 23
nsample = 840, max_block_size = 42, min_nblocks = 20
Blk_SZ   NBlk   NSmp      Energy     Error    dError
     1    840    840    -0.14431   0.00006   0.00000
     2    420    840    -0.14433   0.00007   0.00000
     3    280    840    -0.14433   0.00007   0.00000
     4    210    840    -0.14434   0.00008   0.00000
     5    168    840    -0.14434   0.00008   0.00000
     6    140    840    -0.14434   0.00008   0.00000
     7    120    840    -0.14435   0.00008   0.00001
     8    105    840    -0.14434   0.00008   0.00001
     9     93    837    -0.14434   0.00008   0.00001
    10     84    840    -0.14435   0.00008   0.00001
    11     76    836    -0.14435   0.00008   0.00001
    12     70    840    -0.14435   0.00008   0.00001
    13     64    832    -0.14435   0.00008   0.00001
    14     60    840    -0.14435   0.00009   0.00001
    15     56    840    -0.14435   0.00008   0.00001
    16     52    832    -0.14436   0.00008   0.00001
    17     49    833    -0.14436   0.00009   0.00001
    18     46    828    -0.14434   0.00009   0.00001
    19     44    836    -0.14436   0.00009   0.00001
    20     42    840    -0.14435   0.00008   0.00001
    21     40    840    -0.14435   0.00009   0.00001
    22     38    836    -0.14436   0.00009   0.00001
    23     36    828    -0.14435   0.00008   0.00001
    24     35    840    -0.14436   0.00009   0.00001
    25     33    825    -0.14432   0.00008   0.00001
    26     32    832    -0.14436   0.00009   0.00001
    27     31    837    -0.14436   0.00010   0.00001
    28     30    840    -0.14436   0.00008   0.00001
    29     28    812    -0.14431   0.00007   0.00001
    30     28    840    -0.14436   0.00009   0.00001
    31     27    837    -0.14436   0.00009   0.00001
    32     26    832    -0.14436   0.00008   0.00001
    33     25    825    -0.14432   0.00009   0.00001
    34     24    816    -0.14432   0.00009   0.00001
    35     24    840    -0.14436   0.00009   0.00001
    36     23    828    -0.14435   0.00009   0.00001
    37     22    814    -0.14431   0.00008   0.00001
    38     22    836    -0.14436   0.00008   0.00001
    39     21    819    -0.14432   0.00009   0.00001
    40     21    840    -0.14436   0.00008   0.00001
    41     20    820    -0.14432   0.00009   0.00001
    42     20    840    -0.14436   0.00009   0.00001
Fit (variance): plateau_var = 7.06676e-09 ± 2.85213e-10
Fit (error):    plateau = 0.00008 ± 0.00000
     autocorrelation length ~ 2.6 blocks
     plateau reached at block size ~ 12
Final AFQMC/HF Guiding Energy:      -1833.0378 +/- 0.0015
Final AFQMC/pt2CCSD Orbital Energy: -0.14436 +/- 0.00008
<t1> = weightp/weight = 1.01570
Total run time: 273.57

AFQMC Sampling Finished

LNO-Integral time (s):    16.12
LNO-AFQMC time (s):       278.13


======================= LNO-FRAGMENT [C50H65] 39/(48,48) =======================
Fragment Num.  39
Fragment Idx.  39
Fragment Name  C50H65
LNO THRESHOLD  [0.00030000000000000003, 3e-05]
PySCF Threads  12
LNO-LAS: 25/156 Occ | 106/636 Vir | 131/792 MOs
LNO-MP2 Fragment Energy:  -0.13232956
LNO-CCSD Fragment Energy: -0.13797881
LNO-CPU time (s):         60.77 (LAS 19.86 | MP2 9.44 | CCSD 31.48)
LNO-CPU wait time (s):    0.00 (100.0% hidden)
Find Density Fit Teonsers in MF object
Integrals will be built by DF Tensors
Calculating Effective Active Space One-electron Integrals
*** Correlation Space Size ***
N Occupied Orbitals: 25
N Active Orbitals:   131
Build effective h0 and h1 time: 34.690719 s
Composing CDERIs from DF
Build CDERI in cLAS time: 8.103141 s
Raw CDERI in LAS shape: (3912, 8646)
Compress CDERI 2 Chol: 1e-05
Compress CDERI time: 2.398116 s
Finished calculating Integrals
LAS Cholesky shape: (1097, 131, 131)
AFQMC script: /u/yzhang65/myprojects/software/afqmc/afqmc/lno_afqmc/script/run_lno_afqmc_pt2ccsd.py

LNO-AFQMC Started
Hostname:     gpue08.delta.ncsa.illinois.edu
System:       Linux
Node:         gpue08.delta.ncsa.illinois.edu
Release:      5.14.0-570.131.1.el9_6.x86_64
Machine:      x86_64
Processor:    x86_64
JAX backend:  GPU
JAX devices:  [CudaDevice(id=0)]
Device kind:  NVIDIA H200
Platform:     gpu

QMC Parameters
eql_time        -         30
n_prop_steps    -         50
n_blocks        -        840
n_walkers       -        300
max_memory      -     100000
mix_precision   -       True
seed            -        523
walker_type     -        rhf
trial           - pt2ccsd_sto_chol
chol_cost_ratio -        0.2
max_error       -    7.2e-05
dt              -      0.005
n_exp_terms     -          6
n_batch         -          1
nchol_chunk     -        100
free_projection -      False

QMC System
Number of Occ. Orbitals:      25
Number of Act. Orbitals:      131
Number of Chol. Vectors:      1097
Mean-Field Energy:            -1832.00523770
Maximum memory per walker:            333.33 MB
Maximum number of Cholesky per chunk: 1272
Number of Cholesky chunks:            1
Number of Cholesky per chunk:         1097
Number of padding Cholesky:           0
Trial:   pt2ccsd_sto_chol(norb=131, nelec=(25, 25), n_batch=1, nchol_chunk=1097, mix_precision=True, n_chol_head=0, head_chol_ratio=None, n_chol_samples=None, chol_cost_ratio=0.2, head_sample_ratio=3.0, chol_score_floor=1e-06, chol_uniform_mix=0.01, head_from_guide=False)
Sampler: sampler_pt2_sto_chol(n_prop_steps=50, n_blocks=840, n_chol=1097, frozen_vir=0)

Initalize QMC walkers by HF

Equilibration
Initial Orbital energy: -0.13805
inv_T  nodes      weight      energy     error   runTime
 0.00      0   300.00000  -1832.00434   0.00000     27.46
 3.00      0   306.21420  -1833.06223   0.02265     33.08
 6.00      0   301.03436  -1833.04705   0.02309     34.79
 9.00      0   299.65753  -1833.03426   0.02466     36.50
12.00      0   298.78039  -1832.96674   0.01925     38.21
15.00      0   299.62425  -1833.03681   0.02262     39.93
18.00      0   298.97418  -1833.05671   0.02331     41.64
21.00      0   298.54262  -1833.01040   0.02035     43.35
24.00      0   298.77851  -1833.05061   0.02075     45.21
27.00      0   298.88312  -1833.02234   0.02085     47.07
30.00      0   299.64267  -1833.01696   0.02214     48.93

Sampling Blocks
Target Final Error ~ 0.000072
   N  nodes      weight      E(Guide)     Error     weightp    E_frag     Error      Time
  20      0   298.15068   -1833.03120   0.00348   303.00449  -0.14426   0.00038     60.90
  40      0   299.27709   -1833.02758   0.00288   302.92995  -0.14417   0.00028     66.08
  60      0   298.63683   -1833.01902   0.00264   302.83368  -0.14424   0.00020     70.88
  80      0   299.41255   -1833.01623   0.00230   302.92669  -0.14417   0.00016     75.77
 100      0   299.09572   -1833.01693   0.00202   302.90622  -0.14423   0.00015     80.71
 120      0   297.98493   -1833.01593   0.00180   302.87373  -0.14415   0.00013     85.50
 140      0   298.55900   -1833.01597   0.00166   302.90595  -0.14407   0.00012     90.30
 160      0   299.14052   -1833.01703   0.00154   302.93729  -0.14414   0.00011     95.10
 180      0   298.58806   -1833.01644   0.00149   302.94811  -0.14405   0.00010     99.90
 200      0   298.26871   -1833.01782   0.00151   302.99991  -0.14418   0.00011    104.73
 220      0   298.60978   -1833.01701   0.00144   303.02199  -0.14418   0.00010    109.73
 240      0   298.50475   -1833.01818   0.00142   303.02103  -0.14423   0.00010    114.52
 260      0   298.31217   -1833.01873   0.00139   303.00062  -0.14429   0.00011    119.33
 280      0   299.97181   -1833.01898   0.00134   303.02332  -0.14426   0.00010    124.12
 300      0   298.03438   -1833.02010   0.00130   303.02438  -0.14431   0.00010    128.92
 320      0   298.67800   -1833.02091   0.00125   303.02776  -0.14433   0.00009    133.72
 340      0   299.06225   -1833.01986   0.00121   303.01271  -0.14429   0.00009    138.71
 360      0   298.57972   -1833.01963   0.00121   302.99413  -0.14433   0.00009    143.55
 380      0   297.85700   -1833.01996   0.00118   302.97553  -0.14435   0.00009    148.32
 400      0   298.27699   -1833.02012   0.00115   302.97520  -0.14432   0.00009    153.11
 420      0   298.27260   -1833.02057   0.00114   302.98071  -0.14433   0.00008    157.92
 440      0   298.99303   -1833.02125   0.00111   302.98808  -0.14435   0.00008    162.72
 460      0   298.04013   -1833.02146   0.00108   302.98027  -0.14437   0.00008    167.67
 480      0   298.91388   -1833.02144   0.00104   302.98394  -0.14434   0.00008    172.54
 500      0   297.99379   -1833.02214   0.00103   302.97611  -0.14433   0.00007    177.34
 520      0   298.56775   -1833.02289   0.00102   302.96795  -0.14434   0.00007    182.13
 540      0   298.61337   -1833.02244   0.00099   302.96202  -0.14431   0.00007    186.94
 560      0   298.21563   -1833.02253   0.00097   302.96851  -0.14431   0.00007    191.74
 580      0   298.79507   -1833.02283   0.00095   302.97015  -0.14430   0.00007    196.65
 600      0   298.42725   -1833.02296   0.00094   302.99633  -0.14431   0.00007    201.56
 620      0   297.43649   -1833.02275   0.00092   302.99120  -0.14429   0.00007    206.36
 640      0   299.08601   -1833.02273   0.00090   302.98765  -0.14434   0.00007    211.17
 660      0   298.74159   -1833.02248   0.00090   302.97629  -0.14433   0.00007    215.96
 680      0   298.61289   -1833.02267   0.00089   302.96546  -0.14434   0.00006    220.76
 700      0   298.73480   -1833.02212   0.00088   302.95731  -0.14432   0.00006    225.62
 720      0   299.34229   -1833.02239   0.00087   302.97249  -0.14433   0.00006    230.58
 740      0   298.64495   -1833.02211   0.00086   302.97674  -0.14434   0.00006    235.38
 760      0   298.45508   -1833.02214   0.00086   302.98705  -0.14432   0.00006    240.18
 780      0   297.81658   -1833.02204   0.00085   302.99731  -0.14432   0.00006    244.98
 800      0   299.37260   -1833.02206   0.00084   303.00555  -0.14432   0.00006    249.78
 820      0   298.45211   -1833.02199   0.00083   302.99333  -0.14433   0.00006    254.61
 840      0   298.78816   -1833.02217   0.00083   302.98287  -0.14434   0.00006    259.58

Post Propagation
Total number of samples 840
Remove Outliers
Remove samples outside Zeta > 30
Outlier bound [-0.18559, -0.10262]
Removed 0 Outliers
Outliers Energy []
nsample = 840, max_block_size = 42, min_nblocks = 20
   B    NB    NS  Observable     Error    dError
   1   840   840  -1833.02215   0.00083   0.00002
   2   420   840  -1833.02216   0.00104   0.00004
   3   280   840  -1833.02216   0.00118   0.00005
   4   210   840  -1833.02216   0.00129   0.00006
   5   168   840  -1833.02216   0.00138   0.00008
   6   140   840  -1833.02216   0.00142   0.00009
   7   120   840  -1833.02217   0.00146   0.00009
   8   105   840  -1833.02217   0.00152   0.00011
   9    93   837  -1833.02220   0.00154   0.00011
  10    84   840  -1833.02217   0.00166   0.00013
  11    76   836  -1833.02214   0.00160   0.00013
  12    70   840  -1833.02217   0.00168   0.00014
  13    64   832  -1833.02197   0.00168   0.00015
  14    60   840  -1833.02217   0.00156   0.00014
  15    56   840  -1833.02217   0.00166   0.00016
  16    52   832  -1833.02197   0.00167   0.00017
  17    49   833  -1833.02198   0.00173   0.00018
  18    46   828  -1833.02204   0.00162   0.00017
  19    44   836  -1833.02215   0.00159   0.00017
  20    42   840  -1833.02217   0.00151   0.00017
  21    40   840  -1833.02217   0.00152   0.00017
  22    38   836  -1833.02215   0.00181   0.00021
  23    36   828  -1833.02204   0.00143   0.00017
  24    35   840  -1833.02217   0.00170   0.00021
  25    33   825  -1833.02215   0.00179   0.00022
  26    32   832  -1833.02197   0.00170   0.00022
  27    31   837  -1833.02221   0.00178   0.00023
  28    30   840  -1833.02217   0.00146   0.00019
  29    28   812  -1833.02212   0.00175   0.00024
  30    28   840  -1833.02217   0.00152   0.00021
  31    27   837  -1833.02221   0.00149   0.00021
  32    26   832  -1833.02197   0.00192   0.00027
  33    25   825  -1833.02215   0.00138   0.00020
  34    24   816  -1833.02201   0.00169   0.00025
  35    24   840  -1833.02217   0.00168   0.00025
  36    23   828  -1833.02204   0.00150   0.00023
  37    22   814  -1833.02201   0.00170   0.00026
  38    22   836  -1833.02215   0.00146   0.00023
  39    21   819  -1833.02201   0.00179   0.00028
  40    21   840  -1833.02217   0.00174   0.00027
  41    20   820  -1833.02199   0.00155   0.00025
  42    20   840  -1833.02217   0.00143   0.00023
Fit (variance): plateau_var = 2.608e-06 ± 1.175e-07
Fit (error):    plateau = 0.00161 ± 0.00004
     autocorrelation length ~ 4.1 blocks
     plateau reached at block size ~ 19
nsample = 840, max_block_size = 42, min_nblocks = 20
Blk_SZ   NBlk   NSmp      Energy     Error    dError
     1    840    840    -0.14430   0.00006   0.00000
     2    420    840    -0.14431   0.00007   0.00000
     3    280    840    -0.14431   0.00007   0.00000
     4    210    840    -0.14431   0.00008   0.00000
     5    168    840    -0.14431   0.00008   0.00000
     6    140    840    -0.14432   0.00008   0.00000
     7    120    840    -0.14432   0.00009   0.00001
     8    105    840    -0.14432   0.00009   0.00001
     9     93    837    -0.14433   0.00009   0.00001
    10     84    840    -0.14432   0.00009   0.00001
    11     76    836    -0.14433   0.00009   0.00001
    12     70    840    -0.14432   0.00009   0.00001
    13     64    832    -0.14432   0.00009   0.00001
    14     60    840    -0.14433   0.00009   0.00001
    15     56    840    -0.14433   0.00009   0.00001
    16     52    832    -0.14432   0.00010   0.00001
    17     49    833    -0.14433   0.00009   0.00001
    18     46    828    -0.14433   0.00009   0.00001
    19     44    836    -0.14434   0.00009   0.00001
    20     42    840    -0.14433   0.00008   0.00001
    21     40    840    -0.14433   0.00009   0.00001
    22     38    836    -0.14434   0.00010   0.00001
    23     36    828    -0.14433   0.00009   0.00001
    24     35    840    -0.14433   0.00008   0.00001
    25     33    825    -0.14433   0.00008   0.00001
    26     32    832    -0.14433   0.00010   0.00001
    27     31    837    -0.14434   0.00009   0.00001
    28     30    840    -0.14434   0.00008   0.00001
    29     28    812    -0.14432   0.00010   0.00001
    30     28    840    -0.14434   0.00007   0.00001
    31     27    837    -0.14434   0.00009   0.00001
    32     26    832    -0.14433   0.00010   0.00001
    33     25    825    -0.14433   0.00007   0.00001
    34     24    816    -0.14432   0.00008   0.00001
    35     24    840    -0.14434   0.00009   0.00001
    36     23    828    -0.14433   0.00007   0.00001
    37     22    814    -0.14432   0.00009   0.00001
    38     22    836    -0.14435   0.00009   0.00001
    39     21    819    -0.14433   0.00007   0.00001
    40     21    840    -0.14434   0.00005   0.00001
    41     20    820    -0.14433   0.00008   0.00001
    42     20    840    -0.14434   0.00007   0.00001
Fit (variance): plateau_var = 6.88638e-09 ± 2.61701e-10
Fit (error):    plateau = 0.00008 ± 0.00000
     autocorrelation length ~ 2.1 blocks
     plateau reached at block size ~ 10
Final AFQMC/HF Guiding Energy:      -1833.0222 +/- 0.0016
Final AFQMC/pt2CCSD Orbital Energy: -0.14434 +/- 0.00008
<t1> = weightp/weight = 1.01452
Total run time: 259.59

AFQMC Sampling Finished

LNO-Integral time (s):    46.37
LNO-AFQMC time (s):       264.19


======================== LNO-FRAGMENT [C51] 40/(48,48) =========================
Fragment Num.  40
Fragment Idx.  40
Fragment Name  C51
LNO THRESHOLD  [0.00030000000000000003, 3e-05]
PySCF Threads  12
LNO-LAS: 28/156 Occ | 122/636 Vir | 150/792 MOs
LNO-MP2 Fragment Energy:  -0.11789203
LNO-CCSD Fragment Energy: -0.11828363
LNO-CPU time (s):         76.50 (LAS 18.74 | MP2 5.88 | CCSD 51.88)
LNO-CPU wait time (s):    0.00 (100.0% hidden)
Find Density Fit Teonsers in MF object
Integrals will be built by DF Tensors
Calculating Effective Active Space One-electron Integrals
*** Correlation Space Size ***
N Occupied Orbitals: 28
N Active Orbitals:   150
Build effective h0 and h1 time: 11.657439 s
Composing CDERIs from DF
Build CDERI in cLAS time: 6.085847 s
Raw CDERI in LAS shape: (3912, 11325)
Compress CDERI 2 Chol: 1e-05
Compress CDERI time: 2.471609 s
Finished calculating Integrals
LAS Cholesky shape: (1228, 150, 150)
AFQMC script: /u/yzhang65/myprojects/software/afqmc/afqmc/lno_afqmc/script/run_lno_afqmc_pt2ccsd.py

LNO-AFQMC Started
Hostname:     gpue08.delta.ncsa.illinois.edu
System:       Linux
Node:         gpue08.delta.ncsa.illinois.edu
Release:      5.14.0-570.131.1.el9_6.x86_64
Machine:      x86_64
Processor:    x86_64
JAX backend:  GPU
JAX devices:  [CudaDevice(id=0)]
Device kind:  NVIDIA H200
Platform:     gpu

QMC Parameters
eql_time        -         30
n_prop_steps    -         50
n_blocks        -        840
n_walkers       -        300
max_memory      -     100000
mix_precision   -       True
seed            -       1554
walker_type     -        rhf
trial           - pt2ccsd_sto_chol
chol_cost_ratio -        0.2
max_error       -    7.2e-05
dt              -      0.005
n_exp_terms     -          6
n_batch         -          1
nchol_chunk     -        100
free_projection -      False

QMC System
Number of Occ. Orbitals:      28
Number of Act. Orbitals:      150
Number of Chol. Vectors:      1228
Mean-Field Energy:            -1832.00523770
Maximum memory per walker:            333.33 MB
Maximum number of Cholesky per chunk: 970
Number of Cholesky chunks:            2
Number of Cholesky per chunk:         614
Number of padding Cholesky:           0
Trial:   pt2ccsd_sto_chol(norb=150, nelec=(28, 28), n_batch=1, nchol_chunk=614, mix_precision=True, n_chol_head=0, head_chol_ratio=None, n_chol_samples=None, chol_cost_ratio=0.2, head_sample_ratio=3.0, chol_score_floor=1e-06, chol_uniform_mix=0.01, head_from_guide=False)
Sampler: sampler_pt2_sto_chol(n_prop_steps=50, n_blocks=840, n_chol=1228, frozen_vir=0)

Initalize QMC walkers by HF

Equilibration
Initial Orbital energy: -0.11830
inv_T  nodes      weight      energy     error   runTime
 0.00      0   300.00000  -1832.00430   0.00000     28.11
 3.00      0   305.61883  -1833.19708   0.02143     33.91
 6.00      0   300.91994  -1833.19956   0.02178     35.96
 9.00      0   299.51020  -1833.22157   0.02335     38.02
12.00      0   299.14193  -1833.23428   0.02326     40.07
15.00      0   298.98608  -1833.19593   0.02063     42.13
18.00      0   298.76218  -1833.19223   0.02288     44.18
21.00      0   298.68040  -1833.24324   0.02635     46.24
24.00      0   298.29123  -1833.22049   0.02272     48.30
27.00      0   298.57421  -1833.23751   0.02255     50.35
30.00      0   299.05248  -1833.24499   0.02899     52.40

Sampling Blocks
Target Final Error ~ 0.000072
   N  nodes      weight      E(Guide)     Error     weightp    E_frag     Error      Time
  20      0   298.37336   -1833.19817   0.00579   304.36831  -0.12429   0.00031     65.04
  40      0   298.86171   -1833.20431   0.00425   304.04663  -0.12464   0.00023     71.78
  60      0   298.52811   -1833.20273   0.00343   303.87942  -0.12434   0.00019     78.34
  80      0   298.88191   -1833.20567   0.00316   303.82152  -0.12444   0.00016     84.90
 100      0   298.35038   -1833.20706   0.00270   303.78262  -0.12441   0.00014     91.62
 120      0   298.72200   -1833.20573   0.00236   303.78704  -0.12445   0.00012     98.21
 140      0   297.90619   -1833.20765   0.00222   303.75986  -0.12446   0.00011    104.78
 160      0   298.43379   -1833.20759   0.00201   303.72758  -0.12447   0.00010    111.35
 180      0   298.26792   -1833.20911   0.00188   303.72947  -0.12459   0.00011    117.96
 200      0   298.69977   -1833.20859   0.00177   303.73980  -0.12464   0.00010    124.63
 220      0   298.32671   -1833.20855   0.00167   303.77262  -0.12457   0.00010    131.22
 240      0   298.36805   -1833.20955   0.00161   303.77606  -0.12457   0.00009    137.80
 260      0   297.88928   -1833.20946   0.00154   303.75007  -0.12455   0.00009    144.38
 280      0   297.46702   -1833.20933   0.00149   303.74599  -0.12454   0.00008    151.09
 300      0   298.02346   -1833.20993   0.00144   303.70932  -0.12456   0.00008    157.69
 320      0   298.79326   -1833.20897   0.00142   303.70342  -0.12455   0.00008    164.26
 340      0   298.66126   -1833.20911   0.00136   303.68760  -0.12452   0.00007    170.84
 360      0   298.83650   -1833.20874   0.00130   303.67734  -0.12454   0.00007    177.46
 380      0   298.27854   -1833.20778   0.00127   303.66247  -0.12453   0.00007    184.17
 400      0   299.33866   -1833.20741   0.00124   303.63856  -0.12453   0.00007    190.73
 420      0   298.32749   -1833.20748   0.00121   303.60358  -0.12452   0.00007    197.30
 440      0   297.89832   -1833.20821   0.00118   303.57059  -0.12452   0.00006    203.87
 460      0   297.77588   -1833.20725   0.00119   303.56388  -0.12453   0.00006    210.53
 480      0   299.35741   -1833.20677   0.00116   303.58621  -0.12452   0.00006    217.15
 500      0   297.92253   -1833.20733   0.00115   303.61473  -0.12454   0.00006    223.73
 520      0   298.82253   -1833.20717   0.00115   303.60723  -0.12454   0.00006    230.30
 540      0   297.77823   -1833.20745   0.00113   303.59513  -0.12454   0.00006    236.90
 560      0   300.00341   -1833.20726   0.00110   303.59745  -0.12453   0.00006    243.63
 580      0   298.63590   -1833.20783   0.00108   303.59977  -0.12453   0.00006    250.19
 600      0   299.30229   -1833.20764   0.00105   303.59420  -0.12452   0.00006    256.76
 620      0   298.49308   -1833.20708   0.00104   303.59188  -0.12450   0.00005    263.33
 640      0   298.00229   -1833.20684   0.00101   303.58469  -0.12448   0.00005    270.03

Post Propagation
Total number of samples 640
Remove Outliers
Remove samples outside Zeta > 30
Outlier bound [-0.15959, -0.08919]
Removed 0 Outliers
Outliers Energy []
nsample = 640, max_block_size = 32, min_nblocks = 20
   B    NB    NS  Observable     Error    dError
   1   640   640  -1833.20681   0.00101   0.00003
   2   320   640  -1833.20682   0.00126   0.00005
   3   213   639  -1833.20683   0.00136   0.00007
   4   160   640  -1833.20682   0.00153   0.00009
   5   128   640  -1833.20682   0.00158   0.00010
   6   106   636  -1833.20687   0.00163   0.00011
   7    91   637  -1833.20688   0.00172   0.00013
   8    80   640  -1833.20683   0.00166   0.00013
   9    71   639  -1833.20684   0.00170   0.00014
  10    64   640  -1833.20683   0.00181   0.00016
  11    58   638  -1833.20686   0.00171   0.00016
  12    53   636  -1833.20687   0.00178   0.00017
  13    49   637  -1833.20689   0.00177   0.00018
  14    45   630  -1833.20690   0.00179   0.00019
  15    42   630  -1833.20690   0.00203   0.00022
  16    40   640  -1833.20683   0.00190   0.00021
  17    37   629  -1833.20694   0.00172   0.00020
  18    35   630  -1833.20690   0.00153   0.00019
  19    33   627  -1833.20689   0.00194   0.00024
  20    32   640  -1833.20683   0.00181   0.00023
  21    30   630  -1833.20690   0.00175   0.00023
  22    29   638  -1833.20686   0.00171   0.00023
  23    27   621  -1833.20708   0.00164   0.00023
  24    26   624  -1833.20697   0.00168   0.00024
  25    25   625  -1833.20691   0.00169   0.00024
  26    24   624  -1833.20697   0.00167   0.00025
  27    23   621  -1833.20708   0.00165   0.00025
  28    22   616  -1833.20714   0.00161   0.00025
  29    22   638  -1833.20686   0.00171   0.00026
  30    21   630  -1833.20690   0.00190   0.00030
  31    20   620  -1833.20708   0.00176   0.00029
  32    20   640  -1833.20683   0.00175   0.00028
Fit (variance): plateau_var = 3.056e-06 ± 1.619e-07
Fit (error):    plateau = 0.00175 ± 0.00005
     autocorrelation length ~ 3.2 blocks
     plateau reached at block size ~ 15
nsample = 640, max_block_size = 32, min_nblocks = 20
Blk_SZ   NBlk   NSmp      Energy     Error    dError
     1    640    640    -0.12446   0.00005   0.00000
     2    320    640    -0.12446   0.00006   0.00000
     3    213    639    -0.12447   0.00007   0.00000
     4    160    640    -0.12447   0.00007   0.00000
     5    128    640    -0.12447   0.00007   0.00000
     6    106    636    -0.12448   0.00007   0.00000
     7     91    637    -0.12448   0.00007   0.00001
     8     80    640    -0.12447   0.00007   0.00001
     9     71    639    -0.12448   0.00008   0.00001
    10     64    640    -0.12448   0.00007   0.00001
    11     58    638    -0.12448   0.00007   0.00001
    12     53    636    -0.12448   0.00008   0.00001
    13     49    637    -0.12448   0.00007   0.00001
    14     45    630    -0.12449   0.00008   0.00001
    15     42    630    -0.12449   0.00008   0.00001
    16     40    640    -0.12448   0.00007   0.00001
    17     37    629    -0.12449   0.00008   0.00001
    18     35    630    -0.12449   0.00008   0.00001
    19     33    627    -0.12449   0.00008   0.00001
    20     32    640    -0.12448   0.00007   0.00001
    21     30    630    -0.12449   0.00008   0.00001
    22     29    638    -0.12448   0.00006   0.00001
    23     27    621    -0.12450   0.00006   0.00001
    24     26    624    -0.12449   0.00007   0.00001
    25     25    625    -0.12449   0.00006   0.00001
    26     24    624    -0.12450   0.00007   0.00001
    27     23    621    -0.12450   0.00005   0.00001
    28     22    616    -0.12450   0.00008   0.00001
    29     22    638    -0.12448   0.00007   0.00001
    30     21    630    -0.12449   0.00006   0.00001
    31     20    620    -0.12450   0.00006   0.00001
    32     20    640    -0.12448   0.00007   0.00001
Fit (variance): plateau_var = 4.82835e-09 ± 2.04953e-10
Fit (error):    plateau = 0.00007 ± 0.00000
     autocorrelation length ~ 1.3 blocks
     plateau reached at block size ~ 6
Final AFQMC/HF Guiding Energy:      -1833.2068 +/- 0.0017
Final AFQMC/pt2CCSD Orbital Energy: -0.12448 +/- 0.00007
<t1> = weightp/weight = 1.01706
Total run time: 270.04

AFQMC Sampling Finished

LNO-Integral time (s):    21.65
LNO-AFQMC time (s):       275.58


======================= LNO-FRAGMENT [C52H66] 41/(48,48) =======================
Fragment Num.  41
Fragment Idx.  41
Fragment Name  C52H66
LNO THRESHOLD  [0.00030000000000000003, 3e-05]
PySCF Threads  12
LNO-LAS: 24/156 Occ | 104/636 Vir | 128/792 MOs
LNO-MP2 Fragment Energy:  -0.13192884
LNO-CCSD Fragment Energy: -0.13765901
LNO-CPU time (s):         70.02 (LAS 21.79 | MP2 18.44 | CCSD 29.79)
LNO-CPU wait time (s):    0.00 (100.0% hidden)
Find Density Fit Teonsers in MF object
Integrals will be built by DF Tensors
Calculating Effective Active Space One-electron Integrals
*** Correlation Space Size ***
N Occupied Orbitals: 24
N Active Orbitals:   128
Build effective h0 and h1 time: 11.079890 s
Composing CDERIs from DF
Build CDERI in cLAS time: 6.080937 s
Raw CDERI in LAS shape: (3912, 8256)
Compress CDERI 2 Chol: 1e-05
Compress CDERI time: 1.185110 s
Finished calculating Integrals
LAS Cholesky shape: (1055, 128, 128)
AFQMC script: /u/yzhang65/myprojects/software/afqmc/afqmc/lno_afqmc/script/run_lno_afqmc_pt2ccsd.py

LNO-AFQMC Started
Hostname:     gpue08.delta.ncsa.illinois.edu
System:       Linux
Node:         gpue08.delta.ncsa.illinois.edu
Release:      5.14.0-570.131.1.el9_6.x86_64
Machine:      x86_64
Processor:    x86_64
JAX backend:  GPU
JAX devices:  [CudaDevice(id=0)]
Device kind:  NVIDIA H200
Platform:     gpu

QMC Parameters
eql_time        -         30
n_prop_steps    -         50
n_blocks        -        840
n_walkers       -        300
max_memory      -     100000
mix_precision   -       True
seed            -       3680
walker_type     -        rhf
trial           - pt2ccsd_sto_chol
chol_cost_ratio -        0.2
max_error       -    7.2e-05
dt              -      0.005
n_exp_terms     -          6
n_batch         -          1
nchol_chunk     -        100
free_projection -      False

QMC System
Number of Occ. Orbitals:      24
Number of Act. Orbitals:      128
Number of Chol. Vectors:      1055
Mean-Field Energy:            -1832.00523770
Maximum memory per walker:            333.33 MB
Maximum number of Cholesky per chunk: 1333
Number of Cholesky chunks:            1
Number of Cholesky per chunk:         1055
Number of padding Cholesky:           0
Trial:   pt2ccsd_sto_chol(norb=128, nelec=(24, 24), n_batch=1, nchol_chunk=1055, mix_precision=True, n_chol_head=0, head_chol_ratio=None, n_chol_samples=None, chol_cost_ratio=0.2, head_sample_ratio=3.0, chol_score_floor=1e-06, chol_uniform_mix=0.01, head_from_guide=False)
Sampler: sampler_pt2_sto_chol(n_prop_steps=50, n_blocks=840, n_chol=1055, frozen_vir=0)

Initalize QMC walkers by HF

Equilibration
Initial Orbital energy: -0.13766
inv_T  nodes      weight      energy     error   runTime
 0.00      0   300.00000  -1832.00445   0.00000     29.22
 3.00      0   305.23564  -1832.99593   0.01817     36.10
 6.00      0   301.27077  -1832.99683   0.02203     38.15
 9.00      0   298.85610  -1833.01989   0.02157     39.60
12.00      0   298.56064  -1833.00458   0.02195     41.10
15.00      0   298.37743  -1833.02614   0.02288     42.52
18.00      0   297.93810  -1833.01730   0.02356     43.99
21.00      0   299.87035  -1833.01403   0.02136     45.44
24.00      0   298.63764  -1833.01705   0.02236     46.86
27.00      0   298.69772  -1832.98194   0.01835     48.28
30.00      0   298.37625  -1833.00664   0.02002     49.73

Sampling Blocks
Target Final Error ~ 0.000072
   N  nodes      weight      E(Guide)     Error     weightp    E_frag     Error      Time
  20      0   298.41323   -1832.99472   0.00448   302.94880  -0.14300   0.00023     59.74
  40      0   298.35855   -1832.99851   0.00336   302.98149  -0.14352   0.00031     64.10
  60      0   298.50745   -1833.00660   0.00324   302.89099  -0.14364   0.00022     68.24
  80      0   298.81533   -1833.00385   0.00273   302.90213  -0.14360   0.00019     72.19
 100      0   298.25957   -1833.00699   0.00252   302.94000  -0.14370   0.00017     76.13
 120      0   298.38645   -1833.00849   0.00235   302.92661  -0.14367   0.00015     80.07
 140      0   297.83372   -1833.01067   0.00217   302.88726  -0.14377   0.00013     84.00
 160      0   298.79195   -1833.01046   0.00197   302.88113  -0.14370   0.00012     87.94
 180      0   298.26792   -1833.00950   0.00184   302.89048  -0.14367   0.00011     91.89
 200      0   298.13170   -1833.00819   0.00178   302.86796  -0.14371   0.00012     96.05
 220      0   299.43783   -1833.00700   0.00167   302.85346  -0.14372   0.00011    100.07
 240      0   299.43730   -1833.00709   0.00159   302.84863  -0.14378   0.00010    104.00
 260      0   298.77470   -1833.00766   0.00151   302.84093  -0.14378   0.00010    107.94
 280      0   299.35491   -1833.00825   0.00146   302.83169  -0.14388   0.00010    111.87
 300      0   298.55908   -1833.00745   0.00141   302.81772  -0.14382   0.00009    115.81
 320      0   297.99206   -1833.00829   0.00137   302.84091  -0.14381   0.00009    119.74
 340      0   298.58836   -1833.00752   0.00132   302.82964  -0.14384   0.00009    123.78
 360      0   297.85446   -1833.00750   0.00127   302.83525  -0.14383   0.00008    127.95
 380      0   297.49192   -1833.00844   0.00125   302.85535  -0.14381   0.00008    131.91
 400      0   298.77775   -1833.00879   0.00121   302.85865  -0.14388   0.00008    135.84
 420      0   299.32256   -1833.00822   0.00119   302.86160  -0.14388   0.00008    139.77
 440      0   298.31524   -1833.00891   0.00118   302.86471  -0.14390   0.00008    143.70
 460      0   298.61251   -1833.00858   0.00115   302.88413  -0.14389   0.00007    147.63
 480      0   298.20454   -1833.00837   0.00111   302.89286  -0.14386   0.00007    151.57
 500      0   298.76240   -1833.00795   0.00109   302.88853  -0.14387   0.00007    155.77
 520      0   298.70059   -1833.00732   0.00108   302.89578  -0.14386   0.00007    159.82
 540      0   298.57755   -1833.00812   0.00108   302.90174  -0.14387   0.00007    163.75
 560      0   298.24123   -1833.00785   0.00107   302.89946  -0.14386   0.00007    167.69
 580      0   299.03550   -1833.00771   0.00104   302.89256  -0.14386   0.00007    171.63
 600      0   298.65331   -1833.00813   0.00102   302.90688  -0.14387   0.00006    175.56
 620      0   298.00531   -1833.00794   0.00100   302.91210  -0.14389   0.00006    179.49
 640      0   298.50121   -1833.00847   0.00099   302.91364  -0.14389   0.00006    183.57
 660      0   298.00416   -1833.00852   0.00097   302.91547  -0.14390   0.00006    187.76
 680      0   297.91450   -1833.00896   0.00095   302.92466  -0.14389   0.00006    191.70
 700      0   299.18535   -1833.00958   0.00095   302.93141  -0.14391   0.00006    195.63
 720      0   298.04442   -1833.00992   0.00095   302.92779  -0.14396   0.00006    199.56
 740      0   299.00629   -1833.01024   0.00093   302.93421  -0.14398   0.00006    203.49
 760      0   298.23179   -1833.01017   0.00092   302.93243  -0.14399   0.00006    207.42
 780      0   299.05600   -1833.00964   0.00092   302.93106  -0.14398   0.00006    211.36
 800      0   299.06370   -1833.00945   0.00091   302.94517  -0.14399   0.00006    215.55
 820      0   298.91902   -1833.00952   0.00090   302.94851  -0.14400   0.00006    219.62
 840      0   298.67230   -1833.00969   0.00089   302.94930  -0.14399   0.00006    223.55

Post Propagation
Total number of samples 840
Remove Outliers
Remove samples outside Zeta > 30
Outlier bound [-0.18399, -0.10347]
Removed 0 Outliers
Outliers Energy []
nsample = 840, max_block_size = 42, min_nblocks = 20
   B    NB    NS  Observable     Error    dError
   1   840   840  -1833.00967   0.00089   0.00002
   2   420   840  -1833.00968   0.00113   0.00004
   3   280   840  -1833.00968   0.00127   0.00005
   4   210   840  -1833.00968   0.00139   0.00007
   5   168   840  -1833.00969   0.00144   0.00008
   6   140   840  -1833.00969   0.00147   0.00009
   7   120   840  -1833.00969   0.00163   0.00011
   8   105   840  -1833.00969   0.00158   0.00011
   9    93   837  -1833.00967   0.00166   0.00012
  10    84   840  -1833.00969   0.00170   0.00013
  11    76   836  -1833.00969   0.00160   0.00013
  12    70   840  -1833.00969   0.00168   0.00014
  13    64   832  -1833.00983   0.00177   0.00016
  14    60   840  -1833.00969   0.00176   0.00016
  15    56   840  -1833.00969   0.00173   0.00016
  16    52   832  -1833.00983   0.00181   0.00018
  17    49   833  -1833.00978   0.00164   0.00017
  18    46   828  -1833.00975   0.00172   0.00018
  19    44   836  -1833.00969   0.00180   0.00019
  20    42   840  -1833.00969   0.00180   0.00020
  21    40   840  -1833.00969   0.00177   0.00020
  22    38   836  -1833.00969   0.00164   0.00019
  23    36   828  -1833.00976   0.00163   0.00020
  24    35   840  -1833.00969   0.00159   0.00019
  25    33   825  -1833.00968   0.00174   0.00022
  26    32   832  -1833.00984   0.00184   0.00023
  27    31   837  -1833.00967   0.00207   0.00027
  28    30   840  -1833.00969   0.00188   0.00025
  29    28   812  -1833.00956   0.00186   0.00025
  30    28   840  -1833.00969   0.00188   0.00026
  31    27   837  -1833.00967   0.00177   0.00025
  32    26   832  -1833.00984   0.00196   0.00028
  33    25   825  -1833.00969   0.00181   0.00026
  34    24   816  -1833.00955   0.00191   0.00028
  35    24   840  -1833.00969   0.00171   0.00025
  36    23   828  -1833.00976   0.00194   0.00029
  37    22   814  -1833.00956   0.00196   0.00030
  38    22   836  -1833.00970   0.00171   0.00026
  39    21   819  -1833.00952   0.00197   0.00031
  40    21   840  -1833.00970   0.00190   0.00030
  41    20   820  -1833.00952   0.00169   0.00027
  42    20   840  -1833.00970   0.00194   0.00031
Fit (variance): plateau_var = 3.148e-06 ± 1.526e-07
Fit (error):    plateau = 0.00177 ± 0.00004
     autocorrelation length ~ 4.8 blocks
     plateau reached at block size ~ 22
nsample = 840, max_block_size = 42, min_nblocks = 20
Blk_SZ   NBlk   NSmp      Energy     Error    dError
     1    840    840    -0.14394   0.00006   0.00000
     2    420    840    -0.14395   0.00007   0.00000
     3    280    840    -0.14396   0.00007   0.00000
     4    210    840    -0.14396   0.00008   0.00000
     5    168    840    -0.14396   0.00008   0.00000
     6    140    840    -0.14397   0.00008   0.00000
     7    120    840    -0.14397   0.00008   0.00001
     8    105    840    -0.14397   0.00009   0.00001
     9     93    837    -0.14397   0.00009   0.00001
    10     84    840    -0.14397   0.00009   0.00001
    11     76    836    -0.14398   0.00009   0.00001
    12     70    840    -0.14398   0.00009   0.00001
    13     64    832    -0.14398   0.00010   0.00001
    14     60    840    -0.14398   0.00009   0.00001
    15     56    840    -0.14398   0.00009   0.00001
    16     52    832    -0.14398   0.00009   0.00001
    17     49    833    -0.14398   0.00009   0.00001
    18     46    828    -0.14399   0.00008   0.00001
    19     44    836    -0.14398   0.00009   0.00001
    20     42    840    -0.14398   0.00009   0.00001
    21     40    840    -0.14398   0.00009   0.00001
    22     38    836    -0.14398   0.00009   0.00001
    23     36    828    -0.14399   0.00009   0.00001
    24     35    840    -0.14399   0.00010   0.00001
    25     33    825    -0.14400   0.00009   0.00001
    26     32    832    -0.14399   0.00009   0.00001
    27     31    837    -0.14398   0.00009   0.00001
    28     30    840    -0.14398   0.00010   0.00001
    29     28    812    -0.14400   0.00011   0.00001
    30     28    840    -0.14398   0.00009   0.00001
    31     27    837    -0.14399   0.00009   0.00001
    32     26    832    -0.14399   0.00008   0.00001
    33     25    825    -0.14400   0.00010   0.00001
    34     24    816    -0.14400   0.00009   0.00001
    35     24    840    -0.14399   0.00009   0.00001
    36     23    828    -0.14399   0.00010   0.00001
    37     22    814    -0.14400   0.00008   0.00001
    38     22    836    -0.14399   0.00008   0.00001
    39     21    819    -0.14400   0.00008   0.00001
    40     21    840    -0.14399   0.00009   0.00001
    41     20    820    -0.14400   0.00009   0.00001
    42     20    840    -0.14399   0.00008   0.00001
Fit (variance): plateau_var = 8.06929e-09 ± 3.54941e-10
Fit (error):    plateau = 0.00009 ± 0.00000
     autocorrelation length ~ 3.7 blocks
     plateau reached at block size ~ 16
Final AFQMC/HF Guiding Energy:      -1833.0097 +/- 0.0018
Final AFQMC/pt2CCSD Orbital Energy: -0.14399 +/- 0.00009
<t1> = weightp/weight = 1.01435
Total run time: 223.56

AFQMC Sampling Finished

LNO-Integral time (s):    19.23
LNO-AFQMC time (s):       228.20


======================= LNO-FRAGMENT [C53H67] 42/(48,48) =======================
Fragment Num.  42
Fragment Idx.  42
Fragment Name  C53H67
LNO THRESHOLD  [0.00030000000000000003, 3e-05]
PySCF Threads  12
LNO-LAS: 24/156 Occ | 104/636 Vir | 128/792 MOs
LNO-MP2 Fragment Energy:  -0.13255422
LNO-CCSD Fragment Energy: -0.13826249
LNO-CPU time (s):         50.53 (LAS 18.66 | MP2 5.08 | CCSD 26.79)
LNO-CPU wait time (s):    0.00 (100.0% hidden)
Find Density Fit Teonsers in MF object
Integrals will be built by DF Tensors
Calculating Effective Active Space One-electron Integrals
*** Correlation Space Size ***
N Occupied Orbitals: 24
N Active Orbitals:   128
Build effective h0 and h1 time: 7.839302 s
Composing CDERIs from DF
Build CDERI in cLAS time: 6.493085 s
Raw CDERI in LAS shape: (3912, 8256)
Compress CDERI 2 Chol: 1e-05
Compress CDERI time: 1.216867 s
Finished calculating Integrals
LAS Cholesky shape: (1060, 128, 128)
AFQMC script: /u/yzhang65/myprojects/software/afqmc/afqmc/lno_afqmc/script/run_lno_afqmc_pt2ccsd.py

LNO-AFQMC Started
Hostname:     gpue08.delta.ncsa.illinois.edu
System:       Linux
Node:         gpue08.delta.ncsa.illinois.edu
Release:      5.14.0-570.131.1.el9_6.x86_64
Machine:      x86_64
Processor:    x86_64
JAX backend:  GPU
JAX devices:  [CudaDevice(id=0)]
Device kind:  NVIDIA H200
Platform:     gpu

QMC Parameters
eql_time        -         30
n_prop_steps    -         50
n_blocks        -        840
n_walkers       -        300
max_memory      -     100000
mix_precision   -       True
seed            -       1478
walker_type     -        rhf
trial           - pt2ccsd_sto_chol
chol_cost_ratio -        0.2
max_error       -    7.2e-05
dt              -      0.005
n_exp_terms     -          6
n_batch         -          1
nchol_chunk     -        100
free_projection -      False

QMC System
Number of Occ. Orbitals:      24
Number of Act. Orbitals:      128
Number of Chol. Vectors:      1060
Mean-Field Energy:            -1832.00523770
Maximum memory per walker:            333.33 MB
Maximum number of Cholesky per chunk: 1333
Number of Cholesky chunks:            1
Number of Cholesky per chunk:         1060
Number of padding Cholesky:           0
Trial:   pt2ccsd_sto_chol(norb=128, nelec=(24, 24), n_batch=1, nchol_chunk=1060, mix_precision=True, n_chol_head=0, head_chol_ratio=None, n_chol_samples=None, chol_cost_ratio=0.2, head_sample_ratio=3.0, chol_score_floor=1e-06, chol_uniform_mix=0.01, head_from_guide=False)
Sampler: sampler_pt2_sto_chol(n_prop_steps=50, n_blocks=840, n_chol=1060, frozen_vir=0)

Initalize QMC walkers by HF

Equilibration
Initial Orbital energy: -0.13826
inv_T  nodes      weight      energy     error   runTime
 0.00      0   300.00000  -1832.00440   0.00000     28.93
 3.00      0   304.64359  -1832.96963   0.01944     34.11
 6.00      0   300.97552  -1833.00161   0.02313     35.53
 9.00      0   298.44109  -1832.97868   0.01862     36.95
12.00      0   298.67688  -1832.97951   0.01931     38.35
15.00      0   299.36921  -1833.04372   0.02268     39.77
18.00      0   299.37824  -1833.04925   0.02525     41.18
21.00      0   298.15390  -1833.00287   0.02362     42.59
24.00      0   298.88530  -1833.00409   0.02010     44.00
27.00      0   298.45855  -1832.98528   0.02014     45.41
30.00      0   298.54179  -1833.00138   0.02210     46.82

Sampling Blocks
Target Final Error ~ 0.000072
   N  nodes      weight      E(Guide)     Error     weightp    E_frag     Error      Time
  20      0   299.31617   -1833.02273   0.00490   302.85682  -0.14488   0.00032     57.10
  40      0   298.60878   -1833.01040   0.00367   302.95579  -0.14448   0.00022     61.50
  60      0   298.40121   -1833.01201   0.00297   303.05501  -0.14477   0.00020     65.45
  80      0   299.54304   -1833.01104   0.00255   303.12421  -0.14468   0.00016     69.39
 100      0   298.73556   -1833.01135   0.00230   303.09933  -0.14469   0.00014     73.35
 120      0   298.05416   -1833.01347   0.00228   303.12536  -0.14483   0.00015     77.30
 140      0   298.91938   -1833.01223   0.00209   303.18272  -0.14470   0.00013     81.24
 160      0   298.59402   -1833.01366   0.00195   303.18596  -0.14468   0.00013     85.19
 180      0   298.19052   -1833.01225   0.00182   303.14457  -0.14465   0.00012     89.38
 200      0   298.34630   -1833.01045   0.00173   303.15255  -0.14459   0.00011     93.41
 220      0   299.75908   -1833.00951   0.00164   303.13561  -0.14456   0.00010     97.35
 240      0   298.52958   -1833.00999   0.00157   303.15827  -0.14453   0.00010    101.29
 260      0   297.88316   -1833.01048   0.00152   303.19164  -0.14453   0.00009    105.24
 280      0   297.79107   -1833.00994   0.00144   303.20281  -0.14451   0.00009    109.19
 300      0   298.37572   -1833.01012   0.00137   303.24382  -0.14446   0.00008    113.13
 320      0   297.71250   -1833.00953   0.00132   303.27177  -0.14441   0.00008    117.20
 340      0   297.68718   -1833.01098   0.00180   303.25549  -0.14440   0.00008    121.35
 360      0   299.26181   -1833.01167   0.00173   303.23858  -0.14441   0.00008    125.30
 380      0   298.42577   -1833.01240   0.00168   303.22725  -0.14450   0.00008    129.24
 400      0   298.40199   -1833.01198   0.00161   303.23617  -0.14448   0.00008    133.18
 420      0   298.70116   -1833.01282   0.00158   303.20452  -0.14453   0.00008    137.12
 440      0   298.81880   -1833.01352   0.00152   303.21069  -0.14456   0.00008    141.07
 460      0   298.95509   -1833.01240   0.00149   303.19436  -0.14456   0.00007    145.00
 480      0   298.34371   -1833.01215   0.00144   303.20020  -0.14456   0.00007    149.15
 500      0   298.31898   -1833.01289   0.00141   303.20852  -0.14467   0.00008    153.22
 520      0   298.86596   -1833.01299   0.00138   303.20811  -0.14475   0.00008    157.17
 540      0   297.92440   -1833.01260   0.00134   303.21321  -0.14477   0.00008    161.11
 560      0   299.09995   -1833.01235   0.00130   303.20989  -0.14477   0.00008    165.05
 580      0   298.97293   -1833.01157   0.00127   303.19110  -0.14476   0.00007    168.99
 600      0   299.82116   -1833.01144   0.00124   303.18947  -0.14474   0.00007    172.93
 620      0   298.27679   -1833.01125   0.00120   303.19129  -0.14475   0.00007    176.98
 640      0   298.99333   -1833.01092   0.00118   303.20727  -0.14479   0.00007    181.13
 660      0   298.53703   -1833.01024   0.00116   303.22686  -0.14475   0.00007    185.10
 680      0   298.05615   -1833.01015   0.00113   303.25223  -0.14475   0.00007    189.04
 700      0   298.44489   -1833.00992   0.00112   303.26908  -0.14473   0.00007    192.99
 720      0   298.90976   -1833.00944   0.00110   303.27793  -0.14474   0.00007    196.94
 740      0   298.70371   -1833.00925   0.00108   303.27155  -0.14473   0.00007    200.89
 760      0   298.65870   -1833.00926   0.00105   303.27130  -0.14474   0.00007    204.84
 780      0   298.42504   -1833.00894   0.00103   303.26316  -0.14474   0.00006    208.97
 800      0   298.87910   -1833.00848   0.00102   303.25482  -0.14473   0.00006    213.04
 820      0   299.00417   -1833.00830   0.00100   303.25124  -0.14473   0.00006    216.97
 840      0   298.91956   -1833.00786   0.00099   303.24210  -0.14471   0.00006    220.90

Post Propagation
Total number of samples 840
Remove Outliers
Remove samples outside Zeta > 30
Outlier bound [-0.18832, -0.10053]
Removed 0 Outliers
Outliers Energy []
nsample = 840, max_block_size = 42, min_nblocks = 20
   B    NB    NS  Observable     Error    dError
   1   840   840  -1833.00783   0.00098   0.00002
   2   420   840  -1833.00784   0.00122   0.00004
   3   280   840  -1833.00784   0.00137   0.00006
   4   210   840  -1833.00785   0.00146   0.00007
   5   168   840  -1833.00785   0.00148   0.00008
   6   140   840  -1833.00785   0.00160   0.00010
   7   120   840  -1833.00785   0.00171   0.00011
   8   105   840  -1833.00785   0.00166   0.00011
   9    93   837  -1833.00790   0.00174   0.00013
  10    84   840  -1833.00785   0.00175   0.00014
  11    76   836  -1833.00793   0.00178   0.00015
  12    70   840  -1833.00785   0.00179   0.00015
  13    64   832  -1833.00805   0.00182   0.00016
  14    60   840  -1833.00786   0.00160   0.00015
  15    56   840  -1833.00786   0.00181   0.00017
  16    52   832  -1833.00805   0.00179   0.00018
  17    49   833  -1833.00801   0.00185   0.00019
  18    46   828  -1833.00813   0.00182   0.00019
  19    44   836  -1833.00794   0.00175   0.00019
  20    42   840  -1833.00786   0.00194   0.00021
  21    40   840  -1833.00786   0.00195   0.00022
  22    38   836  -1833.00794   0.00200   0.00023
  23    36   828  -1833.00813   0.00200   0.00024
  24    35   840  -1833.00786   0.00191   0.00023
  25    33   825  -1833.00820   0.00189   0.00024
  26    32   832  -1833.00805   0.00193   0.00025
  27    31   837  -1833.00791   0.00201   0.00026
  28    30   840  -1833.00786   0.00184   0.00024
  29    28   812  -1833.00831   0.00200   0.00027
  30    28   840  -1833.00786   0.00205   0.00028
  31    27   837  -1833.00791   0.00204   0.00028
  32    26   832  -1833.00805   0.00202   0.00029
  33    25   825  -1833.00820   0.00218   0.00032
  34    24   816  -1833.00829   0.00206   0.00030
  35    24   840  -1833.00786   0.00185   0.00027
  36    23   828  -1833.00813   0.00217   0.00033
  37    22   814  -1833.00831   0.00238   0.00037
  38    22   836  -1833.00794   0.00175   0.00027
  39    21   819  -1833.00831   0.00197   0.00031
  40    21   840  -1833.00786   0.00232   0.00037
  41    20   820  -1833.00830   0.00235   0.00038
  42    20   840  -1833.00786   0.00196   0.00032
Fit (variance): plateau_var = 3.679e-06 ± 1.978e-07
Fit (error):    plateau = 0.00192 ± 0.00005
     autocorrelation length ~ 5.7 blocks
     plateau reached at block size ~ 26
nsample = 840, max_block_size = 42, min_nblocks = 20
Blk_SZ   NBlk   NSmp      Energy     Error    dError
     1    840    840    -0.14468   0.00006   0.00000
     2    420    840    -0.14468   0.00007   0.00000
     3    280    840    -0.14469   0.00008   0.00000
     4    210    840    -0.14469   0.00008   0.00000
     5    168    840    -0.14469   0.00009   0.00000
     6    140    840    -0.14469   0.00009   0.00001
     7    120    840    -0.14469   0.00010   0.00001
     8    105    840    -0.14470   0.00010   0.00001
     9     93    837    -0.14470   0.00010   0.00001
    10     84    840    -0.14470   0.00010   0.00001
    11     76    836    -0.14470   0.00011   0.00001
    12     70    840    -0.14470   0.00011   0.00001
    13     64    832    -0.14471   0.00011   0.00001
    14     60    840    -0.14470   0.00011   0.00001
    15     56    840    -0.14470   0.00011   0.00001
    16     52    832    -0.14471   0.00011   0.00001
    17     49    833    -0.14471   0.00011   0.00001
    18     46    828    -0.14471   0.00011   0.00001
    19     44    836    -0.14471   0.00011   0.00001
    20     42    840    -0.14470   0.00012   0.00001
    21     40    840    -0.14470   0.00012   0.00001
    22     38    836    -0.14471   0.00012   0.00001
    23     36    828    -0.14471   0.00011   0.00001
    24     35    840    -0.14471   0.00011   0.00001
    25     33    825    -0.14472   0.00011   0.00001
    26     32    832    -0.14472   0.00012   0.00001
    27     31    837    -0.14471   0.00012   0.00002
    28     30    840    -0.14471   0.00012   0.00002
    29     28    812    -0.14472   0.00012   0.00002
    30     28    840    -0.14471   0.00013   0.00002
    31     27    837    -0.14471   0.00012   0.00002
    32     26    832    -0.14472   0.00013   0.00002
    33     25    825    -0.14472   0.00011   0.00002
    34     24    816    -0.14472   0.00014   0.00002
    35     24    840    -0.14471   0.00013   0.00002
    36     23    828    -0.14472   0.00012   0.00002
    37     22    814    -0.14472   0.00014   0.00002
    38     22    836    -0.14472   0.00012   0.00002
    39     21    819    -0.14473   0.00012   0.00002
    40     21    840    -0.14471   0.00015   0.00002
    41     20    820    -0.14472   0.00012   0.00002
    42     20    840    -0.14471   0.00014   0.00002
Fit (variance): plateau_var = 1.46747e-08 ± 9.30351e-10
Fit (error):    plateau = 0.00012 ± 0.00000
     autocorrelation length ~ 7.8 blocks
     plateau reached at block size ~ 35
Final AFQMC/HF Guiding Energy:      -1833.0079 +/- 0.0019
Final AFQMC/pt2CCSD Orbital Energy: -0.14471 +/- 0.00012
<t1> = weightp/weight = 1.01533
Total run time: 220.91

AFQMC Sampling Finished

LNO-Integral time (s):    16.62
LNO-AFQMC time (s):       226.00


======================== LNO-FRAGMENT [C54] 43/(48,48) =========================
Fragment Num.  43
Fragment Idx.  43
Fragment Name  C54
LNO THRESHOLD  [0.00030000000000000003, 3e-05]
PySCF Threads  12
LNO-LAS: 27/156 Occ | 119/636 Vir | 146/792 MOs
LNO-MP2 Fragment Energy:  -0.11744297
LNO-CCSD Fragment Energy: -0.11791906
LNO-CPU time (s):         74.25 (LAS 20.14 | MP2 6.22 | CCSD 47.88)
LNO-CPU wait time (s):    0.00 (100.0% hidden)
Find Density Fit Teonsers in MF object
Integrals will be built by DF Tensors
Calculating Effective Active Space One-electron Integrals
*** Correlation Space Size ***
N Occupied Orbitals: 27
N Active Orbitals:   146
Build effective h0 and h1 time: 17.696855 s
Composing CDERIs from DF
Build CDERI in cLAS time: 8.041291 s
Raw CDERI in LAS shape: (3912, 10731)
Compress CDERI 2 Chol: 1e-05
Compress CDERI time: 2.012464 s
Finished calculating Integrals
LAS Cholesky shape: (1165, 146, 146)
AFQMC script: /u/yzhang65/myprojects/software/afqmc/afqmc/lno_afqmc/script/run_lno_afqmc_pt2ccsd.py

LNO-AFQMC Started
Hostname:     gpue08.delta.ncsa.illinois.edu
System:       Linux
Node:         gpue08.delta.ncsa.illinois.edu
Release:      5.14.0-570.131.1.el9_6.x86_64
Machine:      x86_64
Processor:    x86_64
JAX backend:  GPU
JAX devices:  [CudaDevice(id=0)]
Device kind:  NVIDIA H200
Platform:     gpu

QMC Parameters
eql_time        -         30
n_prop_steps    -         50
n_blocks        -        840
n_walkers       -        300
max_memory      -     100000
mix_precision   -       True
seed            -       4772
walker_type     -        rhf
trial           - pt2ccsd_sto_chol
chol_cost_ratio -        0.2
max_error       -    7.2e-05
dt              -      0.005
n_exp_terms     -          6
n_batch         -          1
nchol_chunk     -        100
free_projection -      False

QMC System
Number of Occ. Orbitals:      27
Number of Act. Orbitals:      146
Number of Chol. Vectors:      1165
Mean-Field Energy:            -1832.00523770
Maximum memory per walker:            333.33 MB
Maximum number of Cholesky per chunk: 1024
Number of Cholesky chunks:            2
Number of Cholesky per chunk:         583
Number of padding Cholesky:           1
Trial:   pt2ccsd_sto_chol(norb=146, nelec=(27, 27), n_batch=1, nchol_chunk=583, mix_precision=True, n_chol_head=0, head_chol_ratio=None, n_chol_samples=None, chol_cost_ratio=0.2, head_sample_ratio=3.0, chol_score_floor=1e-06, chol_uniform_mix=0.01, head_from_guide=False)
Sampler: sampler_pt2_sto_chol(n_prop_steps=50, n_blocks=840, n_chol=1165, frozen_vir=0)

Initalize QMC walkers by HF

Equilibration
Initial Orbital energy: -0.11797
inv_T  nodes      weight      energy     error   runTime
 0.00      0   300.00000  -1832.00433   0.00000     26.92
 3.00      0   306.09698  -1833.17479   0.02328     32.16
 6.00      0   300.93266  -1833.23490   0.02911     34.15
 9.00      0   298.28225  -1833.14637   0.01995     36.14
12.00      0   299.02824  -1833.18955   0.02217     38.12
15.00      0   298.58399  -1833.21023   0.02303     40.11
18.00      0   298.34013  -1833.19852   0.02335     42.26
21.00      0   298.75386  -1833.17023   0.02229     44.37
24.00      0   299.20859  -1833.15357   0.02298     46.44
27.00      0   299.28248  -1833.20178   0.02287     48.43
30.00      0   299.09444  -1833.20873   0.02580     50.42

Sampling Blocks
Target Final Error ~ 0.000072
   N  nodes      weight      E(Guide)     Error     weightp    E_frag     Error      Time
  20      0   298.28866   -1833.19872   0.00576   303.27084  -0.12424   0.00030     62.89
  40      0   299.08336   -1833.19844   0.00438   303.32541  -0.12453   0.00022     69.28
  60      0   298.85273   -1833.19657   0.00340   303.40561  -0.12420   0.00016     75.58
  80      0   298.57744   -1833.19629   0.00306   303.30609  -0.12441   0.00015     81.70
 100      0   298.62847   -1833.19494   0.00269   303.29419  -0.12441   0.00012     87.83
 120      0   298.39290   -1833.19497   0.00240   303.29152  -0.12449   0.00011     93.95
 140      0   298.27291   -1833.19441   0.00221   303.27047  -0.12444   0.00010    100.07
 160      0   298.31462   -1833.19434   0.00210   303.25501  -0.12447   0.00010    106.39
 180      0   297.69181   -1833.19373   0.00193   303.23963  -0.12442   0.00009    112.51
 200      0   298.29896   -1833.19482   0.00186   303.19297  -0.12444   0.00009    118.63
 220      0   299.44289   -1833.19376   0.00175   303.16037  -0.12445   0.00008    124.76
 240      0   298.74295   -1833.19379   0.00171   303.14036  -0.12444   0.00008    130.90
 260      0   300.04433   -1833.19329   0.00163   303.11889  -0.12438   0.00008    137.19
 280      0   298.09394   -1833.19374   0.00155   303.11642  -0.12440   0.00008    143.32
 300      0   298.48771   -1833.19407   0.00150   303.11711  -0.12440   0.00008    149.45
 320      0   298.83259   -1833.19452   0.00143   303.12640  -0.12442   0.00007    155.55
 340      0   298.68020   -1833.19663   0.00151   303.12995  -0.12457   0.00009    161.71
 360      0   297.97822   -1833.19576   0.00146   303.11745  -0.12453   0.00009    167.95
 380      0   298.45855   -1833.19540   0.00143   303.13353  -0.12451   0.00008    174.07
 400      0   297.76237   -1833.19494   0.00139   303.12148  -0.12449   0.00008    180.19
 420      0   299.61671   -1833.19474   0.00136   303.10670  -0.12449   0.00008    186.32
 440      0   299.16833   -1833.19407   0.00133   303.11747  -0.12449   0.00007    192.51
 460      0   298.49587   -1833.19426   0.00128   303.12501  -0.12447   0.00007    198.75
 480      0   298.22865   -1833.19429   0.00126   303.12928  -0.12449   0.00007    204.86
 500      0   298.45583   -1833.19489   0.00123   303.12815  -0.12450   0.00007    210.98
 520      0   298.08317   -1833.19482   0.00119   303.13311  -0.12447   0.00007    217.10
 540      0   298.02688   -1833.19466   0.00116   303.13678  -0.12446   0.00006    223.31
 560      0   298.70050   -1833.19442   0.00113   303.12886  -0.12445   0.00006    229.51
 580      0   298.08582   -1833.19468   0.00111   303.11745  -0.12446   0.00006    235.62
 600      0   299.18818   -1833.19450   0.00109   303.10248  -0.12446   0.00006    241.73
 620      0   298.22058   -1833.19439   0.00107   303.10484  -0.12445   0.00006    247.84
 640      0   298.35852   -1833.19425   0.00104   303.10748  -0.12444   0.00006    254.09
 660      0   297.67427   -1833.19356   0.00103   303.11559  -0.12442   0.00006    260.25
 680      0   297.88052   -1833.19387   0.00102   303.11417  -0.12441   0.00005    266.37

Post Propagation
Total number of samples 680
Remove Outliers
Remove samples outside Zeta > 30
Outlier bound [-0.15744, -0.09084]
Removed 0 Outliers
Outliers Energy []
nsample = 680, max_block_size = 34, min_nblocks = 20
   B    NB    NS  Observable     Error    dError
   1   680   680  -1833.19385   0.00102   0.00003
   2   340   680  -1833.19385   0.00128   0.00005
   3   226   678  -1833.19386   0.00142   0.00007
   4   170   680  -1833.19386   0.00151   0.00008
   5   136   680  -1833.19386   0.00157   0.00010
   6   113   678  -1833.19386   0.00163   0.00011
   7    97   679  -1833.19389   0.00166   0.00012
   8    85   680  -1833.19386   0.00160   0.00012
   9    75   675  -1833.19385   0.00162   0.00013
  10    68   680  -1833.19387   0.00166   0.00014
  11    61   671  -1833.19367   0.00170   0.00016
  12    56   672  -1833.19369   0.00177   0.00017
  13    52   676  -1833.19390   0.00182   0.00018
  14    48   672  -1833.19369   0.00175   0.00018
  15    45   675  -1833.19385   0.00172   0.00018
  16    42   672  -1833.19369   0.00164   0.00018
  17    40   680  -1833.19387   0.00166   0.00019
  18    37   666  -1833.19351   0.00155   0.00018
  19    35   665  -1833.19354   0.00164   0.00020
  20    34   680  -1833.19387   0.00171   0.00021
  21    32   672  -1833.19369   0.00190   0.00024
  22    30   660  -1833.19356   0.00169   0.00022
  23    29   667  -1833.19359   0.00145   0.00019
  24    28   672  -1833.19370   0.00169   0.00023
  25    27   675  -1833.19385   0.00138   0.00019
  26    26   676  -1833.19391   0.00188   0.00027
  27    25   675  -1833.19385   0.00132   0.00019
  28    24   672  -1833.19370   0.00181   0.00027
  29    23   667  -1833.19359   0.00170   0.00026
  30    22   660  -1833.19356   0.00172   0.00027
  31    21   651  -1833.19382   0.00169   0.00027
  32    21   672  -1833.19370   0.00154   0.00024
  33    20   660  -1833.19356   0.00176   0.00029
  34    20   680  -1833.19387   0.00190   0.00031
Fit (variance): plateau_var = 2.718e-06 ± 1.229e-07
Fit (error):    plateau = 0.00165 ± 0.00004
     autocorrelation length ~ 2.2 blocks
     plateau reached at block size ~ 11
nsample = 680, max_block_size = 34, min_nblocks = 20
Blk_SZ   NBlk   NSmp      Energy     Error    dError
     1    680    680    -0.12437   0.00005   0.00000
     2    340    680    -0.12438   0.00006   0.00000
     3    226    678    -0.12439   0.00007   0.00000
     4    170    680    -0.12439   0.00008   0.00000
     5    136    680    -0.12439   0.00008   0.00000
     6    113    678    -0.12439   0.00008   0.00001
     7     97    679    -0.12440   0.00008   0.00001
     8     85    680    -0.12440   0.00008   0.00001
     9     75    675    -0.12440   0.00009   0.00001
    10     68    680    -0.12440   0.00008   0.00001
    11     61    671    -0.12440   0.00008   0.00001
    12     56    672    -0.12440   0.00009   0.00001
    13     52    676    -0.12441   0.00009   0.00001
    14     48    672    -0.12441   0.00009   0.00001
    15     45    675    -0.12441   0.00008   0.00001
    16     42    672    -0.12441   0.00009   0.00001
    17     40    680    -0.12440   0.00010   0.00001
    18     37    666    -0.12440   0.00010   0.00001
    19     35    665    -0.12440   0.00010   0.00001
    20     34    680    -0.12440   0.00010   0.00001
    21     32    672    -0.12441   0.00010   0.00001
    22     30    660    -0.12441   0.00008   0.00001
    23     29    667    -0.12440   0.00010   0.00001
    24     28    672    -0.12441   0.00009   0.00001
    25     27    675    -0.12441   0.00010   0.00001
    26     26    676    -0.12441   0.00010   0.00001
    27     25    675    -0.12441   0.00009   0.00001
    28     24    672    -0.12441   0.00010   0.00001
    29     23    667    -0.12440   0.00011   0.00002
    30     22    660    -0.12441   0.00008   0.00001
    31     21    651    -0.12442   0.00010   0.00002
    32     21    672    -0.12441   0.00010   0.00002
    33     20    660    -0.12441   0.00008   0.00001
    34     20    680    -0.12440   0.00009   0.00002
Fit (variance): plateau_var = 8.16602e-09 ± 4.76924e-10
Fit (error):    plateau = 0.00009 ± 0.00000
     autocorrelation length ~ 4.2 blocks
     plateau reached at block size ~ 19
Final AFQMC/HF Guiding Energy:      -1833.1939 +/- 0.0016
Final AFQMC/pt2CCSD Orbital Energy: -0.12441 +/- 0.00009
<t1> = weightp/weight = 1.01532
Total run time: 266.38

AFQMC Sampling Finished

LNO-Integral time (s):    28.81
LNO-AFQMC time (s):       271.67


======================= LNO-FRAGMENT [C55H68] 44/(48,48) =======================
Fragment Num.  44
Fragment Idx.  44
Fragment Name  C55H68
LNO THRESHOLD  [0.00030000000000000003, 3e-05]
PySCF Threads  12
LNO-LAS: 23/156 Occ | 101/636 Vir | 124/792 MOs
LNO-MP2 Fragment Energy:  -0.13206030
LNO-CCSD Fragment Energy: -0.13786082
LNO-CPU time (s):         47.88 (LAS 19.05 | MP2 4.37 | CCSD 24.47)
LNO-CPU wait time (s):    0.00 (100.0% hidden)
Find Density Fit Teonsers in MF object
Integrals will be built by DF Tensors
Calculating Effective Active Space One-electron Integrals
*** Correlation Space Size ***
N Occupied Orbitals: 23
N Active Orbitals:   124
Build effective h0 and h1 time: 17.026341 s
Composing CDERIs from DF
Build CDERI in cLAS time: 8.616210 s
Raw CDERI in LAS shape: (3912, 7750)
Compress CDERI 2 Chol: 1e-05
Compress CDERI time: 1.421887 s
Finished calculating Integrals
LAS Cholesky shape: (1004, 124, 124)
AFQMC script: /u/yzhang65/myprojects/software/afqmc/afqmc/lno_afqmc/script/run_lno_afqmc_pt2ccsd.py

LNO-AFQMC Started
Hostname:     gpue08.delta.ncsa.illinois.edu
System:       Linux
Node:         gpue08.delta.ncsa.illinois.edu
Release:      5.14.0-570.131.1.el9_6.x86_64
Machine:      x86_64
Processor:    x86_64
JAX backend:  GPU
JAX devices:  [CudaDevice(id=0)]
Device kind:  NVIDIA H200
Platform:     gpu

QMC Parameters
eql_time        -         30
n_prop_steps    -         50
n_blocks        -        840
n_walkers       -        300
max_memory      -     100000
mix_precision   -       True
seed            -       2920
walker_type     -        rhf
trial           - pt2ccsd_sto_chol
chol_cost_ratio -        0.2
max_error       -    7.2e-05
dt              -      0.005
n_exp_terms     -          6
n_batch         -          1
nchol_chunk     -        100
free_projection -      False

QMC System
Number of Occ. Orbitals:      23
Number of Act. Orbitals:      124
Number of Chol. Vectors:      1004
Mean-Field Energy:            -1832.00523770
Maximum memory per walker:            333.33 MB
Maximum number of Cholesky per chunk: 1420
Number of Cholesky chunks:            1
Number of Cholesky per chunk:         1004
Number of padding Cholesky:           0
Trial:   pt2ccsd_sto_chol(norb=124, nelec=(23, 23), n_batch=1, nchol_chunk=1004, mix_precision=True, n_chol_head=0, head_chol_ratio=None, n_chol_samples=None, chol_cost_ratio=0.2, head_sample_ratio=3.0, chol_score_floor=1e-06, chol_uniform_mix=0.01, head_from_guide=False)
Sampler: sampler_pt2_sto_chol(n_prop_steps=50, n_blocks=840, n_chol=1004, frozen_vir=0)

Initalize QMC walkers by HF

Equilibration
Initial Orbital energy: -0.13783
inv_T  nodes      weight      energy     error   runTime
 0.00      0   300.00000  -1832.00453   0.00000     30.68
 3.00      0   304.38125  -1832.95084   0.01802     37.11
 6.00      0   301.12271  -1832.99386   0.01945     38.68
 9.00      0   299.44267  -1832.97552   0.02031     40.26
12.00      0   298.73537  -1832.97719   0.02307     41.82
15.00      0   298.80854  -1832.99006   0.02089     43.35
18.00      0   299.10023  -1832.99728   0.02057     44.79
21.00      0   298.14810  -1832.99798   0.02348     46.22
24.00      0   298.02649  -1832.98561   0.01998     47.65
27.00      0   298.94454  -1833.00115   0.02295     49.09
30.00      0   298.28997  -1833.04276   0.02740     50.53

Sampling Blocks
Target Final Error ~ 0.000072
   N  nodes      weight      E(Guide)     Error     weightp    E_frag     Error      Time
  20      0   298.24405   -1833.01021   0.00608   303.22423  -0.14467   0.00057     61.29
  40      0   298.43392   -1833.00583   0.00401   303.07244  -0.14445   0.00031     65.27
  60      0   298.30013   -1833.00251   0.00328   302.98629  -0.14441   0.00022     69.24
  80      0   299.46133   -1832.99861   0.00281   302.97613  -0.14416   0.00018     73.34
 100      0   298.70482   -1832.99565   0.00243   302.93649  -0.14398   0.00017     77.15
 120      0   298.69693   -1832.99775   0.00221   303.04439  -0.14436   0.00018     80.95
 140      0   297.46283   -1832.99828   0.00196   303.04765  -0.14434   0.00016     84.75
 160      0   298.36465   -1832.99668   0.00182   303.02547  -0.14431   0.00015     88.53
 180      0   299.18686   -1832.99687   0.00171   303.01800  -0.14437   0.00014     92.32
 200      0   299.55812   -1832.99681   0.00159   303.04207  -0.14431   0.00013     96.13
 220      0   298.19122   -1832.99614   0.00153   303.01213  -0.14427   0.00012    100.16
 240      0   299.25226   -1832.99539   0.00149   303.00789  -0.14421   0.00012    104.12
 260      0   299.07476   -1832.99481   0.00143   303.03456  -0.14417   0.00011    107.92
 280      0   297.79049   -1832.99367   0.00140   303.03792  -0.14413   0.00011    111.72
 300      0   298.25045   -1832.99347   0.00138   303.03783  -0.14408   0.00010    115.52
 320      0   298.50391   -1832.99285   0.00132   303.07359  -0.14407   0.00010    119.32
 340      0   298.34677   -1832.99346   0.00128   303.08597  -0.14410   0.00009    123.11
 360      0   298.54788   -1832.99400   0.00125   303.04180  -0.14406   0.00009    126.92
 380      0   299.35498   -1832.99340   0.00121   303.04218  -0.14402   0.00009    130.97
 400      0   298.68567   -1832.99381   0.00117   303.02160  -0.14402   0.00009    134.87
 420      0   298.10362   -1832.99337   0.00113   302.99748  -0.14397   0.00008    138.67
 440      0   297.88192   -1832.99312   0.00110   302.98937  -0.14398   0.00008    142.47
 460      0   298.78293   -1832.99371   0.00110   303.00482  -0.14398   0.00008    146.27
 480      0   298.89154   -1832.99391   0.00107   302.99595  -0.14393   0.00008    150.07
 500      0   298.56018   -1832.99364   0.00106   303.01216  -0.14394   0.00008    153.87
 520      0   298.64625   -1832.99345   0.00103   303.02429  -0.14393   0.00007    157.74
 540      0   298.16733   -1832.99385   0.00102   303.03380  -0.14394   0.00007    161.76
 560      0   298.72726   -1832.99339   0.00100   303.05386  -0.14394   0.00007    165.64
 580      0   297.92666   -1832.99395   0.00099   303.05540  -0.14391   0.00007    169.43
 600      0   298.30129   -1832.99384   0.00097   303.04883  -0.14391   0.00007    173.23
 620      0   299.02606   -1832.99390   0.00095   303.05293  -0.14393   0.00007    177.03
 640      0   298.90037   -1832.99386   0.00094   303.05637  -0.14391   0.00007    180.83
 660      0   298.22515   -1832.99396   0.00092   303.05802  -0.14393   0.00007    184.63
 680      0   298.19877   -1832.99373   0.00091   303.05427  -0.14391   0.00006    188.55
 700      0   298.84242   -1832.99355   0.00089   303.05324  -0.14394   0.00007    192.58
 720      0   299.67574   -1832.99352   0.00088   303.05419  -0.14396   0.00007    196.41
 740      0   298.80988   -1832.99338   0.00087   303.06873  -0.14397   0.00007    200.21
 760      0   299.66337   -1832.99330   0.00085   303.06382  -0.14399   0.00007    204.00
 780      0   299.06664   -1832.99330   0.00083   303.07222  -0.14398   0.00007    207.82
 800      0   297.67826   -1832.99323   0.00082   303.07126  -0.14398   0.00007    211.61
 820      0   298.42120   -1832.99322   0.00082   303.07618  -0.14397   0.00006    215.41
 840      0   299.31720   -1832.99341   0.00081   303.07979  -0.14398   0.00007    219.36

Post Propagation
Total number of samples 840
Remove Outliers
Remove samples outside Zeta > 30
Outlier bound [-0.18506, -0.10241]
Removed 0 Outliers
Outliers Energy []
nsample = 840, max_block_size = 42, min_nblocks = 20
   B    NB    NS  Observable     Error    dError
   1   840   840  -1832.99339   0.00081   0.00002
   2   420   840  -1832.99339   0.00100   0.00003
   3   280   840  -1832.99340   0.00112   0.00005
   4   210   840  -1832.99340   0.00119   0.00006
   5   168   840  -1832.99340   0.00127   0.00007
   6   140   840  -1832.99340   0.00130   0.00008
   7   120   840  -1832.99340   0.00139   0.00009
   8   105   840  -1832.99340   0.00142   0.00010
   9    93   837  -1832.99342   0.00136   0.00010
  10    84   840  -1832.99341   0.00134   0.00010
  11    76   836  -1832.99336   0.00144   0.00012
  12    70   840  -1832.99341   0.00146   0.00012
  13    64   832  -1832.99317   0.00139   0.00012
  14    60   840  -1832.99341   0.00142   0.00013
  15    56   840  -1832.99341   0.00133   0.00013
  16    52   832  -1832.99317   0.00128   0.00013
  17    49   833  -1832.99319   0.00132   0.00013
  18    46   828  -1832.99319   0.00144   0.00015
  19    44   836  -1832.99337   0.00132   0.00014
  20    42   840  -1832.99341   0.00127   0.00014
  21    40   840  -1832.99341   0.00143   0.00016
  22    38   836  -1832.99337   0.00128   0.00015
  23    36   828  -1832.99319   0.00126   0.00015
  24    35   840  -1832.99341   0.00131   0.00016
  25    33   825  -1832.99318   0.00143   0.00018
  26    32   832  -1832.99317   0.00123   0.00016
  27    31   837  -1832.99342   0.00142   0.00018
  28    30   840  -1832.99341   0.00130   0.00017
  29    28   812  -1832.99331   0.00140   0.00019
  30    28   840  -1832.99341   0.00119   0.00016
  31    27   837  -1832.99342   0.00126   0.00018
  32    26   832  -1832.99317   0.00126   0.00018
  33    25   825  -1832.99318   0.00148   0.00021
  34    24   816  -1832.99323   0.00131   0.00019
  35    24   840  -1832.99341   0.00142   0.00021
  36    23   828  -1832.99319   0.00156   0.00024
  37    22   814  -1832.99326   0.00133   0.00020
  38    22   836  -1832.99337   0.00110   0.00017
  39    21   819  -1832.99323   0.00132   0.00021
  40    21   840  -1832.99341   0.00130   0.00021
  41    20   820  -1832.99322   0.00130   0.00021
  42    20   840  -1832.99341   0.00122   0.00020
Fit (variance): plateau_var = 1.802e-06 ± 6.996e-08
Fit (error):    plateau = 0.00134 ± 0.00003
     autocorrelation length ~ 2.5 blocks
     plateau reached at block size ~ 12
nsample = 840, max_block_size = 42, min_nblocks = 20
Blk_SZ   NBlk   NSmp      Energy     Error    dError
     1    840    840    -0.14394   0.00006   0.00000
     2    420    840    -0.14395   0.00007   0.00000
     3    280    840    -0.14396   0.00008   0.00000
     4    210    840    -0.14396   0.00008   0.00000
     5    168    840    -0.14396   0.00008   0.00000
     6    140    840    -0.14396   0.00009   0.00001
     7    120    840    -0.14396   0.00009   0.00001
     8    105    840    -0.14396   0.00009   0.00001
     9     93    837    -0.14395   0.00009   0.00001
    10     84    840    -0.14397   0.00009   0.00001
    11     76    836    -0.14395   0.00009   0.00001
    12     70    840    -0.14397   0.00009   0.00001
    13     64    832    -0.14395   0.00009   0.00001
    14     60    840    -0.14397   0.00010   0.00001
    15     56    840    -0.14397   0.00009   0.00001
    16     52    832    -0.14395   0.00009   0.00001
    17     49    833    -0.14395   0.00010   0.00001
    18     46    828    -0.14396   0.00009   0.00001
    19     44    836    -0.14395   0.00009   0.00001
    20     42    840    -0.14397   0.00010   0.00001
    21     40    840    -0.14397   0.00010   0.00001
    22     38    836    -0.14395   0.00009   0.00001
    23     36    828    -0.14396   0.00009   0.00001
    24     35    840    -0.14397   0.00009   0.00001
    25     33    825    -0.14396   0.00011   0.00001
    26     32    832    -0.14396   0.00009   0.00001
    27     31    837    -0.14395   0.00008   0.00001
    28     30    840    -0.14398   0.00009   0.00001
    29     28    812    -0.14398   0.00009   0.00001
    30     28    840    -0.14397   0.00010   0.00001
    31     27    837    -0.14396   0.00011   0.00001
    32     26    832    -0.14396   0.00011   0.00001
    33     25    825    -0.14396   0.00010   0.00001
    34     24    816    -0.14397   0.00011   0.00002
    35     24    840    -0.14397   0.00009   0.00001
    36     23    828    -0.14396   0.00009   0.00001
    37     22    814    -0.14397   0.00008   0.00001
    38     22    836    -0.14396   0.00009   0.00001
    39     21    819    -0.14397   0.00008   0.00001
    40     21    840    -0.14398   0.00008   0.00001
    41     20    820    -0.14397   0.00008   0.00001
    42     20    840    -0.14398   0.00009   0.00002
Fit (variance): plateau_var = 8.34133e-09 ± 3.49842e-10
Fit (error):    plateau = 0.00009 ± 0.00000
     autocorrelation length ~ 3.0 blocks
     plateau reached at block size ~ 13
Final AFQMC/HF Guiding Energy:      -1832.9934 +/- 0.0013
Final AFQMC/pt2CCSD Orbital Energy: -0.14398 +/- 0.00009
<t1> = weightp/weight = 1.01480
Total run time: 219.37

AFQMC Sampling Finished

LNO-Integral time (s):    28.04
LNO-AFQMC time (s):       227.23


======================= LNO-FRAGMENT [C56H69] 45/(48,48) =======================
Fragment Num.  45
Fragment Idx.  45
Fragment Name  C56H69
LNO THRESHOLD  [0.00030000000000000003, 3e-05]
PySCF Threads  12
LNO-LAS: 23/156 Occ | 99/636 Vir | 122/792 MOs
LNO-MP2 Fragment Energy:  -0.13191239
LNO-CCSD Fragment Energy: -0.13774915
LNO-CPU time (s):         52.05 (LAS 20.55 | MP2 6.90 | CCSD 24.60)
LNO-CPU wait time (s):    0.00 (100.0% hidden)
Find Density Fit Teonsers in MF object
Integrals will be built by DF Tensors
Calculating Effective Active Space One-electron Integrals
*** Correlation Space Size ***
N Occupied Orbitals: 23
N Active Orbitals:   122
Build effective h0 and h1 time: 8.274107 s
Composing CDERIs from DF
Build CDERI in cLAS time: 6.276900 s
Raw CDERI in LAS shape: (3912, 7503)
Compress CDERI 2 Chol: 1e-05
Compress CDERI time: 1.455631 s
Finished calculating Integrals
LAS Cholesky shape: (984, 122, 122)
AFQMC script: /u/yzhang65/myprojects/software/afqmc/afqmc/lno_afqmc/script/run_lno_afqmc_pt2ccsd.py

LNO-AFQMC Started
Hostname:     gpue08.delta.ncsa.illinois.edu
System:       Linux
Node:         gpue08.delta.ncsa.illinois.edu
Release:      5.14.0-570.131.1.el9_6.x86_64
Machine:      x86_64
Processor:    x86_64
JAX backend:  GPU
JAX devices:  [CudaDevice(id=0)]
Device kind:  NVIDIA H200
Platform:     gpu

QMC Parameters
eql_time        -         30
n_prop_steps    -         50
n_blocks        -        840
n_walkers       -        300
max_memory      -     100000
mix_precision   -       True
seed            -       4547
walker_type     -        rhf
trial           - pt2ccsd_sto_chol
chol_cost_ratio -        0.2
max_error       -    7.2e-05
dt              -      0.005
n_exp_terms     -          6
n_batch         -          1
nchol_chunk     -        100
free_projection -      False

QMC System
Number of Occ. Orbitals:      23
Number of Act. Orbitals:      122
Number of Chol. Vectors:      984
Mean-Field Energy:            -1832.00523770
Maximum memory per walker:            333.33 MB
Maximum number of Cholesky per chunk: 1467
Number of Cholesky chunks:            1
Number of Cholesky per chunk:         984
Number of padding Cholesky:           0
Trial:   pt2ccsd_sto_chol(norb=122, nelec=(23, 23), n_batch=1, nchol_chunk=984, mix_precision=True, n_chol_head=0, head_chol_ratio=None, n_chol_samples=None, chol_cost_ratio=0.2, head_sample_ratio=3.0, chol_score_floor=1e-06, chol_uniform_mix=0.01, head_from_guide=False)
Sampler: sampler_pt2_sto_chol(n_prop_steps=50, n_blocks=840, n_chol=984, frozen_vir=0)

Initalize QMC walkers by HF

Equilibration
Initial Orbital energy: -0.13776
inv_T  nodes      weight      energy     error   runTime
 0.00      0   300.00000  -1832.00457   0.00000     32.68
 3.00      0   304.05938  -1832.94561   0.01896     38.61
 6.00      0   299.93483  -1832.94839   0.01959     40.19
 9.00      0   298.76395  -1832.96830   0.01834     41.67
12.00      0   299.06373  -1832.98311   0.02104     43.10
15.00      0   298.53176  -1832.94272   0.01711     44.54
18.00      0   298.14666  -1832.96182   0.01808     45.97
21.00      0   298.14946  -1832.98555   0.02057     47.40
24.00      0   299.24185  -1832.99255   0.02346     48.84
27.00      0   299.02673  -1832.98690   0.02462     50.27
30.00      0   299.29435  -1832.99589   0.02092     51.71

Sampling Blocks
Target Final Error ~ 0.000072
   N  nodes      weight      E(Guide)     Error     weightp    E_frag     Error      Time
  20      0   298.27649   -1832.99598   0.00722   302.85681  -0.14392   0.00022     61.87
  40      0   298.60510   -1833.00028   0.00470   302.93209  -0.14427   0.00021     65.96
  60      0   298.37818   -1832.99615   0.00366   302.93605  -0.14403   0.00019     69.90
  80      0   299.33282   -1832.99811   0.00292   302.82266  -0.14401   0.00015     73.69
 100      0   298.08307   -1832.99554   0.00254   302.72166  -0.14398   0.00015     77.43
 120      0   298.75600   -1832.99356   0.00226   302.68140  -0.14400   0.00013     81.15
 140      0   299.27348   -1832.99239   0.00199   302.70644  -0.14399   0.00012     84.88
 160      0   299.30792   -1832.99229   0.00182   302.70048  -0.14404   0.00011     88.61
 180      0   298.58790   -1832.99159   0.00174   302.71119  -0.14403   0.00011     92.34
 200      0   298.84119   -1832.99217   0.00161   302.72358  -0.14398   0.00010     96.22
 220      0   298.46770   -1832.99316   0.00157   302.72687  -0.14407   0.00012    100.17
 240      0   298.22575   -1832.99255   0.00151   302.70454  -0.14409   0.00011    103.94
 260      0   299.08484   -1832.99260   0.00143   302.74044  -0.14406   0.00010    107.67
 280      0   299.26248   -1832.99356   0.00144   302.78450  -0.14406   0.00010    111.40
 300      0   299.02415   -1832.99397   0.00141   302.79483  -0.14407   0.00010    115.14
 320      0   297.87033   -1832.99329   0.00136   302.82276  -0.14407   0.00010    118.87
 340      0   298.32392   -1832.99295   0.00137   302.86220  -0.14409   0.00012    122.60
 360      0   298.78062   -1832.99226   0.00132   302.88547  -0.14414   0.00012    126.45
 380      0   298.84325   -1832.99201   0.00127   302.86551  -0.14414   0.00012    130.41
 400      0   298.71524   -1832.99208   0.00121   302.87063  -0.14414   0.00012    134.14
 420      0   299.24029   -1832.99306   0.00120   302.88066  -0.14409   0.00011    137.87
 440      0   297.73369   -1832.99258   0.00118   302.87880  -0.14407   0.00011    141.60
 460      0   299.13252   -1832.99210   0.00114   302.87499  -0.14404   0.00010    145.33
 480      0   299.18953   -1832.99249   0.00111   302.87685  -0.14404   0.00010    149.06
 500      0   299.17876   -1832.99350   0.00112   302.88939  -0.14407   0.00010    152.80
 520      0   298.57377   -1832.99359   0.00109   302.87696  -0.14406   0.00009    156.68
 540      0   298.30814   -1832.99338   0.00108   302.88285  -0.14402   0.00009    160.61
 560      0   298.29714   -1832.99358   0.00106   302.88898  -0.14403   0.00009    164.33
 580      0   298.29528   -1832.99377   0.00104   302.88964  -0.14400   0.00009    168.05
 600      0   298.43593   -1832.99327   0.00102   302.88598  -0.14398   0.00008    171.78
 620      0   299.02513   -1832.99279   0.00102   302.88924  -0.14398   0.00008    175.50
 640      0   299.23438   -1832.99261   0.00100   302.87905  -0.14398   0.00008    179.22
 660      0   298.48444   -1832.99351   0.00099   302.87161  -0.14399   0.00008    182.97
 680      0   298.80607   -1832.99370   0.00098   302.85282  -0.14399   0.00008    186.83
 700      0   299.25401   -1832.99328   0.00096   302.84826  -0.14396   0.00008    190.75
 720      0   298.89046   -1832.99363   0.00096   302.84963  -0.14395   0.00007    194.48
 740      0   299.01079   -1832.99329   0.00094   302.85255  -0.14395   0.00007    198.21
 760      0   298.63225   -1832.99343   0.00093   302.85681  -0.14395   0.00007    201.92
 780      0   299.02289   -1832.99362   0.00091   302.85677  -0.14393   0.00007    205.66
 800      0   298.39771   -1832.99303   0.00091   302.84462  -0.14391   0.00007    209.40
 820      0   297.22071   -1832.99289   0.00089   302.83982  -0.14391   0.00007    213.14
 840      0   299.18948   -1832.99264   0.00088   302.84801  -0.14390   0.00007    217.03

Post Propagation
Total number of samples 840
Remove Outliers
Remove samples outside Zeta > 30
Outlier bound [-0.18437, -0.10274]
Removed 0 Outliers
Outliers Energy []
nsample = 840, max_block_size = 42, min_nblocks = 20
   B    NB    NS  Observable     Error    dError
   1   840   840  -1832.99261   0.00088   0.00002
   2   420   840  -1832.99262   0.00110   0.00004
   3   280   840  -1832.99262   0.00123   0.00005
   4   210   840  -1832.99263   0.00131   0.00006
   5   168   840  -1832.99263   0.00140   0.00008
   6   140   840  -1832.99263   0.00146   0.00009
   7   120   840  -1832.99263   0.00145   0.00009
   8   105   840  -1832.99263   0.00153   0.00011
   9    93   837  -1832.99261   0.00150   0.00011
  10    84   840  -1832.99263   0.00155   0.00012
  11    76   836  -1832.99260   0.00161   0.00013
  12    70   840  -1832.99263   0.00159   0.00014
  13    64   832  -1832.99261   0.00155   0.00014
  14    60   840  -1832.99263   0.00151   0.00014
  15    56   840  -1832.99263   0.00177   0.00017
  16    52   832  -1832.99261   0.00174   0.00017
  17    49   833  -1832.99261   0.00176   0.00018
  18    46   828  -1832.99275   0.00158   0.00017
  19    44   836  -1832.99260   0.00167   0.00018
  20    42   840  -1832.99263   0.00175   0.00019
  21    40   840  -1832.99264   0.00161   0.00018
  22    38   836  -1832.99260   0.00184   0.00021
  23    36   828  -1832.99275   0.00157   0.00019
  24    35   840  -1832.99264   0.00158   0.00019
  25    33   825  -1832.99283   0.00171   0.00021
  26    32   832  -1832.99261   0.00174   0.00022
  27    31   837  -1832.99261   0.00170   0.00022
  28    30   840  -1832.99264   0.00178   0.00023
  29    28   812  -1832.99300   0.00180   0.00024
  30    28   840  -1832.99264   0.00170   0.00023
  31    27   837  -1832.99261   0.00184   0.00026
  32    26   832  -1832.99261   0.00189   0.00027
  33    25   825  -1832.99283   0.00161   0.00023
  34    24   816  -1832.99304   0.00176   0.00026
  35    24   840  -1832.99264   0.00171   0.00025
  36    23   828  -1832.99275   0.00170   0.00026
  37    22   814  -1832.99302   0.00166   0.00026
  38    22   836  -1832.99261   0.00154   0.00024
  39    21   819  -1832.99294   0.00191   0.00030
  40    21   840  -1832.99264   0.00161   0.00025
  41    20   820  -1832.99289   0.00160   0.00026
  42    20   840  -1832.99264   0.00189   0.00031
Fit (variance): plateau_var = 2.802e-06 ± 1.357e-07
Fit (error):    plateau = 0.00167 ± 0.00004
     autocorrelation length ~ 4.7 blocks
     plateau reached at block size ~ 22
nsample = 840, max_block_size = 42, min_nblocks = 20
Blk_SZ   NBlk   NSmp      Energy     Error    dError
     1    840    840    -0.14385   0.00006   0.00000
     2    420    840    -0.14386   0.00007   0.00000
     3    280    840    -0.14387   0.00007   0.00000
     4    210    840    -0.14387   0.00008   0.00000
     5    168    840    -0.14387   0.00008   0.00000
     6    140    840    -0.14387   0.00008   0.00000
     7    120    840    -0.14388   0.00008   0.00001
     8    105    840    -0.14388   0.00008   0.00001
     9     93    837    -0.14388   0.00008   0.00001
    10     84    840    -0.14388   0.00009   0.00001
    11     76    836    -0.14388   0.00008   0.00001
    12     70    840    -0.14389   0.00008   0.00001
    13     64    832    -0.14389   0.00009   0.00001
    14     60    840    -0.14389   0.00008   0.00001
    15     56    840    -0.14388   0.00009   0.00001
    16     52    832    -0.14389   0.00008   0.00001
    17     49    833    -0.14389   0.00009   0.00001
    18     46    828    -0.14390   0.00008   0.00001
    19     44    836    -0.14388   0.00008   0.00001
    20     42    840    -0.14389   0.00008   0.00001
    21     40    840    -0.14389   0.00008   0.00001
    22     38    836    -0.14388   0.00009   0.00001
    23     36    828    -0.14390   0.00009   0.00001
    24     35    840    -0.14389   0.00008   0.00001
    25     33    825    -0.14390   0.00009   0.00001
    26     32    832    -0.14389   0.00008   0.00001
    27     31    837    -0.14389   0.00009   0.00001
    28     30    840    -0.14389   0.00009   0.00001
    29     28    812    -0.14390   0.00009   0.00001
    30     28    840    -0.14389   0.00009   0.00001
    31     27    837    -0.14389   0.00008   0.00001
    32     26    832    -0.14390   0.00009   0.00001
    33     25    825    -0.14390   0.00010   0.00001
    34     24    816    -0.14390   0.00009   0.00001
    35     24    840    -0.14389   0.00009   0.00001
    36     23    828    -0.14390   0.00009   0.00001
    37     22    814    -0.14391   0.00008   0.00001
    38     22    836    -0.14389   0.00008   0.00001
    39     21    819    -0.14390   0.00009   0.00001
    40     21    840    -0.14389   0.00009   0.00001
    41     20    820    -0.14390   0.00010   0.00002
    42     20    840    -0.14389   0.00009   0.00001
Fit (variance): plateau_var = 7.16987e-09 ± 3.07500e-10
Fit (error):    plateau = 0.00008 ± 0.00000
     autocorrelation length ~ 3.2 blocks
     plateau reached at block size ~ 13
Final AFQMC/HF Guiding Energy:      -1832.9926 +/- 0.0017
Final AFQMC/pt2CCSD Orbital Energy: -0.14390 +/- 0.00008
<t1> = weightp/weight = 1.01391
Total run time: 217.04

AFQMC Sampling Finished

LNO-Integral time (s):    16.79
LNO-AFQMC time (s):       222.09


======================== LNO-FRAGMENT [C57] 46/(48,48) =========================
Fragment Num.  46
Fragment Idx.  46
Fragment Name  C57
LNO THRESHOLD  [0.00030000000000000003, 3e-05]
PySCF Threads  12
LNO-LAS: 27/156 Occ | 117/636 Vir | 144/792 MOs
LNO-MP2 Fragment Energy:  -0.11763129
LNO-CCSD Fragment Energy: -0.11812781
LNO-CPU time (s):         70.34 (LAS 18.13 | MP2 9.11 | CCSD 43.10)
LNO-CPU wait time (s):    0.00 (100.0% hidden)
Find Density Fit Teonsers in MF object
Integrals will be built by DF Tensors
Calculating Effective Active Space One-electron Integrals
*** Correlation Space Size ***
N Occupied Orbitals: 27
N Active Orbitals:   144
Build effective h0 and h1 time: 7.708892 s
Composing CDERIs from DF
Build CDERI in cLAS time: 6.519033 s
Raw CDERI in LAS shape: (3912, 10440)
Compress CDERI 2 Chol: 1e-05
Compress CDERI time: 1.731112 s
Finished calculating Integrals
LAS Cholesky shape: (1158, 144, 144)
AFQMC script: /u/yzhang65/myprojects/software/afqmc/afqmc/lno_afqmc/script/run_lno_afqmc_pt2ccsd.py

LNO-AFQMC Started
Hostname:     gpue08.delta.ncsa.illinois.edu
System:       Linux
Node:         gpue08.delta.ncsa.illinois.edu
Release:      5.14.0-570.131.1.el9_6.x86_64
Machine:      x86_64
Processor:    x86_64
JAX backend:  GPU
JAX devices:  [CudaDevice(id=0)]
Device kind:  NVIDIA H200
Platform:     gpu

QMC Parameters
eql_time        -         30
n_prop_steps    -         50
n_blocks        -        840
n_walkers       -        300
max_memory      -     100000
mix_precision   -       True
seed            -       3509
walker_type     -        rhf
trial           - pt2ccsd_sto_chol
chol_cost_ratio -        0.2
max_error       -    7.2e-05
dt              -      0.005
n_exp_terms     -          6
n_batch         -          1
nchol_chunk     -        100
free_projection -      False

QMC System
Number of Occ. Orbitals:      27
Number of Act. Orbitals:      144
Number of Chol. Vectors:      1158
Mean-Field Energy:            -1832.00523770
Maximum memory per walker:            333.33 MB
Maximum number of Cholesky per chunk: 1053
Number of Cholesky chunks:            2
Number of Cholesky per chunk:         579
Number of padding Cholesky:           0
Trial:   pt2ccsd_sto_chol(norb=144, nelec=(27, 27), n_batch=1, nchol_chunk=579, mix_precision=True, n_chol_head=0, head_chol_ratio=None, n_chol_samples=None, chol_cost_ratio=0.2, head_sample_ratio=3.0, chol_score_floor=1e-06, chol_uniform_mix=0.01, head_from_guide=False)
Sampler: sampler_pt2_sto_chol(n_prop_steps=50, n_blocks=840, n_chol=1158, frozen_vir=0)

Initalize QMC walkers by HF

Equilibration
Initial Orbital energy: -0.11811
inv_T  nodes      weight      energy     error   runTime
 0.00      0   300.00000  -1832.00449   0.00000     31.24
 3.00      0   306.91608  -1833.19512   0.02430     36.72
 6.00      0   300.82826  -1833.17194   0.02479     38.73
 9.00      0   300.13679  -1833.19709   0.02118     40.74
12.00      0   299.09984  -1833.16984   0.02008     42.65
15.00      0   298.52838  -1833.18745   0.02399     44.53
18.00      0   298.65718  -1833.19521   0.02469     46.41
21.00      0   298.60230  -1833.16151   0.02021     48.30
24.00      0   298.55639  -1833.18213   0.02444     50.18
27.00      0   298.01169  -1833.15834   0.02263     52.06
30.00      0   298.20564  -1833.19058   0.02318     53.95

Sampling Blocks
Target Final Error ~ 0.000072
   N  nodes      weight      E(Guide)     Error     weightp    E_frag     Error      Time
  20      0   298.11511   -1833.18187   0.00635   304.04339  -0.12441   0.00028     65.99
  40      0   299.58367   -1833.18371   0.00400   303.62678  -0.12415   0.00017     72.08
  60      0   297.43551   -1833.18111   0.00330   303.56158  -0.12424   0.00014     77.84
  80      0   298.96490   -1833.18358   0.00269   303.54609  -0.12411   0.00011     83.62
 100      0   298.01792   -1833.18507   0.00233   303.42536  -0.12410   0.00012     89.41
 120      0   298.71780   -1833.18614   0.00215   303.34845  -0.12419   0.00012     95.19
 140      0   297.91413   -1833.18713   0.00198   303.30901  -0.12417   0.00011    101.17
 160      0   298.36309   -1833.18544   0.00194   303.30986  -0.12417   0.00010    106.95
 180      0   298.48545   -1833.18361   0.00185   303.25087  -0.12410   0.00009    112.73
 200      0   298.01094   -1833.18462   0.00176   303.25137  -0.12419   0.00009    118.50
 220      0   297.94078   -1833.18546   0.00168   303.19011  -0.12421   0.00009    124.27
 240      0   299.29491   -1833.18458   0.00160   303.17986  -0.12418   0.00008    130.22
 260      0   299.55582   -1833.18497   0.00152   303.20166  -0.12423   0.00008    136.03
 280      0   298.59502   -1833.18503   0.00149   303.23870  -0.12424   0.00008    141.80
 300      0   298.38073   -1833.18462   0.00144   303.22087  -0.12423   0.00008    147.58
 320      0   298.64543   -1833.18403   0.00138   303.21927  -0.12420   0.00007    153.36
 340      0   298.37785   -1833.18421   0.00134   303.20433  -0.12417   0.00007    159.30
 360      0   298.73806   -1833.18379   0.00132   303.15318  -0.12412   0.00007    165.14
 380      0   298.13872   -1833.18510   0.00137   303.12664  -0.12415   0.00007    170.91
 400      0   299.23625   -1833.18448   0.00133   303.10157  -0.12414   0.00007    176.69
 420      0   298.92875   -1833.18456   0.00129   303.10836  -0.12415   0.00007    182.47
 440      0   299.94353   -1833.18496   0.00131   303.11394  -0.12413   0.00007    188.39
 460      0   298.00054   -1833.18540   0.00127   303.10944  -0.12414   0.00006    194.25
 480      0   298.39376   -1833.18557   0.00124   303.11777  -0.12417   0.00006    200.03
 500      0   299.13646   -1833.18562   0.00122   303.12057  -0.12416   0.00006    205.81
 520      0   299.09502   -1833.18539   0.00119   303.12155  -0.12416   0.00006    211.58
 540      0   299.28144   -1833.18583   0.00116   303.14186  -0.12418   0.00006    217.45
 560      0   297.22515   -1833.18580   0.00115   303.14246  -0.12419   0.00006    223.34
 580      0   298.54931   -1833.18551   0.00112   303.14240  -0.12418   0.00006    229.12
 600      0   299.03753   -1833.18543   0.00109   303.14913  -0.12417   0.00006    234.89
 620      0   298.75533   -1833.18540   0.00108   303.15363  -0.12414   0.00005    240.67
 640      0   297.72267   -1833.18514   0.00105   303.13704  -0.12413   0.00005    246.51

Post Propagation
Total number of samples 640
Remove Outliers
Remove samples outside Zeta > 30
Outlier bound [-0.15905, -0.08877]
Removed 0 Outliers
Outliers Energy []
nsample = 640, max_block_size = 32, min_nblocks = 20
   B    NB    NS  Observable     Error    dError
   1   640   640  -1833.18511   0.00105   0.00003
   2   320   640  -1833.18512   0.00133   0.00005
   3   213   639  -1833.18517   0.00148   0.00007
   4   160   640  -1833.18513   0.00160   0.00009
   5   128   640  -1833.18513   0.00167   0.00010
   6   106   636  -1833.18515   0.00179   0.00012
   7    91   637  -1833.18516   0.00175   0.00013
   8    80   640  -1833.18514   0.00169   0.00013
   9    71   639  -1833.18518   0.00184   0.00016
  10    64   640  -1833.18514   0.00182   0.00016
  11    58   638  -1833.18519   0.00156   0.00015
  12    53   636  -1833.18515   0.00192   0.00019
  13    49   637  -1833.18517   0.00149   0.00015
  14    45   630  -1833.18516   0.00164   0.00018
  15    42   630  -1833.18516   0.00174   0.00019
  16    40   640  -1833.18514   0.00143   0.00016
  17    37   629  -1833.18517   0.00150   0.00018
  18    35   630  -1833.18516   0.00191   0.00023
  19    33   627  -1833.18520   0.00157   0.00020
  20    32   640  -1833.18514   0.00154   0.00020
  21    30   630  -1833.18516   0.00148   0.00019
  22    29   638  -1833.18519   0.00143   0.00019
  23    27   621  -1833.18544   0.00155   0.00021
  24    26   624  -1833.18536   0.00166   0.00023
  25    25   625  -1833.18536   0.00115   0.00017
  26    24   624  -1833.18536   0.00149   0.00022
  27    23   621  -1833.18544   0.00155   0.00023
  28    22   616  -1833.18540   0.00141   0.00022
  29    22   638  -1833.18519   0.00149   0.00023
  30    21   630  -1833.18516   0.00156   0.00025
  31    20   620  -1833.18540   0.00195   0.00032
  32    20   640  -1833.18514   0.00111   0.00018
Fit (variance): plateau_var = 2.455e-06 ± 1.038e-07
Fit (error):    plateau = 0.00157 ± 0.00003
     autocorrelation length ~ 1.3 blocks
     plateau reached at block size ~ 7
nsample = 640, max_block_size = 32, min_nblocks = 20
Blk_SZ   NBlk   NSmp      Energy     Error    dError
     1    640    640    -0.12410   0.00005   0.00000
     2    320    640    -0.12410   0.00006   0.00000
     3    213    639    -0.12411   0.00006   0.00000
     4    160    640    -0.12411   0.00007   0.00000
     5    128    640    -0.12411   0.00007   0.00000
     6    106    636    -0.12411   0.00007   0.00000
     7     91    637    -0.12412   0.00007   0.00001
     8     80    640    -0.12412   0.00007   0.00001
     9     71    639    -0.12412   0.00007   0.00001
    10     64    640    -0.12412   0.00007   0.00001
    11     58    638    -0.12413   0.00007   0.00001
    12     53    636    -0.12412   0.00008   0.00001
    13     49    637    -0.12413   0.00007   0.00001
    14     45    630    -0.12412   0.00008   0.00001
    15     42    630    -0.12412   0.00008   0.00001
    16     40    640    -0.12413   0.00008   0.00001
    17     37    629    -0.12413   0.00008   0.00001
    18     35    630    -0.12412   0.00009   0.00001
    19     33    627    -0.12413   0.00008   0.00001
    20     32    640    -0.12412   0.00008   0.00001
    21     30    630    -0.12413   0.00007   0.00001
    22     29    638    -0.12413   0.00007   0.00001
    23     27    621    -0.12414   0.00008   0.00001
    24     26    624    -0.12413   0.00007   0.00001
    25     25    625    -0.12413   0.00008   0.00001
    26     24    624    -0.12413   0.00008   0.00001
    27     23    621    -0.12414   0.00007   0.00001
    28     22    616    -0.12414   0.00008   0.00001
    29     22    638    -0.12413   0.00007   0.00001
    30     21    630    -0.12412   0.00009   0.00001
    31     20    620    -0.12414   0.00007   0.00001
    32     20    640    -0.12413   0.00006   0.00001
Fit (variance): plateau_var = 5.44731e-09 ± 2.77547e-10
Fit (error):    plateau = 0.00007 ± 0.00000
     autocorrelation length ~ 2.6 blocks
     plateau reached at block size ~ 12
Final AFQMC/HF Guiding Energy:      -1833.1851 +/- 0.0016
Final AFQMC/pt2CCSD Orbital Energy: -0.12413 +/- 0.00007
<t1> = weightp/weight = 1.01540
Total run time: 246.52

AFQMC Sampling Finished

LNO-Integral time (s):    16.81
LNO-AFQMC time (s):       251.39


======================= LNO-FRAGMENT [C58H70] 47/(48,48) =======================
Fragment Num.  47
Fragment Idx.  47
Fragment Name  C58H70
LNO THRESHOLD  [0.00030000000000000003, 3e-05]
PySCF Threads  12
LNO-LAS: 23/156 Occ | 99/636 Vir | 122/792 MOs
LNO-MP2 Fragment Energy:  -0.13191239
LNO-CCSD Fragment Energy: -0.13774915
LNO-CPU time (s):         47.28 (LAS 19.03 | MP2 4.58 | CCSD 23.67)
LNO-CPU wait time (s):    0.00 (100.0% hidden)
Find Density Fit Teonsers in MF object
Integrals will be built by DF Tensors
Calculating Effective Active Space One-electron Integrals
*** Correlation Space Size ***
N Occupied Orbitals: 23
N Active Orbitals:   122
Build effective h0 and h1 time: 22.772527 s
Composing CDERIs from DF
Build CDERI in cLAS time: 5.182007 s
Raw CDERI in LAS shape: (3912, 7503)
Compress CDERI 2 Chol: 1e-05
Compress CDERI time: 1.338768 s
Finished calculating Integrals
LAS Cholesky shape: (984, 122, 122)
AFQMC script: /u/yzhang65/myprojects/software/afqmc/afqmc/lno_afqmc/script/run_lno_afqmc_pt2ccsd.py

LNO-AFQMC Started
Hostname:     gpue08.delta.ncsa.illinois.edu
System:       Linux
Node:         gpue08.delta.ncsa.illinois.edu
Release:      5.14.0-570.131.1.el9_6.x86_64
Machine:      x86_64
Processor:    x86_64
JAX backend:  GPU
JAX devices:  [CudaDevice(id=0)]
Device kind:  NVIDIA H200
Platform:     gpu

QMC Parameters
eql_time        -         30
n_prop_steps    -         50
n_blocks        -        840
n_walkers       -        300
max_memory      -     100000
mix_precision   -       True
seed            -       3181
walker_type     -        rhf
trial           - pt2ccsd_sto_chol
chol_cost_ratio -        0.2
max_error       -    7.2e-05
dt              -      0.005
n_exp_terms     -          6
n_batch         -          1
nchol_chunk     -        100
free_projection -      False

QMC System
Number of Occ. Orbitals:      23
Number of Act. Orbitals:      122
Number of Chol. Vectors:      984
Mean-Field Energy:            -1832.00523770
Maximum memory per walker:            333.33 MB
Maximum number of Cholesky per chunk: 1467
Number of Cholesky chunks:            1
Number of Cholesky per chunk:         984
Number of padding Cholesky:           0
Trial:   pt2ccsd_sto_chol(norb=122, nelec=(23, 23), n_batch=1, nchol_chunk=984, mix_precision=True, n_chol_head=0, head_chol_ratio=None, n_chol_samples=None, chol_cost_ratio=0.2, head_sample_ratio=3.0, chol_score_floor=1e-06, chol_uniform_mix=0.01, head_from_guide=False)
Sampler: sampler_pt2_sto_chol(n_prop_steps=50, n_blocks=840, n_chol=984, frozen_vir=0)

Initalize QMC walkers by HF

Equilibration
Initial Orbital energy: -0.13776
inv_T  nodes      weight      energy     error   runTime
 0.00      0   300.00000  -1832.00457   0.00000     20.04
 3.00      0   304.71252  -1832.96372   0.02268     25.04
 6.00      0   300.93536  -1832.97008   0.01909     26.61
 9.00      0   298.69879  -1832.99766   0.02407     28.15
12.00      0   298.39776  -1832.95975   0.01790     29.59
15.00      0   298.92096  -1832.97744   0.02016     31.02
18.00      0   299.12433  -1832.98550   0.02185     32.46
21.00      0   298.92487  -1833.00305   0.02315     33.89
24.00      0   298.59996  -1832.98742   0.02112     35.32
27.00      0   299.27201  -1832.99179   0.02194     36.76
30.00      0   299.11757  -1833.02708   0.02266     38.20

Sampling Blocks
Target Final Error ~ 0.000072
   N  nodes      weight      E(Guide)     Error     weightp    E_frag     Error      Time
  20      0   298.92897   -1833.00245   0.00538   302.83567  -0.14483   0.00038     48.11
  40      0   298.84747   -1833.00114   0.00410   302.95679  -0.14462   0.00028     52.09
  60      0   298.41069   -1833.00029   0.00313   302.94640  -0.14477   0.00023     56.05
  80      0   298.71421   -1833.00002   0.00263   302.90371  -0.14460   0.00023     59.87
 100      0   298.06224   -1832.99717   0.00237   302.92559  -0.14439   0.00022     63.62
 120      0   299.13503   -1832.99339   0.00233   302.99563  -0.14416   0.00020     67.35
 140      0   298.27666   -1832.99581   0.00221   303.03096  -0.14416   0.00018     71.09
 160      0   298.43114   -1832.99539   0.00196   303.00111  -0.14421   0.00016     74.83
 180      0   298.17759   -1832.99397   0.00187   303.04910  -0.14415   0.00015     78.57
 200      0   298.17256   -1832.99339   0.00172   303.04693  -0.14408   0.00013     82.37
 220      0   298.36529   -1832.99343   0.00168   303.00485  -0.14408   0.00012     86.36
 240      0   299.41061   -1832.99299   0.00158   302.98989  -0.14407   0.00012     90.17
 260      0   298.04576   -1832.99266   0.00150   302.96664  -0.14408   0.00011     93.91
 280      0   299.31098   -1832.99173   0.00144   302.94465  -0.14406   0.00011     97.65
 300      0   297.99848   -1832.99082   0.00140   302.93749  -0.14402   0.00010    101.39
 320      0   299.18703   -1832.98999   0.00135   302.95097  -0.14398   0.00010    105.12
 340      0   298.98341   -1832.98906   0.00131   302.94135  -0.14393   0.00009    108.86
 360      0   299.38459   -1832.98912   0.00127   302.92636  -0.14395   0.00009    112.67
 380      0   299.06298   -1832.98962   0.00123   302.94082  -0.14397   0.00009    116.62
 400      0   298.95129   -1832.98980   0.00119   302.95320  -0.14396   0.00008    120.42
 420      0   297.97002   -1832.98965   0.00114   302.95043  -0.14399   0.00008    124.16
 440      0   299.52141   -1832.98916   0.00112   302.94541  -0.14394   0.00008    127.89
 460      0   299.19478   -1832.98914   0.00108   302.94241  -0.14393   0.00008    131.64
 480      0   298.46010   -1832.98918   0.00105   302.94463  -0.14394   0.00007    135.37
 500      0   298.61344   -1832.98890   0.00103   302.93539  -0.14394   0.00007    139.11
 520      0   298.71253   -1832.98932   0.00102   302.92415  -0.14395   0.00007    142.95
 540      0   298.71296   -1832.98905   0.00098   302.92511  -0.14393   0.00007    146.92
 560      0   298.67017   -1832.98978   0.00097   302.93525  -0.14392   0.00007    150.70
 580      0   298.30700   -1832.99025   0.00097   302.93713  -0.14392   0.00007    154.43
 600      0   298.89238   -1832.99006   0.00095   302.94424  -0.14391   0.00007    158.16
 620      0   298.40336   -1832.98997   0.00093   302.94186  -0.14390   0.00006    161.91
 640      0   298.77653   -1832.98998   0.00091   302.93234  -0.14393   0.00006    165.64
 660      0   298.21332   -1832.99082   0.00093   302.93205  -0.14392   0.00006    169.37
 680      0   298.15640   -1832.99058   0.00091   302.93410  -0.14391   0.00006    173.22
 700      0   299.03489   -1832.99052   0.00090   302.92912  -0.14390   0.00006    177.23
 720      0   298.55210   -1832.99033   0.00089   302.92279  -0.14388   0.00006    181.00
 740      0   298.90253   -1832.99005   0.00087   302.92193  -0.14389   0.00006    184.72
 760      0   298.42561   -1832.98986   0.00086   302.92261  -0.14389   0.00006    188.44
 780      0   297.83900   -1832.99057   0.00087   302.92616  -0.14389   0.00006    192.19
 800      0   298.09782   -1832.99068   0.00085   302.92561  -0.14391   0.00006    195.93
 820      0   298.87195   -1832.99050   0.00084   302.91897  -0.14392   0.00005    199.66
 840      0   299.08755   -1832.99066   0.00083   302.92078  -0.14392   0.00005    203.62

Post Propagation
Total number of samples 840
Remove Outliers
Remove samples outside Zeta > 30
Outlier bound [-0.18413, -0.10320]
Removed 0 Outliers
Outliers Energy []
nsample = 840, max_block_size = 42, min_nblocks = 20
   B    NB    NS  Observable     Error    dError
   1   840   840  -1832.99064   0.00083   0.00002
   2   420   840  -1832.99064   0.00104   0.00004
   3   280   840  -1832.99065   0.00116   0.00005
   4   210   840  -1832.99065   0.00123   0.00006
   5   168   840  -1832.99065   0.00132   0.00007
   6   140   840  -1832.99065   0.00135   0.00008
   7   120   840  -1832.99065   0.00141   0.00009
   8   105   840  -1832.99066   0.00135   0.00009
   9    93   837  -1832.99064   0.00148   0.00011
  10    84   840  -1832.99066   0.00145   0.00011
  11    76   836  -1832.99066   0.00151   0.00012
  12    70   840  -1832.99066   0.00147   0.00013
  13    64   832  -1832.99062   0.00146   0.00013
  14    60   840  -1832.99066   0.00158   0.00015
  15    56   840  -1832.99066   0.00156   0.00015
  16    52   832  -1832.99062   0.00153   0.00015
  17    49   833  -1832.99065   0.00138   0.00014
  18    46   828  -1832.99065   0.00159   0.00017
  19    44   836  -1832.99066   0.00156   0.00017
  20    42   840  -1832.99066   0.00166   0.00018
  21    40   840  -1832.99066   0.00162   0.00018
  22    38   836  -1832.99066   0.00156   0.00018
  23    36   828  -1832.99065   0.00164   0.00020
  24    35   840  -1832.99066   0.00158   0.00019
  25    33   825  -1832.99064   0.00155   0.00019
  26    32   832  -1832.99062   0.00163   0.00021
  27    31   837  -1832.99064   0.00174   0.00022
  28    30   840  -1832.99066   0.00168   0.00022
  29    28   812  -1832.99050   0.00174   0.00024
  30    28   840  -1832.99066   0.00174   0.00024
  31    27   837  -1832.99064   0.00158   0.00022
  32    26   832  -1832.99062   0.00166   0.00024
  33    25   825  -1832.99064   0.00170   0.00024
  34    24   816  -1832.99052   0.00159   0.00023
  35    24   840  -1832.99066   0.00131   0.00019
  36    23   828  -1832.99065   0.00177   0.00027
  37    22   814  -1832.99045   0.00163   0.00025
  38    22   836  -1832.99067   0.00180   0.00028
  39    21   819  -1832.99047   0.00171   0.00027
  40    21   840  -1832.99066   0.00175   0.00028
  41    20   820  -1832.99050   0.00186   0.00030
  42    20   840  -1832.99066   0.00190   0.00031
Fit (variance): plateau_var = 2.520e-06 ± 1.268e-07
Fit (error):    plateau = 0.00159 ± 0.00004
     autocorrelation length ~ 5.0 blocks
     plateau reached at block size ~ 23
nsample = 840, max_block_size = 42, min_nblocks = 20
Blk_SZ   NBlk   NSmp      Energy     Error    dError
     1    840    840    -0.14389   0.00005   0.00000
     2    420    840    -0.14390   0.00006   0.00000
     3    280    840    -0.14390   0.00007   0.00000
     4    210    840    -0.14391   0.00007   0.00000
     5    168    840    -0.14391   0.00007   0.00000
     6    140    840    -0.14391   0.00007   0.00000
     7    120    840    -0.14391   0.00007   0.00000
     8    105    840    -0.14391   0.00008   0.00001
     9     93    837    -0.14391   0.00008   0.00001
    10     84    840    -0.14392   0.00007   0.00001
    11     76    836    -0.14391   0.00008   0.00001
    12     70    840    -0.14392   0.00008   0.00001
    13     64    832    -0.14391   0.00008   0.00001
    14     60    840    -0.14392   0.00008   0.00001
    15     56    840    -0.14392   0.00008   0.00001
    16     52    832    -0.14391   0.00008   0.00001
    17     49    833    -0.14392   0.00008   0.00001
    18     46    828    -0.14391   0.00009   0.00001
    19     44    836    -0.14392   0.00007   0.00001
    20     42    840    -0.14392   0.00007   0.00001
    21     40    840    -0.14392   0.00008   0.00001
    22     38    836    -0.14392   0.00008   0.00001
    23     36    828    -0.14392   0.00009   0.00001
    24     35    840    -0.14392   0.00009   0.00001
    25     33    825    -0.14392   0.00008   0.00001
    26     32    832    -0.14392   0.00008   0.00001
    27     31    837    -0.14392   0.00008   0.00001
    28     30    840    -0.14392   0.00007   0.00001
    29     28    812    -0.14391   0.00008   0.00001
    30     28    840    -0.14392   0.00009   0.00001
    31     27    837    -0.14392   0.00009   0.00001
    32     26    832    -0.14392   0.00009   0.00001
    33     25    825    -0.14392   0.00009   0.00001
    34     24    816    -0.14391   0.00009   0.00001
    35     24    840    -0.14392   0.00009   0.00001
    36     23    828    -0.14392   0.00009   0.00001
    37     22    814    -0.14391   0.00009   0.00001
    38     22    836    -0.14392   0.00009   0.00001
    39     21    819    -0.14391   0.00010   0.00002
    40     21    840    -0.14392   0.00008   0.00001
    41     20    820    -0.14391   0.00009   0.00001
    42     20    840    -0.14392   0.00009   0.00001
Fit (variance): plateau_var = 6.55972e-09 ± 3.16095e-10
Fit (error):    plateau = 0.00008 ± 0.00000
     autocorrelation length ~ 4.4 blocks
     plateau reached at block size ~ 19
Final AFQMC/HF Guiding Energy:      -1832.9907 +/- 0.0016
Final AFQMC/pt2CCSD Orbital Energy: -0.14392 +/- 0.00008
<t1> = weightp/weight = 1.01423
Total run time: 203.63

AFQMC Sampling Finished

LNO-Integral time (s):    30.29
LNO-AFQMC time (s):       209.44


======================= LNO-FRAGMENT [C59H71] 48/(48,48) =======================
Fragment Num.  48
Fragment Idx.  48
Fragment Name  C59H71
LNO THRESHOLD  [0.00030000000000000003, 3e-05]
PySCF Threads  12
LNO-LAS: 23/156 Occ | 101/636 Vir | 124/792 MOs
LNO-MP2 Fragment Energy:  -0.13206030
LNO-CCSD Fragment Energy: -0.13786082
LNO-CPU time (s):         47.40 (LAS 18.54 | MP2 4.32 | CCSD 24.54)
LNO-CPU wait time (s):    0.00 (100.0% hidden)
Find Density Fit Teonsers in MF object
Integrals will be built by DF Tensors
Calculating Effective Active Space One-electron Integrals
*** Correlation Space Size ***
N Occupied Orbitals: 23
N Active Orbitals:   124
Build effective h0 and h1 time: 6.620521 s
Composing CDERIs from DF
Build CDERI in cLAS time: 5.079336 s
Raw CDERI in LAS shape: (3912, 7750)
Compress CDERI 2 Chol: 1e-05
Compress CDERI time: 1.173081 s
Finished calculating Integrals
LAS Cholesky shape: (1004, 124, 124)
AFQMC script: /u/yzhang65/myprojects/software/afqmc/afqmc/lno_afqmc/script/run_lno_afqmc_pt2ccsd.py

LNO-AFQMC Started
Hostname:     gpue08.delta.ncsa.illinois.edu
System:       Linux
Node:         gpue08.delta.ncsa.illinois.edu
Release:      5.14.0-570.131.1.el9_6.x86_64
Machine:      x86_64
Processor:    x86_64
JAX backend:  GPU
JAX devices:  [CudaDevice(id=0)]
Device kind:  NVIDIA H200
Platform:     gpu

QMC Parameters
eql_time        -         30
n_prop_steps    -         50
n_blocks        -        840
n_walkers       -        300
max_memory      -     100000
mix_precision   -       True
seed            -        353
walker_type     -        rhf
trial           - pt2ccsd_sto_chol
chol_cost_ratio -        0.2
max_error       -    7.2e-05
dt              -      0.005
n_exp_terms     -          6
n_batch         -          1
nchol_chunk     -        100
free_projection -      False

QMC System
Number of Occ. Orbitals:      23
Number of Act. Orbitals:      124
Number of Chol. Vectors:      1004
Mean-Field Energy:            -1832.00523770
Maximum memory per walker:            333.33 MB
Maximum number of Cholesky per chunk: 1420
Number of Cholesky chunks:            1
Number of Cholesky per chunk:         1004
Number of padding Cholesky:           0
Trial:   pt2ccsd_sto_chol(norb=124, nelec=(23, 23), n_batch=1, nchol_chunk=1004, mix_precision=True, n_chol_head=0, head_chol_ratio=None, n_chol_samples=None, chol_cost_ratio=0.2, head_sample_ratio=3.0, chol_score_floor=1e-06, chol_uniform_mix=0.01, head_from_guide=False)
Sampler: sampler_pt2_sto_chol(n_prop_steps=50, n_blocks=840, n_chol=1004, frozen_vir=0)

Initalize QMC walkers by HF

Equilibration
Initial Orbital energy: -0.13783
inv_T  nodes      weight      energy     error   runTime
 0.00      0   300.00000  -1832.00453   0.00000     21.75
 3.00      0   304.90470  -1832.96085   0.01973     26.66
 6.00      0   300.15552  -1832.98439   0.02039     28.10
 9.00      0   299.05405  -1832.98381   0.02024     29.53
12.00      0   299.50338  -1832.99458   0.02086     30.97
15.00      0   298.94917  -1833.00225   0.01982     32.40
18.00      0   298.01653  -1833.00071   0.02098     33.83
21.00      0   298.58767  -1832.99771   0.02151     35.26
24.00      0   297.93051  -1832.96344   0.01989     36.69
27.00      0   299.36831  -1833.00284   0.02362     38.19
30.00      0   298.83843  -1833.01498   0.02076     39.79

Sampling Blocks
Target Final Error ~ 0.000072
   N  nodes      weight      E(Guide)     Error     weightp    E_frag     Error      Time
  20      0   299.51930   -1833.00185   0.00411   302.68770  -0.14476   0.00077     49.95
  40      0   298.64312   -1832.99158   0.00313   302.80808  -0.14398   0.00043     54.20
  60      0   299.11930   -1832.98893   0.00311   302.90776  -0.14403   0.00030     57.99
  80      0   299.50449   -1832.99680   0.00289   302.84622  -0.14409   0.00024     61.79
 100      0   297.88288   -1832.99585   0.00253   302.73043  -0.14398   0.00020     65.59
 120      0   299.15662   -1832.99672   0.00221   302.80090  -0.14395   0.00017     69.50
 140      0   298.62372   -1832.99569   0.00203   302.82361  -0.14391   0.00016     73.53
 160      0   299.30904   -1832.99405   0.00196   302.88152  -0.14385   0.00014     77.34
 180      0   299.32561   -1832.99376   0.00179   302.92053  -0.14397   0.00013     81.13
 200      0   299.29609   -1832.99216   0.00171   302.98565  -0.14399   0.00012     84.93
 220      0   299.13998   -1832.99292   0.00162   302.98584  -0.14404   0.00013     88.73
 240      0   298.58031   -1832.99206   0.00151   303.01992  -0.14404   0.00012     92.54
 260      0   299.38897   -1832.99193   0.00143   303.02854  -0.14400   0.00011     96.35
 280      0   298.26347   -1832.99104   0.00139   303.02903  -0.14405   0.00011    100.33
 300      0   298.68573   -1832.99098   0.00133   303.04623  -0.14402   0.00011    104.38
 320      0   299.31904   -1832.99136   0.00129   303.09274  -0.14404   0.00010    108.20
 340      0   299.95568   -1832.99156   0.00126   303.10541  -0.14400   0.00010    112.01
 360      0   298.55494   -1832.99152   0.00123   303.09437  -0.14403   0.00009    115.81
 380      0   298.93872   -1832.99138   0.00119   303.07973  -0.14402   0.00009    119.61
 400      0   299.07255   -1832.99123   0.00117   303.07661  -0.14399   0.00009    123.48
 420      0   298.14980   -1832.99077   0.00114   303.07559  -0.14396   0.00009    127.27
 440      0   299.23726   -1832.99033   0.00110   303.08004  -0.14395   0.00008    131.26
 460      0   298.19846   -1832.99034   0.00108   303.11167  -0.14392   0.00008    135.18
 480      0   298.85072   -1832.99081   0.00107   303.13669  -0.14391   0.00008    138.98
 500      0   299.35740   -1832.99137   0.00105   303.15336  -0.14390   0.00008    142.79
 520      0   298.64609   -1832.99104   0.00103   303.14416  -0.14386   0.00007    146.58
 540      0   298.82477   -1832.99076   0.00101   303.15283  -0.14386   0.00007    150.39
 560      0   297.92297   -1832.99100   0.00099   303.16193  -0.14387   0.00007    154.20
 580      0   298.91208   -1832.99034   0.00098   303.16407  -0.14385   0.00007    158.02
 600      0   298.87912   -1832.99109   0.00097   303.15870  -0.14388   0.00007    162.03
 620      0   298.64306   -1832.99115   0.00095   303.15257  -0.14386   0.00007    165.91
 640      0   298.34799   -1832.99117   0.00092   303.15237  -0.14388   0.00006    169.70
 660      0   298.64767   -1832.99068   0.00091   303.15167  -0.14388   0.00006    173.50
 680      0   298.61993   -1832.99068   0.00090   303.15219  -0.14389   0.00006    177.31
 700      0   298.70037   -1832.99058   0.00088   303.15597  -0.14388   0.00006    181.10
 720      0   298.53383   -1832.99084   0.00087   303.15923  -0.14388   0.00006    184.90
 740      0   298.31456   -1832.99118   0.00085   303.16168  -0.14388   0.00006    188.77
 760      0   299.40729   -1832.99116   0.00084   303.14984  -0.14387   0.00006    192.80
 780      0   298.29038   -1832.99146   0.00084   303.14708  -0.14387   0.00006    196.66
 800      0   297.90483   -1832.99123   0.00082   303.14720  -0.14387   0.00006    200.45
 820      0   297.78777   -1832.99129   0.00081   303.14628  -0.14388   0.00005    204.25
 840      0   298.53903   -1832.99099   0.00080   303.14963  -0.14389   0.00005    208.04

Post Propagation
Total number of samples 840
Remove Outliers
Remove samples outside Zeta > 30
Outlier bound [-0.18184, -0.10551]
Removed 0 Outliers
Outliers Energy []
nsample = 840, max_block_size = 42, min_nblocks = 20
   B    NB    NS  Observable     Error    dError
   1   840   840  -1832.99097   0.00080   0.00002
   2   420   840  -1832.99097   0.00102   0.00004
   3   280   840  -1832.99097   0.00113   0.00005
   4   210   840  -1832.99098   0.00122   0.00006
   5   168   840  -1832.99098   0.00132   0.00007
   6   140   840  -1832.99098   0.00134   0.00008
   7   120   840  -1832.99098   0.00135   0.00009
   8   105   840  -1832.99098   0.00143   0.00010
   9    93   837  -1832.99100   0.00139   0.00010
  10    84   840  -1832.99098   0.00146   0.00011
  11    76   836  -1832.99104   0.00153   0.00012
  12    70   840  -1832.99098   0.00155   0.00013
  13    64   832  -1832.99113   0.00157   0.00014
  14    60   840  -1832.99098   0.00152   0.00014
  15    56   840  -1832.99098   0.00141   0.00013
  16    52   832  -1832.99113   0.00156   0.00015
  17    49   833  -1832.99110   0.00162   0.00017
  18    46   828  -1832.99118   0.00165   0.00017
  19    44   836  -1832.99104   0.00170   0.00018
  20    42   840  -1832.99098   0.00157   0.00017
  21    40   840  -1832.99098   0.00151   0.00017
  22    38   836  -1832.99104   0.00163   0.00019
  23    36   828  -1832.99118   0.00160   0.00019
  24    35   840  -1832.99098   0.00150   0.00018
  25    33   825  -1832.99120   0.00173   0.00022
  26    32   832  -1832.99113   0.00165   0.00021
  27    31   837  -1832.99101   0.00157   0.00020
  28    30   840  -1832.99099   0.00158   0.00021
  29    28   812  -1832.99140   0.00182   0.00025
  30    28   840  -1832.99099   0.00151   0.00021
  31    27   837  -1832.99101   0.00144   0.00020
  32    26   832  -1832.99114   0.00160   0.00023
  33    25   825  -1832.99120   0.00138   0.00020
  34    24   816  -1832.99143   0.00144   0.00021
  35    24   840  -1832.99099   0.00135   0.00020
  36    23   828  -1832.99118   0.00128   0.00019
  37    22   814  -1832.99137   0.00119   0.00018
  38    22   836  -1832.99104   0.00120   0.00019
  39    21   819  -1832.99135   0.00145   0.00023
  40    21   840  -1832.99099   0.00113   0.00018
  41    20   820  -1832.99129   0.00165   0.00027
  42    20   840  -1832.99099   0.00129   0.00021
Fit (variance): plateau_var = 2.181e-06 ± 9.445e-08
Fit (error):    plateau = 0.00148 ± 0.00003
     autocorrelation length ~ 3.5 blocks
     plateau reached at block size ~ 16
nsample = 840, max_block_size = 42, min_nblocks = 20
Blk_SZ   NBlk   NSmp      Energy     Error    dError
     1    840    840    -0.14387   0.00005   0.00000
     2    420    840    -0.14387   0.00006   0.00000
     3    280    840    -0.14388   0.00006   0.00000
     4    210    840    -0.14388   0.00007   0.00000
     5    168    840    -0.14388   0.00007   0.00000
     6    140    840    -0.14388   0.00007   0.00000
     7    120    840    -0.14388   0.00007   0.00000
     8    105    840    -0.14388   0.00008   0.00001
     9     93    837    -0.14389   0.00007   0.00001
    10     84    840    -0.14389   0.00007   0.00001
    11     76    836    -0.14389   0.00007   0.00001
    12     70    840    -0.14389   0.00007   0.00001
    13     64    832    -0.14389   0.00008   0.00001
    14     60    840    -0.14389   0.00007   0.00001
    15     56    840    -0.14389   0.00006   0.00001
    16     52    832    -0.14389   0.00007   0.00001
    17     49    833    -0.14389   0.00007   0.00001
    18     46    828    -0.14389   0.00007   0.00001
    19     44    836    -0.14389   0.00008   0.00001
    20     42    840    -0.14389   0.00008   0.00001
    21     40    840    -0.14389   0.00007   0.00001
    22     38    836    -0.14389   0.00007   0.00001
    23     36    828    -0.14389   0.00008   0.00001
    24     35    840    -0.14389   0.00008   0.00001
    25     33    825    -0.14388   0.00007   0.00001
    26     32    832    -0.14389   0.00008   0.00001
    27     31    837    -0.14389   0.00007   0.00001
    28     30    840    -0.14389   0.00007   0.00001
    29     28    812    -0.14387   0.00008   0.00001
    30     28    840    -0.14389   0.00006   0.00001
    31     27    837    -0.14389   0.00007   0.00001
    32     26    832    -0.14389   0.00007   0.00001
    33     25    825    -0.14389   0.00007   0.00001
    34     24    816    -0.14388   0.00007   0.00001
    35     24    840    -0.14389   0.00006   0.00001
    36     23    828    -0.14389   0.00007   0.00001
    37     22    814    -0.14388   0.00007   0.00001
    38     22    836    -0.14389   0.00007   0.00001
    39     21    819    -0.14388   0.00007   0.00001
    40     21    840    -0.14389   0.00007   0.00001
    41     20    820    -0.14388   0.00008   0.00001
    42     20    840    -0.14389   0.00007   0.00001
Fit (variance): plateau_var = 5.11188e-09 ± 1.91589e-10
Fit (error):    plateau = 0.00007 ± 0.00000
     autocorrelation length ~ 2.0 blocks
     plateau reached at block size ~ 9
Final AFQMC/HF Guiding Energy:      -1832.9910 +/- 0.0015
Final AFQMC/pt2CCSD Orbital Energy: -0.14389 +/- 0.00007
<t1> = weightp/weight = 1.01496
Total run time: 208.45

AFQMC Sampling Finished

LNO-Integral time (s):    14.13
LNO-AFQMC time (s):       213.30

================================================================================
Loop wall time:              14843.30 s
Serial equivalent (CPU+GPU): 17994.18 s
CPU time hidden behind GPU:  3194.57 s of 3272.46 s
================================================================================
