#INFO: **** input file is /work/hdd/bdka/yzhang65/l7_dataset/system/c2c2pd/dz/c/lno1/run_lno.py ****
from pyscf import gto, scf

#### C2C2PD complex, L7 dataset ####
path2geo = '../../../C.xyz'
path2chk = '../mf.chk'
path2eri = '../cderi.h5'
path2lno = '../lno_result.out'
path2iao = '../iao.h5'

atoms = ''.join(open(path2geo).readlines()[2:])  # skip the atom count and comment lines
####################################

mol = gto.M(atom=atoms,
            basis='ccpvdz',
            verbose=4,
            unit='A',
            symmetry=0,
            charge=0,
            spin=0,
            max_memory=200000,
            )

# density fitting: 792 AOs, conventional 4-index ERIs would not fit
mf = scf.RHF(mol).density_fit()
mf.with_df._cderi_to_save = path2eri
# mf.with_df._cderi = path2eri
mf.chkfile = path2chk
mf.init_guess = 'chk'
mf.kernel()

stable = False
while not stable:
    print('mean-field stability test')
    mo_i, _, stable, _ = mf.stability(return_status=True)
    if stable:
        print(f'RHF Energy: {mf.e_tot}, stability {stable}')
        break
    dm = mf.make_rdm1(mo_i, mf.mo_occ)
    mf.kernel(dm0=dm)

from afqmc.lno_afqmc import lno_afqmc, tools

lo_coeff, frag_list, frag_name \
    = tools.iao_fragment(mf, 
                         frag_type='h2heavy', 
                         more_loc='pm',
                         save2=path2iao
                         )

options = {'eql_time': 30,
           'n_prop_steps': 50,
           'n_blocks': 840,
           'n_walkers': 300,
           'max_memory': 200000,
           'mix_precision': True,
           'seed': 27,
           'walker_type': 'rhf',
           'trial': 'pt2ccsd',
           }

lno_afqmc.run_afqmc(
    mf,
    lo_coeff,
    frag_list,
    frag_name,
    lno_thresh = 3e-5,
    qmc_options = options,
    chol_cut = 1e-5,
    target_qmc_err = 5e-4,
    run_frag = None,
    nfrozen = None,
    run_mp = True,
    run_cc = True,
    run_qmc = True,
    plot_las = True,
    )
#INFO: ******************** input file end ********************


System: uname_result(system='Linux', node='gpue04.delta.ncsa.illinois.edu', release='5.14.0-570.131.1.el9_6.x86_64', version='#1 SMP PREEMPT_DYNAMIC Fri Jul 24 10:50:35 EDT 2026', machine='x86_64')  Threads 12
Python 3.11.14 (main, Oct 21 2025, 18:31:21) [GCC 11.2.0]
numpy 2.3.5  scipy 1.16.3  h5py 3.15.1
Date: Thu Sep  3 05:03:33 2026
PySCF version 2.14.0
PySCF path  /u/yzhang65/myprojects/software/pyscf
GIT HEAD      c63a953ba603a5ad8c1d65d88da72aaf05ede4d8

[ENV] PYSCF_TMPDIR /projects/bdka/yzhang65/scratch/pyscf
[ENV] PYSCF_EXT_PATH /u/yzhang65/myprojects/software/pyscf-forge
[CONFIG] conf_file None
[INPUT] verbose = 4
[INPUT] num. atoms = 72
[INPUT] num. electrons = 312
[INPUT] charge = 0
[INPUT] spin (= nelec alpha-beta = 2S) = 0
[INPUT] symmetry 0 subgroup None
[INPUT] Mole.unit = A
[INPUT] Symbol           X                Y                Z      unit          X                Y                Z       unit  Magmom
[INPUT]  1 C     -1.487532000000  -1.231543000000  -1.729000000000 AA   -2.811028081527  -2.327278980625  -3.267336469373 Bohr   0.0
[INPUT]  2 C     -0.065468000000  -1.231543000000  -1.729000000000 AA   -0.123716589923  -2.327278980625  -3.267336469373 Bohr   0.0
[INPUT]  3 C      0.645564000000   0.000000000000  -1.729000000000 AA    1.219939155879   0.000000000000  -3.267336469373 Bohr   0.0
[INPUT]  4 C     -0.065468000000   1.231543000000  -1.729000000000 AA   -0.123716589923   2.327278980625  -3.267336469373 Bohr   0.0
[INPUT]  5 C     -1.487532000000   1.231543000000  -1.729000000000 AA   -2.811028081527   2.327278980625  -3.267336469373 Bohr   0.0
[INPUT]  6 C     -2.198564000000   0.000000000000  -1.729000000000 AA   -4.154683827328   0.000000000000  -3.267336469373 Bohr   0.0
[INPUT]  7 C      0.642292000000  -2.457420000000  -1.729000000000 AA    1.213755971999  -4.643850773029  -3.267336469373 Bohr   0.0
[INPUT]  8 C     -0.093378000000  -3.670823000000  -1.729000000000 AA   -0.176458846060  -6.936850121754  -3.267336469373 Bohr   0.0
[INPUT]  9 C     -1.459622000000  -3.670823000000  -1.729000000000 AA   -2.758285825390  -6.936850121754  -3.267336469373 Bohr   0.0
[INPUT] 10 C     -2.195292000000  -2.457420000000  -1.729000000000 AA   -4.148500643449  -4.643850773029  -3.267336469373 Bohr   0.0
[INPUT] 11 C     -3.614084000000   0.000000000000  -1.729000000000 AA   -6.829628951173   0.000000000000  -3.267336469373 Bohr   0.0
[INPUT] 12 C     -4.297087000000  -1.243810000000  -1.729000000000 AA   -8.120317563429  -2.350460250995  -3.267336469373 Bohr   0.0
[INPUT] 13 C     -3.613965000000  -2.427013000000  -1.729000000000 AA   -6.829404073764  -4.586389870759  -3.267336469373 Bohr   0.0
[INPUT] 14 C     -4.297087000000   1.243810000000  -1.729000000000 AA   -8.120317563429   2.350460250995  -3.267336469373 Bohr   0.0
[INPUT] 15 C     -3.613965000000   2.427013000000  -1.729000000000 AA   -6.829404073764   4.586389870759  -3.267336469373 Bohr   0.0
[INPUT] 16 C     -2.195292000000   2.457420000000  -1.729000000000 AA   -4.148500643449   4.643850773029  -3.267336469373 Bohr   0.0
[INPUT] 17 C     -1.459622000000   3.670823000000  -1.729000000000 AA   -2.758285825390   6.936850121754  -3.267336469373 Bohr   0.0
[INPUT] 18 C     -0.093378000000   3.670823000000  -1.729000000000 AA   -0.176458846060   6.936850121754  -3.267336469373 Bohr   0.0
[INPUT] 19 C      0.642292000000   2.457420000000  -1.729000000000 AA    1.213755971999   4.643850773029  -3.267336469373 Bohr   0.0
[INPUT] 20 C      2.060965000000   2.427013000000  -1.729000000000 AA    3.894659402314   4.586389870759  -3.267336469373 Bohr   0.0
[INPUT] 21 C      2.744087000000   1.243810000000  -1.729000000000 AA    5.185572891979   2.350460250995  -3.267336469373 Bohr   0.0
[INPUT] 22 C      2.061084000000   0.000000000000  -1.729000000000 AA    3.894884279723   0.000000000000  -3.267336469373 Bohr   0.0
[INPUT] 23 C      2.744087000000  -1.243810000000  -1.729000000000 AA    5.185572891979  -2.350460250995  -3.267336469373 Bohr   0.0
[INPUT] 24 C      2.060965000000  -2.427013000000  -1.729000000000 AA    3.894659402314  -4.586389870759  -3.267336469373 Bohr   0.0
[INPUT] 25 H      0.449580000000  -4.607417000000  -1.729000000000 AA    0.849583071082  -8.706756271665  -3.267336469373 Bohr   0.0
[INPUT] 26 H     -2.002581000000  -4.607417000000  -1.729000000000 AA   -3.784329632258  -8.706756271665  -3.267336469373 Bohr   0.0
[INPUT] 27 H     -4.153600000000  -3.365525000000  -1.729000000000 AA   -7.849166430993  -6.359920515377  -3.267336469373 Bohr   0.0
[INPUT] 28 H     -5.379680000000  -1.241892000000  -1.729000000000 AA  -10.166121837800  -2.346835756288  -3.267336469373 Bohr   0.0
[INPUT] 29 H     -5.379680000000   1.241892000000  -1.729000000000 AA  -10.166121837800   2.346835756288  -3.267336469373 Bohr   0.0
[INPUT] 30 H     -4.153600000000   3.365525000000  -1.729000000000 AA   -7.849166430993   6.359920515377  -3.267336469373 Bohr   0.0
[INPUT] 31 H     -2.002581000000   4.607417000000  -1.729000000000 AA   -3.784329632258   8.706756271665  -3.267336469373 Bohr   0.0
[INPUT] 32 H      0.449580000000   4.607417000000  -1.729000000000 AA    0.849583071082   8.706756271665  -3.267336469373 Bohr   0.0
[INPUT] 33 H      2.600600000000   3.365525000000  -1.729000000000 AA    4.914421759544   6.359920515377  -3.267336469373 Bohr   0.0
[INPUT] 34 H      3.826680000000   1.241892000000  -1.729000000000 AA    7.231377166351   2.346835756288  -3.267336469373 Bohr   0.0
[INPUT] 35 H      3.826680000000  -1.241892000000  -1.729000000000 AA    7.231377166351  -2.346835756288  -3.267336469373 Bohr   0.0
[INPUT] 36 H      2.600600000000  -3.365525000000  -1.729000000000 AA    4.914421759544  -6.359920515377  -3.267336469373 Bohr   0.0
[INPUT] 37 C      0.065468000000  -1.231543000000   1.729000000000 AA    0.123716589923  -2.327278980625   3.267336469373 Bohr   0.0
[INPUT] 38 C      1.487532000000  -1.231543000000   1.729000000000 AA    2.811028081527  -2.327278980625   3.267336469373 Bohr   0.0
[INPUT] 39 C      2.198564000000   0.000000000000   1.729000000000 AA    4.154683827328   0.000000000000   3.267336469373 Bohr   0.0
[INPUT] 40 C      1.487532000000   1.231543000000   1.729000000000 AA    2.811028081527   2.327278980625   3.267336469373 Bohr   0.0
[INPUT] 41 C      0.065468000000   1.231543000000   1.729000000000 AA    0.123716589923   2.327278980625   3.267336469373 Bohr   0.0
[INPUT] 42 C     -0.645564000000   0.000000000000   1.729000000000 AA   -1.219939155879   0.000000000000   3.267336469373 Bohr   0.0
[INPUT] 43 C      2.195292000000  -2.457420000000   1.729000000000 AA    4.148500643449  -4.643850773029   3.267336469373 Bohr   0.0
[INPUT] 44 C      1.459622000000  -3.670823000000   1.729000000000 AA    2.758285825390  -6.936850121754   3.267336469373 Bohr   0.0
[INPUT] 45 C      0.093378000000  -3.670823000000   1.729000000000 AA    0.176458846060  -6.936850121754   3.267336469373 Bohr   0.0
[INPUT] 46 C     -0.642292000000  -2.457420000000   1.729000000000 AA   -1.213755971999  -4.643850773029   3.267336469373 Bohr   0.0
[INPUT] 47 C     -2.061084000000   0.000000000000   1.729000000000 AA   -3.894884279723   0.000000000000   3.267336469373 Bohr   0.0
[INPUT] 48 C     -2.744087000000  -1.243810000000   1.729000000000 AA   -5.185572891979  -2.350460250995   3.267336469373 Bohr   0.0
[INPUT] 49 C     -2.060965000000  -2.427013000000   1.729000000000 AA   -3.894659402314  -4.586389870759   3.267336469373 Bohr   0.0
[INPUT] 50 C     -2.744087000000   1.243810000000   1.729000000000 AA   -5.185572891979   2.350460250995   3.267336469373 Bohr   0.0
[INPUT] 51 C     -2.060965000000   2.427013000000   1.729000000000 AA   -3.894659402314   4.586389870759   3.267336469373 Bohr   0.0
[INPUT] 52 C     -0.642292000000   2.457420000000   1.729000000000 AA   -1.213755971999   4.643850773029   3.267336469373 Bohr   0.0
[INPUT] 53 C      0.093378000000   3.670823000000   1.729000000000 AA    0.176458846060   6.936850121754   3.267336469373 Bohr   0.0
[INPUT] 54 C      1.459622000000   3.670823000000   1.729000000000 AA    2.758285825390   6.936850121754   3.267336469373 Bohr   0.0
[INPUT] 55 C      2.195292000000   2.457420000000   1.729000000000 AA    4.148500643449   4.643850773029   3.267336469373 Bohr   0.0
[INPUT] 56 C      3.613965000000   2.427013000000   1.729000000000 AA    6.829404073764   4.586389870759   3.267336469373 Bohr   0.0
[INPUT] 57 C      4.297087000000   1.243810000000   1.729000000000 AA    8.120317563429   2.350460250995   3.267336469373 Bohr   0.0
[INPUT] 58 C      3.614084000000   0.000000000000   1.729000000000 AA    6.829628951173   0.000000000000   3.267336469373 Bohr   0.0
[INPUT] 59 C      4.297087000000  -1.243810000000   1.729000000000 AA    8.120317563429  -2.350460250995   3.267336469373 Bohr   0.0
[INPUT] 60 C      3.613965000000  -2.427013000000   1.729000000000 AA    6.829404073764  -4.586389870759   3.267336469373 Bohr   0.0
[INPUT] 61 H      2.002581000000  -4.607417000000   1.729000000000 AA    3.784329632258  -8.706756271665   3.267336469373 Bohr   0.0
[INPUT] 62 H     -0.449580000000  -4.607417000000   1.729000000000 AA   -0.849583071082  -8.706756271665   3.267336469373 Bohr   0.0
[INPUT] 63 H     -2.600600000000  -3.365525000000   1.729000000000 AA   -4.914421759544  -6.359920515377   3.267336469373 Bohr   0.0
[INPUT] 64 H     -3.826680000000  -1.241892000000   1.729000000000 AA   -7.231377166351  -2.346835756288   3.267336469373 Bohr   0.0
[INPUT] 65 H     -3.826680000000   1.241892000000   1.729000000000 AA   -7.231377166351   2.346835756288   3.267336469373 Bohr   0.0
[INPUT] 66 H     -2.600600000000   3.365525000000   1.729000000000 AA   -4.914421759544   6.359920515377   3.267336469373 Bohr   0.0
[INPUT] 67 H     -0.449580000000   4.607417000000   1.729000000000 AA   -0.849583071082   8.706756271665   3.267336469373 Bohr   0.0
[INPUT] 68 H      2.002581000000   4.607417000000   1.729000000000 AA    3.784329632258   8.706756271665   3.267336469373 Bohr   0.0
[INPUT] 69 H      4.153600000000   3.365525000000   1.729000000000 AA    7.849166430993   6.359920515377   3.267336469373 Bohr   0.0
[INPUT] 70 H      5.379680000000   1.241892000000   1.729000000000 AA   10.166121837800   2.346835756288   3.267336469373 Bohr   0.0
[INPUT] 71 H      5.379680000000  -1.241892000000   1.729000000000 AA   10.166121837800  -2.346835756288   3.267336469373 Bohr   0.0
[INPUT] 72 H      4.153600000000  -3.365525000000   1.729000000000 AA    7.849166430993  -6.359920515377   3.267336469373 Bohr   0.0

nuclear repulsion = 6088.17002359266
number of shells = 312
number of NR pGTOs = 1416
number of NR cGTOs = 792
basis = ccpvdz
ecp = {}
CPU time:         0.60


******** <class 'pyscf.df.df_jk.DFRHF'> ********
method = DFRHF
initial guess = chk
damping factor = 0
level_shift factor = 0
DIIS = <class 'pyscf.scf.diis.CDIIS'>
diis_start_cycle = 1
diis_space = 8
diis_damp = 0
SCF conv_tol = 1e-09
SCF conv_tol_grad = None
SCF max_cycles = 50
direct_scf = False
chkfile to save SCF result = ../mf.chk
max_memory 200000 MB (current use 86 MB)
Set gradient conv threshold to 3.16228e-05

WARN: Fail in reading ../mf.chk. Use MINAO initial guess

Initial guess from minao.
******** <class 'pyscf.df.df.DF'> ********
auxbasis = cc-pvdz-jkfit
max_memory = 200000
_cderi_to_save = ../cderi.h5
init E= -1851.13822300162
  HOMO = -0.170633206275159  LUMO = -0.0221274410479335  gap/eV = 4.04105
cycle= 1 E= -1831.47696035254  delta_E= 19.7  |g|= 1.13  |ddm|= 10.6
  HOMO = -0.264045489558333  LUMO = 0.0316441247088853  gap/eV = 8.04612
cycle= 2 E= -1831.96277822886  delta_E= -0.486  |g|= 0.321  |ddm|= 2.46
  HOMO = -0.226341112829338  LUMO = 0.0734560501256029  gap/eV = 8.15790
cycle= 3 E= -1831.99388503888  delta_E= -0.0311  |g|= 0.195  |ddm|= 1.35
  HOMO = -0.241212498929253  LUMO = 0.0601766330746707  gap/eV = 8.20122
cycle= 4 E= -1832.00416482845  delta_E= -0.0103  |g|= 0.0559  |ddm|= 0.308
  HOMO = -0.242460788727689  LUMO = 0.0600711309072627  gap/eV = 8.23231
cycle= 5 E= -1832.00510189939  delta_E= -0.000937  |g|= 0.0115  |ddm|= 0.0912
  HOMO = -0.242105296353001  LUMO = 0.0608991097540596  gap/eV = 8.24517
cycle= 6 E= -1832.00519627856  delta_E= -9.44e-05  |g|= 0.00493  |ddm|= 0.0264
  HOMO = -0.24224061948695  LUMO = 0.0613021242491109  gap/eV = 8.25982
cycle= 7 E= -1832.00523054692  delta_E= -3.43e-05  |g|= 0.00212  |ddm|= 0.0162
  HOMO = -0.242433932413679  LUMO = 0.06136727627112  gap/eV = 8.26685
cycle= 8 E= -1832.005237056  delta_E= -6.51e-06  |g|= 0.000736  |ddm|= 0.00842
  HOMO = -0.242478590045344  LUMO = 0.0614076147854379  gap/eV = 8.26916
cycle= 9 E= -1832.00523762129  delta_E= -5.65e-07  |g|= 0.000251  |ddm|= 0.00285
  HOMO = -0.242479150044982  LUMO = 0.0614161865173366  gap/eV = 8.26941
cycle= 10 E= -1832.00523766501  delta_E= -4.37e-08  |g|= 0.000119  |ddm|= 0.000609
  HOMO = -0.242482271931155  LUMO = 0.061415188701101  gap/eV = 8.26947
cycle= 11 E= -1832.00523768495  delta_E= -1.99e-08  |g|= 7.8e-05  |ddm|= 0.000355
  HOMO = -0.242485283564744  LUMO = 0.0614123729621782  gap/eV = 8.26948
cycle= 12 E= -1832.00523769681  delta_E= -1.19e-08  |g|= 5.35e-05  |ddm|= 0.000314
  HOMO = -0.242484516210138  LUMO = 0.061412941755189  gap/eV = 8.26947
cycle= 13 E= -1832.00523770244  delta_E= -5.64e-09  |g|= 1.57e-05  |ddm|= 0.000306
  HOMO = -0.24248435806279  LUMO = 0.061412660126094  gap/eV = 8.26946
cycle= 14 E= -1832.00523770286  delta_E= -4.21e-10  |g|= 7.25e-06  |ddm|= 9.17e-05
  HOMO = -0.242484025354338  LUMO = 0.0614129225355711  gap/eV = 8.26946
Extra cycle  E= -1832.00523770288  delta_E= -1.91e-11  |g|= 6.78e-06  |ddm|= 1.83e-05
converged SCF energy = -1832.00523770288
mean-field stability test
rhf_internal: lowest eigs of H = [0.39532694 0.39977162 0.41853692]
<class 'pyscf.df.df_jk.DFRHF'> wavefunction is stable in the internal stability analysis
RHF Energy: -1832.0052377028815, stability True


******** <class 'pyscf.lo.pipek.PipekMezey'> ********
conv_tol = 1e-06
conv_tol_grad = None
max_cycle = 100
max_stepsize = 0.05
max_iters = 20
kf_interval = 5
kf_trust_region = 5
ah_start_tol = 1000000000.0
ah_start_cycle = 1
ah_level_shift = 0
ah_conv_tol = 1e-12
ah_lindep = 1e-14
ah_max_cycle = 40
ah_trust_region = 3
init_guess = atomic
algorithm = ciah
pop_method = meta_lowdin
exponent = 2
Set conv_tol_grad to 0.000316228
Init f(x)= 262.50340577981  |g|= 0.0351612
macro= 1  f(x)= 262.5042240038  delta_f= 0.000818224  |g|= 0.00114302  3 KF 8 Hx
macro= 2  f(x)= 262.50509840004  delta_f= 0.000874396  |g|= 0.0002202  6 KF 36 Hx
macro= 3  f(x)= 262.50513321347  delta_f= 3.48134e-05  |g|= 0.000177431  1 KF 4 Hx
macro= 4  f(x)= 262.50513738966  delta_f= 4.17619e-06  |g|= 5.40663e-05  1 KF 1 Hx
macro= 5  f(x)= 262.50514130801  delta_f= 3.91835e-06  |g|= 4.53874e-05  1 KF 1 Hx
macro= 6  f(x)= 262.50514489125  delta_f= 3.58324e-06  |g|= 3.76045e-05  1 KF 1 Hx
macro= 7  f(x)= 262.50514806506  delta_f= 3.1738e-06  |g|= 3.14589e-05  1 KF 1 Hx
macro= 8  f(x)= 262.50515076045  delta_f= 2.69539e-06  |g|= 2.81567e-05  1 KF 1 Hx
macro= 9  f(x)= 262.50515291609  delta_f= 2.15564e-06  |g|= 2.88253e-05  1 KF 1 Hx
macro= 10  f(x)= 262.50515448029  delta_f= 1.5642e-06  |g|= 3.33444e-05  1 KF 1 Hx
macro= 11  f(x)= 262.5051554127  delta_f= 9.3241e-07  |g|= 4.05355e-05  1 KF 1 Hx
macro X = 11  f(x)= 262.5051554127  |g|= 4.05355e-05  22 intor 18 KF 56 Hx
IAO fragments saved to ../iao.h5

 ******* LNO-CALCULATION ******* 

LNO THRESHOLD = 3e-05
LNO freezes at least the chemcore orbitals for each element!
LO occ span the occupied MO occ space - True.
MO occ span the occupied LO occ space - False.
Run Fragment range(0, 48)

CPU/GPU pipeline: ON (prefetch depth 1)
  the LNO-MP2/CCSD of the next fragment(s) run on the CPU while the current fragment's AFQMC occupies the GPU


========================= LNO-FRAGMENT [C0] 1/(48,48) ==========================
Fragment Num.  1
Fragment Idx.  1
Fragment Name  C0
LNO THRESHOLD  [0.00030000000000000003, 3e-05]
PySCF Threads  12
LNO-LAS: 30/156 Occ | 122/636 Vir | 152/792 MOs
LNO-MP2 Fragment Energy:  -0.12057678
LNO-CCSD Fragment Energy: -0.12020396
LNO-CPU time (s):         79.05 (LAS 19.13 | MP2 6.19 | CCSD 53.73)
LNO-CPU wait time (s):    79.05 (0.0% hidden)
Find Density Fit Teonsers in MF object
Integrals will be built by DF Tensors
Calculating Effective Active Space One-electron Integrals
*** Correlation Space Size ***
N Occupied Orbitals: 30
N Active Orbitals:   152
Build effective h0 and h1 time: 16.345830 s
Composing CDERIs from DF
Build CDERI in cLAS time: 10.121235 s
Raw CDERI in LAS shape: (3912, 11628)
Compress CDERI 2 Chol: 1e-05
Compress CDERI time: 5.223150 s
Finished calculating Integrals
LAS Cholesky shape: (1253, 152, 152)
AFQMC script: /u/yzhang65/myprojects/software/afqmc/afqmc/lno_afqmc/script/run_lno_afqmc_pt2ccsd.py

LNO-AFQMC Started
Hostname:     gpue04.delta.ncsa.illinois.edu
System:       Linux
Node:         gpue04.delta.ncsa.illinois.edu
Release:      5.14.0-570.131.1.el9_6.x86_64
Machine:      x86_64
Processor:    x86_64
JAX backend:  GPU
JAX devices:  [CudaDevice(id=0)]
Device kind:  NVIDIA H200
Platform:     gpu

QMC Parameters
eql_time        -         30
n_prop_steps    -         50
n_blocks        -        840
n_walkers       -        300
max_memory      -     200000
mix_precision   -       True
seed            -       2375
walker_type     -        rhf
trial           -    pt2ccsd
max_error       -    7.2e-05
dt              -      0.005
n_exp_terms     -          6
n_batch         -          1
nchol_chunk     -        100
free_projection -      False

QMC System
Number of Occ. Orbitals:      30
Number of Act. Orbitals:      152
Number of Chol. Vectors:      1253
Mean-Field Energy:            -1832.00523770
Maximum memory per walker:            666.67 MB
Maximum number of Cholesky per chunk: 1891
Number of Cholesky chunks:            1
Number of Cholesky per chunk:         1253
Number of padding Cholesky:           0
Trial:   pt2ccsd(norb=152, nelec=(30, 30), n_batch=1, nchol_chunk=1253, mix_precision=True)
Sampler: sampler_pt2(n_prop_steps=50, n_blocks=840, n_chol=1253, frozen_vir=0)

Initalize QMC walkers by HF

Equilibration
Initial Orbital energy: -0.12020
inv_T  nodes      weight      energy     error   runTime
 0.00      0   300.00000  -1832.00413   0.00000     33.93
 3.00      0   306.84006  -1833.33293   0.02544     42.66
 6.00      0   301.08655  -1833.35519   0.02590     44.94
 9.00      0   298.60324  -1833.30085   0.02366     47.21
12.00      0   299.09611  -1833.31853   0.02527     50.01
15.00      0   298.53454  -1833.36045   0.02510     52.31
18.00      0   299.52791  -1833.34121   0.02422     54.58
21.00      0   298.46833  -1833.33989   0.02432     56.86
24.00      0   298.99495  -1833.33416   0.02374     59.14
27.00      0   298.25422  -1833.30387   0.02215     61.45
30.00      0   297.12044  -1833.32984   0.02453     63.73

Sampling Blocks
Target Final Error ~ 0.000072
   N  nodes      weight      E(Guide)     Error     weightp    E_frag     Error      Time
  20      0   298.74557   -1833.33659   0.00497   302.75545  -0.12719   0.00035     89.21
  40      0   298.08912   -1833.33469   0.00372   302.90369  -0.12690   0.00025    107.65
  60      0   298.36911   -1833.33314   0.00299   302.86182  -0.12660   0.00020    125.83
  80      0   298.63565   -1833.33361   0.00257   302.78868  -0.12676   0.00018    143.96
 100      0   298.84606   -1833.33395   0.00231   302.79118  -0.12670   0.00016    161.83
 120      0   297.70744   -1833.33699   0.00216   302.71815  -0.12683   0.00015    179.69
 140      0   298.74007   -1833.33705   0.00199   302.70072  -0.12691   0.00014    197.53
 160      0   298.73303   -1833.33499   0.00187   302.68464  -0.12681   0.00013    215.40
 180      0   298.63369   -1833.33626   0.00184   302.71646  -0.12672   0.00013    233.26
 200      0   297.55627   -1833.33528   0.00179   302.69696  -0.12668   0.00012    251.15
 220      0   298.60108   -1833.33495   0.00174   302.71032  -0.12668   0.00011    269.01
 240      0   299.33951   -1833.33428   0.00164   302.72437  -0.12668   0.00010    286.89
 260      0   298.99393   -1833.33371   0.00156   302.71204  -0.12661   0.00010    304.77
 280      0   298.49360   -1833.33436   0.00149   302.69059  -0.12659   0.00009    322.67
 300      0   298.32060   -1833.33336   0.00144   302.69042  -0.12658   0.00009    340.53
 320      0   298.31779   -1833.33347   0.00138   302.66013  -0.12654   0.00008    358.41
 340      0   297.60289   -1833.33335   0.00132   302.68190  -0.12650   0.00008    376.30
 360      0   298.98100   -1833.33457   0.00136   302.70321  -0.12661   0.00008    394.20
 380      0   298.96227   -1833.33445   0.00131   302.69036  -0.12663   0.00008    412.08
 400      0   298.29416   -1833.33399   0.00129   302.69644  -0.12662   0.00008    429.99
 420      0   298.97486   -1833.33439   0.00126   302.69857  -0.12662   0.00007    447.88
 440      0   298.46557   -1833.33461   0.00123   302.71609  -0.12664   0.00007    465.78
 460      0   298.37555   -1833.33450   0.00119   302.73027  -0.12661   0.00007    483.67
 480      0   298.51160   -1833.33391   0.00117   302.74363  -0.12661   0.00007    501.55
 500      0   297.42738   -1833.33376   0.00114   302.75615  -0.12661   0.00007    519.43
 520      0   299.33734   -1833.33358   0.00114   302.75047  -0.12661   0.00006    537.32
 540      0   298.04336   -1833.33416   0.00112   302.73191  -0.12660   0.00006    555.21
 560      0   298.81401   -1833.33493   0.00132   302.72613  -0.12653   0.00007    573.11
 580      0   298.60432   -1833.33529   0.00128   302.73025  -0.12654   0.00007    591.41
 600      0   298.26758   -1833.33514   0.00127   302.72991  -0.12653   0.00006    609.30
 620      0   298.62801   -1833.33485   0.00124   302.72232  -0.12651   0.00006    630.17
 640      0   298.77089   -1833.33480   0.00122   302.72725  -0.12651   0.00006    650.36
 660      0   297.71723   -1833.33460   0.00119   302.72160  -0.12652   0.00006    668.23
 680      0   297.88584   -1833.33483   0.00117   302.71741  -0.12657   0.00006    686.11
 700      0   297.40679   -1833.33513   0.00115   302.71720  -0.12658   0.00006    704.50
 720      0   298.85637   -1833.33479   0.00113   302.72464  -0.12656   0.00006    722.39
 740      0   298.49929   -1833.33512   0.00111   302.72300  -0.12656   0.00006    740.34
 760      0   298.31121   -1833.33530   0.00109   302.71526  -0.12657   0.00006    758.23
 780      0   298.15023   -1833.33546   0.00107   302.71289  -0.12662   0.00006    776.12
 800      0   298.58744   -1833.33536   0.00105   302.71004  -0.12663   0.00006    794.01
 820      0   298.97023   -1833.33463   0.00105   302.70570  -0.12662   0.00006    812.02
 840      0   299.77513   -1833.33460   0.00103   302.70633  -0.12663   0.00006    829.88

Post Propagation
Total number of samples 840
Remove Outliers
Remove samples outside Zeta > 30
Outlier bound [-0.16186, -0.09093]
Removed 0 Outliers
Outliers Energy []
nsample = 840, max_block_size = 42, min_nblocks = 20
   B    NB    NS  Observable     Error    dError
   1   840   840  -1833.33455   0.00102   0.00003
   2   420   840  -1833.33456   0.00126   0.00004
   3   280   840  -1833.33457   0.00140   0.00006
   4   210   840  -1833.33457   0.00150   0.00007
   5   168   840  -1833.33458   0.00156   0.00009
   6   140   840  -1833.33458   0.00160   0.00010
   7   120   840  -1833.33459   0.00159   0.00010
   8   105   840  -1833.33459   0.00161   0.00011
   9    93   837  -1833.33454   0.00169   0.00012
  10    84   840  -1833.33459   0.00163   0.00013
  11    76   836  -1833.33454   0.00163   0.00013
  12    70   840  -1833.33459   0.00167   0.00014
  13    64   832  -1833.33463   0.00172   0.00015
  14    60   840  -1833.33459   0.00180   0.00017
  15    56   840  -1833.33459   0.00167   0.00016
  16    52   832  -1833.33463   0.00180   0.00018
  17    49   833  -1833.33465   0.00181   0.00019
  18    46   828  -1833.33446   0.00173   0.00018
  19    44   836  -1833.33454   0.00178   0.00019
  20    42   840  -1833.33459   0.00159   0.00018
  21    40   840  -1833.33459   0.00175   0.00020
  22    38   836  -1833.33454   0.00159   0.00019
  23    36   828  -1833.33446   0.00202   0.00024
  24    35   840  -1833.33459   0.00180   0.00022
  25    33   825  -1833.33448   0.00183   0.00023
  26    32   832  -1833.33463   0.00173   0.00022
  27    31   837  -1833.33455   0.00165   0.00021
  28    30   840  -1833.33460   0.00176   0.00023
  29    28   812  -1833.33487   0.00187   0.00025
  30    28   840  -1833.33459   0.00172   0.00023
  31    27   837  -1833.33455   0.00166   0.00023
  32    26   832  -1833.33463   0.00195   0.00028
  33    25   825  -1833.33448   0.00171   0.00025
  34    24   816  -1833.33471   0.00195   0.00029
  35    24   840  -1833.33460   0.00156   0.00023
  36    23   828  -1833.33446   0.00185   0.00028
  37    22   814  -1833.33476   0.00187   0.00029
  38    22   836  -1833.33455   0.00161   0.00025
  39    21   819  -1833.33463   0.00208   0.00033
  40    21   840  -1833.33460   0.00164   0.00026
  41    20   820  -1833.33463   0.00168   0.00027
  42    20   840  -1833.33460   0.00197   0.00032
Fit (variance): plateau_var = 2.973e-06 ± 1.267e-07
Fit (error):    plateau = 0.00172 ± 0.00004
     autocorrelation length ~ 3.3 blocks
     plateau reached at block size ~ 15
nsample = 840, max_block_size = 42, min_nblocks = 20
Blk_SZ   NBlk   NSmp      Energy     Error    dError
     1    840    840    -0.12660   0.00006   0.00000
     2    420    840    -0.12660   0.00007   0.00000
     3    280    840    -0.12661   0.00007   0.00000
     4    210    840    -0.12661   0.00008   0.00000
     5    168    840    -0.12661   0.00008   0.00000
     6    140    840    -0.12661   0.00009   0.00001
     7    120    840    -0.12661   0.00009   0.00001
     8    105    840    -0.12661   0.00009   0.00001
     9     93    837    -0.12662   0.00009   0.00001
    10     84    840    -0.12662   0.00009   0.00001
    11     76    836    -0.12662   0.00010   0.00001
    12     70    840    -0.12662   0.00010   0.00001
    13     64    832    -0.12662   0.00011   0.00001
    14     60    840    -0.12662   0.00010   0.00001
    15     56    840    -0.12662   0.00011   0.00001
    16     52    832    -0.12662   0.00011   0.00001
    17     49    833    -0.12663   0.00011   0.00001
    18     46    828    -0.12663   0.00011   0.00001
    19     44    836    -0.12662   0.00011   0.00001
    20     42    840    -0.12662   0.00011   0.00001
    21     40    840    -0.12662   0.00010   0.00001
    22     38    836    -0.12663   0.00011   0.00001
    23     36    828    -0.12663   0.00012   0.00001
    24     35    840    -0.12662   0.00010   0.00001
    25     33    825    -0.12662   0.00012   0.00001
    26     32    832    -0.12663   0.00011   0.00001
    27     31    837    -0.12662   0.00011   0.00001
    28     30    840    -0.12662   0.00011   0.00001
    29     28    812    -0.12662   0.00013   0.00002
    30     28    840    -0.12662   0.00012   0.00002
    31     27    837    -0.12663   0.00012   0.00002
    32     26    832    -0.12663   0.00010   0.00001
    33     25    825    -0.12663   0.00012   0.00002
    34     24    816    -0.12662   0.00013   0.00002
    35     24    840    -0.12662   0.00012   0.00002
    36     23    828    -0.12663   0.00011   0.00002
    37     22    814    -0.12662   0.00011   0.00002
    38     22    836    -0.12663   0.00012   0.00002
    39     21    819    -0.12662   0.00012   0.00002
    40     21    840    -0.12662   0.00011   0.00002
    41     20    820    -0.12662   0.00011   0.00002
    42     20    840    -0.12662   0.00011   0.00002
Fit (variance): plateau_var = 1.26870e-08 ± 8.10984e-10
Fit (error):    plateau = 0.00011 ± 0.00000
     autocorrelation length ~ 7.9 blocks
     plateau reached at block size ~ 36
Final AFQMC/HF Guiding Energy:      -1833.3346 +/- 0.0017
Final AFQMC/pt2CCSD Orbital Energy: -0.12663 +/- 0.00011
<t1> = weightp/weight = 1.01415
Total run time: 833.42

AFQMC Sampling Finished

LNO-Integral time (s):    33.05
LNO-AFQMC time (s):       878.69


========================= LNO-FRAGMENT [C1] 2/(48,48) ==========================
Fragment Num.  2
Fragment Idx.  2
Fragment Name  C1
LNO THRESHOLD  [0.00030000000000000003, 3e-05]
PySCF Threads  12
LNO-LAS: 30/156 Occ | 122/636 Vir | 152/792 MOs
LNO-MP2 Fragment Energy:  -0.12030118
LNO-CCSD Fragment Energy: -0.11995591
LNO-CPU time (s):         89.44 (LAS 26.28 | MP2 6.88 | CCSD 56.28)
LNO-CPU wait time (s):    0.00 (100.0% hidden)
Find Density Fit Teonsers in MF object
Integrals will be built by DF Tensors
Calculating Effective Active Space One-electron Integrals
*** Correlation Space Size ***
N Occupied Orbitals: 30
N Active Orbitals:   152
Build effective h0 and h1 time: 53.153716 s
Composing CDERIs from DF
Build CDERI in cLAS time: 11.034254 s
Raw CDERI in LAS shape: (3912, 11628)
Compress CDERI 2 Chol: 1e-05
Compress CDERI time: 3.237727 s
Finished calculating Integrals
LAS Cholesky shape: (1264, 152, 152)
AFQMC script: /u/yzhang65/myprojects/software/afqmc/afqmc/lno_afqmc/script/run_lno_afqmc_pt2ccsd.py

LNO-AFQMC Started
Hostname:     gpue04.delta.ncsa.illinois.edu
System:       Linux
Node:         gpue04.delta.ncsa.illinois.edu
Release:      5.14.0-570.131.1.el9_6.x86_64
Machine:      x86_64
Processor:    x86_64
JAX backend:  GPU
JAX devices:  [CudaDevice(id=0)]
Device kind:  NVIDIA H200
Platform:     gpu

QMC Parameters
eql_time        -         30
n_prop_steps    -         50
n_blocks        -        840
n_walkers       -        300
max_memory      -     200000
mix_precision   -       True
seed            -       4158
walker_type     -        rhf
trial           -    pt2ccsd
max_error       -    7.2e-05
dt              -      0.005
n_exp_terms     -          6
n_batch         -          1
nchol_chunk     -        100
free_projection -      False

QMC System
Number of Occ. Orbitals:      30
Number of Act. Orbitals:      152
Number of Chol. Vectors:      1264
Mean-Field Energy:            -1832.00523770
Maximum memory per walker:            666.67 MB
Maximum number of Cholesky per chunk: 1891
Number of Cholesky chunks:            1
Number of Cholesky per chunk:         1264
Number of padding Cholesky:           0
Trial:   pt2ccsd(norb=152, nelec=(30, 30), n_batch=1, nchol_chunk=1264, mix_precision=True)
Sampler: sampler_pt2(n_prop_steps=50, n_blocks=840, n_chol=1264, frozen_vir=0)

Initalize QMC walkers by HF

Equilibration
Initial Orbital energy: -0.11996
inv_T  nodes      weight      energy     error   runTime
 0.00      0   300.00000  -1832.00417   0.00000     34.83
 3.00      0   307.14641  -1833.29383   0.02300     42.00
 6.00      0   301.59806  -1833.35183   0.02669     44.23
 9.00      0   299.92949  -1833.33497   0.02274     46.47
12.00      0   299.34558  -1833.38254   0.03030     48.71
15.00      0   299.22064  -1833.33761   0.02468     50.94
18.00      0   298.82367  -1833.34451   0.02422     53.17
21.00      0   298.89567  -1833.34396   0.02396     55.40
24.00      0   299.22861  -1833.31537   0.02185     57.64
27.00      0   298.86314  -1833.34342   0.02295     59.87
30.00      0   299.05137  -1833.34465   0.02694     62.10

Sampling Blocks
Target Final Error ~ 0.000072
   N  nodes      weight      E(Guide)     Error     weightp    E_frag     Error      Time
  20      0   299.21757   -1833.32751   0.00453   302.58532  -0.12592   0.00030     85.06
  40      0   298.71882   -1833.32796   0.00322   302.48370  -0.12604   0.00020    103.54
  60      0   298.36672   -1833.33052   0.00256   302.37088  -0.12629   0.00018    121.46
  80      0   298.99594   -1833.33246   0.00286   302.35159  -0.12635   0.00016    139.38
 100      0   298.66052   -1833.33172   0.00246   302.40423  -0.12636   0.00013    157.32
 120      0   299.31110   -1833.33014   0.00219   302.42275  -0.12640   0.00012    175.24
 140      0   298.32268   -1833.32691   0.00213   302.42054  -0.12634   0.00011    193.19
 160      0   298.21560   -1833.33042   0.00206   302.41650  -0.12634   0.00011    211.12
 180      0   298.33252   -1833.33055   0.00196   302.39143  -0.12630   0.00010    229.04
 200      0   298.90875   -1833.32889   0.00186   302.38003  -0.12615   0.00010    246.98
 220      0   299.69588   -1833.32890   0.00178   302.40063  -0.12618   0.00009    264.93
 240      0   299.38233   -1833.32851   0.00179   302.38038  -0.12621   0.00009    282.84
 260      0   298.37655   -1833.32851   0.00174   302.39991  -0.12624   0.00009    300.76
 280      0   297.71311   -1833.33019   0.00173   302.40789  -0.12627   0.00008    318.68
 300      0   298.15762   -1833.33062   0.00167   302.40768  -0.12625   0.00008    336.58
 320      0   298.60595   -1833.33118   0.00164   302.40316  -0.12622   0.00008    354.61
 340      0   298.66785   -1833.33053   0.00157   302.42252  -0.12621   0.00007    372.54
 360      0   298.33146   -1833.33034   0.00152   302.42774  -0.12621   0.00007    390.47
 380      0   297.78686   -1833.32956   0.00147   302.43101  -0.12619   0.00007    408.38
 400      0   299.61361   -1833.32886   0.00142   302.42923  -0.12615   0.00007    426.29
 420      0   297.23544   -1833.32822   0.00138   302.42937  -0.12614   0.00007    444.23
 440      0   299.91470   -1833.32766   0.00135   302.42697  -0.12614   0.00006    462.14
 460      0   299.10658   -1833.32795   0.00130   302.40798  -0.12612   0.00006    480.08
 480      0   298.14801   -1833.32809   0.00126   302.39100  -0.12611   0.00006    498.01
 500      0   298.78445   -1833.32852   0.00123   302.38731  -0.12612   0.00006    515.99
 520      0   299.41162   -1833.32801   0.00122   302.38315  -0.12613   0.00006    533.93
 540      0   298.67283   -1833.32735   0.00119   302.36961  -0.12612   0.00006    552.31
 560      0   299.80369   -1833.32679   0.00118   302.36180  -0.12613   0.00005    570.22

Post Propagation
Total number of samples 560
Remove Outliers
Remove samples outside Zeta > 30
Outlier bound [-0.16390, -0.08807]
Removed 0 Outliers
Outliers Energy []
nsample = 560, max_block_size = 28, min_nblocks = 20
   B    NB    NS  Observable     Error    dError
   1   560   560  -1833.32676   0.00118   0.00004
   2   280   560  -1833.32677   0.00150   0.00006
   3   186   558  -1833.32676   0.00172   0.00009
   4   140   560  -1833.32677   0.00177   0.00011
   5   112   560  -1833.32678   0.00187   0.00013
   6    93   558  -1833.32677   0.00190   0.00014
   7    80   560  -1833.32678   0.00194   0.00015
   8    70   560  -1833.32678   0.00200   0.00017
   9    62   558  -1833.32678   0.00212   0.00019
  10    56   560  -1833.32678   0.00219   0.00021
  11    50   550  -1833.32735   0.00219   0.00022
  12    46   552  -1833.32717   0.00221   0.00023
  13    43   559  -1833.32676   0.00233   0.00025
  14    40   560  -1833.32678   0.00225   0.00026
  15    37   555  -1833.32701   0.00224   0.00026
  16    35   560  -1833.32679   0.00218   0.00026
  17    32   544  -1833.32734   0.00212   0.00027
  18    31   558  -1833.32678   0.00244   0.00031
  19    29   551  -1833.32726   0.00221   0.00030
  20    28   560  -1833.32679   0.00228   0.00031
  21    26   546  -1833.32730   0.00244   0.00034
  22    25   550  -1833.32735   0.00229   0.00033
  23    24   552  -1833.32717   0.00258   0.00038
  24    23   552  -1833.32717   0.00234   0.00035
  25    22   550  -1833.32735   0.00241   0.00037
  26    21   546  -1833.32731   0.00253   0.00040
  27    20   540  -1833.32735   0.00240   0.00039
  28    20   560  -1833.32679   0.00270   0.00044
Fit (variance): plateau_var = 5.378e-06 ± 4.249e-07
Fit (error):    plateau = 0.00232 ± 0.00009
     autocorrelation length ~ 5.1 blocks
     plateau reached at block size ~ 23
nsample = 560, max_block_size = 28, min_nblocks = 20
Blk_SZ   NBlk   NSmp      Energy     Error    dError
     1    560    560    -0.12609   0.00005   0.00000
     2    280    560    -0.12610   0.00006   0.00000
     3    186    558    -0.12610   0.00007   0.00000
     4    140    560    -0.12611   0.00007   0.00000
     5    112    560    -0.12611   0.00007   0.00000
     6     93    558    -0.12611   0.00007   0.00001
     7     80    560    -0.12612   0.00007   0.00001
     8     70    560    -0.12611   0.00008   0.00001
     9     62    558    -0.12611   0.00007   0.00001
    10     56    560    -0.12612   0.00008   0.00001
    11     50    550    -0.12611   0.00008   0.00001
    12     46    552    -0.12612   0.00008   0.00001
    13     43    559    -0.12612   0.00008   0.00001
    14     40    560    -0.12612   0.00008   0.00001
    15     37    555    -0.12612   0.00007   0.00001
    16     35    560    -0.12612   0.00007   0.00001
    17     32    544    -0.12612   0.00008   0.00001
    18     31    558    -0.12612   0.00009   0.00001
    19     29    551    -0.12612   0.00008   0.00001
    20     28    560    -0.12612   0.00008   0.00001
    21     26    546    -0.12611   0.00008   0.00001
    22     25    550    -0.12612   0.00008   0.00001
    23     24    552    -0.12612   0.00008   0.00001
    24     23    552    -0.12612   0.00007   0.00001
    25     22    550    -0.12612   0.00010   0.00002
    26     21    546    -0.12612   0.00009   0.00001
    27     20    540    -0.12612   0.00008   0.00001
    28     20    560    -0.12612   0.00008   0.00001
Fit (variance): plateau_var = 6.25181e-09 ± 3.76893e-10
Fit (error):    plateau = 0.00008 ± 0.00000
     autocorrelation length ~ 3.0 blocks
     plateau reached at block size ~ 13
Final AFQMC/HF Guiding Energy:      -1833.3268 +/- 0.0023
Final AFQMC/pt2CCSD Orbital Energy: -0.12613 +/- 0.00008
<t1> = weightp/weight = 1.01298
Total run time: 571.71

AFQMC Sampling Finished

LNO-Integral time (s):    68.76
LNO-AFQMC time (s):       660.01


========================= LNO-FRAGMENT [C2] 3/(48,48) ==========================
Fragment Num.  3
Fragment Idx.  3
Fragment Name  C2
LNO THRESHOLD  [0.00030000000000000003, 3e-05]
PySCF Threads  12
LNO-LAS: 32/156 Occ | 123/636 Vir | 155/792 MOs
LNO-MP2 Fragment Energy:  -0.12095543
LNO-CCSD Fragment Energy: -0.12047348
LNO-CPU time (s):         104.02 (LAS 22.79 | MP2 7.67 | CCSD 73.56)
LNO-CPU wait time (s):    0.00 (100.0% hidden)
Find Density Fit Teonsers in MF object
Integrals will be built by DF Tensors
Calculating Effective Active Space One-electron Integrals
*** Correlation Space Size ***
N Occupied Orbitals: 32
N Active Orbitals:   155
Build effective h0 and h1 time: 19.599943 s
Composing CDERIs from DF
Build CDERI in cLAS time: 10.173462 s
Raw CDERI in LAS shape: (3912, 12090)
Compress CDERI 2 Chol: 1e-05
Compress CDERI time: 3.511282 s
Finished calculating Integrals
LAS Cholesky shape: (1303, 155, 155)
AFQMC script: /u/yzhang65/myprojects/software/afqmc/afqmc/lno_afqmc/script/run_lno_afqmc_pt2ccsd.py

LNO-AFQMC Started
Hostname:     gpue04.delta.ncsa.illinois.edu
System:       Linux
Node:         gpue04.delta.ncsa.illinois.edu
Release:      5.14.0-570.131.1.el9_6.x86_64
Machine:      x86_64
Processor:    x86_64
JAX backend:  GPU
JAX devices:  [CudaDevice(id=0)]
Device kind:  NVIDIA H200
Platform:     gpu

QMC Parameters
eql_time        -         30
n_prop_steps    -         50
n_blocks        -        840
n_walkers       -        300
max_memory      -     200000
mix_precision   -       True
seed            -        727
walker_type     -        rhf
trial           -    pt2ccsd
max_error       -    7.2e-05
dt              -      0.005
n_exp_terms     -          6
n_batch         -          1
nchol_chunk     -        100
free_projection -      False

QMC System
Number of Occ. Orbitals:      32
Number of Act. Orbitals:      155
Number of Chol. Vectors:      1303
Mean-Field Energy:            -1832.00523770
Maximum memory per walker:            666.67 MB
Maximum number of Cholesky per chunk: 1818
Number of Cholesky chunks:            1
Number of Cholesky per chunk:         1303
Number of padding Cholesky:           0
Trial:   pt2ccsd(norb=155, nelec=(32, 32), n_batch=1, nchol_chunk=1303, mix_precision=True)
Sampler: sampler_pt2(n_prop_steps=50, n_blocks=840, n_chol=1303, frozen_vir=0)

Initalize QMC walkers by HF

Equilibration
Initial Orbital energy: -0.12047
inv_T  nodes      weight      energy     error   runTime
 0.00      0   300.00000  -1832.00411   0.00000     24.64
 3.00      0   307.26530  -1833.36185   0.02261     31.13
 6.00      0   300.66155  -1833.34572   0.02288     33.65
 9.00      0   299.20075  -1833.31793   0.02312     36.18
12.00      0   298.46750  -1833.32955   0.02159     38.72
15.00      0   298.51415  -1833.36166   0.02349     41.24
18.00      0   298.74795  -1833.32188   0.02363     43.76
21.00      0   299.50488  -1833.38652   0.02703     46.28
24.00      0   297.42834  -1833.31697   0.02328     48.83
27.00      0   298.84714  -1833.32513   0.02472     51.35
30.00      0   299.17345  -1833.35538   0.02500     53.88

Sampling Blocks
Target Final Error ~ 0.000072
   N  nodes      weight      E(Guide)     Error     weightp    E_frag     Error      Time
  20      0   298.58544   -1833.34484   0.00503   302.49269  -0.12652   0.00030     80.40
  40      0   298.60643   -1833.35145   0.00445   302.69822  -0.12672   0.00025    102.30
  60      0   298.25365   -1833.35817   0.00363   302.58548  -0.12672   0.00018    123.76
  80      0   298.65763   -1833.35869   0.00314   302.61799  -0.12675   0.00015    145.21
 100      0   299.11511   -1833.35670   0.00283   302.65713  -0.12683   0.00013    166.69
 120      0   298.22849   -1833.35705   0.00255   302.67394  -0.12680   0.00012    188.16
 140      0   298.04831   -1833.35770   0.00225   302.69417  -0.12679   0.00011    209.63
 160      0   299.44955   -1833.35691   0.00207   302.66959  -0.12682   0.00010    231.09
 180      0   298.45440   -1833.35866   0.00197   302.65955  -0.12686   0.00009    252.56
 200      0   298.37961   -1833.35732   0.00195   302.64677  -0.12690   0.00009    274.04
 220      0   299.02227   -1833.35723   0.00184   302.67240  -0.12687   0.00009    295.49
 240      0   297.93748   -1833.35970   0.00180   302.66672  -0.12695   0.00009    316.96
 260      0   297.46235   -1833.36056   0.00171   302.63797  -0.12700   0.00009    338.43
 280      0   298.50684   -1833.36091   0.00163   302.65031  -0.12696   0.00008    359.88
 300      0   298.96430   -1833.35955   0.00160   302.64547  -0.12693   0.00008    381.55
 320      0   299.34548   -1833.35985   0.00152   302.64828  -0.12689   0.00008    402.97
 340      0   298.83116   -1833.35899   0.00149   302.61193  -0.12687   0.00007    424.43
 360      0   298.98410   -1833.35790   0.00146   302.59308  -0.12686   0.00007    445.87
 380      0   298.46339   -1833.35737   0.00143   302.59402  -0.12684   0.00007    467.28
 400      0   298.05694   -1833.35759   0.00138   302.58570  -0.12686   0.00007    488.70
 420      0   299.18720   -1833.35719   0.00134   302.58314  -0.12685   0.00006    510.16
 440      0   298.21164   -1833.35775   0.00131   302.57592  -0.12683   0.00006    531.65
 460      0   297.77539   -1833.35911   0.00138   302.56810  -0.12685   0.00006    553.08
 480      0   297.69781   -1833.35933   0.00135   302.58032  -0.12684   0.00006    574.84
 500      0   297.82143   -1833.36023   0.00137   302.57006  -0.12689   0.00007    597.01
 520      0   298.79717   -1833.35989   0.00133   302.57335  -0.12688   0.00007    621.49
 540      0   298.46302   -1833.36005   0.00130   302.56201  -0.12689   0.00007    644.77
 560      0   298.60846   -1833.36120   0.00130   302.56559  -0.12690   0.00007    666.23
 580      0   298.04900   -1833.36151   0.00127   302.57127  -0.12690   0.00007    687.67
 600      0   297.75052   -1833.36202   0.00125   302.56751  -0.12691   0.00006    709.15
 620      0   297.70566   -1833.36179   0.00123   302.57015  -0.12693   0.00006    730.61
 640      0   298.37120   -1833.36168   0.00120   302.57023  -0.12692   0.00006    752.09
 660      0   297.75261   -1833.36140   0.00118   302.56532  -0.12693   0.00006    773.57
 680      0   297.28523   -1833.36187   0.00115   302.56730  -0.12695   0.00006    795.05
 700      0   299.02847   -1833.36251   0.00118   302.56464  -0.12694   0.00006    816.49
 720      0   298.77926   -1833.36240   0.00117   302.55921  -0.12691   0.00006    837.94
 740      0   298.99044   -1833.36233   0.00115   302.56866  -0.12691   0.00006    859.42
 760      0   297.99986   -1833.36226   0.00114   302.57192  -0.12691   0.00006    880.89
 780      0   298.38821   -1833.36174   0.00112   302.57511  -0.12691   0.00006    902.39
 800      0   298.12547   -1833.36221   0.00111   302.57475  -0.12694   0.00006    923.88
 820      0   299.64931   -1833.36213   0.00108   302.57002  -0.12694   0.00006    945.34
 840      0   298.31901   -1833.36194   0.00106   302.57171  -0.12695   0.00005    966.81

Post Propagation
Total number of samples 840
Remove Outliers
Remove samples outside Zeta > 30
Outlier bound [-0.16165, -0.09172]
Removed 0 Outliers
Outliers Energy []
nsample = 840, max_block_size = 42, min_nblocks = 20
   B    NB    NS  Observable     Error    dError
   1   840   840  -1833.36191   0.00106   0.00003
   2   420   840  -1833.36191   0.00134   0.00005
   3   280   840  -1833.36192   0.00150   0.00006
   4   210   840  -1833.36192   0.00165   0.00008
   5   168   840  -1833.36192   0.00173   0.00009
   6   140   840  -1833.36192   0.00184   0.00011
   7   120   840  -1833.36193   0.00185   0.00012
   8   105   840  -1833.36193   0.00198   0.00014
   9    93   837  -1833.36200   0.00197   0.00015
  10    84   840  -1833.36193   0.00193   0.00015
  11    76   836  -1833.36198   0.00201   0.00016
  12    70   840  -1833.36193   0.00212   0.00018
  13    64   832  -1833.36206   0.00213   0.00019
  14    60   840  -1833.36193   0.00199   0.00018
  15    56   840  -1833.36193   0.00222   0.00021
  16    52   832  -1833.36206   0.00214   0.00021
  17    49   833  -1833.36206   0.00223   0.00023
  18    46   828  -1833.36213   0.00229   0.00024
  19    44   836  -1833.36198   0.00226   0.00024
  20    42   840  -1833.36194   0.00212   0.00023
  21    40   840  -1833.36194   0.00206   0.00023
  22    38   836  -1833.36198   0.00221   0.00026
  23    36   828  -1833.36214   0.00227   0.00027
  24    35   840  -1833.36194   0.00203   0.00025
  25    33   825  -1833.36218   0.00232   0.00029
  26    32   832  -1833.36207   0.00213   0.00027
  27    31   837  -1833.36201   0.00247   0.00032
  28    30   840  -1833.36194   0.00212   0.00028
  29    28   812  -1833.36205   0.00219   0.00030
  30    28   840  -1833.36194   0.00227   0.00031
  31    27   837  -1833.36201   0.00245   0.00034
  32    26   832  -1833.36207   0.00216   0.00031
  33    25   825  -1833.36218   0.00238   0.00034
  34    24   816  -1833.36208   0.00231   0.00034
  35    24   840  -1833.36194   0.00258   0.00038
  36    23   828  -1833.36214   0.00242   0.00037
  37    22   814  -1833.36209   0.00254   0.00039
  38    22   836  -1833.36198   0.00232   0.00036
  39    21   819  -1833.36210   0.00249   0.00039
  40    21   840  -1833.36194   0.00201   0.00032
  41    20   820  -1833.36213   0.00233   0.00038
  42    20   840  -1833.36194   0.00220   0.00036
Fit (variance): plateau_var = 4.978e-06 ± 2.665e-07
Fit (error):    plateau = 0.00223 ± 0.00006
     autocorrelation length ~ 5.9 blocks
     plateau reached at block size ~ 27
nsample = 840, max_block_size = 42, min_nblocks = 20
Blk_SZ   NBlk   NSmp      Energy     Error    dError
     1    840    840    -0.12691   0.00005   0.00000
     2    420    840    -0.12691   0.00007   0.00000
     3    280    840    -0.12692   0.00007   0.00000
     4    210    840    -0.12692   0.00008   0.00000
     5    168    840    -0.12692   0.00008   0.00000
     6    140    840    -0.12693   0.00008   0.00000
     7    120    840    -0.12693   0.00008   0.00000
     8    105    840    -0.12693   0.00008   0.00001
     9     93    837    -0.12693   0.00008   0.00001
    10     84    840    -0.12693   0.00008   0.00001
    11     76    836    -0.12693   0.00008   0.00001
    12     70    840    -0.12693   0.00008   0.00001
    13     64    832    -0.12693   0.00007   0.00001
    14     60    840    -0.12693   0.00008   0.00001
    15     56    840    -0.12693   0.00008   0.00001
    16     52    832    -0.12693   0.00008   0.00001
    17     49    833    -0.12694   0.00009   0.00001
    18     46    828    -0.12693   0.00009   0.00001
    19     44    836    -0.12694   0.00008   0.00001
    20     42    840    -0.12694   0.00007   0.00001
    21     40    840    -0.12694   0.00008   0.00001
    22     38    836    -0.12694   0.00008   0.00001
    23     36    828    -0.12694   0.00008   0.00001
    24     35    840    -0.12694   0.00008   0.00001
    25     33    825    -0.12693   0.00008   0.00001
    26     32    832    -0.12694   0.00008   0.00001
    27     31    837    -0.12694   0.00009   0.00001
    28     30    840    -0.12694   0.00008   0.00001
    29     28    812    -0.12693   0.00008   0.00001
    30     28    840    -0.12694   0.00007   0.00001
    31     27    837    -0.12694   0.00009   0.00001
    32     26    832    -0.12694   0.00008   0.00001
    33     25    825    -0.12694   0.00008   0.00001
    34     24    816    -0.12693   0.00008   0.00001
    35     24    840    -0.12694   0.00009   0.00001
    36     23    828    -0.12694   0.00009   0.00001
    37     22    814    -0.12693   0.00008   0.00001
    38     22    836    -0.12694   0.00008   0.00001
    39     21    819    -0.12693   0.00006   0.00001
    40     21    840    -0.12694   0.00007   0.00001
    41     20    820    -0.12693   0.00010   0.00002
    42     20    840    -0.12694   0.00008   0.00001
Fit (variance): plateau_var = 6.26044e-09 ± 2.24719e-10
Fit (error):    plateau = 0.00008 ± 0.00000
     autocorrelation length ~ 1.6 blocks
     plateau reached at block size ~ 8
Final AFQMC/HF Guiding Energy:      -1833.3619 +/- 0.0022
Final AFQMC/pt2CCSD Orbital Energy: -0.12695 +/- 0.00008
<t1> = weightp/weight = 1.01397
Total run time: 969.22

AFQMC Sampling Finished

LNO-Integral time (s):    34.86
LNO-AFQMC time (s):       1040.96


========================= LNO-FRAGMENT [C3] 4/(48,48) ==========================
Fragment Num.  4
Fragment Idx.  4
Fragment Name  C3
LNO THRESHOLD  [0.00030000000000000003, 3e-05]
PySCF Threads  12
LNO-LAS: 30/156 Occ | 122/636 Vir | 152/792 MOs
LNO-MP2 Fragment Energy:  -0.12030118
LNO-CCSD Fragment Energy: -0.11995591
LNO-CPU time (s):         113.77 (LAS 26.30 | MP2 28.31 | CCSD 59.16)
LNO-CPU wait time (s):    0.00 (100.0% hidden)
Find Density Fit Teonsers in MF object
Integrals will be built by DF Tensors
Calculating Effective Active Space One-electron Integrals
*** Correlation Space Size ***
N Occupied Orbitals: 30
N Active Orbitals:   152
Build effective h0 and h1 time: 51.641603 s
Composing CDERIs from DF
Build CDERI in cLAS time: 9.981816 s
Raw CDERI in LAS shape: (3912, 11628)
Compress CDERI 2 Chol: 1e-05
Compress CDERI time: 3.414439 s
Finished calculating Integrals
LAS Cholesky shape: (1264, 152, 152)
AFQMC script: /u/yzhang65/myprojects/software/afqmc/afqmc/lno_afqmc/script/run_lno_afqmc_pt2ccsd.py

LNO-AFQMC Started
Hostname:     gpue04.delta.ncsa.illinois.edu
System:       Linux
Node:         gpue04.delta.ncsa.illinois.edu
Release:      5.14.0-570.131.1.el9_6.x86_64
Machine:      x86_64
Processor:    x86_64
JAX backend:  GPU
JAX devices:  [CudaDevice(id=0)]
Device kind:  NVIDIA H200
Platform:     gpu

QMC Parameters
eql_time        -         30
n_prop_steps    -         50
n_blocks        -        840
n_walkers       -        300
max_memory      -     200000
mix_precision   -       True
seed            -       1752
walker_type     -        rhf
trial           -    pt2ccsd
max_error       -    7.2e-05
dt              -      0.005
n_exp_terms     -          6
n_batch         -          1
nchol_chunk     -        100
free_projection -      False

QMC System
Number of Occ. Orbitals:      30
Number of Act. Orbitals:      152
Number of Chol. Vectors:      1264
Mean-Field Energy:            -1832.00523770
Maximum memory per walker:            666.67 MB
Maximum number of Cholesky per chunk: 1891
Number of Cholesky chunks:            1
Number of Cholesky per chunk:         1264
Number of padding Cholesky:           0
Trial:   pt2ccsd(norb=152, nelec=(30, 30), n_batch=1, nchol_chunk=1264, mix_precision=True)
Sampler: sampler_pt2(n_prop_steps=50, n_blocks=840, n_chol=1264, frozen_vir=0)

Initalize QMC walkers by HF

Equilibration
Initial Orbital energy: -0.11996
inv_T  nodes      weight      energy     error   runTime
 0.00      0   300.00000  -1832.00417   0.00000     27.96
 3.00      0   306.73320  -1833.31959   0.02576     35.14
 6.00      0   301.14976  -1833.30823   0.02434     37.38
 9.00      0   299.78697  -1833.31553   0.02484     39.61
12.00      0   297.90718  -1833.28721   0.02382     41.85
15.00      0   299.04520  -1833.32058   0.02454     44.32
18.00      0   297.88743  -1833.28676   0.02303     46.53
21.00      0   298.31251  -1833.33057   0.02452     48.75
24.00      0   297.95060  -1833.29272   0.02492     50.97
27.00      0   297.92476  -1833.37602   0.03470     53.19
30.00      0   298.27728  -1833.31838   0.02458     55.42

Sampling Blocks
Target Final Error ~ 0.000072
   N  nodes      weight      E(Guide)     Error     weightp    E_frag     Error      Time
  20      0   298.88177   -1833.33075   0.00659   302.59938  -0.12656   0.00027     78.35
  40      0   299.27769   -1833.33538   0.00479   302.45934  -0.12650   0.00022     96.48
  60      0   298.55697   -1833.33101   0.00391   302.26917  -0.12624   0.00017    114.39
  80      0   298.05779   -1833.32891   0.00321   302.22174  -0.12615   0.00014    132.30
 100      0   299.71469   -1833.32770   0.00271   302.27597  -0.12613   0.00012    150.20
 120      0   298.12838   -1833.32697   0.00250   302.28594  -0.12618   0.00011    168.10
 140      0   298.34890   -1833.32356   0.00245   302.30736  -0.12619   0.00010    185.99
 160      0   297.85935   -1833.32290   0.00222   302.34943  -0.12622   0.00010    203.89
 180      0   299.22471   -1833.32070   0.00212   302.38364  -0.12618   0.00009    221.81
 200      0   299.24783   -1833.32529   0.00224   302.40669  -0.12636   0.00010    239.74
 220      0   298.36936   -1833.32667   0.00211   302.39882  -0.12633   0.00009    257.65
 240      0   297.65495   -1833.32680   0.00204   302.35670  -0.12642   0.00010    275.54
 260      0   298.70047   -1833.32644   0.00192   302.35903  -0.12638   0.00009    293.45
 280      0   299.38304   -1833.32699   0.00183   302.37174  -0.12638   0.00009    311.35
 300      0   298.54814   -1833.32733   0.00176   302.38984  -0.12638   0.00009    329.28
 320      0   298.66166   -1833.32829   0.00171   302.40974  -0.12640   0.00008    347.23
 340      0   298.51275   -1833.32828   0.00162   302.42205  -0.12639   0.00008    365.12
 360      0   298.05466   -1833.32894   0.00156   302.43729  -0.12641   0.00008    383.03
 380      0   299.08944   -1833.32900   0.00151   302.41919  -0.12641   0.00008    400.94
 400      0   298.02273   -1833.32910   0.00146   302.40116  -0.12640   0.00007    418.85
 420      0   298.10375   -1833.32980   0.00142   302.40105  -0.12638   0.00007    436.76
 440      0   299.10955   -1833.32950   0.00139   302.38695  -0.12635   0.00007    454.66
 460      0   298.41975   -1833.32880   0.00138   302.38156  -0.12634   0.00007    472.60
 480      0   298.96366   -1833.32911   0.00133   302.38803  -0.12634   0.00007    490.49
 500      0   299.11872   -1833.32879   0.00129   302.38875  -0.12635   0.00006    508.41
 520      0   298.02307   -1833.32856   0.00126   302.38253  -0.12632   0.00006    526.31
 540      0   297.86938   -1833.32851   0.00124   302.37636  -0.12630   0.00006    544.27
 560      0   298.55113   -1833.32897   0.00122   302.38674  -0.12628   0.00006    562.34
 580      0   298.40231   -1833.32892   0.00119   302.37993  -0.12630   0.00006    580.24
 600      0   298.49690   -1833.32872   0.00117   302.37230  -0.12630   0.00006    598.15
 620      0   297.52246   -1833.32871   0.00114   302.36812  -0.12632   0.00006    616.06
 640      0   298.99878   -1833.32886   0.00111   302.37116  -0.12633   0.00006    639.97
 660      0   298.54252   -1833.32850   0.00109   302.36681  -0.12632   0.00006    657.87
 680      0   298.59971   -1833.32839   0.00108   302.37273  -0.12629   0.00006    675.79
 700      0   298.49228   -1833.32789   0.00106   302.36790  -0.12628   0.00005    693.71

Post Propagation
Total number of samples 700
Remove Outliers
Remove samples outside Zeta > 30
Outlier bound [-0.15986, -0.09225]
Removed 0 Outliers
Outliers Energy []
nsample = 700, max_block_size = 35, min_nblocks = 20
   B    NB    NS  Observable     Error    dError
   1   700   700  -1833.32787   0.00106   0.00003
   2   350   700  -1833.32787   0.00135   0.00005
   3   233   699  -1833.32780   0.00147   0.00007
   4   175   700  -1833.32788   0.00157   0.00008
   5   140   700  -1833.32788   0.00168   0.00010
   6   116   696  -1833.32788   0.00174   0.00011
   7   100   700  -1833.32789   0.00171   0.00012
   8    87   696  -1833.32788   0.00178   0.00014
   9    77   693  -1833.32797   0.00168   0.00014
  10    70   700  -1833.32789   0.00176   0.00015
  11    63   693  -1833.32797   0.00177   0.00016
  12    58   696  -1833.32789   0.00193   0.00018
  13    53   689  -1833.32813   0.00194   0.00019
  14    50   700  -1833.32789   0.00210   0.00021
  15    46   690  -1833.32805   0.00200   0.00021
  16    43   688  -1833.32820   0.00187   0.00020
  17    41   697  -1833.32783   0.00182   0.00020
  18    38   684  -1833.32828   0.00204   0.00024
  19    36   684  -1833.32828   0.00177   0.00021
  20    35   700  -1833.32789   0.00205   0.00025
  21    33   693  -1833.32797   0.00191   0.00024
  22    31   682  -1833.32836   0.00192   0.00025
  23    30   690  -1833.32805   0.00222   0.00029
  24    29   696  -1833.32789   0.00187   0.00025
  25    28   700  -1833.32789   0.00196   0.00027
  26    26   676  -1833.32845   0.00226   0.00032
  27    25   675  -1833.32850   0.00197   0.00028
  28    25   700  -1833.32789   0.00183   0.00026
  29    24   696  -1833.32789   0.00199   0.00029
  30    23   690  -1833.32805   0.00225   0.00034
  31    22   682  -1833.32836   0.00204   0.00031
  32    21   672  -1833.32861   0.00167   0.00026
  33    21   693  -1833.32797   0.00192   0.00030
  34    20   680  -1833.32839   0.00181   0.00029
  35    20   700  -1833.32789   0.00215   0.00035
Fit (variance): plateau_var = 3.648e-06 ± 1.964e-07
Fit (error):    plateau = 0.00191 ± 0.00005
     autocorrelation length ~ 3.8 blocks
     plateau reached at block size ~ 18
nsample = 700, max_block_size = 35, min_nblocks = 20
Blk_SZ   NBlk   NSmp      Energy     Error    dError
     1    700    700    -0.12624   0.00005   0.00000
     2    350    700    -0.12625   0.00006   0.00000
     3    233    699    -0.12626   0.00007   0.00000
     4    175    700    -0.12626   0.00007   0.00000
     5    140    700    -0.12626   0.00008   0.00000
     6    116    696    -0.12626   0.00009   0.00001
     7    100    700    -0.12626   0.00008   0.00001
     8     87    696    -0.12626   0.00009   0.00001
     9     77    693    -0.12627   0.00008   0.00001
    10     70    700    -0.12627   0.00008   0.00001
    11     63    693    -0.12627   0.00008   0.00001
    12     58    696    -0.12626   0.00009   0.00001
    13     53    689    -0.12628   0.00009   0.00001
    14     50    700    -0.12627   0.00009   0.00001
    15     46    690    -0.12628   0.00009   0.00001
    16     43    688    -0.12628   0.00009   0.00001
    17     41    697    -0.12627   0.00008   0.00001
    18     38    684    -0.12628   0.00009   0.00001
    19     36    684    -0.12628   0.00008   0.00001
    20     35    700    -0.12627   0.00009   0.00001
    21     33    693    -0.12628   0.00007   0.00001
    22     31    682    -0.12628   0.00009   0.00001
    23     30    690    -0.12628   0.00008   0.00001
    24     29    696    -0.12627   0.00008   0.00001
    25     28    700    -0.12627   0.00008   0.00001
    26     26    676    -0.12629   0.00009   0.00001
    27     25    675    -0.12629   0.00007   0.00001
    28     25    700    -0.12627   0.00008   0.00001
    29     24    696    -0.12627   0.00009   0.00001
    30     23    690    -0.12628   0.00008   0.00001
    31     22    682    -0.12629   0.00008   0.00001
    32     21    672    -0.12630   0.00008   0.00001
    33     21    693    -0.12628   0.00008   0.00001
    34     20    680    -0.12629   0.00008   0.00001
    35     20    700    -0.12627   0.00009   0.00001
Fit (variance): plateau_var = 6.80129e-09 ± 3.03449e-10
Fit (error):    plateau = 0.00008 ± 0.00000
     autocorrelation length ~ 2.3 blocks
     plateau reached at block size ~ 11
Final AFQMC/HF Guiding Energy:      -1833.3279 +/- 0.0019
Final AFQMC/pt2CCSD Orbital Energy: -0.12628 +/- 0.00008
<t1> = weightp/weight = 1.01302
Total run time: 695.52

AFQMC Sampling Finished

LNO-Integral time (s):    66.04
LNO-AFQMC time (s):       778.76


========================= LNO-FRAGMENT [C4] 5/(48,48) ==========================
Fragment Num.  5
Fragment Idx.  5
Fragment Name  C4
LNO THRESHOLD  [0.00030000000000000003, 3e-05]
PySCF Threads  12
LNO-LAS: 30/156 Occ | 122/636 Vir | 152/792 MOs
LNO-MP2 Fragment Energy:  -0.12057678
LNO-CCSD Fragment Energy: -0.12020396
LNO-CPU time (s):         92.18 (LAS 29.38 | MP2 7.83 | CCSD 54.96)
LNO-CPU wait time (s):    0.00 (100.0% hidden)
Find Density Fit Teonsers in MF object
Integrals will be built by DF Tensors
Calculating Effective Active Space One-electron Integrals
*** Correlation Space Size ***
N Occupied Orbitals: 30
N Active Orbitals:   152
Build effective h0 and h1 time: 43.855004 s
Composing CDERIs from DF
Build CDERI in cLAS time: 11.043759 s
Raw CDERI in LAS shape: (3912, 11628)
Compress CDERI 2 Chol: 1e-05
Compress CDERI time: 3.283160 s
Finished calculating Integrals
LAS Cholesky shape: (1253, 152, 152)
AFQMC script: /u/yzhang65/myprojects/software/afqmc/afqmc/lno_afqmc/script/run_lno_afqmc_pt2ccsd.py

LNO-AFQMC Started
Hostname:     gpue04.delta.ncsa.illinois.edu
System:       Linux
Node:         gpue04.delta.ncsa.illinois.edu
Release:      5.14.0-570.131.1.el9_6.x86_64
Machine:      x86_64
Processor:    x86_64
JAX backend:  GPU
JAX devices:  [CudaDevice(id=0)]
Device kind:  NVIDIA H200
Platform:     gpu

QMC Parameters
eql_time        -         30
n_prop_steps    -         50
n_blocks        -        840
n_walkers       -        300
max_memory      -     200000
mix_precision   -       True
seed            -       4155
walker_type     -        rhf
trial           -    pt2ccsd
max_error       -    7.2e-05
dt              -      0.005
n_exp_terms     -          6
n_batch         -          1
nchol_chunk     -        100
free_projection -      False

QMC System
Number of Occ. Orbitals:      30
Number of Act. Orbitals:      152
Number of Chol. Vectors:      1253
Mean-Field Energy:            -1832.00523770
Maximum memory per walker:            666.67 MB
Maximum number of Cholesky per chunk: 1891
Number of Cholesky chunks:            1
Number of Cholesky per chunk:         1253
Number of padding Cholesky:           0
Trial:   pt2ccsd(norb=152, nelec=(30, 30), n_batch=1, nchol_chunk=1253, mix_precision=True)
Sampler: sampler_pt2(n_prop_steps=50, n_blocks=840, n_chol=1253, frozen_vir=0)

Initalize QMC walkers by HF

Equilibration
Initial Orbital energy: -0.12020
inv_T  nodes      weight      energy     error   runTime
 0.00      0   300.00000  -1832.00413   0.00000     35.55
 3.00      0   307.83501  -1833.36751   0.02497     43.08
 6.00      0   300.28701  -1833.27806   0.02535     45.34
 9.00      0   299.32568  -1833.33491   0.02346     47.60
12.00      0   299.28111  -1833.31920   0.02262     49.86
15.00      0   298.70321  -1833.37613   0.02700     52.13
18.00      0   298.76770  -1833.35377   0.02428     54.39
21.00      0   298.01332  -1833.33920   0.02491     56.66
24.00      0   298.00670  -1833.31486   0.02642     58.93
27.00      0   298.75122  -1833.32657   0.02316     61.19
30.00      0   298.33760  -1833.33030   0.02238     63.46

Sampling Blocks
Target Final Error ~ 0.000072
   N  nodes      weight      E(Guide)     Error     weightp    E_frag     Error      Time
  20      0   298.52808   -1833.31238   0.00555   302.65990  -0.12571   0.00022     86.42
  40      0   298.15112   -1833.32940   0.00480   302.58359  -0.12622   0.00020    104.63
  60      0   299.31236   -1833.32494   0.00382   302.55573  -0.12630   0.00018    122.49
  80      0   298.87217   -1833.32204   0.00320   302.52334  -0.12632   0.00015    140.37
 100      0   298.37527   -1833.32487   0.00282   302.53886  -0.12640   0.00013    158.24
 120      0   299.42671   -1833.32272   0.00251   302.49827  -0.12638   0.00011    176.11
 140      0   297.99050   -1833.32225   0.00224   302.52025  -0.12637   0.00010    193.97
 160      0   298.52798   -1833.32114   0.00211   302.55431  -0.12637   0.00009    211.83
 180      0   297.98967   -1833.32108   0.00196   302.58994  -0.12640   0.00009    229.70
 200      0   298.27604   -1833.32297   0.00186   302.61536  -0.12642   0.00009    247.59
 220      0   298.71234   -1833.32487   0.00183   302.61255  -0.12651   0.00009    265.47
 240      0   298.60774   -1833.32526   0.00170   302.59607  -0.12650   0.00008    283.35
 260      0   299.45099   -1833.32630   0.00168   302.57547  -0.12654   0.00008    301.22
 280      0   297.83456   -1833.32592   0.00159   302.56712  -0.12652   0.00008    319.10
 300      0   298.77117   -1833.32635   0.00153   302.57523  -0.12653   0.00007    336.97
 320      0   297.44118   -1833.32684   0.00146   302.58929  -0.12655   0.00007    354.84
 340      0   297.48828   -1833.32761   0.00144   302.60462  -0.12651   0.00007    372.71
 360      0   298.71039   -1833.32688   0.00141   302.61233  -0.12648   0.00007    390.57
 380      0   299.49425   -1833.32722   0.00136   302.61863  -0.12649   0.00006    408.43
 400      0   298.41737   -1833.32816   0.00133   302.59815  -0.12651   0.00006    426.30
 420      0   298.12408   -1833.32846   0.00129   302.58077  -0.12651   0.00006    444.17
 440      0   298.93459   -1833.32869   0.00127   302.57993  -0.12651   0.00006    462.05
 460      0   298.53130   -1833.32883   0.00123   302.59530  -0.12650   0.00006    479.95
 480      0   298.85441   -1833.32933   0.00121   302.60012  -0.12650   0.00006    497.87
 500      0   298.58304   -1833.32982   0.00121   302.60580  -0.12646   0.00005    515.77
 520      0   298.67259   -1833.33064   0.00119   302.61803  -0.12647   0.00005    533.72

Post Propagation
Total number of samples 520
Remove Outliers
Remove samples outside Zeta > 30
Outlier bound [-0.15822, -0.09439]
Removed 0 Outliers
Outliers Energy []
nsample = 520, max_block_size = 26, min_nblocks = 20
   B    NB    NS  Observable     Error    dError
   1   520   520  -1833.33061   0.00119   0.00004
   2   260   520  -1833.33062   0.00150   0.00007
   3   173   519  -1833.33052   0.00169   0.00009
   4   130   520  -1833.33063   0.00186   0.00012
   5   104   520  -1833.33063   0.00196   0.00014
   6    86   516  -1833.33043   0.00194   0.00015
   7    74   518  -1833.33044   0.00212   0.00018
   8    65   520  -1833.33063   0.00208   0.00018
   9    57   513  -1833.33037   0.00205   0.00019
  10    52   520  -1833.33063   0.00220   0.00022
  11    47   517  -1833.33044   0.00209   0.00022
  12    43   516  -1833.33044   0.00229   0.00025
  13    40   520  -1833.33063   0.00236   0.00027
  14    37   518  -1833.33045   0.00227   0.00027
  15    34   510  -1833.33016   0.00200   0.00025
  16    32   512  -1833.33037   0.00218   0.00028
  17    30   510  -1833.33016   0.00242   0.00032
  18    28   504  -1833.33000   0.00221   0.00030
  19    27   513  -1833.33037   0.00247   0.00034
  20    26   520  -1833.33064   0.00238   0.00034
  21    24   504  -1833.33000   0.00256   0.00038
  22    23   506  -1833.32997   0.00206   0.00031
  23    22   506  -1833.32998   0.00218   0.00034
  24    21   504  -1833.33000   0.00237   0.00037
  25    20   500  -1833.32982   0.00207   0.00034
  26    20   520  -1833.33064   0.00247   0.00040
Fit (variance): plateau_var = 5.027e-06 ± 3.612e-07
Fit (error):    plateau = 0.00224 ± 0.00008
     autocorrelation length ~ 3.9 blocks
     plateau reached at block size ~ 18
nsample = 520, max_block_size = 26, min_nblocks = 20
Blk_SZ   NBlk   NSmp      Energy     Error    dError
     1    520    520    -0.12644   0.00005   0.00000
     2    260    520    -0.12644   0.00006   0.00000
     3    173    519    -0.12645   0.00007   0.00000
     4    130    520    -0.12645   0.00007   0.00000
     5    104    520    -0.12645   0.00007   0.00000
     6     86    516    -0.12646   0.00007   0.00001
     7     74    518    -0.12646   0.00007   0.00001
     8     65    520    -0.12646   0.00007   0.00001
     9     57    513    -0.12646   0.00007   0.00001
    10     52    520    -0.12646   0.00007   0.00001
    11     47    517    -0.12647   0.00008   0.00001
    12     43    516    -0.12647   0.00007   0.00001
    13     40    520    -0.12646   0.00007   0.00001
    14     37    518    -0.12647   0.00006   0.00001
    15     34    510    -0.12647   0.00007   0.00001
    16     32    512    -0.12647   0.00007   0.00001
    17     30    510    -0.12647   0.00007   0.00001
    18     28    504    -0.12646   0.00007   0.00001
    19     27    513    -0.12646   0.00007   0.00001
    20     26    520    -0.12646   0.00008   0.00001
    21     24    504    -0.12645   0.00007   0.00001
    22     23    506    -0.12646   0.00007   0.00001
    23     22    506    -0.12646   0.00007   0.00001
    24     21    504    -0.12646   0.00008   0.00001
    25     20    500    -0.12646   0.00008   0.00001
    26     20    520    -0.12646   0.00007   0.00001
Fit (variance): plateau_var = 4.82553e-09 ± 2.52629e-10
Fit (error):    plateau = 0.00007 ± 0.00000
     autocorrelation length ~ 1.6 blocks
     plateau reached at block size ~ 7
Final AFQMC/HF Guiding Energy:      -1833.3306 +/- 0.0022
Final AFQMC/pt2CCSD Orbital Energy: -0.12647 +/- 0.00007
<t1> = weightp/weight = 1.01391
Total run time: 533.73

AFQMC Sampling Finished

LNO-Integral time (s):    59.52
LNO-AFQMC time (s):       596.04


========================= LNO-FRAGMENT [C5] 6/(48,48) ==========================
Fragment Num.  6
Fragment Idx.  6
Fragment Name  C5
LNO THRESHOLD  [0.00030000000000000003, 3e-05]
PySCF Threads  12
LNO-LAS: 30/156 Occ | 121/636 Vir | 151/792 MOs
LNO-MP2 Fragment Energy:  -0.12022599
LNO-CCSD Fragment Energy: -0.11989480
LNO-CPU time (s):         110.42 (LAS 28.02 | MP2 25.12 | CCSD 57.28)
LNO-CPU wait time (s):    0.00 (100.0% hidden)
Find Density Fit Teonsers in MF object
Integrals will be built by DF Tensors
Calculating Effective Active Space One-electron Integrals
*** Correlation Space Size ***
N Occupied Orbitals: 30
N Active Orbitals:   151
Build effective h0 and h1 time: 18.907714 s
Composing CDERIs from DF
Build CDERI in cLAS time: 7.525982 s
Raw CDERI in LAS shape: (3912, 11476)
Compress CDERI 2 Chol: 1e-05
Compress CDERI time: 3.512818 s
Finished calculating Integrals
LAS Cholesky shape: (1241, 151, 151)
AFQMC script: /u/yzhang65/myprojects/software/afqmc/afqmc/lno_afqmc/script/run_lno_afqmc_pt2ccsd.py

LNO-AFQMC Started
Hostname:     gpue04.delta.ncsa.illinois.edu
System:       Linux
Node:         gpue04.delta.ncsa.illinois.edu
Release:      5.14.0-570.131.1.el9_6.x86_64
Machine:      x86_64
Processor:    x86_64
JAX backend:  GPU
JAX devices:  [CudaDevice(id=0)]
Device kind:  NVIDIA H200
Platform:     gpu

QMC Parameters
eql_time        -         30
n_prop_steps    -         50
n_blocks        -        840
n_walkers       -        300
max_memory      -     200000
mix_precision   -       True
seed            -        687
walker_type     -        rhf
trial           -    pt2ccsd
max_error       -    7.2e-05
dt              -      0.005
n_exp_terms     -          6
n_batch         -          1
nchol_chunk     -        100
free_projection -      False

QMC System
Number of Occ. Orbitals:      30
Number of Act. Orbitals:      151
Number of Chol. Vectors:      1241
Mean-Field Energy:            -1832.00523770
Maximum memory per walker:            666.67 MB
Maximum number of Cholesky per chunk: 1916
Number of Cholesky chunks:            1
Number of Cholesky per chunk:         1241
Number of padding Cholesky:           0
Trial:   pt2ccsd(norb=151, nelec=(30, 30), n_batch=1, nchol_chunk=1241, mix_precision=True)
Sampler: sampler_pt2(n_prop_steps=50, n_blocks=840, n_chol=1241, frozen_vir=0)

Initalize QMC walkers by HF

Equilibration
Initial Orbital energy: -0.11990
inv_T  nodes      weight      energy     error   runTime
 0.00      0   300.00000  -1832.00424   0.00000     27.27
 3.00      0   306.04313  -1833.28313   0.02090     33.64
 6.00      0   300.92123  -1833.31850   0.02543     35.96
 9.00      0   300.27143  -1833.33851   0.02417     38.28
12.00      0   298.76158  -1833.34025   0.02508     40.61
15.00      0   298.76746  -1833.33068   0.02296     42.93
18.00      0   299.24600  -1833.33916   0.02363     45.26
21.00      0   298.98034  -1833.32322   0.02458     47.58
24.00      0   298.75113  -1833.33917   0.02841     49.91
27.00      0   297.49743  -1833.34083   0.02485     52.23
30.00      0   299.45471  -1833.33593   0.02370     54.55

Sampling Blocks
Target Final Error ~ 0.000072
   N  nodes      weight      E(Guide)     Error     weightp    E_frag     Error      Time
  20      0   297.83503   -1833.32723   0.00444   302.53568  -0.12595   0.00026     78.12
  40      0   298.52989   -1833.32774   0.00369   302.57659  -0.12600   0.00018     96.87
  60      0   298.34514   -1833.32822   0.00296   302.64336  -0.12587   0.00014    115.40
  80      0   298.26132   -1833.32798   0.00271   302.54293  -0.12607   0.00013    133.91
 100      0   299.21902   -1833.32536   0.00251   302.49656  -0.12603   0.00011    152.45
 120      0   297.41526   -1833.32434   0.00230   302.47168  -0.12603   0.00010    170.98
 140      0   298.97167   -1833.32766   0.00241   302.43805  -0.12620   0.00010    189.52
 160      0   298.12133   -1833.32852   0.00225   302.42151  -0.12619   0.00010    208.05
 180      0   298.02647   -1833.32732   0.00212   302.37992  -0.12616   0.00009    226.59
 200      0   297.84536   -1833.32710   0.00199   302.40210  -0.12621   0.00010    245.11
 220      0   297.81002   -1833.32653   0.00188   302.42681  -0.12615   0.00009    263.62
 240      0   298.86256   -1833.32666   0.00177   302.43881  -0.12615   0.00009    282.15
 260      0   298.03623   -1833.32682   0.00166   302.41802  -0.12621   0.00008    300.67
 280      0   298.59833   -1833.32727   0.00158   302.41919  -0.12619   0.00008    319.16
 300      0   297.99789   -1833.32725   0.00153   302.41567  -0.12616   0.00008    337.68
 320      0   299.35202   -1833.32662   0.00146   302.42651  -0.12615   0.00007    356.20
 340      0   299.90300   -1833.32503   0.00146   302.44375  -0.12614   0.00007    374.72
 360      0   299.48975   -1833.32603   0.00144   302.48686  -0.12617   0.00007    393.22
 380      0   297.62548   -1833.32594   0.00139   302.47773  -0.12617   0.00007    411.71
 400      0   297.71994   -1833.32550   0.00138   302.48875  -0.12620   0.00007    430.21
 420      0   299.20014   -1833.32546   0.00133   302.51300  -0.12616   0.00006    448.71
 440      0   298.27069   -1833.32572   0.00130   302.49197  -0.12615   0.00006    467.23
 460      0   298.56617   -1833.32620   0.00126   302.48238  -0.12619   0.00006    485.73
 480      0   298.24136   -1833.32662   0.00125   302.47219  -0.12617   0.00006    504.24
 500      0   298.86989   -1833.32632   0.00122   302.47789  -0.12622   0.00006    522.73
 520      0   297.91814   -1833.32628   0.00119   302.46920  -0.12621   0.00006    541.26
 540      0   298.75348   -1833.32631   0.00115   302.45924  -0.12621   0.00006    559.78
 560      0   298.76303   -1833.32674   0.00114   302.44767  -0.12621   0.00006    578.29
 580      0   298.95092   -1833.32649   0.00113   302.42175  -0.12618   0.00006    597.51
 600      0   297.73932   -1833.32643   0.00110   302.41234  -0.12619   0.00006    617.64
 620      0   298.59496   -1833.32548   0.00109   302.40551  -0.12617   0.00005    639.04
 640      0   298.57630   -1833.32481   0.00109   302.40505  -0.12615   0.00005    657.54

Post Propagation
Total number of samples 640
Remove Outliers
Remove samples outside Zeta > 30
Outlier bound [-0.16228, -0.08968]
Removed 0 Outliers
Outliers Energy []
nsample = 640, max_block_size = 32, min_nblocks = 20
   B    NB    NS  Observable     Error    dError
   1   640   640  -1833.32478   0.00109   0.00003
   2   320   640  -1833.32479   0.00137   0.00005
   3   213   639  -1833.32482   0.00153   0.00007
   4   160   640  -1833.32479   0.00168   0.00009
   5   128   640  -1833.32480   0.00177   0.00011
   6   106   636  -1833.32495   0.00185   0.00013
   7    91   637  -1833.32485   0.00195   0.00015
   8    80   640  -1833.32480   0.00191   0.00015
   9    71   639  -1833.32483   0.00198   0.00017
  10    64   640  -1833.32480   0.00205   0.00018
  11    58   638  -1833.32483   0.00203   0.00019
  12    53   636  -1833.32495   0.00216   0.00021
  13    49   637  -1833.32486   0.00213   0.00022
  14    45   630  -1833.32533   0.00218   0.00023
  15    42   630  -1833.32533   0.00221   0.00024
  16    40   640  -1833.32481   0.00222   0.00025
  17    37   629  -1833.32542   0.00219   0.00026
  18    35   630  -1833.32533   0.00219   0.00027
  19    33   627  -1833.32552   0.00196   0.00024
  20    32   640  -1833.32481   0.00196   0.00025
  21    30   630  -1833.32533   0.00213   0.00028
  22    29   638  -1833.32484   0.00205   0.00027
  23    27   621  -1833.32542   0.00206   0.00029
  24    26   624  -1833.32553   0.00206   0.00029
  25    25   625  -1833.32554   0.00211   0.00030
  26    24   624  -1833.32553   0.00225   0.00033
  27    23   621  -1833.32542   0.00212   0.00032
  28    22   616  -1833.32578   0.00192   0.00030
  29    22   638  -1833.32484   0.00244   0.00038
  30    21   630  -1833.32533   0.00224   0.00035
  31    20   620  -1833.32548   0.00257   0.00042
  32    20   640  -1833.32481   0.00220   0.00036
Fit (variance): plateau_var = 4.588e-06 ± 2.845e-07
Fit (error):    plateau = 0.00214 ± 0.00007
     autocorrelation length ~ 4.6 blocks
     plateau reached at block size ~ 21
nsample = 640, max_block_size = 32, min_nblocks = 20
Blk_SZ   NBlk   NSmp      Energy     Error    dError
     1    640    640    -0.12612   0.00005   0.00000
     2    320    640    -0.12613   0.00006   0.00000
     3    213    639    -0.12613   0.00007   0.00000
     4    160    640    -0.12613   0.00007   0.00000
     5    128    640    -0.12614   0.00008   0.00000
     6    106    636    -0.12614   0.00008   0.00001
     7     91    637    -0.12614   0.00008   0.00001
     8     80    640    -0.12614   0.00008   0.00001
     9     71    639    -0.12614   0.00009   0.00001
    10     64    640    -0.12614   0.00009   0.00001
    11     58    638    -0.12614   0.00009   0.00001
    12     53    636    -0.12614   0.00009   0.00001
    13     49    637    -0.12615   0.00009   0.00001
    14     45    630    -0.12615   0.00009   0.00001
    15     42    630    -0.12615   0.00009   0.00001
    16     40    640    -0.12615   0.00009   0.00001
    17     37    629    -0.12615   0.00008   0.00001
    18     35    630    -0.12615   0.00010   0.00001
    19     33    627    -0.12616   0.00008   0.00001
    20     32    640    -0.12615   0.00009   0.00001
    21     30    630    -0.12615   0.00009   0.00001
    22     29    638    -0.12615   0.00009   0.00001
    23     27    621    -0.12616   0.00009   0.00001
    24     26    624    -0.12616   0.00010   0.00001
    25     25    625    -0.12616   0.00009   0.00001
    26     24    624    -0.12616   0.00007   0.00001
    27     23    621    -0.12616   0.00009   0.00001
    28     22    616    -0.12617   0.00009   0.00001
    29     22    638    -0.12615   0.00009   0.00001
    30     21    630    -0.12616   0.00008   0.00001
    31     20    620    -0.12616   0.00008   0.00001
    32     20    640    -0.12615   0.00008   0.00001
Fit (variance): plateau_var = 7.55470e-09 ± 4.53838e-10
Fit (error):    plateau = 0.00009 ± 0.00000
     autocorrelation length ~ 4.2 blocks
     plateau reached at block size ~ 19
Final AFQMC/HF Guiding Energy:      -1833.3248 +/- 0.0021
Final AFQMC/pt2CCSD Orbital Energy: -0.12615 +/- 0.00009
<t1> = weightp/weight = 1.01324
Total run time: 659.93

AFQMC Sampling Finished

LNO-Integral time (s):    31.06
LNO-AFQMC time (s):       696.49


========================= LNO-FRAGMENT [C6] 7/(48,48) ==========================
Fragment Num.  7
Fragment Idx.  7
Fragment Name  C6
LNO THRESHOLD  [0.00030000000000000003, 3e-05]
PySCF Threads  12
LNO-LAS: 28/156 Occ | 122/636 Vir | 150/792 MOs
LNO-MP2 Fragment Energy:  -0.11789201
LNO-CCSD Fragment Energy: -0.11828361
LNO-CPU time (s):         99.71 (LAS 26.50 | MP2 19.97 | CCSD 53.25)
LNO-CPU wait time (s):    0.00 (100.0% hidden)
Find Density Fit Teonsers in MF object
Integrals will be built by DF Tensors
Calculating Effective Active Space One-electron Integrals
*** Correlation Space Size ***
N Occupied Orbitals: 28
N Active Orbitals:   150
Build effective h0 and h1 time: 44.817525 s
Composing CDERIs from DF
Build CDERI in cLAS time: 10.226855 s
Raw CDERI in LAS shape: (3912, 11325)
Compress CDERI 2 Chol: 1e-05
Compress CDERI time: 5.407999 s
Finished calculating Integrals
LAS Cholesky shape: (1228, 150, 150)
AFQMC script: /u/yzhang65/myprojects/software/afqmc/afqmc/lno_afqmc/script/run_lno_afqmc_pt2ccsd.py

LNO-AFQMC Started
Hostname:     gpue04.delta.ncsa.illinois.edu
System:       Linux
Node:         gpue04.delta.ncsa.illinois.edu
Release:      5.14.0-570.131.1.el9_6.x86_64
Machine:      x86_64
Processor:    x86_64
JAX backend:  GPU
JAX devices:  [CudaDevice(id=0)]
Device kind:  NVIDIA H200
Platform:     gpu

QMC Parameters
eql_time        -         30
n_prop_steps    -         50
n_blocks        -        840
n_walkers       -        300
max_memory      -     200000
mix_precision   -       True
seed            -       3309
walker_type     -        rhf
trial           -    pt2ccsd
max_error       -    7.2e-05
dt              -      0.005
n_exp_terms     -          6
n_batch         -          1
nchol_chunk     -        100
free_projection -      False

QMC System
Number of Occ. Orbitals:      28
Number of Act. Orbitals:      150
Number of Chol. Vectors:      1228
Mean-Field Energy:            -1832.00523770
Maximum memory per walker:            666.67 MB
Maximum number of Cholesky per chunk: 1941
Number of Cholesky chunks:            1
Number of Cholesky per chunk:         1228
Number of padding Cholesky:           0
Trial:   pt2ccsd(norb=150, nelec=(28, 28), n_batch=1, nchol_chunk=1228, mix_precision=True)
Sampler: sampler_pt2(n_prop_steps=50, n_blocks=840, n_chol=1228, frozen_vir=0)

Initalize QMC walkers by HF

Equilibration
Initial Orbital energy: -0.11829
inv_T  nodes      weight      energy     error   runTime
 0.00      0   300.00000  -1832.00430   0.00000     30.28
 3.00      0   306.31675  -1833.20039   0.02374     36.88
 6.00      0   301.48814  -1833.20869   0.02601     38.96
 9.00      0   298.63723  -1833.19951   0.02444     41.05
12.00      0   298.88947  -1833.22608   0.02345     43.13
15.00      0   298.44453  -1833.16829   0.02384     45.21
18.00      0   297.94242  -1833.16738   0.02189     47.29
21.00      0   298.79329  -1833.22761   0.02260     49.38
24.00      0   297.87698  -1833.23789   0.03018     51.46
27.00      0   298.21670  -1833.19735   0.02333     53.54
30.00      0   299.27620  -1833.23766   0.02474     55.63

Sampling Blocks
Target Final Error ~ 0.000072
   N  nodes      weight      E(Guide)     Error     weightp    E_frag     Error      Time
  20      0   298.95937   -1833.22939   0.00559   303.40072  -0.12480   0.00020     75.66
  40      0   297.60859   -1833.21217   0.00491   303.27528  -0.12453   0.00021     91.46
  60      0   298.70622   -1833.20805   0.00376   303.51353  -0.12466   0.00018    107.00
  80      0   297.68261   -1833.20538   0.00305   303.44889  -0.12460   0.00015    122.53
 100      0   298.06863   -1833.20526   0.00277   303.48927  -0.12449   0.00013    138.06
 120      0   298.22032   -1833.20782   0.00252   303.41447  -0.12457   0.00012    153.60
 140      0   298.69228   -1833.21046   0.00238   303.37077  -0.12457   0.00010    169.13
 160      0   298.53228   -1833.21311   0.00224   303.35271  -0.12457   0.00010    184.66
 180      0   298.20458   -1833.21372   0.00211   303.35562  -0.12459   0.00010    200.19
 200      0   298.72453   -1833.21354   0.00198   303.36964  -0.12458   0.00009    215.74
 220      0   298.23568   -1833.21363   0.00184   303.39461  -0.12459   0.00009    231.29
 240      0   296.91247   -1833.21444   0.00180   303.38866  -0.12455   0.00009    246.82
 260      0   298.43712   -1833.21406   0.00170   303.42444  -0.12452   0.00008    262.36
 280      0   297.64838   -1833.21377   0.00163   303.44211  -0.12460   0.00010    277.92
 300      0   298.55554   -1833.21307   0.00157   303.45106  -0.12461   0.00009    293.47
 320      0   298.57830   -1833.21242   0.00151   303.45114  -0.12457   0.00009    309.03
 340      0   297.81626   -1833.21175   0.00147   303.44568  -0.12458   0.00009    324.59
 360      0   298.63398   -1833.21241   0.00143   303.43861  -0.12460   0.00008    340.14
 380      0   298.07286   -1833.21245   0.00138   303.41607  -0.12460   0.00008    355.69
 400      0   298.85050   -1833.21308   0.00135   303.42710  -0.12463   0.00008    371.22
 420      0   298.69391   -1833.21245   0.00133   303.42041  -0.12460   0.00008    386.76
 440      0   297.91019   -1833.21199   0.00130   303.42282  -0.12460   0.00007    402.31
 460      0   298.89292   -1833.21157   0.00127   303.44458  -0.12457   0.00007    417.87
 480      0   298.69030   -1833.21133   0.00123   303.44083  -0.12457   0.00007    433.48
 500      0   297.94925   -1833.21104   0.00120   303.44515  -0.12456   0.00007    449.03
 520      0   298.75830   -1833.21103   0.00117   303.45642  -0.12454   0.00006    464.57
 540      0   298.02304   -1833.21065   0.00115   303.44116  -0.12453   0.00006    480.12
 560      0   298.58709   -1833.20975   0.00113   303.44272  -0.12453   0.00006    495.70
 580      0   298.95711   -1833.20903   0.00113   303.44235  -0.12453   0.00006    511.22
 600      0   298.96274   -1833.20840   0.00111   303.46269  -0.12453   0.00006    526.84
 620      0   298.50781   -1833.20894   0.00109   303.47077  -0.12453   0.00006    542.41
 640      0   299.08849   -1833.20934   0.00108   303.46358  -0.12453   0.00006    557.98
 660      0   297.80649   -1833.20940   0.00105   303.45830  -0.12453   0.00005    573.49
 680      0   298.54177   -1833.20899   0.00104   303.46670  -0.12452   0.00005    589.00

Post Propagation
Total number of samples 680
Remove Outliers
Remove samples outside Zeta > 30
Outlier bound [-0.16091, -0.08790]
Removed 0 Outliers
Outliers Energy []
nsample = 680, max_block_size = 34, min_nblocks = 20
   B    NB    NS  Observable     Error    dError
   1   680   680  -1833.20896   0.00104   0.00003
   2   340   680  -1833.20897   0.00129   0.00005
   3   226   678  -1833.20896   0.00146   0.00007
   4   170   680  -1833.20898   0.00156   0.00008
   5   136   680  -1833.20898   0.00164   0.00010
   6   113   678  -1833.20897   0.00165   0.00011
   7    97   679  -1833.20897   0.00179   0.00013
   8    85   680  -1833.20898   0.00185   0.00014
   9    75   675  -1833.20920   0.00182   0.00015
  10    68   680  -1833.20898   0.00181   0.00016
  11    61   671  -1833.20941   0.00183   0.00017
  12    56   672  -1833.20939   0.00183   0.00017
  13    52   676  -1833.20909   0.00200   0.00020
  14    48   672  -1833.20939   0.00191   0.00020
  15    45   675  -1833.20920   0.00193   0.00021
  16    42   672  -1833.20939   0.00203   0.00022
  17    40   680  -1833.20899   0.00210   0.00024
  18    37   666  -1833.20934   0.00214   0.00025
  19    35   665  -1833.20926   0.00211   0.00026
  20    34   680  -1833.20899   0.00211   0.00026
  21    32   672  -1833.20939   0.00213   0.00027
  22    30   660  -1833.20940   0.00223   0.00029
  23    29   667  -1833.20936   0.00227   0.00030
  24    28   672  -1833.20939   0.00232   0.00032
  25    27   675  -1833.20920   0.00235   0.00033
  26    26   676  -1833.20910   0.00248   0.00035
  27    25   675  -1833.20920   0.00238   0.00034
  28    24   672  -1833.20939   0.00236   0.00035
  29    23   667  -1833.20936   0.00243   0.00037
  30    22   660  -1833.20940   0.00255   0.00039
  31    21   651  -1833.20938   0.00248   0.00039
  32    21   672  -1833.20940   0.00237   0.00038
  33    20   660  -1833.20940   0.00248   0.00040
  34    20   680  -1833.20899   0.00249   0.00040
Fit (variance): plateau_var = 5.200e-06 ± 5.053e-07
Fit (error):    plateau = 0.00228 ± 0.00011
     autocorrelation length ~ 9.0 blocks
     plateau reached at block size ~ 41
nsample = 680, max_block_size = 34, min_nblocks = 20
Blk_SZ   NBlk   NSmp      Energy     Error    dError
     1    680    680    -0.12449   0.00005   0.00000
     2    340    680    -0.12450   0.00006   0.00000
     3    226    678    -0.12451   0.00006   0.00000
     4    170    680    -0.12451   0.00007   0.00000
     5    136    680    -0.12451   0.00007   0.00000
     6    113    678    -0.12452   0.00007   0.00000
     7     97    679    -0.12451   0.00008   0.00001
     8     85    680    -0.12451   0.00007   0.00001
     9     75    675    -0.12452   0.00008   0.00001
    10     68    680    -0.12452   0.00007   0.00001
    11     61    671    -0.12452   0.00008   0.00001
    12     56    672    -0.12452   0.00007   0.00001
    13     52    676    -0.12452   0.00007   0.00001
    14     48    672    -0.12452   0.00008   0.00001
    15     45    675    -0.12452   0.00009   0.00001
    16     42    672    -0.12452   0.00007   0.00001
    17     40    680    -0.12452   0.00008   0.00001
    18     37    666    -0.12453   0.00007   0.00001
    19     35    665    -0.12452   0.00008   0.00001
    20     34    680    -0.12452   0.00007   0.00001
    21     32    672    -0.12453   0.00008   0.00001
    22     30    660    -0.12453   0.00008   0.00001
    23     29    667    -0.12453   0.00008   0.00001
    24     28    672    -0.12453   0.00007   0.00001
    25     27    675    -0.12452   0.00008   0.00001
    26     26    676    -0.12452   0.00008   0.00001
    27     25    675    -0.12452   0.00007   0.00001
    28     24    672    -0.12453   0.00007   0.00001
    29     23    667    -0.12453   0.00008   0.00001
    30     22    660    -0.12453   0.00008   0.00001
    31     21    651    -0.12452   0.00006   0.00001
    32     21    672    -0.12453   0.00008   0.00001
    33     20    660    -0.12453   0.00008   0.00001
    34     20    680    -0.12452   0.00005   0.00001
Fit (variance): plateau_var = 5.11076e-09 ± 2.27382e-10
Fit (error):    plateau = 0.00007 ± 0.00000
     autocorrelation length ~ 1.9 blocks
     plateau reached at block size ~ 9
Final AFQMC/HF Guiding Energy:      -1833.2090 +/- 0.0023
Final AFQMC/pt2CCSD Orbital Energy: -0.12452 +/- 0.00007
<t1> = weightp/weight = 1.01660
Total run time: 590.10

AFQMC Sampling Finished

LNO-Integral time (s):    61.55
LNO-AFQMC time (s):       666.62


======================== LNO-FRAGMENT [C7H24] 8/(48,48) ========================
Fragment Num.  8
Fragment Idx.  8
Fragment Name  C7H24
LNO THRESHOLD  [0.00030000000000000003, 3e-05]
PySCF Threads  12
LNO-LAS: 24/156 Occ | 104/636 Vir | 128/792 MOs
LNO-MP2 Fragment Energy:  -0.13192886
LNO-CCSD Fragment Energy: -0.13765903
LNO-CPU time (s):         63.45 (LAS 28.92 | MP2 5.26 | CCSD 29.27)
LNO-CPU wait time (s):    0.00 (100.0% hidden)
Find Density Fit Teonsers in MF object
Integrals will be built by DF Tensors
Calculating Effective Active Space One-electron Integrals
*** Correlation Space Size ***
N Occupied Orbitals: 24
N Active Orbitals:   128
Build effective h0 and h1 time: 31.952610 s
Composing CDERIs from DF
Build CDERI in cLAS time: 9.866442 s
Raw CDERI in LAS shape: (3912, 8256)
Compress CDERI 2 Chol: 1e-05
Compress CDERI time: 4.788081 s
Finished calculating Integrals
LAS Cholesky shape: (1055, 128, 128)
AFQMC script: /u/yzhang65/myprojects/software/afqmc/afqmc/lno_afqmc/script/run_lno_afqmc_pt2ccsd.py

LNO-AFQMC Started
Hostname:     gpue04.delta.ncsa.illinois.edu
System:       Linux
Node:         gpue04.delta.ncsa.illinois.edu
Release:      5.14.0-570.131.1.el9_6.x86_64
Machine:      x86_64
Processor:    x86_64
JAX backend:  GPU
JAX devices:  [CudaDevice(id=0)]
Device kind:  NVIDIA H200
Platform:     gpu

QMC Parameters
eql_time        -         30
n_prop_steps    -         50
n_blocks        -        840
n_walkers       -        300
max_memory      -     200000
mix_precision   -       True
seed            -       2687
walker_type     -        rhf
trial           -    pt2ccsd
max_error       -    7.2e-05
dt              -      0.005
n_exp_terms     -          6
n_batch         -          1
nchol_chunk     -        100
free_projection -      False

QMC System
Number of Occ. Orbitals:      24
Number of Act. Orbitals:      128
Number of Chol. Vectors:      1055
Mean-Field Energy:            -1832.00523770
Maximum memory per walker:            666.67 MB
Maximum number of Cholesky per chunk: 2666
Number of Cholesky chunks:            1
Number of Cholesky per chunk:         1055
Number of padding Cholesky:           0
Trial:   pt2ccsd(norb=128, nelec=(24, 24), n_batch=1, nchol_chunk=1055, mix_precision=True)
Sampler: sampler_pt2(n_prop_steps=50, n_blocks=840, n_chol=1055, frozen_vir=0)

Initalize QMC walkers by HF

Equilibration
Initial Orbital energy: -0.13766
inv_T  nodes      weight      energy     error   runTime
 0.00      0   300.00000  -1832.00445   0.00000     21.95
 3.00      0   305.71478  -1832.99340   0.02066     28.90
 6.00      0   301.02050  -1833.01981   0.01981     30.32
 9.00      0   299.00381  -1832.96622   0.01901     31.74
12.00      0   298.32955  -1832.98297   0.01981     33.15
15.00      0   298.95777  -1833.02056   0.02238     34.57
18.00      0   298.13749  -1832.99506   0.01946     35.98
21.00      0   298.11972  -1833.00786   0.02142     37.40
24.00      0   299.10981  -1833.03867   0.03094     38.81
27.00      0   298.64912  -1833.00374   0.01994     40.23
30.00      0   298.78016  -1833.04793   0.02397     41.64

Sampling Blocks
Target Final Error ~ 0.000072
   N  nodes      weight      E(Guide)     Error     weightp    E_frag     Error      Time
  20      0   298.00893   -1833.02331   0.00395   303.50653  -0.14403   0.00029     54.92
  40      0   299.20452   -1833.02019   0.00297   303.52076  -0.14432   0.00019     63.70
  60      0   299.55809   -1833.02665   0.00302   303.39405  -0.14413   0.00015     71.98
  80      0   298.66585   -1833.02251   0.00276   303.14672  -0.14418   0.00014     80.27
 100      0   298.90107   -1833.01683   0.00282   303.12865  -0.14399   0.00013     88.54
 120      0   299.67474   -1833.01557   0.00249   303.07680  -0.14402   0.00014     96.82
 140      0   298.60287   -1833.01473   0.00224   303.00903  -0.14398   0.00013    105.11
 160      0   298.03885   -1833.01186   0.00208   302.95180  -0.14399   0.00012    113.39
 180      0   298.39274   -1833.00997   0.00196   302.97151  -0.14393   0.00011    121.68
 200      0   298.61621   -1833.00958   0.00183   302.99809  -0.14395   0.00010    129.96
 220      0   298.09494   -1833.00894   0.00171   302.97951  -0.14390   0.00010    138.27
 240      0   298.85454   -1833.00967   0.00167   302.97135  -0.14385   0.00010    146.55
 260      0   298.66217   -1833.00780   0.00160   302.97967  -0.14379   0.00009    154.83
 280      0   299.12826   -1833.00591   0.00158   302.99906  -0.14379   0.00009    163.13
 300      0   299.98681   -1833.00636   0.00152   303.00279  -0.14383   0.00008    171.44
 320      0   298.89196   -1833.00565   0.00148   302.96319  -0.14383   0.00008    179.71
 340      0   298.46196   -1833.00598   0.00141   302.97043  -0.14384   0.00008    187.98
 360      0   300.22304   -1833.00621   0.00138   302.95276  -0.14389   0.00008    196.27
 380      0   298.87290   -1833.00562   0.00133   302.94615  -0.14389   0.00008    204.54
 400      0   298.91207   -1833.00545   0.00129   302.95196  -0.14386   0.00007    212.82
 420      0   298.51327   -1833.00503   0.00126   302.96023  -0.14382   0.00007    221.09
 440      0   298.54829   -1833.00606   0.00124   302.96562  -0.14379   0.00007    229.35
 460      0   299.30827   -1833.00680   0.00122   302.95447  -0.14379   0.00007    237.63
 480      0   298.79790   -1833.00634   0.00119   302.94640  -0.14376   0.00007    245.91
 500      0   298.86168   -1833.00685   0.00116   302.92941  -0.14380   0.00006    254.18
 520      0   298.60767   -1833.00686   0.00113   302.93171  -0.14377   0.00006    262.45
 540      0   298.15682   -1833.00695   0.00110   302.93107  -0.14377   0.00006    270.72
 560      0   298.79878   -1833.00718   0.00108   302.94785  -0.14376   0.00006    279.00
 580      0   298.97772   -1833.00736   0.00106   302.95493  -0.14375   0.00006    287.28
 600      0   298.52769   -1833.00689   0.00103   302.96118  -0.14375   0.00006    295.55
 620      0   299.21778   -1833.00745   0.00102   302.95854  -0.14376   0.00006    303.82
 640      0   298.94099   -1833.00757   0.00102   302.93993  -0.14381   0.00007    312.09
 660      0   298.40284   -1833.00771   0.00099   302.93041  -0.14380   0.00007    320.37
 680      0   298.89403   -1833.00743   0.00097   302.91574  -0.14381   0.00007    328.63
 700      0   299.04732   -1833.00731   0.00096   302.91677  -0.14382   0.00007    336.92
 720      0   298.60977   -1833.00743   0.00095   302.91207  -0.14386   0.00007    345.20
 740      0   299.15474   -1833.00744   0.00093   302.91009  -0.14384   0.00007    353.47
 760      0   298.66751   -1833.00729   0.00092   302.90346  -0.14383   0.00007    361.74
 780      0   298.46187   -1833.00739   0.00090   302.89616  -0.14382   0.00006    370.02
 800      0   298.43916   -1833.00747   0.00089   302.89671  -0.14384   0.00006    378.29
 820      0   298.40235   -1833.00795   0.00088   302.90118  -0.14386   0.00006    386.58
 840      0   299.27393   -1833.00812   0.00087   302.88792  -0.14390   0.00006    394.86

Post Propagation
Total number of samples 840
Remove Outliers
Remove samples outside Zeta > 30
Outlier bound [-0.18684, -0.10052]
Removed 0 Outliers
Outliers Energy []
nsample = 840, max_block_size = 42, min_nblocks = 20
   B    NB    NS  Observable     Error    dError
   1   840   840  -1833.00810   0.00087   0.00002
   2   420   840  -1833.00811   0.00107   0.00004
   3   280   840  -1833.00811   0.00122   0.00005
   4   210   840  -1833.00811   0.00130   0.00006
   5   168   840  -1833.00811   0.00139   0.00008
   6   140   840  -1833.00812   0.00143   0.00009
   7   120   840  -1833.00812   0.00148   0.00010
   8   105   840  -1833.00812   0.00155   0.00011
   9    93   837  -1833.00812   0.00157   0.00012
  10    84   840  -1833.00812   0.00169   0.00013
  11    76   836  -1833.00810   0.00159   0.00013
  12    70   840  -1833.00812   0.00167   0.00014
  13    64   832  -1833.00799   0.00173   0.00015
  14    60   840  -1833.00812   0.00170   0.00016
  15    56   840  -1833.00812   0.00169   0.00016
  16    52   832  -1833.00799   0.00170   0.00017
  17    49   833  -1833.00805   0.00182   0.00019
  18    46   828  -1833.00788   0.00184   0.00019
  19    44   836  -1833.00810   0.00189   0.00020
  20    42   840  -1833.00812   0.00185   0.00020
  21    40   840  -1833.00812   0.00179   0.00020
  22    38   836  -1833.00811   0.00186   0.00022
  23    36   828  -1833.00788   0.00204   0.00024
  24    35   840  -1833.00812   0.00201   0.00024
  25    33   825  -1833.00792   0.00202   0.00025
  26    32   832  -1833.00799   0.00207   0.00026
  27    31   837  -1833.00812   0.00187   0.00024
  28    30   840  -1833.00812   0.00180   0.00024
  29    28   812  -1833.00768   0.00187   0.00025
  30    28   840  -1833.00812   0.00210   0.00029
  31    27   837  -1833.00812   0.00197   0.00027
  32    26   832  -1833.00799   0.00193   0.00027
  33    25   825  -1833.00792   0.00218   0.00031
  34    24   816  -1833.00781   0.00196   0.00029
  35    24   840  -1833.00812   0.00228   0.00034
  36    23   828  -1833.00788   0.00205   0.00031
  37    22   814  -1833.00773   0.00197   0.00030
  38    22   836  -1833.00811   0.00205   0.00032
  39    21   819  -1833.00794   0.00204   0.00032
  40    21   840  -1833.00812   0.00200   0.00032
  41    20   820  -1833.00795   0.00200   0.00032
  42    20   840  -1833.00812   0.00199   0.00032
Fit (variance): plateau_var = 3.857e-06 ± 2.663e-07
Fit (error):    plateau = 0.00196 ± 0.00007
     autocorrelation length ~ 8.9 blocks
     plateau reached at block size ~ 41
nsample = 840, max_block_size = 42, min_nblocks = 20
Blk_SZ   NBlk   NSmp      Energy     Error    dError
     1    840    840    -0.14385   0.00006   0.00000
     2    420    840    -0.14386   0.00007   0.00000
     3    280    840    -0.14387   0.00008   0.00000
     4    210    840    -0.14387   0.00008   0.00000
     5    168    840    -0.14387   0.00009   0.00000
     6    140    840    -0.14388   0.00009   0.00001
     7    120    840    -0.14388   0.00009   0.00001
     8    105    840    -0.14388   0.00009   0.00001
     9     93    837    -0.14387   0.00009   0.00001
    10     84    840    -0.14388   0.00009   0.00001
    11     76    836    -0.14387   0.00009   0.00001
    12     70    840    -0.14388   0.00010   0.00001
    13     64    832    -0.14387   0.00010   0.00001
    14     60    840    -0.14388   0.00010   0.00001
    15     56    840    -0.14388   0.00010   0.00001
    16     52    832    -0.14388   0.00010   0.00001
    17     49    833    -0.14388   0.00010   0.00001
    18     46    828    -0.14386   0.00010   0.00001
    19     44    836    -0.14388   0.00011   0.00001
    20     42    840    -0.14389   0.00010   0.00001
    21     40    840    -0.14389   0.00011   0.00001
    22     38    836    -0.14388   0.00009   0.00001
    23     36    828    -0.14386   0.00009   0.00001
    24     35    840    -0.14389   0.00011   0.00001
    25     33    825    -0.14385   0.00011   0.00001
    26     32    832    -0.14387   0.00011   0.00001
    27     31    837    -0.14388   0.00008   0.00001
    28     30    840    -0.14389   0.00010   0.00001
    29     28    812    -0.14385   0.00010   0.00001
    30     28    840    -0.14389   0.00010   0.00001
    31     27    837    -0.14388   0.00010   0.00001
    32     26    832    -0.14388   0.00010   0.00001
    33     25    825    -0.14385   0.00010   0.00001
    34     24    816    -0.14385   0.00010   0.00001
    35     24    840    -0.14389   0.00011   0.00002
    36     23    828    -0.14386   0.00010   0.00001
    37     22    814    -0.14385   0.00011   0.00002
    38     22    836    -0.14388   0.00011   0.00002
    39     21    819    -0.14386   0.00011   0.00002
    40     21    840    -0.14389   0.00011   0.00002
    41     20    820    -0.14386   0.00009   0.00002
    42     20    840    -0.14389   0.00011   0.00002
Fit (variance): plateau_var = 9.81389e-09 ± 5.18988e-10
Fit (error):    plateau = 0.00010 ± 0.00000
     autocorrelation length ~ 5.4 blocks
     plateau reached at block size ~ 24
Final AFQMC/HF Guiding Energy:      -1833.0081 +/- 0.0020
Final AFQMC/pt2CCSD Orbital Energy: -0.14390 +/- 0.00010
<t1> = weightp/weight = 1.01422
Total run time: 394.88

AFQMC Sampling Finished

LNO-Integral time (s):    47.84
LNO-AFQMC time (s):       444.83


======================== LNO-FRAGMENT [C8H25] 9/(48,48) ========================
Fragment Num.  9
Fragment Idx.  9
Fragment Name  C8H25
LNO THRESHOLD  [0.00030000000000000003, 3e-05]
PySCF Threads  12
LNO-LAS: 24/156 Occ | 104/636 Vir | 128/792 MOs
LNO-MP2 Fragment Energy:  -0.13255419
LNO-CCSD Fragment Energy: -0.13826246
LNO-CPU time (s):         77.39 (LAS 27.35 | MP2 19.34 | CCSD 30.71)
LNO-CPU wait time (s):    0.00 (100.0% hidden)
Find Density Fit Teonsers in MF object
Integrals will be built by DF Tensors
Calculating Effective Active Space One-electron Integrals
*** Correlation Space Size ***
N Occupied Orbitals: 24
N Active Orbitals:   128
Build effective h0 and h1 time: 8.524572 s
Composing CDERIs from DF
Build CDERI in cLAS time: 5.988413 s
Raw CDERI in LAS shape: (3912, 8256)
Compress CDERI 2 Chol: 1e-05
Compress CDERI time: 1.338979 s
Finished calculating Integrals
LAS Cholesky shape: (1060, 128, 128)
AFQMC script: /u/yzhang65/myprojects/software/afqmc/afqmc/lno_afqmc/script/run_lno_afqmc_pt2ccsd.py

LNO-AFQMC Started
Hostname:     gpue04.delta.ncsa.illinois.edu
System:       Linux
Node:         gpue04.delta.ncsa.illinois.edu
Release:      5.14.0-570.131.1.el9_6.x86_64
Machine:      x86_64
Processor:    x86_64
JAX backend:  GPU
JAX devices:  [CudaDevice(id=0)]
Device kind:  NVIDIA H200
Platform:     gpu

QMC Parameters
eql_time        -         30
n_prop_steps    -         50
n_blocks        -        840
n_walkers       -        300
max_memory      -     200000
mix_precision   -       True
seed            -       3708
walker_type     -        rhf
trial           -    pt2ccsd
max_error       -    7.2e-05
dt              -      0.005
n_exp_terms     -          6
n_batch         -          1
nchol_chunk     -        100
free_projection -      False

QMC System
Number of Occ. Orbitals:      24
Number of Act. Orbitals:      128
Number of Chol. Vectors:      1060
Mean-Field Energy:            -1832.00523770
Maximum memory per walker:            666.67 MB
Maximum number of Cholesky per chunk: 2666
Number of Cholesky chunks:            1
Number of Cholesky per chunk:         1060
Number of padding Cholesky:           0
Trial:   pt2ccsd(norb=128, nelec=(24, 24), n_batch=1, nchol_chunk=1060, mix_precision=True)
Sampler: sampler_pt2(n_prop_steps=50, n_blocks=840, n_chol=1060, frozen_vir=0)

Initalize QMC walkers by HF

Equilibration
Initial Orbital energy: -0.13826
inv_T  nodes      weight      energy     error   runTime
 0.00      0   300.00000  -1832.00440   0.00000     40.22
 3.00      0   305.01622  -1832.98198   0.01980     46.16
 6.00      0   299.75565  -1832.96481   0.01814     47.58
 9.00      0   300.00995  -1833.01613   0.02042     49.01
12.00      0   299.07314  -1833.00391   0.02168     50.52
15.00      0   298.62765  -1833.02861   0.02308     52.00
18.00      0   298.96540  -1833.05561   0.03101     53.42
21.00      0   298.32466  -1832.98425   0.02018     54.85
24.00      0   298.80320  -1833.00250   0.02087     56.27
27.00      0   299.03985  -1833.01180   0.02212     57.68
30.00      0   299.38574  -1833.02880   0.02311     59.19

Sampling Blocks
Target Final Error ~ 0.000072
   N  nodes      weight      E(Guide)     Error     weightp    E_frag     Error      Time
  20      0   298.67117   -1833.00126   0.00405   303.27341  -0.14396   0.00022     75.84
  40      0   298.07415   -1833.00950   0.00335   303.19314  -0.14450   0.00020     84.45
  60      0   298.77584   -1833.01194   0.00279   303.06244  -0.14449   0.00015     92.70
  80      0   298.81066   -1833.00592   0.00258   302.98856  -0.14442   0.00013    100.95
 100      0   299.53978   -1833.00456   0.00224   303.04644  -0.14436   0.00011    109.20
 120      0   298.43445   -1833.00753   0.00207   303.06390  -0.14445   0.00011    117.46
 140      0   298.30515   -1833.00944   0.00195   303.05150  -0.14447   0.00010    125.73
 160      0   299.85642   -1833.00733   0.00189   303.01909  -0.14449   0.00010    134.00
 180      0   298.71029   -1833.00687   0.00177   303.01567  -0.14452   0.00010    142.28
 200      0   298.39158   -1833.00660   0.00166   303.03195  -0.14456   0.00009    150.55
 220      0   298.22708   -1833.00809   0.00166   303.04354  -0.14467   0.00010    158.81
 240      0   298.21784   -1833.00898   0.00160   303.05331  -0.14466   0.00009    167.06
 260      0   298.70173   -1833.00892   0.00150   303.05616  -0.14466   0.00009    175.31
 280      0   299.13066   -1833.00874   0.00143   303.06588  -0.14465   0.00009    183.57
 300      0   298.04671   -1833.00771   0.00137   303.05419  -0.14469   0.00009    191.84
 320      0   298.18147   -1833.00666   0.00133   303.04469  -0.14465   0.00008    200.12
 340      0   299.75026   -1833.00619   0.00127   303.06619  -0.14459   0.00008    208.39
 360      0   298.62566   -1833.00617   0.00124   303.10567  -0.14459   0.00008    216.65
 380      0   299.33352   -1833.00555   0.00120   303.13784  -0.14460   0.00007    224.91
 400      0   298.83275   -1833.00626   0.00118   303.14136  -0.14467   0.00008    233.20
 420      0   299.32596   -1833.00623   0.00115   303.13710  -0.14464   0.00008    241.47
 440      0   298.70476   -1833.00670   0.00112   303.14052  -0.14463   0.00008    249.74
 460      0   298.40376   -1833.00651   0.00110   303.14283  -0.14461   0.00007    258.01
 480      0   298.74049   -1833.00688   0.00107   303.15050  -0.14461   0.00007    266.28
 500      0   298.78019   -1833.00634   0.00105   303.15587  -0.14459   0.00007    274.55
 520      0   299.34835   -1833.00569   0.00103   303.17152  -0.14459   0.00007    282.81
 540      0   299.30019   -1833.00519   0.00101   303.17335  -0.14457   0.00007    291.09
 560      0   298.97300   -1833.00531   0.00101   303.17744  -0.14456   0.00006    299.34
 580      0   298.59136   -1833.00514   0.00098   303.17281  -0.14462   0.00007    307.61
 600      0   298.42752   -1833.00520   0.00097   303.17564  -0.14461   0.00007    315.90
 620      0   299.04448   -1833.00536   0.00097   303.17651  -0.14460   0.00006    324.18
 640      0   298.59322   -1833.00544   0.00095   303.17680  -0.14460   0.00006    332.45
 660      0   297.73653   -1833.00625   0.00095   303.17532  -0.14460   0.00006    340.74
 680      0   299.15113   -1833.00648   0.00094   303.16681  -0.14460   0.00006    349.02
 700      0   299.00817   -1833.00614   0.00093   303.15107  -0.14457   0.00006    357.29
 720      0   298.69610   -1833.00593   0.00092   303.15787  -0.14456   0.00006    365.55
 740      0   298.88298   -1833.00598   0.00090   303.16197  -0.14456   0.00006    373.80
 760      0   297.91241   -1833.00543   0.00090   303.15881  -0.14457   0.00006    382.06
 780      0   299.99448   -1833.00568   0.00088   303.16891  -0.14462   0.00006    390.31
 800      0   298.65206   -1833.00520   0.00088   303.17096  -0.14462   0.00006    398.57
 820      0   298.45020   -1833.00541   0.00087   303.18033  -0.14463   0.00006    406.84
 840      0   298.37336   -1833.00526   0.00085   303.17237  -0.14465   0.00005    415.11

Post Propagation
Total number of samples 840
Remove Outliers
Remove samples outside Zeta > 30
Outlier bound [-0.18191, -0.10691]
Removed 0 Outliers
Outliers Energy []
nsample = 840, max_block_size = 42, min_nblocks = 20
   B    NB    NS  Observable     Error    dError
   1   840   840  -1833.00524   0.00085   0.00002
   2   420   840  -1833.00525   0.00108   0.00004
   3   280   840  -1833.00525   0.00121   0.00005
   4   210   840  -1833.00525   0.00133   0.00007
   5   168   840  -1833.00525   0.00136   0.00007
   6   140   840  -1833.00525   0.00143   0.00009
   7   120   840  -1833.00526   0.00146   0.00009
   8   105   840  -1833.00526   0.00152   0.00011
   9    93   837  -1833.00526   0.00155   0.00011
  10    84   840  -1833.00526   0.00157   0.00012
  11    76   836  -1833.00528   0.00158   0.00013
  12    70   840  -1833.00526   0.00156   0.00013
  13    64   832  -1833.00537   0.00167   0.00015
  14    60   840  -1833.00526   0.00166   0.00015
  15    56   840  -1833.00526   0.00162   0.00015
  16    52   832  -1833.00537   0.00175   0.00017
  17    49   833  -1833.00538   0.00172   0.00018
  18    46   828  -1833.00546   0.00172   0.00018
  19    44   836  -1833.00528   0.00177   0.00019
  20    42   840  -1833.00526   0.00177   0.00020
  21    40   840  -1833.00526   0.00176   0.00020
  22    38   836  -1833.00528   0.00173   0.00020
  23    36   828  -1833.00546   0.00170   0.00020
  24    35   840  -1833.00526   0.00180   0.00022
  25    33   825  -1833.00548   0.00170   0.00021
  26    32   832  -1833.00537   0.00163   0.00021
  27    31   837  -1833.00527   0.00170   0.00022
  28    30   840  -1833.00526   0.00168   0.00022
  29    28   812  -1833.00550   0.00198   0.00027
  30    28   840  -1833.00526   0.00166   0.00023
  31    27   837  -1833.00527   0.00172   0.00024
  32    26   832  -1833.00537   0.00199   0.00028
  33    25   825  -1833.00548   0.00176   0.00025
  34    24   816  -1833.00538   0.00194   0.00029
  35    24   840  -1833.00526   0.00193   0.00029
  36    23   828  -1833.00546   0.00181   0.00027
  37    22   814  -1833.00543   0.00177   0.00027
  38    22   836  -1833.00529   0.00156   0.00024
  39    21   819  -1833.00541   0.00171   0.00027
  40    21   840  -1833.00526   0.00174   0.00027
  41    20   820  -1833.00541   0.00161   0.00026
  42    20   840  -1833.00526   0.00172   0.00028
Fit (variance): plateau_var = 2.970e-06 ± 1.513e-07
Fit (error):    plateau = 0.00172 ± 0.00004
     autocorrelation length ~ 5.3 blocks
     plateau reached at block size ~ 25
nsample = 840, max_block_size = 42, min_nblocks = 20
Blk_SZ   NBlk   NSmp      Energy     Error    dError
     1    840    840    -0.14461   0.00005   0.00000
     2    420    840    -0.14461   0.00006   0.00000
     3    280    840    -0.14462   0.00007   0.00000
     4    210    840    -0.14462   0.00007   0.00000
     5    168    840    -0.14462   0.00008   0.00000
     6    140    840    -0.14462   0.00008   0.00000
     7    120    840    -0.14463   0.00008   0.00001
     8    105    840    -0.14463   0.00008   0.00001
     9     93    837    -0.14463   0.00008   0.00001
    10     84    840    -0.14463   0.00008   0.00001
    11     76    836    -0.14463   0.00008   0.00001
    12     70    840    -0.14463   0.00008   0.00001
    13     64    832    -0.14463   0.00009   0.00001
    14     60    840    -0.14463   0.00009   0.00001
    15     56    840    -0.14463   0.00009   0.00001
    16     52    832    -0.14463   0.00009   0.00001
    17     49    833    -0.14463   0.00009   0.00001
    18     46    828    -0.14463   0.00009   0.00001
    19     44    836    -0.14463   0.00009   0.00001
    20     42    840    -0.14464   0.00009   0.00001
    21     40    840    -0.14464   0.00009   0.00001
    22     38    836    -0.14463   0.00009   0.00001
    23     36    828    -0.14463   0.00008   0.00001
    24     35    840    -0.14464   0.00008   0.00001
    25     33    825    -0.14463   0.00009   0.00001
    26     32    832    -0.14463   0.00009   0.00001
    27     31    837    -0.14464   0.00009   0.00001
    28     30    840    -0.14464   0.00010   0.00001
    29     28    812    -0.14463   0.00009   0.00001
    30     28    840    -0.14464   0.00009   0.00001
    31     27    837    -0.14464   0.00010   0.00001
    32     26    832    -0.14463   0.00009   0.00001
    33     25    825    -0.14463   0.00010   0.00001
    34     24    816    -0.14462   0.00009   0.00001
    35     24    840    -0.14464   0.00010   0.00001
    36     23    828    -0.14463   0.00009   0.00001
    37     22    814    -0.14462   0.00010   0.00002
    38     22    836    -0.14464   0.00009   0.00001
    39     21    819    -0.14462   0.00011   0.00002
    40     21    840    -0.14464   0.00009   0.00001
    41     20    820    -0.14463   0.00008   0.00001
    42     20    840    -0.14464   0.00010   0.00002
Fit (variance): plateau_var = 7.94100e-09 ± 3.87000e-10
Fit (error):    plateau = 0.00009 ± 0.00000
     autocorrelation length ~ 4.7 blocks
     plateau reached at block size ~ 21
Final AFQMC/HF Guiding Energy:      -1833.0053 +/- 0.0017
Final AFQMC/pt2CCSD Orbital Energy: -0.14465 +/- 0.00009
<t1> = weightp/weight = 1.01513
Total run time: 415.12

AFQMC Sampling Finished

LNO-Integral time (s):    16.65
LNO-AFQMC time (s):       418.02


========================= LNO-FRAGMENT [C9] 10/(48,48) =========================
Fragment Num.  10
Fragment Idx.  10
Fragment Name  C9
LNO THRESHOLD  [0.00030000000000000003, 3e-05]
PySCF Threads  12
LNO-LAS: 27/156 Occ | 119/636 Vir | 146/792 MOs
LNO-MP2 Fragment Energy:  -0.11744299
LNO-CCSD Fragment Energy: -0.11791908
LNO-CPU time (s):         88.33 (LAS 31.78 | MP2 11.80 | CCSD 44.76)
LNO-CPU wait time (s):    0.00 (100.0% hidden)
Find Density Fit Teonsers in MF object
Integrals will be built by DF Tensors
Calculating Effective Active Space One-electron Integrals
*** Correlation Space Size ***
N Occupied Orbitals: 27
N Active Orbitals:   146
Build effective h0 and h1 time: 8.951646 s
Composing CDERIs from DF
Build CDERI in cLAS time: 7.124335 s
Raw CDERI in LAS shape: (3912, 10731)
Compress CDERI 2 Chol: 1e-05
Compress CDERI time: 2.806439 s
Finished calculating Integrals
LAS Cholesky shape: (1165, 146, 146)
AFQMC script: /u/yzhang65/myprojects/software/afqmc/afqmc/lno_afqmc/script/run_lno_afqmc_pt2ccsd.py

LNO-AFQMC Started
Hostname:     gpue04.delta.ncsa.illinois.edu
System:       Linux
Node:         gpue04.delta.ncsa.illinois.edu
Release:      5.14.0-570.131.1.el9_6.x86_64
Machine:      x86_64
Processor:    x86_64
JAX backend:  GPU
JAX devices:  [CudaDevice(id=0)]
Device kind:  NVIDIA H200
Platform:     gpu

QMC Parameters
eql_time        -         30
n_prop_steps    -         50
n_blocks        -        840
n_walkers       -        300
max_memory      -     200000
mix_precision   -       True
seed            -        817
walker_type     -        rhf
trial           -    pt2ccsd
max_error       -    7.2e-05
dt              -      0.005
n_exp_terms     -          6
n_batch         -          1
nchol_chunk     -        100
free_projection -      False

QMC System
Number of Occ. Orbitals:      27
Number of Act. Orbitals:      146
Number of Chol. Vectors:      1165
Mean-Field Energy:            -1832.00523770
Maximum memory per walker:            666.67 MB
Maximum number of Cholesky per chunk: 2049
Number of Cholesky chunks:            1
Number of Cholesky per chunk:         1165
Number of padding Cholesky:           0
Trial:   pt2ccsd(norb=146, nelec=(27, 27), n_batch=1, nchol_chunk=1165, mix_precision=True)
Sampler: sampler_pt2(n_prop_steps=50, n_blocks=840, n_chol=1165, frozen_vir=0)

Initalize QMC walkers by HF

Equilibration
Initial Orbital energy: -0.11792
inv_T  nodes      weight      energy     error   runTime
 0.00      0   300.00000  -1832.00433   0.00000     25.36
 3.00      0   305.24905  -1833.14769   0.02231     32.75
 6.00      0   299.99323  -1833.16584   0.02188     34.75
 9.00      0   299.31271  -1833.20664   0.02127     36.75
12.00      0   299.19371  -1833.27440   0.04546     38.75
15.00      0   297.34742  -1833.17157   0.02232     40.75
18.00      0   298.12061  -1833.18083   0.02139     42.75
21.00      0   297.91835  -1833.20385   0.02411     44.75
24.00      0   297.66288  -1833.17602   0.02240     46.74
27.00      0   298.57030  -1833.16281   0.02261     48.75
30.00      0   299.51872  -1833.26765   0.03099     50.74

Sampling Blocks
Target Final Error ~ 0.000072
   N  nodes      weight      E(Guide)     Error     weightp    E_frag     Error      Time
  20      0   298.33201   -1833.19370   0.00580   302.37633  -0.12439   0.00028     70.14
  40      0   298.51599   -1833.20408   0.00424   302.55264  -0.12441   0.00018     84.72
  60      0   298.23208   -1833.20805   0.00392   302.82591  -0.12434   0.00016     98.95
  80      0   298.35211   -1833.20640   0.00339   302.77463  -0.12441   0.00015    113.21
 100      0   298.61177   -1833.20776   0.00294   302.83133  -0.12441   0.00013    127.46
 120      0   298.59825   -1833.20682   0.00250   302.78342  -0.12446   0.00014    141.69
 140      0   298.31850   -1833.20640   0.00226   302.78683  -0.12451   0.00013    155.94
 160      0   298.68421   -1833.20656   0.00212   302.81476  -0.12439   0.00011    170.18
 180      0   298.52438   -1833.20402   0.00205   302.85254  -0.12434   0.00010    184.42
 200      0   298.91940   -1833.20464   0.00193   302.95052  -0.12436   0.00010    198.68
 220      0   299.52338   -1833.20452   0.00184   302.99914  -0.12438   0.00009    212.94
 240      0   297.62213   -1833.20376   0.00173   302.99263  -0.12432   0.00009    227.17
 260      0   299.75720   -1833.20236   0.00166   303.02239  -0.12433   0.00008    241.41
 280      0   298.93077   -1833.20070   0.00160   303.03541  -0.12434   0.00008    255.66
 300      0   298.30776   -1833.20048   0.00155   303.03944  -0.12432   0.00007    269.93
 320      0   298.71905   -1833.20059   0.00149   303.01374  -0.12434   0.00007    284.18
 340      0   298.36828   -1833.19955   0.00146   302.98169  -0.12435   0.00007    298.43
 360      0   298.58635   -1833.19941   0.00144   302.98734  -0.12434   0.00007    312.67
 380      0   298.36510   -1833.19909   0.00141   302.99037  -0.12434   0.00006    326.92
 400      0   299.26543   -1833.19929   0.00135   303.00338  -0.12434   0.00006    341.18
 420      0   298.84288   -1833.19914   0.00130   303.01516  -0.12433   0.00006    355.42
 440      0   299.13944   -1833.19821   0.00128   303.03049  -0.12431   0.00006    369.70
 460      0   299.12260   -1833.19791   0.00124   303.04388  -0.12429   0.00006    383.95
 480      0   298.19829   -1833.19870   0.00123   303.03933  -0.12429   0.00006    398.22
 500      0   298.29477   -1833.19813   0.00121   303.03360  -0.12432   0.00006    412.47
 520      0   298.68289   -1833.19863   0.00119   303.03446  -0.12432   0.00005    426.73
 540      0   298.78315   -1833.19878   0.00116   303.03079  -0.12432   0.00005    441.00

Post Propagation
Total number of samples 540
Remove Outliers
Remove samples outside Zeta > 30
Outlier bound [-0.15574, -0.09250]
Removed 0 Outliers
Outliers Energy []
nsample = 540, max_block_size = 27, min_nblocks = 20
   B    NB    NS  Observable     Error    dError
   1   540   540  -1833.19875   0.00116   0.00004
   2   270   540  -1833.19876   0.00147   0.00006
   3   180   540  -1833.19876   0.00162   0.00009
   4   135   540  -1833.19877   0.00174   0.00011
   5   108   540  -1833.19877   0.00183   0.00013
   6    90   540  -1833.19877   0.00197   0.00015
   7    77   539  -1833.19875   0.00200   0.00016
   8    67   536  -1833.19877   0.00199   0.00017
   9    60   540  -1833.19877   0.00206   0.00019
  10    54   540  -1833.19877   0.00220   0.00021
  11    49   539  -1833.19875   0.00227   0.00023
  12    45   540  -1833.19877   0.00227   0.00024
  13    41   533  -1833.19882   0.00241   0.00027
  14    38   532  -1833.19877   0.00242   0.00028
  15    36   540  -1833.19878   0.00212   0.00025
  16    33   528  -1833.19857   0.00222   0.00028
  17    31   527  -1833.19853   0.00271   0.00035
  18    30   540  -1833.19878   0.00226   0.00030
  19    28   532  -1833.19877   0.00232   0.00032
  20    27   540  -1833.19878   0.00218   0.00030
  21    25   525  -1833.19861   0.00231   0.00033
  22    24   528  -1833.19858   0.00221   0.00033
  23    23   529  -1833.19864   0.00246   0.00037
  24    22   528  -1833.19858   0.00236   0.00036
  25    21   525  -1833.19861   0.00269   0.00042
  26    20   520  -1833.19863   0.00229   0.00037
  27    20   540  -1833.19878   0.00242   0.00039
Fit (variance): plateau_var = 5.528e-06 ± 4.746e-07
Fit (error):    plateau = 0.00235 ± 0.00010
     autocorrelation length ~ 5.6 blocks
     plateau reached at block size ~ 26
nsample = 540, max_block_size = 27, min_nblocks = 20
Blk_SZ   NBlk   NSmp      Energy     Error    dError
     1    540    540    -0.12429   0.00005   0.00000
     2    270    540    -0.12430   0.00006   0.00000
     3    180    540    -0.12430   0.00007   0.00000
     4    135    540    -0.12431   0.00007   0.00000
     5    108    540    -0.12431   0.00007   0.00000
     6     90    540    -0.12431   0.00007   0.00001
     7     77    539    -0.12431   0.00007   0.00001
     8     67    536    -0.12432   0.00007   0.00001
     9     60    540    -0.12431   0.00007   0.00001
    10     54    540    -0.12431   0.00007   0.00001
    11     49    539    -0.12431   0.00007   0.00001
    12     45    540    -0.12431   0.00006   0.00001
    13     41    533    -0.12432   0.00007   0.00001
    14     38    532    -0.12431   0.00007   0.00001
    15     36    540    -0.12432   0.00006   0.00001
    16     33    528    -0.12432   0.00007   0.00001
    17     31    527    -0.12432   0.00007   0.00001
    18     30    540    -0.12432   0.00008   0.00001
    19     28    532    -0.12432   0.00005   0.00001
    20     27    540    -0.12432   0.00007   0.00001
    21     25    525    -0.12433   0.00007   0.00001
    22     24    528    -0.12432   0.00007   0.00001
    23     23    529    -0.12432   0.00007   0.00001
    24     22    528    -0.12432   0.00007   0.00001
    25     21    525    -0.12432   0.00006   0.00001
    26     20    520    -0.12432   0.00007   0.00001
    27     20    540    -0.12432   0.00007   0.00001
Fit (variance): plateau_var = 4.55537e-09 ± 2.13504e-10
Fit (error):    plateau = 0.00007 ± 0.00000
     autocorrelation length ~ 1.1 blocks
     plateau reached at block size ~ 5
Final AFQMC/HF Guiding Energy:      -1833.1988 +/- 0.0024
Final AFQMC/pt2CCSD Orbital Energy: -0.12432 +/- 0.00007
<t1> = weightp/weight = 1.01517
Total run time: 441.00

AFQMC Sampling Finished

LNO-Integral time (s):    19.90
LNO-AFQMC time (s):       444.46


======================== LNO-FRAGMENT [C10] 11/(48,48) =========================
Fragment Num.  11
Fragment Idx.  11
Fragment Name  C10
LNO THRESHOLD  [0.00030000000000000003, 3e-05]
PySCF Threads  12
LNO-LAS: 27/156 Occ | 117/636 Vir | 144/792 MOs
LNO-MP2 Fragment Energy:  -0.11763126
LNO-CCSD Fragment Energy: -0.11812779
LNO-CPU time (s):         80.05 (LAS 27.83 | MP2 5.87 | CCSD 46.35)
LNO-CPU wait time (s):    0.00 (100.0% hidden)
Find Density Fit Teonsers in MF object
Integrals will be built by DF Tensors
Calculating Effective Active Space One-electron Integrals
*** Correlation Space Size ***
N Occupied Orbitals: 27
N Active Orbitals:   144
Build effective h0 and h1 time: 7.707260 s
Composing CDERIs from DF
Build CDERI in cLAS time: 6.484334 s
Raw CDERI in LAS shape: (3912, 10440)
Compress CDERI 2 Chol: 1e-05
Compress CDERI time: 2.702633 s
Finished calculating Integrals
LAS Cholesky shape: (1158, 144, 144)
AFQMC script: /u/yzhang65/myprojects/software/afqmc/afqmc/lno_afqmc/script/run_lno_afqmc_pt2ccsd.py

LNO-AFQMC Started
Hostname:     gpue04.delta.ncsa.illinois.edu
System:       Linux
Node:         gpue04.delta.ncsa.illinois.edu
Release:      5.14.0-570.131.1.el9_6.x86_64
Machine:      x86_64
Processor:    x86_64
JAX backend:  GPU
JAX devices:  [CudaDevice(id=0)]
Device kind:  NVIDIA H200
Platform:     gpu

QMC Parameters
eql_time        -         30
n_prop_steps    -         50
n_blocks        -        840
n_walkers       -        300
max_memory      -     200000
mix_precision   -       True
seed            -        982
walker_type     -        rhf
trial           -    pt2ccsd
max_error       -    7.2e-05
dt              -      0.005
n_exp_terms     -          6
n_batch         -          1
nchol_chunk     -        100
free_projection -      False

QMC System
Number of Occ. Orbitals:      27
Number of Act. Orbitals:      144
Number of Chol. Vectors:      1158
Mean-Field Energy:            -1832.00523770
Maximum memory per walker:            666.67 MB
Maximum number of Cholesky per chunk: 2106
Number of Cholesky chunks:            1
Number of Cholesky per chunk:         1158
Number of padding Cholesky:           0
Trial:   pt2ccsd(norb=144, nelec=(27, 27), n_batch=1, nchol_chunk=1158, mix_precision=True)
Sampler: sampler_pt2(n_prop_steps=50, n_blocks=840, n_chol=1158, frozen_vir=0)

Initalize QMC walkers by HF

Equilibration
Initial Orbital energy: -0.11812
inv_T  nodes      weight      energy     error   runTime
 0.00      0   300.00000  -1832.00447   0.00000     28.64
 3.00      0   306.17146  -1833.17046   0.02200     35.01
 6.00      0   300.15491  -1833.16430   0.02230     36.91
 9.00      0   299.02582  -1833.16903   0.02173     38.82
12.00      0   298.32750  -1833.17347   0.02384     40.72
15.00      0   299.09627  -1833.20807   0.02736     42.63
18.00      0   297.49047  -1833.12523   0.02169     44.54
21.00      0   298.91909  -1833.21686   0.02714     46.46
24.00      0   298.69901  -1833.17815   0.02380     48.37
27.00      0   298.74025  -1833.18912   0.02398     50.27
30.00      0   298.04813  -1833.15314   0.02075     52.18

Sampling Blocks
Target Final Error ~ 0.000072
   N  nodes      weight      E(Guide)     Error     weightp    E_frag     Error      Time
  20      0   298.50303   -1833.17952   0.00588   303.51753  -0.12471   0.00053     71.00
  40      0   297.07013   -1833.18561   0.00375   303.30021  -0.12433   0.00028     84.93
  60      0   299.40399   -1833.18292   0.00370   303.36631  -0.12419   0.00021     98.37
  80      0   298.75163   -1833.18586   0.00318   303.37079  -0.12424   0.00017    111.80
 100      0   299.48528   -1833.18745   0.00283   303.36217  -0.12418   0.00015    125.24
 120      0   297.88846   -1833.18903   0.00254   303.31993  -0.12424   0.00014    138.67
 140      0   298.60053   -1833.19038   0.00230   303.31948  -0.12428   0.00013    152.12
 160      0   298.05949   -1833.18987   0.00207   303.41836  -0.12430   0.00012    165.55
 180      0   299.15551   -1833.18945   0.00197   303.47219  -0.12428   0.00011    179.00
 200      0   298.94726   -1833.19097   0.00184   303.47198  -0.12426   0.00011    192.42
 220      0   298.27020   -1833.18998   0.00198   303.40957  -0.12423   0.00010    205.84
 240      0   298.93302   -1833.19168   0.00190   303.42298  -0.12428   0.00009    219.30
 260      0   298.69887   -1833.19048   0.00184   303.41065  -0.12430   0.00009    232.73
 280      0   298.19108   -1833.19090   0.00174   303.45255  -0.12428   0.00009    246.17
 300      0   299.23381   -1833.19075   0.00167   303.43742  -0.12425   0.00008    259.61
 320      0   297.65984   -1833.18946   0.00161   303.45670  -0.12424   0.00008    273.03
 340      0   297.77254   -1833.18917   0.00155   303.47747  -0.12423   0.00008    286.47
 360      0   298.43902   -1833.18939   0.00150   303.47165  -0.12421   0.00007    299.89
 380      0   297.61994   -1833.18982   0.00145   303.44526  -0.12421   0.00007    313.31
 400      0   298.12571   -1833.18992   0.00142   303.45102  -0.12419   0.00007    326.76
 420      0   297.94099   -1833.18998   0.00137   303.45660  -0.12416   0.00007    340.21
 440      0   298.69555   -1833.18918   0.00136   303.43544  -0.12412   0.00007    353.64
 460      0   298.42538   -1833.18881   0.00131   303.45499  -0.12412   0.00007    367.06
 480      0   298.06944   -1833.18886   0.00128   303.46568  -0.12409   0.00006    380.52
 500      0   298.50113   -1833.18837   0.00125   303.45614  -0.12409   0.00006    393.95
 520      0   297.21298   -1833.18883   0.00124   303.46756  -0.12410   0.00006    407.39
 540      0   297.77203   -1833.18849   0.00121   303.45767  -0.12411   0.00006    420.85
 560      0   297.89578   -1833.18832   0.00118   303.45148  -0.12412   0.00006    434.29
 580      0   298.09706   -1833.18824   0.00115   303.45870  -0.12414   0.00006    447.72
 600      0   299.56774   -1833.18795   0.00113   303.48213  -0.12412   0.00006    461.16
 620      0   298.34296   -1833.18806   0.00111   303.48104  -0.12417   0.00006    474.61
 640      0   299.22600   -1833.18798   0.00109   303.46500  -0.12416   0.00006    488.05
 660      0   298.07660   -1833.18792   0.00107   303.46643  -0.12416   0.00006    501.49
 680      0   298.12025   -1833.18761   0.00106   303.44661  -0.12415   0.00005    514.93
 700      0   298.47036   -1833.18775   0.00105   303.44393  -0.12413   0.00005    528.37

Post Propagation
Total number of samples 700
Remove Outliers
Remove samples outside Zeta > 30
Outlier bound [-0.16199, -0.08589]
Removed 0 Outliers
Outliers Energy []
nsample = 700, max_block_size = 35, min_nblocks = 20
   B    NB    NS  Observable     Error    dError
   1   700   700  -1833.18772   0.00105   0.00003
   2   350   700  -1833.18772   0.00130   0.00005
   3   233   699  -1833.18771   0.00140   0.00006
   4   175   700  -1833.18774   0.00145   0.00008
   5   140   700  -1833.18774   0.00156   0.00009
   6   116   696  -1833.18771   0.00147   0.00010
   7   100   700  -1833.18774   0.00157   0.00011
   8    87   696  -1833.18772   0.00143   0.00011
   9    77   693  -1833.18762   0.00154   0.00013
  10    70   700  -1833.18774   0.00155   0.00013
  11    63   693  -1833.18762   0.00146   0.00013
  12    58   696  -1833.18772   0.00146   0.00014
  13    53   689  -1833.18757   0.00155   0.00015
  14    50   700  -1833.18775   0.00151   0.00015
  15    46   690  -1833.18754   0.00152   0.00016
  16    43   688  -1833.18761   0.00167   0.00018
  17    41   697  -1833.18772   0.00163   0.00018
  18    38   684  -1833.18776   0.00145   0.00017
  19    36   684  -1833.18776   0.00152   0.00018
  20    35   700  -1833.18775   0.00156   0.00019
  21    33   693  -1833.18762   0.00143   0.00018
  22    31   682  -1833.18771   0.00163   0.00021
  23    30   690  -1833.18755   0.00152   0.00020
  24    29   696  -1833.18772   0.00140   0.00019
  25    28   700  -1833.18775   0.00133   0.00018
  26    26   676  -1833.18785   0.00143   0.00020
  27    25   675  -1833.18784   0.00151   0.00022
  28    25   700  -1833.18775   0.00136   0.00020
  29    24   696  -1833.18772   0.00156   0.00023
  30    23   690  -1833.18755   0.00140   0.00021
  31    22   682  -1833.18771   0.00141   0.00022
  32    21   672  -1833.18783   0.00132   0.00021
  33    21   693  -1833.18762   0.00138   0.00022
  34    20   680  -1833.18761   0.00147   0.00024
  35    20   700  -1833.18775   0.00155   0.00025
Fit (variance): plateau_var = 2.224e-06 ± 8.706e-08
Fit (error):    plateau = 0.00149 ± 0.00003
     autocorrelation length ~ 1.3 blocks
     plateau reached at block size ~ 7
nsample = 700, max_block_size = 35, min_nblocks = 20
Blk_SZ   NBlk   NSmp      Energy     Error    dError
     1    700    700    -0.12412   0.00006   0.00000
     2    350    700    -0.12412   0.00006   0.00000
     3    233    699    -0.12412   0.00007   0.00000
     4    175    700    -0.12413   0.00007   0.00000
     5    140    700    -0.12413   0.00007   0.00000
     6    116    696    -0.12413   0.00007   0.00000
     7    100    700    -0.12413   0.00007   0.00001
     8     87    696    -0.12414   0.00007   0.00001
     9     77    693    -0.12414   0.00007   0.00001
    10     70    700    -0.12413   0.00007   0.00001
    11     63    693    -0.12414   0.00008   0.00001
    12     58    696    -0.12414   0.00008   0.00001
    13     53    689    -0.12414   0.00008   0.00001
    14     50    700    -0.12413   0.00007   0.00001
    15     46    690    -0.12414   0.00007   0.00001
    16     43    688    -0.12414   0.00007   0.00001
    17     41    697    -0.12414   0.00008   0.00001
    18     38    684    -0.12414   0.00007   0.00001
    19     36    684    -0.12415   0.00007   0.00001
    20     35    700    -0.12413   0.00007   0.00001
    21     33    693    -0.12415   0.00007   0.00001
    22     31    682    -0.12415   0.00008   0.00001
    23     30    690    -0.12414   0.00008   0.00001
    24     29    696    -0.12414   0.00008   0.00001
    25     28    700    -0.12413   0.00008   0.00001
    26     26    676    -0.12415   0.00007   0.00001
    27     25    675    -0.12414   0.00008   0.00001
    28     25    700    -0.12414   0.00007   0.00001
    29     24    696    -0.12414   0.00007   0.00001
    30     23    690    -0.12415   0.00008   0.00001
    31     22    682    -0.12415   0.00007   0.00001
    32     21    672    -0.12415   0.00007   0.00001
    33     21    693    -0.12415   0.00008   0.00001
    34     20    680    -0.12415   0.00007   0.00001
    35     20    700    -0.12414   0.00007   0.00001
Fit (variance): plateau_var = 5.25997e-09 ± 2.54004e-10
Fit (error):    plateau = 0.00007 ± 0.00000
     autocorrelation length ~ 2.8 blocks
     plateau reached at block size ~ 12
Final AFQMC/HF Guiding Energy:      -1833.1877 +/- 0.0015
Final AFQMC/pt2CCSD Orbital Energy: -0.12413 +/- 0.00007
<t1> = weightp/weight = 1.01655
Total run time: 528.38

AFQMC Sampling Finished

LNO-Integral time (s):    17.82
LNO-AFQMC time (s):       531.46


======================= LNO-FRAGMENT [C11H27] 12/(48,48) =======================
Fragment Num.  12
Fragment Idx.  12
Fragment Name  C11H27
LNO THRESHOLD  [0.00030000000000000003, 3e-05]
PySCF Threads  12
LNO-LAS: 23/156 Occ | 99/636 Vir | 122/792 MOs
LNO-MP2 Fragment Energy:  -0.13191241
LNO-CCSD Fragment Energy: -0.13774917
LNO-CPU time (s):         54.23 (LAS 23.88 | MP2 4.85 | CCSD 25.51)
LNO-CPU wait time (s):    0.00 (100.0% hidden)
Find Density Fit Teonsers in MF object
Integrals will be built by DF Tensors
Calculating Effective Active Space One-electron Integrals
*** Correlation Space Size ***
N Occupied Orbitals: 23
N Active Orbitals:   122
Build effective h0 and h1 time: 14.220263 s
Composing CDERIs from DF
Build CDERI in cLAS time: 7.388772 s
Raw CDERI in LAS shape: (3912, 7503)
Compress CDERI 2 Chol: 1e-05
Compress CDERI time: 4.658292 s
Finished calculating Integrals
LAS Cholesky shape: (984, 122, 122)
AFQMC script: /u/yzhang65/myprojects/software/afqmc/afqmc/lno_afqmc/script/run_lno_afqmc_pt2ccsd.py

LNO-AFQMC Started
Hostname:     gpue04.delta.ncsa.illinois.edu
System:       Linux
Node:         gpue04.delta.ncsa.illinois.edu
Release:      5.14.0-570.131.1.el9_6.x86_64
Machine:      x86_64
Processor:    x86_64
JAX backend:  GPU
JAX devices:  [CudaDevice(id=0)]
Device kind:  NVIDIA H200
Platform:     gpu

QMC Parameters
eql_time        -         30
n_prop_steps    -         50
n_blocks        -        840
n_walkers       -        300
max_memory      -     200000
mix_precision   -       True
seed            -       2746
walker_type     -        rhf
trial           -    pt2ccsd
max_error       -    7.2e-05
dt              -      0.005
n_exp_terms     -          6
n_batch         -          1
nchol_chunk     -        100
free_projection -      False

QMC System
Number of Occ. Orbitals:      23
Number of Act. Orbitals:      122
Number of Chol. Vectors:      984
Mean-Field Energy:            -1832.00523770
Maximum memory per walker:            666.67 MB
Maximum number of Cholesky per chunk: 2935
Number of Cholesky chunks:            1
Number of Cholesky per chunk:         984
Number of padding Cholesky:           0
Trial:   pt2ccsd(norb=122, nelec=(23, 23), n_batch=1, nchol_chunk=984, mix_precision=True)
Sampler: sampler_pt2(n_prop_steps=50, n_blocks=840, n_chol=984, frozen_vir=0)

Initalize QMC walkers by HF

Equilibration
Initial Orbital energy: -0.13775
inv_T  nodes      weight      energy     error   runTime
 0.00      0   300.00000  -1832.00457   0.00000     28.77
 3.00      0   305.36388  -1832.95792   0.01776     34.31
 6.00      0   299.69897  -1832.98420   0.02161     35.73
 9.00      0   299.79184  -1833.01857   0.02215     37.15
12.00      0   298.19835  -1832.99807   0.02762     38.58
15.00      0   299.59831  -1833.02558   0.01963     40.01
18.00      0   298.85322  -1833.00499   0.02074     41.43
21.00      0   298.21633  -1833.00183   0.02218     42.85
24.00      0   299.09403  -1832.98294   0.02123     44.27
27.00      0   298.59042  -1832.98135   0.02019     45.69
30.00      0   298.67215  -1832.98372   0.01985     47.11

Sampling Blocks
Target Final Error ~ 0.000072
   N  nodes      weight      E(Guide)     Error     weightp    E_frag     Error      Time
  20      0   298.72948   -1832.97702   0.00489   302.77815  -0.14344   0.00024     59.91
  40      0   298.95763   -1832.98380   0.00426   302.84829  -0.14382   0.00027     67.62
  60      0   299.37135   -1832.99347   0.00392   302.85916  -0.14420   0.00026     74.99
  80      0   297.62065   -1832.99277   0.00308   302.85028  -0.14398   0.00020     82.37
 100      0   299.20827   -1832.99124   0.00263   302.80220  -0.14388   0.00017     89.75
 120      0   298.07755   -1832.99131   0.00229   302.71124  -0.14377   0.00015     97.13
 140      0   298.40599   -1832.99047   0.00204   302.75877  -0.14382   0.00013    104.50
 160      0   297.90093   -1832.99070   0.00191   302.80401  -0.14380   0.00012    111.87
 180      0   299.06270   -1832.99087   0.00175   302.85471  -0.14378   0.00011    119.26
 200      0   298.75822   -1832.99008   0.00163   302.87826  -0.14378   0.00010    126.64
 220      0   297.96669   -1832.98984   0.00152   302.83557  -0.14379   0.00010    134.03
 240      0   300.14861   -1832.99030   0.00145   302.84962  -0.14382   0.00010    141.42
 260      0   298.62669   -1832.99067   0.00137   302.83351  -0.14379   0.00009    148.81
 280      0   298.98053   -1832.99075   0.00134   302.82947  -0.14389   0.00009    156.18
 300      0   299.48629   -1832.99092   0.00130   302.82773  -0.14386   0.00009    163.57
 320      0   298.14253   -1832.99174   0.00127   302.84243  -0.14385   0.00008    170.94
 340      0   298.01168   -1832.99144   0.00122   302.85315  -0.14380   0.00008    178.35
 360      0   298.25927   -1832.99166   0.00121   302.85213  -0.14380   0.00008    185.73
 380      0   298.55619   -1832.99145   0.00117   302.83935  -0.14378   0.00008    193.11
 400      0   299.00120   -1832.99156   0.00116   302.83918  -0.14376   0.00008    200.48
 420      0   299.29792   -1832.99223   0.00115   302.83731  -0.14376   0.00007    207.87
 440      0   299.00732   -1832.99217   0.00112   302.81922  -0.14376   0.00007    215.25
 460      0   298.61819   -1832.99275   0.00111   302.79611  -0.14377   0.00007    222.64
 480      0   299.33423   -1832.99337   0.00108   302.79689  -0.14379   0.00007    230.02
 500      0   298.61030   -1832.99308   0.00106   302.81061  -0.14384   0.00008    237.40
 520      0   299.25981   -1832.99295   0.00103   302.81001  -0.14383   0.00008    244.78
 540      0   299.66523   -1832.99328   0.00100   302.81219  -0.14386   0.00008    252.16
 560      0   298.88855   -1832.99368   0.00098   302.80598  -0.14386   0.00008    259.53
 580      0   298.26452   -1832.99299   0.00097   302.80125  -0.14385   0.00007    266.92
 600      0   299.94314   -1832.99226   0.00099   302.81457  -0.14385   0.00007    274.31
 620      0   297.71449   -1832.99234   0.00097   302.82197  -0.14385   0.00007    281.68
 640      0   298.44332   -1832.99173   0.00097   302.82381  -0.14385   0.00007    289.09
 660      0   299.82992   -1832.99153   0.00095   302.82879  -0.14386   0.00007    296.51
 680      0   298.87399   -1832.99165   0.00093   302.84515  -0.14388   0.00007    303.89
 700      0   299.75989   -1832.99151   0.00091   302.85592  -0.14386   0.00007    311.29
 720      0   298.13029   -1832.99190   0.00090   302.85998  -0.14386   0.00007    318.66
 740      0   298.28013   -1832.99225   0.00089   302.85515  -0.14388   0.00006    326.04
 760      0   297.83894   -1832.99303   0.00090   302.85924  -0.14388   0.00006    333.41
 780      0   298.98055   -1832.99269   0.00089   302.85604  -0.14390   0.00006    340.77
 800      0   299.69208   -1832.99240   0.00088   302.85913  -0.14390   0.00006    348.14
 820      0   297.93525   -1832.99264   0.00087   302.84953  -0.14390   0.00006    355.51
 840      0   298.94936   -1832.99229   0.00086   302.84280  -0.14389   0.00006    362.87

Post Propagation
Total number of samples 840
Remove Outliers
Remove samples outside Zeta > 30
Outlier bound [-0.18440, -0.10287]
Removed 0 Outliers
Outliers Energy []
nsample = 840, max_block_size = 42, min_nblocks = 20
   B    NB    NS  Observable     Error    dError
   1   840   840  -1832.99227   0.00086   0.00002
   2   420   840  -1832.99227   0.00109   0.00004
   3   280   840  -1832.99227   0.00121   0.00005
   4   210   840  -1832.99228   0.00134   0.00007
   5   168   840  -1832.99228   0.00140   0.00008
   6   140   840  -1832.99228   0.00147   0.00009
   7   120   840  -1832.99228   0.00150   0.00010
   8   105   840  -1832.99228   0.00154   0.00011
   9    93   837  -1832.99234   0.00159   0.00012
  10    84   840  -1832.99228   0.00160   0.00012
  11    76   836  -1832.99236   0.00159   0.00013
  12    70   840  -1832.99228   0.00158   0.00013
  13    64   832  -1832.99252   0.00157   0.00014
  14    60   840  -1832.99228   0.00172   0.00016
  15    56   840  -1832.99228   0.00166   0.00016
  16    52   832  -1832.99252   0.00177   0.00017
  17    49   833  -1832.99248   0.00175   0.00018
  18    46   828  -1832.99251   0.00172   0.00018
  19    44   836  -1832.99237   0.00175   0.00019
  20    42   840  -1832.99229   0.00171   0.00019
  21    40   840  -1832.99229   0.00183   0.00021
  22    38   836  -1832.99237   0.00177   0.00021
  23    36   828  -1832.99251   0.00176   0.00021
  24    35   840  -1832.99229   0.00166   0.00020
  25    33   825  -1832.99254   0.00157   0.00020
  26    32   832  -1832.99252   0.00168   0.00021
  27    31   837  -1832.99234   0.00188   0.00024
  28    30   840  -1832.99229   0.00194   0.00025
  29    28   812  -1832.99274   0.00169   0.00023
  30    28   840  -1832.99229   0.00170   0.00023
  31    27   837  -1832.99234   0.00178   0.00025
  32    26   832  -1832.99252   0.00162   0.00023
  33    25   825  -1832.99254   0.00210   0.00030
  34    24   816  -1832.99279   0.00166   0.00025
  35    24   840  -1832.99229   0.00194   0.00029
  36    23   828  -1832.99251   0.00185   0.00028
  37    22   814  -1832.99278   0.00176   0.00027
  38    22   836  -1832.99237   0.00183   0.00028
  39    21   819  -1832.99266   0.00157   0.00025
  40    21   840  -1832.99229   0.00202   0.00032
  41    20   820  -1832.99264   0.00163   0.00026
  42    20   840  -1832.99229   0.00178   0.00029
Fit (variance): plateau_var = 2.989e-06 ± 1.484e-07
Fit (error):    plateau = 0.00173 ± 0.00004
     autocorrelation length ~ 5.1 blocks
     plateau reached at block size ~ 23
nsample = 840, max_block_size = 42, min_nblocks = 20
Blk_SZ   NBlk   NSmp      Energy     Error    dError
     1    840    840    -0.14385   0.00006   0.00000
     2    420    840    -0.14385   0.00007   0.00000
     3    280    840    -0.14386   0.00007   0.00000
     4    210    840    -0.14386   0.00007   0.00000
     5    168    840    -0.14386   0.00007   0.00000
     6    140    840    -0.14386   0.00008   0.00000
     7    120    840    -0.14387   0.00008   0.00001
     8    105    840    -0.14387   0.00008   0.00001
     9     93    837    -0.14387   0.00008   0.00001
    10     84    840    -0.14387   0.00008   0.00001
    11     76    836    -0.14387   0.00008   0.00001
    12     70    840    -0.14387   0.00008   0.00001
    13     64    832    -0.14387   0.00008   0.00001
    14     60    840    -0.14387   0.00007   0.00001
    15     56    840    -0.14388   0.00008   0.00001
    16     52    832    -0.14387   0.00008   0.00001
    17     49    833    -0.14388   0.00007   0.00001
    18     46    828    -0.14387   0.00008   0.00001
    19     44    836    -0.14387   0.00009   0.00001
    20     42    840    -0.14388   0.00008   0.00001
    21     40    840    -0.14388   0.00008   0.00001
    22     38    836    -0.14387   0.00008   0.00001
    23     36    828    -0.14387   0.00008   0.00001
    24     35    840    -0.14388   0.00007   0.00001
    25     33    825    -0.14388   0.00007   0.00001
    26     32    832    -0.14388   0.00008   0.00001
    27     31    837    -0.14388   0.00007   0.00001
    28     30    840    -0.14388   0.00007   0.00001
    29     28    812    -0.14390   0.00008   0.00001
    30     28    840    -0.14388   0.00008   0.00001
    31     27    837    -0.14388   0.00008   0.00001
    32     26    832    -0.14388   0.00009   0.00001
    33     25    825    -0.14388   0.00008   0.00001
    34     24    816    -0.14389   0.00008   0.00001
    35     24    840    -0.14388   0.00008   0.00001
    36     23    828    -0.14387   0.00009   0.00001
    37     22    814    -0.14390   0.00009   0.00001
    38     22    836    -0.14388   0.00008   0.00001
    39     21    819    -0.14389   0.00007   0.00001
    40     21    840    -0.14388   0.00007   0.00001
    41     20    820    -0.14389   0.00007   0.00001
    42     20    840    -0.14388   0.00007   0.00001
Fit (variance): plateau_var = 6.14428e-09 ± 2.39111e-10
Fit (error):    plateau = 0.00008 ± 0.00000
     autocorrelation length ~ 2.4 blocks
     plateau reached at block size ~ 11
Final AFQMC/HF Guiding Energy:      -1832.9923 +/- 0.0017
Final AFQMC/pt2CCSD Orbital Energy: -0.14389 +/- 0.00008
<t1> = weightp/weight = 1.01395
Total run time: 362.88

AFQMC Sampling Finished

LNO-Integral time (s):    27.64
LNO-AFQMC time (s):       366.21


======================= LNO-FRAGMENT [C12H26] 13/(48,48) =======================
Fragment Num.  13
Fragment Idx.  13
Fragment Name  C12H26
LNO THRESHOLD  [0.00030000000000000003, 3e-05]
PySCF Threads  12
LNO-LAS: 23/156 Occ | 101/636 Vir | 124/792 MOs
LNO-MP2 Fragment Energy:  -0.13206027
LNO-CCSD Fragment Energy: -0.13786079
LNO-CPU time (s):         55.98 (LAS 24.14 | MP2 4.67 | CCSD 27.17)
LNO-CPU wait time (s):    0.00 (100.0% hidden)
Find Density Fit Teonsers in MF object
Integrals will be built by DF Tensors
Calculating Effective Active Space One-electron Integrals
*** Correlation Space Size ***
N Occupied Orbitals: 23
N Active Orbitals:   124
Build effective h0 and h1 time: 7.300683 s
Composing CDERIs from DF
Build CDERI in cLAS time: 6.939984 s
Raw CDERI in LAS shape: (3912, 7750)
Compress CDERI 2 Chol: 1e-05
Compress CDERI time: 2.546117 s
Finished calculating Integrals
LAS Cholesky shape: (1004, 124, 124)
AFQMC script: /u/yzhang65/myprojects/software/afqmc/afqmc/lno_afqmc/script/run_lno_afqmc_pt2ccsd.py

LNO-AFQMC Started
Hostname:     gpue04.delta.ncsa.illinois.edu
System:       Linux
Node:         gpue04.delta.ncsa.illinois.edu
Release:      5.14.0-570.131.1.el9_6.x86_64
Machine:      x86_64
Processor:    x86_64
JAX backend:  GPU
JAX devices:  [CudaDevice(id=0)]
Device kind:  NVIDIA H200
Platform:     gpu

QMC Parameters
eql_time        -         30
n_prop_steps    -         50
n_blocks        -        840
n_walkers       -        300
max_memory      -     200000
mix_precision   -       True
seed            -       1504
walker_type     -        rhf
trial           -    pt2ccsd
max_error       -    7.2e-05
dt              -      0.005
n_exp_terms     -          6
n_batch         -          1
nchol_chunk     -        100
free_projection -      False

QMC System
Number of Occ. Orbitals:      23
Number of Act. Orbitals:      124
Number of Chol. Vectors:      1004
Mean-Field Energy:            -1832.00523770
Maximum memory per walker:            666.67 MB
Maximum number of Cholesky per chunk: 2841
Number of Cholesky chunks:            1
Number of Cholesky per chunk:         1004
Number of padding Cholesky:           0
Trial:   pt2ccsd(norb=124, nelec=(23, 23), n_batch=1, nchol_chunk=1004, mix_precision=True)
Sampler: sampler_pt2(n_prop_steps=50, n_blocks=840, n_chol=1004, frozen_vir=0)

Initalize QMC walkers by HF

Equilibration
Initial Orbital energy: -0.13785
inv_T  nodes      weight      energy     error   runTime
 0.00      0   300.00000  -1832.00453   0.00000     33.96
 3.00      0   305.23732  -1832.98847   0.02186     40.43
 6.00      0   300.44265  -1832.95690   0.02224     41.87
 9.00      0   298.98524  -1832.96890   0.01877     43.31
12.00      0   298.96316  -1832.99113   0.01993     44.75
15.00      0   298.34316  -1832.97578   0.02017     46.19
18.00      0   298.58849  -1832.98755   0.02010     47.62
21.00      0   299.09346  -1832.94974   0.01933     49.07
24.00      0   298.42662  -1833.00038   0.02192     50.51
27.00      0   298.05156  -1832.97627   0.02187     51.94
30.00      0   299.39694  -1832.99686   0.02073     53.38

Sampling Blocks
Target Final Error ~ 0.000072
   N  nodes      weight      E(Guide)     Error     weightp    E_frag     Error      Time
  20      0   298.94556   -1832.98606   0.00371   303.34257  -0.14386   0.00031     66.27
  40      0   300.08615   -1832.99040   0.00354   303.11904  -0.14390   0.00021     74.18
  60      0   298.32584   -1832.99444   0.00290   303.01680  -0.14392   0.00017     81.80
  80      0   299.57559   -1832.99950   0.00285   302.92341  -0.14401   0.00016     89.43
 100      0   298.45368   -1832.99870   0.00247   302.86336  -0.14398   0.00015     97.07
 120      0   298.05607   -1832.99875   0.00213   302.78408  -0.14393   0.00013    104.69
 140      0   298.27128   -1832.99578   0.00204   302.79903  -0.14390   0.00012    112.32
 160      0   298.72577   -1832.99522   0.00190   302.81167  -0.14397   0.00012    119.94
 180      0   298.36444   -1832.99392   0.00178   302.82121  -0.14394   0.00011    127.57
 200      0   298.89803   -1832.99564   0.00180   302.86587  -0.14408   0.00011    135.21
 220      0   298.78769   -1832.99672   0.00172   302.90142  -0.14408   0.00010    142.83
 240      0   299.19993   -1832.99684   0.00163   302.92122  -0.14402   0.00010    150.45
 260      0   299.00194   -1832.99484   0.00159   302.97288  -0.14394   0.00009    158.09
 280      0   298.69538   -1832.99523   0.00153   302.97420  -0.14401   0.00010    165.70
 300      0   299.05065   -1832.99547   0.00145   302.96451  -0.14401   0.00010    173.33
 320      0   298.31511   -1832.99531   0.00138   302.93591  -0.14403   0.00009    180.96
 340      0   298.64926   -1832.99456   0.00137   302.91218  -0.14401   0.00009    188.60
 360      0   298.69409   -1832.99427   0.00132   302.90971  -0.14400   0.00009    196.23
 380      0   298.88084   -1832.99452   0.00128   302.94799  -0.14402   0.00008    203.86
 400      0   297.68817   -1832.99539   0.00125   302.94938  -0.14401   0.00008    211.47
 420      0   299.38533   -1832.99540   0.00124   302.95299  -0.14399   0.00008    219.10
 440      0   299.30285   -1832.99484   0.00120   302.95370  -0.14395   0.00007    226.73
 460      0   299.38491   -1832.99516   0.00118   302.97790  -0.14397   0.00008    234.36
 480      0   298.75953   -1832.99489   0.00113   302.99234  -0.14399   0.00007    242.00
 500      0   297.90333   -1832.99526   0.00110   303.00384  -0.14399   0.00007    249.63
 520      0   299.70591   -1832.99534   0.00111   303.02705  -0.14400   0.00007    257.27
 540      0   298.53730   -1832.99551   0.00108   303.02357  -0.14397   0.00007    264.89
 560      0   297.84945   -1832.99539   0.00105   303.02368  -0.14396   0.00007    272.55
 580      0   299.00335   -1832.99567   0.00102   303.02424  -0.14396   0.00007    280.19
 600      0   299.81504   -1832.99546   0.00100   303.02261  -0.14395   0.00006    287.81
 620      0   298.17037   -1832.99561   0.00098   303.02366  -0.14395   0.00006    295.43
 640      0   298.77429   -1832.99566   0.00097   303.03059  -0.14391   0.00006    303.06
 660      0   298.79503   -1832.99558   0.00095   303.03604  -0.14392   0.00006    310.69
 680      0   298.93330   -1832.99537   0.00094   303.03912  -0.14396   0.00006    318.33
 700      0   298.98182   -1832.99621   0.00093   303.05440  -0.14396   0.00006    325.95
 720      0   297.78725   -1832.99592   0.00092   303.04550  -0.14396   0.00006    333.61
 740      0   299.15547   -1832.99592   0.00091   303.05802  -0.14395   0.00006    341.24
 760      0   298.88037   -1832.99566   0.00089   303.06560  -0.14394   0.00006    348.87
 780      0   298.44690   -1832.99545   0.00088   303.07776  -0.14392   0.00006    356.50
 800      0   299.60381   -1832.99526   0.00087   303.09529  -0.14391   0.00006    364.12
 820      0   299.33259   -1832.99532   0.00086   303.09084  -0.14390   0.00006    371.75
 840      0   299.08323   -1832.99528   0.00085   303.07790  -0.14391   0.00005    379.37

Post Propagation
Total number of samples 840
Remove Outliers
Remove samples outside Zeta > 30
Outlier bound [-0.18568, -0.10167]
Removed 0 Outliers
Outliers Energy []
nsample = 840, max_block_size = 42, min_nblocks = 20
   B    NB    NS  Observable     Error    dError
   1   840   840  -1832.99526   0.00085   0.00002
   2   420   840  -1832.99527   0.00106   0.00004
   3   280   840  -1832.99527   0.00120   0.00005
   4   210   840  -1832.99527   0.00128   0.00006
   5   168   840  -1832.99527   0.00136   0.00007
   6   140   840  -1832.99527   0.00141   0.00008
   7   120   840  -1832.99528   0.00144   0.00009
   8   105   840  -1832.99528   0.00139   0.00010
   9    93   837  -1832.99516   0.00149   0.00011
  10    84   840  -1832.99528   0.00145   0.00011
  11    76   836  -1832.99517   0.00148   0.00012
  12    70   840  -1832.99528   0.00158   0.00013
  13    64   832  -1832.99517   0.00154   0.00014
  14    60   840  -1832.99528   0.00150   0.00014
  15    56   840  -1832.99528   0.00170   0.00016
  16    52   832  -1832.99517   0.00151   0.00015
  17    49   833  -1832.99512   0.00162   0.00017
  18    46   828  -1832.99520   0.00157   0.00017
  19    44   836  -1832.99517   0.00178   0.00019
  20    42   840  -1832.99528   0.00157   0.00017
  21    40   840  -1832.99528   0.00148   0.00017
  22    38   836  -1832.99517   0.00155   0.00018
  23    36   828  -1832.99520   0.00155   0.00019
  24    35   840  -1832.99528   0.00157   0.00019
  25    33   825  -1832.99529   0.00160   0.00020
  26    32   832  -1832.99517   0.00182   0.00023
  27    31   837  -1832.99517   0.00166   0.00021
  28    30   840  -1832.99528   0.00167   0.00022
  29    28   812  -1832.99521   0.00160   0.00022
  30    28   840  -1832.99528   0.00156   0.00021
  31    27   837  -1832.99517   0.00135   0.00019
  32    26   832  -1832.99517   0.00164   0.00023
  33    25   825  -1832.99529   0.00168   0.00024
  34    24   816  -1832.99517   0.00161   0.00024
  35    24   840  -1832.99528   0.00160   0.00024
  36    23   828  -1832.99520   0.00158   0.00024
  37    22   814  -1832.99519   0.00206   0.00032
  38    22   836  -1832.99517   0.00173   0.00027
  39    21   819  -1832.99527   0.00176   0.00028
  40    21   840  -1832.99528   0.00150   0.00024
  41    20   820  -1832.99532   0.00139   0.00023
  42    20   840  -1832.99528   0.00154   0.00025
Fit (variance): plateau_var = 2.469e-06 ± 1.122e-07
Fit (error):    plateau = 0.00157 ± 0.00004
     autocorrelation length ~ 4.0 blocks
     plateau reached at block size ~ 19
nsample = 840, max_block_size = 42, min_nblocks = 20
Blk_SZ   NBlk   NSmp      Energy     Error    dError
     1    840    840    -0.14388   0.00005   0.00000
     2    420    840    -0.14388   0.00006   0.00000
     3    280    840    -0.14389   0.00007   0.00000
     4    210    840    -0.14389   0.00007   0.00000
     5    168    840    -0.14389   0.00007   0.00000
     6    140    840    -0.14389   0.00007   0.00000
     7    120    840    -0.14389   0.00007   0.00000
     8    105    840    -0.14390   0.00007   0.00001
     9     93    837    -0.14390   0.00007   0.00001
    10     84    840    -0.14390   0.00007   0.00001
    11     76    836    -0.14390   0.00007   0.00001
    12     70    840    -0.14390   0.00007   0.00001
    13     64    832    -0.14390   0.00008   0.00001
    14     60    840    -0.14390   0.00007   0.00001
    15     56    840    -0.14390   0.00007   0.00001
    16     52    832    -0.14390   0.00007   0.00001
    17     49    833    -0.14390   0.00008   0.00001
    18     46    828    -0.14390   0.00007   0.00001
    19     44    836    -0.14390   0.00008   0.00001
    20     42    840    -0.14390   0.00008   0.00001
    21     40    840    -0.14390   0.00007   0.00001
    22     38    836    -0.14390   0.00009   0.00001
    23     36    828    -0.14390   0.00007   0.00001
    24     35    840    -0.14390   0.00007   0.00001
    25     33    825    -0.14390   0.00008   0.00001
    26     32    832    -0.14390   0.00008   0.00001
    27     31    837    -0.14390   0.00008   0.00001
    28     30    840    -0.14390   0.00007   0.00001
    29     28    812    -0.14390   0.00008   0.00001
    30     28    840    -0.14390   0.00007   0.00001
    31     27    837    -0.14391   0.00008   0.00001
    32     26    832    -0.14390   0.00008   0.00001
    33     25    825    -0.14390   0.00008   0.00001
    34     24    816    -0.14390   0.00008   0.00001
    35     24    840    -0.14390   0.00007   0.00001
    36     23    828    -0.14390   0.00008   0.00001
    37     22    814    -0.14391   0.00009   0.00001
    38     22    836    -0.14390   0.00008   0.00001
    39     21    819    -0.14390   0.00008   0.00001
    40     21    840    -0.14390   0.00008   0.00001
    41     20    820    -0.14390   0.00007   0.00001
    42     20    840    -0.14390   0.00007   0.00001
Fit (variance): plateau_var = 5.41087e-09 ± 2.16339e-10
Fit (error):    plateau = 0.00007 ± 0.00000
     autocorrelation length ~ 2.5 blocks
     plateau reached at block size ~ 11
Final AFQMC/HF Guiding Energy:      -1832.9953 +/- 0.0016
Final AFQMC/pt2CCSD Orbital Energy: -0.14391 +/- 0.00007
<t1> = weightp/weight = 1.01479
Total run time: 379.38

AFQMC Sampling Finished

LNO-Integral time (s):    17.23
LNO-AFQMC time (s):       382.37


======================= LNO-FRAGMENT [C13H28] 14/(48,48) =======================
Fragment Num.  14
Fragment Idx.  14
Fragment Name  C13H28
LNO THRESHOLD  [0.00030000000000000003, 3e-05]
PySCF Threads  12
LNO-LAS: 23/156 Occ | 99/636 Vir | 122/792 MOs
LNO-MP2 Fragment Energy:  -0.13191241
LNO-CCSD Fragment Energy: -0.13774917
LNO-CPU time (s):         54.77 (LAS 24.90 | MP2 5.35 | CCSD 24.51)
LNO-CPU wait time (s):    0.00 (100.0% hidden)
Find Density Fit Teonsers in MF object
Integrals will be built by DF Tensors
Calculating Effective Active Space One-electron Integrals
*** Correlation Space Size ***
N Occupied Orbitals: 23
N Active Orbitals:   122
Build effective h0 and h1 time: 7.850571 s
Composing CDERIs from DF
Build CDERI in cLAS time: 6.686181 s
Raw CDERI in LAS shape: (3912, 7503)
Compress CDERI 2 Chol: 1e-05
Compress CDERI time: 1.402287 s
Finished calculating Integrals
LAS Cholesky shape: (984, 122, 122)
AFQMC script: /u/yzhang65/myprojects/software/afqmc/afqmc/lno_afqmc/script/run_lno_afqmc_pt2ccsd.py

LNO-AFQMC Started
Hostname:     gpue04.delta.ncsa.illinois.edu
System:       Linux
Node:         gpue04.delta.ncsa.illinois.edu
Release:      5.14.0-570.131.1.el9_6.x86_64
Machine:      x86_64
Processor:    x86_64
JAX backend:  GPU
JAX devices:  [CudaDevice(id=0)]
Device kind:  NVIDIA H200
Platform:     gpu

QMC Parameters
eql_time        -         30
n_prop_steps    -         50
n_blocks        -        840
n_walkers       -        300
max_memory      -     200000
mix_precision   -       True
seed            -        129
walker_type     -        rhf
trial           -    pt2ccsd
max_error       -    7.2e-05
dt              -      0.005
n_exp_terms     -          6
n_batch         -          1
nchol_chunk     -        100
free_projection -      False

QMC System
Number of Occ. Orbitals:      23
Number of Act. Orbitals:      122
Number of Chol. Vectors:      984
Mean-Field Energy:            -1832.00523770
Maximum memory per walker:            666.67 MB
Maximum number of Cholesky per chunk: 2935
Number of Cholesky chunks:            1
Number of Cholesky per chunk:         984
Number of padding Cholesky:           0
Trial:   pt2ccsd(norb=122, nelec=(23, 23), n_batch=1, nchol_chunk=984, mix_precision=True)
Sampler: sampler_pt2(n_prop_steps=50, n_blocks=840, n_chol=984, frozen_vir=0)

Initalize QMC walkers by HF

Equilibration
Initial Orbital energy: -0.13775
inv_T  nodes      weight      energy     error   runTime
 0.00      0   300.00000  -1832.00457   0.00000     32.58
 3.00      0   305.17814  -1832.97018   0.02034     38.95
 6.00      0   300.05663  -1832.97599   0.02075     40.37
 9.00      0   299.12722  -1832.99387   0.02161     41.94
12.00      0   298.91108  -1833.00542   0.02075     43.37
15.00      0   299.06586  -1832.99587   0.02303     44.80
18.00      0   297.89092  -1832.96931   0.01933     46.23
21.00      0   299.01298  -1833.00756   0.02090     47.65
24.00      0   298.49797  -1832.95844   0.02235     49.08
27.00      0   298.34029  -1832.94688   0.01863     50.50
30.00      0   298.53044  -1832.96354   0.02032     52.31

Sampling Blocks
Target Final Error ~ 0.000072
   N  nodes      weight      E(Guide)     Error     weightp    E_frag     Error      Time
  20      0   298.54454   -1832.98958   0.00409   303.05790  -0.14330   0.00022     66.49
  40      0   299.52593   -1832.99546   0.00360   303.08488  -0.14411   0.00045     74.10
  60      0   297.90780   -1832.99702   0.00279   302.94354  -0.14411   0.00032     81.46
  80      0   298.06797   -1832.99519   0.00236   302.92371  -0.14383   0.00026     88.82
 100      0   298.95159   -1832.99510   0.00199   303.10568  -0.14393   0.00023     96.18
 120      0   298.56914   -1832.99168   0.00195   303.14331  -0.14388   0.00019    103.55
 140      0   299.11514   -1832.99211   0.00173   303.12982  -0.14384   0.00017    110.91
 160      0   299.62421   -1832.99243   0.00164   303.14698  -0.14389   0.00016    118.27
 180      0   298.33749   -1832.99284   0.00157   303.11381  -0.14389   0.00014    125.64
 200      0   298.82380   -1832.99306   0.00145   303.10904  -0.14395   0.00014    133.00
 220      0   299.35012   -1832.99141   0.00150   303.09957  -0.14392   0.00013    140.36
 240      0   298.42388   -1832.99281   0.00145   303.11951  -0.14394   0.00012    147.73
 260      0   298.69882   -1832.99304   0.00139   303.09092  -0.14395   0.00011    155.11
 280      0   298.62224   -1832.99320   0.00135   303.07548  -0.14397   0.00011    162.47
 300      0   298.31867   -1832.99364   0.00128   303.06597  -0.14398   0.00010    169.84
 320      0   299.10965   -1832.99497   0.00128   303.06104  -0.14409   0.00010    177.23
 340      0   298.95944   -1832.99454   0.00126   303.06084  -0.14413   0.00011    184.60
 360      0   299.62272   -1832.99411   0.00123   303.06557  -0.14411   0.00010    191.97
 380      0   298.01234   -1832.99412   0.00118   303.05890  -0.14412   0.00010    199.35
 400      0   299.18391   -1832.99377   0.00114   303.05883  -0.14412   0.00009    206.71
 420      0   298.26161   -1832.99367   0.00111   303.05088  -0.14413   0.00009    214.09
 440      0   298.84498   -1832.99316   0.00108   303.03280  -0.14410   0.00009    221.47
 460      0   299.18187   -1832.99335   0.00105   303.02022  -0.14408   0.00009    228.85
 480      0   298.87181   -1832.99342   0.00103   303.00996  -0.14407   0.00008    236.21
 500      0   298.67693   -1832.99295   0.00102   303.00988  -0.14407   0.00008    243.56
 520      0   299.13276   -1832.99278   0.00100   302.98569  -0.14407   0.00008    250.94
 540      0   298.45717   -1832.99252   0.00098   302.98035  -0.14404   0.00008    258.31
 560      0   299.39200   -1832.99203   0.00096   302.97964  -0.14402   0.00008    265.68
 580      0   298.73851   -1832.99205   0.00095   302.98828  -0.14406   0.00008    273.06
 600      0   299.29808   -1832.99262   0.00094   303.01533  -0.14403   0.00007    280.44
 620      0   298.73129   -1832.99301   0.00092   303.02471  -0.14404   0.00007    287.83
 640      0   298.08639   -1832.99334   0.00091   303.02948  -0.14403   0.00007    295.22
 660      0   298.64732   -1832.99331   0.00090   303.02052  -0.14404   0.00007    302.60
 680      0   300.05312   -1832.99309   0.00089   303.02185  -0.14404   0.00007    309.97
 700      0   298.65685   -1832.99355   0.00089   303.01967  -0.14405   0.00007    317.34
 720      0   298.80588   -1832.99356   0.00087   303.01563  -0.14403   0.00007    324.72
 740      0   297.90000   -1832.99364   0.00086   303.02407  -0.14402   0.00007    332.11
 760      0   299.21433   -1832.99339   0.00084   303.03156  -0.14402   0.00007    339.49
 780      0   298.37933   -1832.99365   0.00083   303.02800  -0.14404   0.00007    346.88
 800      0   299.05042   -1832.99347   0.00082   303.02666  -0.14403   0.00006    354.27
 820      0   299.15384   -1832.99354   0.00080   303.02784  -0.14403   0.00006    361.64
 840      0   298.42884   -1832.99376   0.00080   303.02362  -0.14404   0.00006    368.98

Post Propagation
Total number of samples 840
Remove Outliers
Remove samples outside Zeta > 30
Outlier bound [-0.18586, -0.10148]
Removed 0 Outliers
Outliers Energy []
nsample = 840, max_block_size = 42, min_nblocks = 20
   B    NB    NS  Observable     Error    dError
   1   840   840  -1832.99374   0.00080   0.00002
   2   420   840  -1832.99375   0.00097   0.00003
   3   280   840  -1832.99375   0.00108   0.00005
   4   210   840  -1832.99375   0.00113   0.00006
   5   168   840  -1832.99375   0.00120   0.00007
   6   140   840  -1832.99375   0.00119   0.00007
   7   120   840  -1832.99375   0.00124   0.00008
   8   105   840  -1832.99375   0.00123   0.00009
   9    93   837  -1832.99384   0.00127   0.00009
  10    84   840  -1832.99376   0.00129   0.00010
  11    76   836  -1832.99387   0.00136   0.00011
  12    70   840  -1832.99376   0.00127   0.00011
  13    64   832  -1832.99374   0.00137   0.00012
  14    60   840  -1832.99376   0.00130   0.00012
  15    56   840  -1832.99376   0.00136   0.00013
  16    52   832  -1832.99374   0.00132   0.00013
  17    49   833  -1832.99377   0.00132   0.00014
  18    46   828  -1832.99355   0.00129   0.00014
  19    44   836  -1832.99387   0.00137   0.00015
  20    42   840  -1832.99376   0.00140   0.00015
  21    40   840  -1832.99376   0.00140   0.00016
  22    38   836  -1832.99387   0.00140   0.00016
  23    36   828  -1832.99355   0.00127   0.00015
  24    35   840  -1832.99376   0.00131   0.00016
  25    33   825  -1832.99347   0.00147   0.00018
  26    32   832  -1832.99374   0.00146   0.00019
  27    31   837  -1832.99384   0.00148   0.00019
  28    30   840  -1832.99376   0.00132   0.00017
  29    28   812  -1832.99346   0.00133   0.00018
  30    28   840  -1832.99376   0.00125   0.00017
  31    27   837  -1832.99384   0.00160   0.00022
  32    26   832  -1832.99374   0.00147   0.00021
  33    25   825  -1832.99347   0.00116   0.00017
  34    24   816  -1832.99349   0.00130   0.00019
  35    24   840  -1832.99376   0.00129   0.00019
  36    23   828  -1832.99355   0.00144   0.00022
  37    22   814  -1832.99347   0.00127   0.00020
  38    22   836  -1832.99387   0.00142   0.00022
  39    21   819  -1832.99354   0.00143   0.00023
  40    21   840  -1832.99376   0.00145   0.00023
  41    20   820  -1832.99354   0.00122   0.00020
  42    20   840  -1832.99376   0.00127   0.00021
Fit (variance): plateau_var = 1.783e-06 ± 7.783e-08
Fit (error):    plateau = 0.00134 ± 0.00003
     autocorrelation length ~ 3.5 blocks
     plateau reached at block size ~ 16
nsample = 840, max_block_size = 42, min_nblocks = 20
Blk_SZ   NBlk   NSmp      Energy     Error    dError
     1    840    840    -0.14401   0.00006   0.00000
     2    420    840    -0.14402   0.00007   0.00000
     3    280    840    -0.14402   0.00008   0.00000
     4    210    840    -0.14403   0.00008   0.00000
     5    168    840    -0.14403   0.00008   0.00000
     6    140    840    -0.14403   0.00008   0.00000
     7    120    840    -0.14403   0.00008   0.00001
     8    105    840    -0.14403   0.00008   0.00001
     9     93    837    -0.14403   0.00009   0.00001
    10     84    840    -0.14404   0.00008   0.00001
    11     76    836    -0.14404   0.00008   0.00001
    12     70    840    -0.14404   0.00008   0.00001
    13     64    832    -0.14403   0.00009   0.00001
    14     60    840    -0.14404   0.00009   0.00001
    15     56    840    -0.14404   0.00009   0.00001
    16     52    832    -0.14403   0.00009   0.00001
    17     49    833    -0.14404   0.00009   0.00001
    18     46    828    -0.14403   0.00009   0.00001
    19     44    836    -0.14404   0.00010   0.00001
    20     42    840    -0.14404   0.00008   0.00001
    21     40    840    -0.14404   0.00009   0.00001
    22     38    836    -0.14404   0.00008   0.00001
    23     36    828    -0.14404   0.00009   0.00001
    24     35    840    -0.14404   0.00008   0.00001
    25     33    825    -0.14402   0.00009   0.00001
    26     32    832    -0.14404   0.00009   0.00001
    27     31    837    -0.14404   0.00009   0.00001
    28     30    840    -0.14404   0.00009   0.00001
    29     28    812    -0.14403   0.00008   0.00001
    30     28    840    -0.14404   0.00008   0.00001
    31     27    837    -0.14404   0.00008   0.00001
    32     26    832    -0.14404   0.00008   0.00001
    33     25    825    -0.14403   0.00009   0.00001
    34     24    816    -0.14403   0.00007   0.00001
    35     24    840    -0.14404   0.00008   0.00001
    36     23    828    -0.14404   0.00007   0.00001
    37     22    814    -0.14403   0.00009   0.00001
    38     22    836    -0.14404   0.00007   0.00001
    39     21    819    -0.14403   0.00007   0.00001
    40     21    840    -0.14404   0.00007   0.00001
    41     20    820    -0.14403   0.00008   0.00001
    42     20    840    -0.14404   0.00008   0.00001
Fit (variance): plateau_var = 6.69731e-09 ± 2.40827e-10
Fit (error):    plateau = 0.00008 ± 0.00000
     autocorrelation length ~ 1.6 blocks
     plateau reached at block size ~ 8
Final AFQMC/HF Guiding Energy:      -1832.9938 +/- 0.0013
Final AFQMC/pt2CCSD Orbital Energy: -0.14404 +/- 0.00008
<t1> = weightp/weight = 1.01453
Total run time: 368.99

AFQMC Sampling Finished

LNO-Integral time (s):    16.85
LNO-AFQMC time (s):       372.08


======================= LNO-FRAGMENT [C14H29] 15/(48,48) =======================
Fragment Num.  15
Fragment Idx.  15
Fragment Name  C14H29
LNO THRESHOLD  [0.00030000000000000003, 3e-05]
PySCF Threads  12
LNO-LAS: 23/156 Occ | 101/636 Vir | 124/792 MOs
LNO-MP2 Fragment Energy:  -0.13206027
LNO-CCSD Fragment Energy: -0.13786079
LNO-CPU time (s):         53.62 (LAS 23.17 | MP2 4.84 | CCSD 25.61)
LNO-CPU wait time (s):    0.00 (100.0% hidden)
Find Density Fit Teonsers in MF object
Integrals will be built by DF Tensors
Calculating Effective Active Space One-electron Integrals
*** Correlation Space Size ***
N Occupied Orbitals: 23
N Active Orbitals:   124
Build effective h0 and h1 time: 7.412402 s
Composing CDERIs from DF
Build CDERI in cLAS time: 6.002985 s
Raw CDERI in LAS shape: (3912, 7750)
Compress CDERI 2 Chol: 1e-05
Compress CDERI time: 1.171418 s
Finished calculating Integrals
LAS Cholesky shape: (1004, 124, 124)
AFQMC script: /u/yzhang65/myprojects/software/afqmc/afqmc/lno_afqmc/script/run_lno_afqmc_pt2ccsd.py

LNO-AFQMC Started
Hostname:     gpue04.delta.ncsa.illinois.edu
System:       Linux
Node:         gpue04.delta.ncsa.illinois.edu
Release:      5.14.0-570.131.1.el9_6.x86_64
Machine:      x86_64
Processor:    x86_64
JAX backend:  GPU
JAX devices:  [CudaDevice(id=0)]
Device kind:  NVIDIA H200
Platform:     gpu

QMC Parameters
eql_time        -         30
n_prop_steps    -         50
n_blocks        -        840
n_walkers       -        300
max_memory      -     200000
mix_precision   -       True
seed            -       1653
walker_type     -        rhf
trial           -    pt2ccsd
max_error       -    7.2e-05
dt              -      0.005
n_exp_terms     -          6
n_batch         -          1
nchol_chunk     -        100
free_projection -      False

QMC System
Number of Occ. Orbitals:      23
Number of Act. Orbitals:      124
Number of Chol. Vectors:      1004
Mean-Field Energy:            -1832.00523770
Maximum memory per walker:            666.67 MB
Maximum number of Cholesky per chunk: 2841
Number of Cholesky chunks:            1
Number of Cholesky per chunk:         1004
Number of padding Cholesky:           0
Trial:   pt2ccsd(norb=124, nelec=(23, 23), n_batch=1, nchol_chunk=1004, mix_precision=True)
Sampler: sampler_pt2(n_prop_steps=50, n_blocks=840, n_chol=1004, frozen_vir=0)

Initalize QMC walkers by HF

Equilibration
Initial Orbital energy: -0.13785
inv_T  nodes      weight      energy     error   runTime
 0.00      0   300.00000  -1832.00453   0.00000     29.04
 3.00      0   305.54363  -1832.97071   0.01922     36.88
 6.00      0   301.09915  -1832.99648   0.02187     38.31
 9.00      0   299.15399  -1833.01160   0.02289     39.75
12.00      0   298.52854  -1832.95047   0.02002     41.18
15.00      0   299.51611  -1833.01499   0.02188     42.61
18.00      0   299.08953  -1833.05912   0.02632     44.05
21.00      0   297.93782  -1832.98510   0.02102     45.48
24.00      0   298.20347  -1832.97512   0.02103     46.92
27.00      0   298.68098  -1833.01177   0.02321     48.35
30.00      0   298.38621  -1832.93507   0.01927     49.78

Sampling Blocks
Target Final Error ~ 0.000072
   N  nodes      weight      E(Guide)     Error     weightp    E_frag     Error      Time
  20      0   298.10650   -1832.99352   0.00396   303.36098  -0.14368   0.00022     63.08
  40      0   298.22168   -1832.98530   0.00294   303.20741  -0.14378   0.00017     70.91
  60      0   299.04883   -1832.98617   0.00247   303.28520  -0.14393   0.00014     78.54
  80      0   297.92697   -1832.98348   0.00224   303.31703  -0.14383   0.00013     86.20
 100      0   299.10101   -1832.99151   0.00283   303.36233  -0.14383   0.00016     93.82
 120      0   298.25981   -1832.99016   0.00254   303.26540  -0.14377   0.00015    101.44
 140      0   298.79482   -1832.98999   0.00230   303.28499  -0.14376   0.00014    109.08
 160      0   298.03418   -1832.99181   0.00213   303.31640  -0.14374   0.00013    116.70
 180      0   298.19142   -1832.99244   0.00195   303.27152  -0.14380   0.00012    124.33
 200      0   298.96784   -1832.99238   0.00178   303.23643  -0.14380   0.00011    131.96
 220      0   298.71440   -1832.99319   0.00168   303.19780  -0.14389   0.00010    139.58
 240      0   298.72787   -1832.99177   0.00161   303.14726  -0.14387   0.00010    147.22
 260      0   298.21027   -1832.99172   0.00152   303.10393  -0.14385   0.00009    154.83
 280      0   297.84491   -1832.99236   0.00149   303.07159  -0.14385   0.00009    162.46
 300      0   298.95890   -1832.99241   0.00143   303.05198  -0.14384   0.00009    170.08
 320      0   299.00910   -1832.99243   0.00138   303.01912  -0.14382   0.00008    177.72
 340      0   298.57450   -1832.99121   0.00134   303.00927  -0.14380   0.00008    185.35
 360      0   298.29820   -1832.99133   0.00131   303.01602  -0.14383   0.00008    192.97
 380      0   298.76527   -1832.99089   0.00128   303.05077  -0.14384   0.00008    200.60
 400      0   298.67770   -1832.99130   0.00123   303.08132  -0.14385   0.00008    208.24
 420      0   299.02544   -1832.99185   0.00120   303.09362  -0.14387   0.00008    215.88
 440      0   298.48380   -1832.99170   0.00116   303.08033  -0.14389   0.00007    223.52
 460      0   299.43732   -1832.99175   0.00116   303.08811  -0.14393   0.00008    231.14
 480      0   298.27773   -1832.99158   0.00114   303.08668  -0.14395   0.00008    238.76
 500      0   298.43086   -1832.99174   0.00112   303.08594  -0.14396   0.00008    246.39
 520      0   298.48463   -1832.99132   0.00109   303.10733  -0.14397   0.00008    254.00
 540      0   299.13075   -1832.99140   0.00107   303.10247  -0.14397   0.00007    261.64
 560      0   298.52827   -1832.99113   0.00104   303.10019  -0.14394   0.00007    269.31
 580      0   298.73787   -1832.99120   0.00103   303.09935  -0.14393   0.00007    276.94
 600      0   298.28955   -1832.99101   0.00101   303.11279  -0.14393   0.00007    284.58
 620      0   299.29536   -1832.99095   0.00099   303.12703  -0.14393   0.00007    292.20
 640      0   298.17530   -1832.99102   0.00097   303.12890  -0.14393   0.00007    299.82
 660      0   298.96529   -1832.99074   0.00095   303.13419  -0.14393   0.00007    307.48
 680      0   298.83627   -1832.99082   0.00094   303.12924  -0.14393   0.00006    315.12
 700      0   297.75113   -1832.99149   0.00094   303.12999  -0.14396   0.00006    322.74
 720      0   299.11816   -1832.99140   0.00092   303.12680  -0.14394   0.00006    330.38
 740      0   298.72808   -1832.99187   0.00091   303.13667  -0.14396   0.00006    338.03
 760      0   298.48228   -1832.99157   0.00089   303.13635  -0.14395   0.00006    345.68
 780      0   298.25787   -1832.99165   0.00088   303.14226  -0.14394   0.00006    353.32
 800      0   298.27982   -1832.99186   0.00088   303.14126  -0.14394   0.00006    360.95
 820      0   298.33273   -1832.99240   0.00088   303.14254  -0.14395   0.00006    368.59
 840      0   298.20742   -1832.99255   0.00087   303.13946  -0.14394   0.00006    376.25

Post Propagation
Total number of samples 840
Remove Outliers
Remove samples outside Zeta > 30
Outlier bound [-0.18222, -0.10500]
Removed 0 Outliers
Outliers Energy []
nsample = 840, max_block_size = 42, min_nblocks = 20
   B    NB    NS  Observable     Error    dError
   1   840   840  -1832.99252   0.00087   0.00002
   2   420   840  -1832.99253   0.00109   0.00004
   3   280   840  -1832.99253   0.00122   0.00005
   4   210   840  -1832.99253   0.00133   0.00006
   5   168   840  -1832.99254   0.00141   0.00008
   6   140   840  -1832.99254   0.00141   0.00008
   7   120   840  -1832.99254   0.00144   0.00009
   8   105   840  -1832.99254   0.00151   0.00010
   9    93   837  -1832.99247   0.00151   0.00011
  10    84   840  -1832.99254   0.00149   0.00012
  11    76   836  -1832.99245   0.00162   0.00013
  12    70   840  -1832.99254   0.00142   0.00012
  13    64   832  -1832.99247   0.00160   0.00014
  14    60   840  -1832.99254   0.00161   0.00015
  15    56   840  -1832.99254   0.00159   0.00015
  16    52   832  -1832.99247   0.00164   0.00016
  17    49   833  -1832.99246   0.00150   0.00015
  18    46   828  -1832.99257   0.00167   0.00018
  19    44   836  -1832.99245   0.00174   0.00019
  20    42   840  -1832.99254   0.00167   0.00018
  21    40   840  -1832.99255   0.00150   0.00017
  22    38   836  -1832.99245   0.00154   0.00018
  23    36   828  -1832.99257   0.00141   0.00017
  24    35   840  -1832.99255   0.00148   0.00018
  25    33   825  -1832.99261   0.00171   0.00021
  26    32   832  -1832.99247   0.00172   0.00022
  27    31   837  -1832.99247   0.00172   0.00022
  28    30   840  -1832.99255   0.00155   0.00020
  29    28   812  -1832.99206   0.00124   0.00017
  30    28   840  -1832.99255   0.00128   0.00017
  31    27   837  -1832.99248   0.00139   0.00019
  32    26   832  -1832.99247   0.00138   0.00019
  33    25   825  -1832.99261   0.00150   0.00022
  34    24   816  -1832.99234   0.00167   0.00025
  35    24   840  -1832.99255   0.00156   0.00023
  36    23   828  -1832.99257   0.00164   0.00025
  37    22   814  -1832.99224   0.00153   0.00024
  38    22   836  -1832.99245   0.00172   0.00026
  39    21   819  -1832.99241   0.00152   0.00024
  40    21   840  -1832.99255   0.00140   0.00022
  41    20   820  -1832.99240   0.00158   0.00026
  42    20   840  -1832.99255   0.00138   0.00022
Fit (variance): plateau_var = 2.319e-06 ± 9.496e-08
Fit (error):    plateau = 0.00152 ± 0.00003
     autocorrelation length ~ 3.0 blocks
     plateau reached at block size ~ 14
nsample = 840, max_block_size = 42, min_nblocks = 20
Blk_SZ   NBlk   NSmp      Energy     Error    dError
     1    840    840    -0.14390   0.00006   0.00000
     2    420    840    -0.14391   0.00007   0.00000
     3    280    840    -0.14391   0.00007   0.00000
     4    210    840    -0.14391   0.00007   0.00000
     5    168    840    -0.14392   0.00007   0.00000
     6    140    840    -0.14392   0.00008   0.00000
     7    120    840    -0.14392   0.00008   0.00000
     8    105    840    -0.14392   0.00007   0.00001
     9     93    837    -0.14392   0.00007   0.00001
    10     84    840    -0.14392   0.00008   0.00001
    11     76    836    -0.14393   0.00009   0.00001
    12     70    840    -0.14393   0.00008   0.00001
    13     64    832    -0.14393   0.00007   0.00001
    14     60    840    -0.14393   0.00008   0.00001
    15     56    840    -0.14393   0.00008   0.00001
    16     52    832    -0.14393   0.00008   0.00001
    17     49    833    -0.14394   0.00008   0.00001
    18     46    828    -0.14393   0.00008   0.00001
    19     44    836    -0.14393   0.00006   0.00001
    20     42    840    -0.14393   0.00007   0.00001
    21     40    840    -0.14393   0.00008   0.00001
    22     38    836    -0.14394   0.00009   0.00001
    23     36    828    -0.14394   0.00007   0.00001
    24     35    840    -0.14393   0.00007   0.00001
    25     33    825    -0.14394   0.00008   0.00001
    26     32    832    -0.14394   0.00007   0.00001
    27     31    837    -0.14394   0.00006   0.00001
    28     30    840    -0.14393   0.00008   0.00001
    29     28    812    -0.14395   0.00007   0.00001
    30     28    840    -0.14394   0.00008   0.00001
    31     27    837    -0.14394   0.00007   0.00001
    32     26    832    -0.14394   0.00007   0.00001
    33     25    825    -0.14394   0.00008   0.00001
    34     24    816    -0.14395   0.00008   0.00001
    35     24    840    -0.14394   0.00006   0.00001
    36     23    828    -0.14394   0.00007   0.00001
    37     22    814    -0.14395   0.00008   0.00001
    38     22    836    -0.14394   0.00006   0.00001
    39     21    819    -0.14395   0.00007   0.00001
    40     21    840    -0.14394   0.00006   0.00001
    41     20    820    -0.14394   0.00008   0.00001
    42     20    840    -0.14394   0.00007   0.00001
Fit (variance): plateau_var = 5.37566e-09 ± 1.83322e-10
Fit (error):    plateau = 0.00007 ± 0.00000
     autocorrelation length ~ 1.2 blocks
     plateau reached at block size ~ 6
Final AFQMC/HF Guiding Energy:      -1832.9925 +/- 0.0015
Final AFQMC/pt2CCSD Orbital Energy: -0.14394 +/- 0.00007
<t1> = weightp/weight = 1.01491
Total run time: 376.25

AFQMC Sampling Finished

LNO-Integral time (s):    15.14
LNO-AFQMC time (s):       379.35


======================== LNO-FRAGMENT [C15] 16/(48,48) =========================
Fragment Num.  16
Fragment Idx.  16
Fragment Name  C15
LNO THRESHOLD  [0.00030000000000000003, 3e-05]
PySCF Threads  12
LNO-LAS: 27/156 Occ | 119/636 Vir | 146/792 MOs
LNO-MP2 Fragment Energy:  -0.11744299
LNO-CCSD Fragment Energy: -0.11791908
LNO-CPU time (s):         78.64 (LAS 23.49 | MP2 5.85 | CCSD 49.30)
LNO-CPU wait time (s):    0.00 (100.0% hidden)
Find Density Fit Teonsers in MF object
Integrals will be built by DF Tensors
Calculating Effective Active Space One-electron Integrals
*** Correlation Space Size ***
N Occupied Orbitals: 27
N Active Orbitals:   146
Build effective h0 and h1 time: 7.564632 s
Composing CDERIs from DF
Build CDERI in cLAS time: 7.013453 s
Raw CDERI in LAS shape: (3912, 10731)
Compress CDERI 2 Chol: 1e-05
Compress CDERI time: 1.432780 s
Finished calculating Integrals
LAS Cholesky shape: (1165, 146, 146)
AFQMC script: /u/yzhang65/myprojects/software/afqmc/afqmc/lno_afqmc/script/run_lno_afqmc_pt2ccsd.py

LNO-AFQMC Started
Hostname:     gpue04.delta.ncsa.illinois.edu
System:       Linux
Node:         gpue04.delta.ncsa.illinois.edu
Release:      5.14.0-570.131.1.el9_6.x86_64
Machine:      x86_64
Processor:    x86_64
JAX backend:  GPU
JAX devices:  [CudaDevice(id=0)]
Device kind:  NVIDIA H200
Platform:     gpu

QMC Parameters
eql_time        -         30
n_prop_steps    -         50
n_blocks        -        840
n_walkers       -        300
max_memory      -     200000
mix_precision   -       True
seed            -       3424
walker_type     -        rhf
trial           -    pt2ccsd
max_error       -    7.2e-05
dt              -      0.005
n_exp_terms     -          6
n_batch         -          1
nchol_chunk     -        100
free_projection -      False

QMC System
Number of Occ. Orbitals:      27
Number of Act. Orbitals:      146
Number of Chol. Vectors:      1165
Mean-Field Energy:            -1832.00523770
Maximum memory per walker:            666.67 MB
Maximum number of Cholesky per chunk: 2049
Number of Cholesky chunks:            1
Number of Cholesky per chunk:         1165
Number of padding Cholesky:           0
Trial:   pt2ccsd(norb=146, nelec=(27, 27), n_batch=1, nchol_chunk=1165, mix_precision=True)
Sampler: sampler_pt2(n_prop_steps=50, n_blocks=840, n_chol=1165, frozen_vir=0)

Initalize QMC walkers by HF

Equilibration
Initial Orbital energy: -0.11792
inv_T  nodes      weight      energy     error   runTime
 0.00      0   300.00000  -1832.00433   0.00000     28.61
 3.00      0   305.10626  -1833.11712   0.01978     36.10
 6.00      0   300.06432  -1833.12962   0.02086     38.15
 9.00      0   299.76703  -1833.19870   0.02375     40.18
12.00      0   298.90398  -1833.18540   0.02169     42.19
15.00      0   298.60952  -1833.23422   0.02668     44.19
18.00      0   298.45168  -1833.18347   0.02771     46.21
21.00      0   299.22606  -1833.20183   0.02261     48.22
24.00      0   298.59347  -1833.19226   0.02447     50.23
27.00      0   297.65119  -1833.15472   0.01989     52.23
30.00      0   298.61609  -1833.17507   0.02253     54.24

Sampling Blocks
Target Final Error ~ 0.000072
   N  nodes      weight      E(Guide)     Error     weightp    E_frag     Error      Time
  20      0   298.14531   -1833.17620   0.00505   303.08672  -0.12351   0.00024     74.21
  40      0   298.25814   -1833.18289   0.00469   303.01573  -0.12391   0.00017     88.76
  60      0   298.23393   -1833.18918   0.00364   303.15763  -0.12390   0.00013    103.01
  80      0   298.30696   -1833.19431   0.00314   303.25831  -0.12419   0.00014    117.32
 100      0   298.91464   -1833.19738   0.00275   303.21780  -0.12423   0.00012    131.57
 120      0   298.14697   -1833.19788   0.00237   303.17964  -0.12424   0.00011    145.83
 140      0   298.07225   -1833.19405   0.00234   303.16414  -0.12429   0.00010    160.09
 160      0   298.86322   -1833.19545   0.00224   303.11925  -0.12435   0.00010    174.34
 180      0   298.58968   -1833.19570   0.00212   303.07050  -0.12440   0.00009    188.60
 200      0   298.72870   -1833.19423   0.00201   303.09181  -0.12439   0.00008    202.86
 220      0   297.64454   -1833.19449   0.00187   303.09524  -0.12435   0.00008    217.11
 240      0   298.85875   -1833.19483   0.00177   303.09814  -0.12437   0.00008    231.39
 260      0   298.21553   -1833.19406   0.00171   303.08452  -0.12438   0.00008    245.65
 280      0   298.28929   -1833.19497   0.00166   303.11151  -0.12440   0.00007    259.93
 300      0   298.73089   -1833.19553   0.00159   303.11746  -0.12444   0.00007    274.21
 320      0   298.28664   -1833.19610   0.00152   303.12966  -0.12444   0.00007    288.46
 340      0   296.91591   -1833.19616   0.00147   303.10633  -0.12446   0.00007    302.71
 360      0   298.95589   -1833.19621   0.00142   303.13955  -0.12448   0.00007    316.99
 380      0   298.96052   -1833.19480   0.00142   303.15056  -0.12446   0.00006    331.25
 400      0   298.35010   -1833.19395   0.00137   303.16150  -0.12444   0.00006    345.52
 420      0   299.15337   -1833.19333   0.00132   303.16274  -0.12441   0.00006    359.79
 440      0   298.87179   -1833.19398   0.00129   303.15886  -0.12439   0.00006    374.05
 460      0   298.44274   -1833.19342   0.00126   303.14650  -0.12436   0.00006    388.29
 480      0   298.51442   -1833.19268   0.00124   303.14934  -0.12436   0.00006    402.54
 500      0   298.01116   -1833.19225   0.00121   303.15702  -0.12433   0.00006    416.79
 520      0   298.23425   -1833.19268   0.00117   303.15039  -0.12434   0.00005    431.06
 540      0   298.91176   -1833.19236   0.00115   303.16548  -0.12432   0.00005    445.31

Post Propagation
Total number of samples 540
Remove Outliers
Remove samples outside Zeta > 30
Outlier bound [-0.15907, -0.08925]
Removed 0 Outliers
Outliers Energy []
nsample = 540, max_block_size = 27, min_nblocks = 20
   B    NB    NS  Observable     Error    dError
   1   540   540  -1833.19234   0.00115   0.00003
   2   270   540  -1833.19235   0.00144   0.00006
   3   180   540  -1833.19235   0.00166   0.00009
   4   135   540  -1833.19235   0.00176   0.00011
   5   108   540  -1833.19235   0.00183   0.00013
   6    90   540  -1833.19236   0.00199   0.00015
   7    77   539  -1833.19238   0.00201   0.00016
   8    67   536  -1833.19246   0.00204   0.00018
   9    60   540  -1833.19236   0.00203   0.00019
  10    54   540  -1833.19236   0.00211   0.00020
  11    49   539  -1833.19239   0.00204   0.00021
  12    45   540  -1833.19236   0.00222   0.00024
  13    41   533  -1833.19241   0.00219   0.00024
  14    38   532  -1833.19246   0.00229   0.00027
  15    36   540  -1833.19236   0.00239   0.00029
  16    33   528  -1833.19267   0.00227   0.00028
  17    31   527  -1833.19273   0.00221   0.00029
  18    30   540  -1833.19236   0.00241   0.00032
  19    28   532  -1833.19246   0.00223   0.00030
  20    27   540  -1833.19236   0.00246   0.00034
  21    25   525  -1833.19261   0.00248   0.00036
  22    24   528  -1833.19267   0.00216   0.00032
  23    23   529  -1833.19260   0.00221   0.00033
  24    22   528  -1833.19267   0.00248   0.00038
  25    21   525  -1833.19261   0.00237   0.00037
  26    20   520  -1833.19268   0.00250   0.00041
  27    20   540  -1833.19236   0.00203   0.00033
Fit (variance): plateau_var = 5.219e-06 ± 4.126e-07
Fit (error):    plateau = 0.00228 ± 0.00009
     autocorrelation length ~ 4.9 blocks
     plateau reached at block size ~ 23
nsample = 540, max_block_size = 27, min_nblocks = 20
Blk_SZ   NBlk   NSmp      Energy     Error    dError
     1    540    540    -0.12430   0.00005   0.00000
     2    270    540    -0.12430   0.00006   0.00000
     3    180    540    -0.12430   0.00007   0.00000
     4    135    540    -0.12431   0.00007   0.00000
     5    108    540    -0.12431   0.00007   0.00000
     6     90    540    -0.12431   0.00008   0.00001
     7     77    539    -0.12432   0.00008   0.00001
     8     67    536    -0.12432   0.00008   0.00001
     9     60    540    -0.12431   0.00007   0.00001
    10     54    540    -0.12431   0.00008   0.00001
    11     49    539    -0.12432   0.00009   0.00001
    12     45    540    -0.12431   0.00009   0.00001
    13     41    533    -0.12432   0.00008   0.00001
    14     38    532    -0.12432   0.00009   0.00001
    15     36    540    -0.12432   0.00008   0.00001
    16     33    528    -0.12432   0.00009   0.00001
    17     31    527    -0.12432   0.00008   0.00001
    18     30    540    -0.12432   0.00009   0.00001
    19     28    532    -0.12432   0.00009   0.00001
    20     27    540    -0.12432   0.00008   0.00001
    21     25    525    -0.12433   0.00010   0.00001
    22     24    528    -0.12432   0.00008   0.00001
    23     23    529    -0.12432   0.00010   0.00001
    24     22    528    -0.12432   0.00009   0.00001
    25     21    525    -0.12433   0.00009   0.00001
    26     20    520    -0.12434   0.00009   0.00002
    27     20    540    -0.12432   0.00009   0.00001
Fit (variance): plateau_var = 7.39655e-09 ± 6.21906e-10
Fit (error):    plateau = 0.00009 ± 0.00000
     autocorrelation length ~ 5.0 blocks
     plateau reached at block size ~ 22
Final AFQMC/HF Guiding Energy:      -1833.1924 +/- 0.0023
Final AFQMC/pt2CCSD Orbital Energy: -0.12432 +/- 0.00009
<t1> = weightp/weight = 1.01560
Total run time: 445.32

AFQMC Sampling Finished

LNO-Integral time (s):    16.98
LNO-AFQMC time (s):       448.28


======================= LNO-FRAGMENT [C16H30] 17/(48,48) =======================
Fragment Num.  17
Fragment Idx.  17
Fragment Name  C16H30
LNO THRESHOLD  [0.00030000000000000003, 3e-05]
PySCF Threads  12
LNO-LAS: 24/156 Occ | 104/636 Vir | 128/792 MOs
LNO-MP2 Fragment Energy:  -0.13255419
LNO-CCSD Fragment Energy: -0.13826246
LNO-CPU time (s):         59.45 (LAS 24.18 | MP2 5.20 | CCSD 30.07)
LNO-CPU wait time (s):    0.00 (100.0% hidden)
Find Density Fit Teonsers in MF object
Integrals will be built by DF Tensors
Calculating Effective Active Space One-electron Integrals
*** Correlation Space Size ***
N Occupied Orbitals: 24
N Active Orbitals:   128
Build effective h0 and h1 time: 14.656894 s
Composing CDERIs from DF
Build CDERI in cLAS time: 7.227769 s
Raw CDERI in LAS shape: (3912, 8256)
Compress CDERI 2 Chol: 1e-05
Compress CDERI time: 1.845568 s
Finished calculating Integrals
LAS Cholesky shape: (1060, 128, 128)
AFQMC script: /u/yzhang65/myprojects/software/afqmc/afqmc/lno_afqmc/script/run_lno_afqmc_pt2ccsd.py

LNO-AFQMC Started
Hostname:     gpue04.delta.ncsa.illinois.edu
System:       Linux
Node:         gpue04.delta.ncsa.illinois.edu
Release:      5.14.0-570.131.1.el9_6.x86_64
Machine:      x86_64
Processor:    x86_64
JAX backend:  GPU
JAX devices:  [CudaDevice(id=0)]
Device kind:  NVIDIA H200
Platform:     gpu

QMC Parameters
eql_time        -         30
n_prop_steps    -         50
n_blocks        -        840
n_walkers       -        300
max_memory      -     200000
mix_precision   -       True
seed            -       4366
walker_type     -        rhf
trial           -    pt2ccsd
max_error       -    7.2e-05
dt              -      0.005
n_exp_terms     -          6
n_batch         -          1
nchol_chunk     -        100
free_projection -      False

QMC System
Number of Occ. Orbitals:      24
Number of Act. Orbitals:      128
Number of Chol. Vectors:      1060
Mean-Field Energy:            -1832.00523770
Maximum memory per walker:            666.67 MB
Maximum number of Cholesky per chunk: 2666
Number of Cholesky chunks:            1
Number of Cholesky per chunk:         1060
Number of padding Cholesky:           0
Trial:   pt2ccsd(norb=128, nelec=(24, 24), n_batch=1, nchol_chunk=1060, mix_precision=True)
Sampler: sampler_pt2(n_prop_steps=50, n_blocks=840, n_chol=1060, frozen_vir=0)

Initalize QMC walkers by HF

Equilibration
Initial Orbital energy: -0.13826
inv_T  nodes      weight      energy     error   runTime
 0.00      0   300.00000  -1832.00440   0.00000     25.51
 3.00      0   305.23337  -1832.96234   0.01736     31.56
 6.00      0   300.85123  -1832.98300   0.02042     32.98
 9.00      0   299.43152  -1832.99729   0.02071     34.40
12.00      0   299.38458  -1833.01737   0.02318     35.82
15.00      0   298.57413  -1833.00094   0.02025     37.24
18.00      0   298.62856  -1832.97583   0.01793     38.66
21.00      0   298.32380  -1832.98867   0.01938     40.38
24.00      0   298.26043  -1832.97493   0.02079     41.83
27.00      0   299.05786  -1832.98821   0.02076     43.25
30.00      0   298.29739  -1832.99735   0.02046     44.71

Sampling Blocks
Target Final Error ~ 0.000072
   N  nodes      weight      E(Guide)     Error     weightp    E_frag     Error      Time
  20      0   298.96243   -1833.00190   0.00406   303.00934  -0.14446   0.00028     58.91
  40      0   298.79610   -1832.99830   0.00272   302.86173  -0.14430   0.00022     67.50
  60      0   298.31850   -1833.00357   0.00244   303.00363  -0.14418   0.00018     75.78
  80      0   298.70484   -1833.01069   0.00343   303.04480  -0.14438   0.00019     84.03
 100      0   298.22616   -1833.00821   0.00286   302.96080  -0.14434   0.00016     92.27
 120      0   299.11950   -1833.00599   0.00257   302.95596  -0.14429   0.00014    100.54
 140      0   299.38345   -1833.00630   0.00230   302.98042  -0.14439   0.00015    108.79
 160      0   298.95760   -1833.00581   0.00214   302.96778  -0.14445   0.00014    117.06
 180      0   298.27759   -1833.00579   0.00202   302.96502  -0.14448   0.00013    125.30
 200      0   298.42444   -1833.00635   0.00189   303.01243  -0.14447   0.00012    133.55
 220      0   299.36807   -1833.00715   0.00186   303.02875  -0.14455   0.00012    141.80
 240      0   299.09735   -1833.00793   0.00176   303.01739  -0.14451   0.00011    150.04
 260      0   298.59346   -1833.00718   0.00168   303.01887  -0.14451   0.00010    158.29
 280      0   298.30683   -1833.00614   0.00161   303.04220  -0.14450   0.00010    166.56
 300      0   299.55456   -1833.00586   0.00153   303.10766  -0.14452   0.00009    174.82
 320      0   298.99748   -1833.00454   0.00150   303.13618  -0.14450   0.00009    183.08
 340      0   298.81014   -1833.00559   0.00146   303.15514  -0.14447   0.00009    191.38
 360      0   298.04238   -1833.00543   0.00141   303.18074  -0.14445   0.00009    199.65
 380      0   298.41078   -1833.00550   0.00136   303.18869  -0.14445   0.00008    207.92
 400      0   298.97110   -1833.00573   0.00131   303.17877  -0.14447   0.00008    216.16
 420      0   298.22157   -1833.00695   0.00131   303.15058  -0.14456   0.00010    224.42
 440      0   298.65915   -1833.00778   0.00129   303.11433  -0.14457   0.00010    232.66
 460      0   297.68808   -1833.00824   0.00125   303.07832  -0.14457   0.00010    240.92
 480      0   298.82441   -1833.00773   0.00121   303.07202  -0.14456   0.00009    249.17
 500      0   298.38438   -1833.00743   0.00117   303.06413  -0.14454   0.00009    257.42
 520      0   298.50523   -1833.00699   0.00114   303.06220  -0.14452   0.00009    265.69
 540      0   298.71897   -1833.00683   0.00111   303.08947  -0.14452   0.00008    273.94
 560      0   297.93493   -1833.00706   0.00109   303.10566  -0.14453   0.00008    282.19
 580      0   298.72646   -1833.00716   0.00106   303.11314  -0.14452   0.00008    290.46
 600      0   299.48246   -1833.00640   0.00104   303.11628  -0.14451   0.00008    298.71
 620      0   297.79968   -1833.00664   0.00102   303.11740  -0.14452   0.00008    306.97
 640      0   297.85846   -1833.00650   0.00101   303.11998  -0.14451   0.00007    315.21
 660      0   298.67110   -1833.00690   0.00100   303.12656  -0.14452   0.00007    323.46
 680      0   298.14846   -1833.00610   0.00099   303.12410  -0.14451   0.00007    331.70
 700      0   298.82063   -1833.00615   0.00097   303.12097  -0.14451   0.00007    339.96
 720      0   299.61180   -1833.00687   0.00098   303.14010  -0.14450   0.00007    348.20
 740      0   298.50638   -1833.00688   0.00096   303.13111  -0.14449   0.00007    356.45
 760      0   298.60190   -1833.00645   0.00095   303.12564  -0.14449   0.00007    364.72
 780      0   299.16753   -1833.00596   0.00094   303.11413  -0.14448   0.00006    373.00
 800      0   298.46139   -1833.00597   0.00093   303.09947  -0.14447   0.00006    381.26
 820      0   297.97763   -1833.00603   0.00092   303.08864  -0.14446   0.00006    389.53
 840      0   299.20119   -1833.00605   0.00090   303.08899  -0.14447   0.00006    397.79

Post Propagation
Total number of samples 840
Remove Outliers
Remove samples outside Zeta > 30
Outlier bound [-0.17957, -0.10894]
Removed 0 Outliers
Outliers Energy []
nsample = 840, max_block_size = 42, min_nblocks = 20
   B    NB    NS  Observable     Error    dError
   1   840   840  -1833.00602   0.00090   0.00002
   2   420   840  -1833.00603   0.00112   0.00004
   3   280   840  -1833.00603   0.00128   0.00005
   4   210   840  -1833.00603   0.00140   0.00007
   5   168   840  -1833.00604   0.00146   0.00008
   6   140   840  -1833.00604   0.00147   0.00009
   7   120   840  -1833.00604   0.00156   0.00010
   8   105   840  -1833.00604   0.00166   0.00011
   9    93   837  -1833.00602   0.00166   0.00012
  10    84   840  -1833.00604   0.00173   0.00013
  11    76   836  -1833.00604   0.00172   0.00014
  12    70   840  -1833.00604   0.00167   0.00014
  13    64   832  -1833.00600   0.00170   0.00015
  14    60   840  -1833.00604   0.00169   0.00016
  15    56   840  -1833.00604   0.00175   0.00017
  16    52   832  -1833.00600   0.00181   0.00018
  17    49   833  -1833.00600   0.00185   0.00019
  18    46   828  -1833.00609   0.00176   0.00019
  19    44   836  -1833.00604   0.00181   0.00020
  20    42   840  -1833.00604   0.00194   0.00021
  21    40   840  -1833.00604   0.00192   0.00022
  22    38   836  -1833.00604   0.00195   0.00023
  23    36   828  -1833.00609   0.00183   0.00022
  24    35   840  -1833.00604   0.00176   0.00021
  25    33   825  -1833.00607   0.00194   0.00024
  26    32   832  -1833.00600   0.00190   0.00024
  27    31   837  -1833.00603   0.00191   0.00025
  28    30   840  -1833.00604   0.00174   0.00023
  29    28   812  -1833.00601   0.00194   0.00026
  30    28   840  -1833.00605   0.00194   0.00026
  31    27   837  -1833.00603   0.00209   0.00029
  32    26   832  -1833.00600   0.00192   0.00027
  33    25   825  -1833.00607   0.00193   0.00028
  34    24   816  -1833.00608   0.00181   0.00027
  35    24   840  -1833.00604   0.00214   0.00032
  36    23   828  -1833.00609   0.00201   0.00030
  37    22   814  -1833.00603   0.00195   0.00030
  38    22   836  -1833.00604   0.00188   0.00029
  39    21   819  -1833.00608   0.00217   0.00034
  40    21   840  -1833.00604   0.00212   0.00033
  41    20   820  -1833.00603   0.00231   0.00037
  42    20   840  -1833.00605   0.00192   0.00031
Fit (variance): plateau_var = 3.571e-06 ± 1.984e-07
Fit (error):    plateau = 0.00189 ± 0.00005
     autocorrelation length ~ 6.3 blocks
     plateau reached at block size ~ 29
nsample = 840, max_block_size = 42, min_nblocks = 20
Blk_SZ   NBlk   NSmp      Energy     Error    dError
     1    840    840    -0.14443   0.00006   0.00000
     2    420    840    -0.14443   0.00007   0.00000
     3    280    840    -0.14444   0.00007   0.00000
     4    210    840    -0.14444   0.00007   0.00000
     5    168    840    -0.14444   0.00008   0.00000
     6    140    840    -0.14445   0.00008   0.00000
     7    120    840    -0.14445   0.00008   0.00000
     8    105    840    -0.14445   0.00007   0.00001
     9     93    837    -0.14445   0.00008   0.00001
    10     84    840    -0.14445   0.00008   0.00001
    11     76    836    -0.14445   0.00007   0.00001
    12     70    840    -0.14446   0.00008   0.00001
    13     64    832    -0.14446   0.00008   0.00001
    14     60    840    -0.14446   0.00008   0.00001
    15     56    840    -0.14446   0.00007   0.00001
    16     52    832    -0.14446   0.00008   0.00001
    17     49    833    -0.14446   0.00008   0.00001
    18     46    828    -0.14446   0.00007   0.00001
    19     44    836    -0.14446   0.00008   0.00001
    20     42    840    -0.14446   0.00007   0.00001
    21     40    840    -0.14446   0.00008   0.00001
    22     38    836    -0.14446   0.00008   0.00001
    23     36    828    -0.14446   0.00008   0.00001
    24     35    840    -0.14446   0.00007   0.00001
    25     33    825    -0.14446   0.00007   0.00001
    26     32    832    -0.14446   0.00008   0.00001
    27     31    837    -0.14446   0.00006   0.00001
    28     30    840    -0.14446   0.00007   0.00001
    29     28    812    -0.14446   0.00007   0.00001
    30     28    840    -0.14446   0.00007   0.00001
    31     27    837    -0.14446   0.00008   0.00001
    32     26    832    -0.14446   0.00007   0.00001
    33     25    825    -0.14446   0.00008   0.00001
    34     24    816    -0.14446   0.00007   0.00001
    35     24    840    -0.14446   0.00008   0.00001
    36     23    828    -0.14446   0.00007   0.00001
    37     22    814    -0.14446   0.00008   0.00001
    38     22    836    -0.14447   0.00007   0.00001
    39     21    819    -0.14446   0.00008   0.00001
    40     21    840    -0.14446   0.00007   0.00001
    41     20    820    -0.14446   0.00008   0.00001
    42     20    840    -0.14446   0.00008   0.00001
Fit (variance): plateau_var = 5.67355e-09 ± 2.07569e-10
Fit (error):    plateau = 0.00008 ± 0.00000
     autocorrelation length ~ 1.9 blocks
     plateau reached at block size ~ 8
Final AFQMC/HF Guiding Energy:      -1833.0060 +/- 0.0019
Final AFQMC/pt2CCSD Orbital Energy: -0.14447 +/- 0.00008
<t1> = weightp/weight = 1.01478
Total run time: 398.10

AFQMC Sampling Finished

LNO-Integral time (s):    25.08
LNO-AFQMC time (s):       401.29


======================= LNO-FRAGMENT [C17H31] 18/(48,48) =======================
Fragment Num.  18
Fragment Idx.  18
Fragment Name  C17H31
LNO THRESHOLD  [0.00030000000000000003, 3e-05]
PySCF Threads  12
LNO-LAS: 24/156 Occ | 104/636 Vir | 128/792 MOs
LNO-MP2 Fragment Energy:  -0.13192886
LNO-CCSD Fragment Energy: -0.13765903
LNO-CPU time (s):         60.84 (LAS 24.11 | MP2 4.94 | CCSD 31.79)
LNO-CPU wait time (s):    0.00 (100.0% hidden)
Find Density Fit Teonsers in MF object
Integrals will be built by DF Tensors
Calculating Effective Active Space One-electron Integrals
*** Correlation Space Size ***
N Occupied Orbitals: 24
N Active Orbitals:   128
Build effective h0 and h1 time: 7.905311 s
Composing CDERIs from DF
Build CDERI in cLAS time: 6.145812 s
Raw CDERI in LAS shape: (3912, 8256)
Compress CDERI 2 Chol: 1e-05
Compress CDERI time: 1.178902 s
Finished calculating Integrals
LAS Cholesky shape: (1055, 128, 128)
AFQMC script: /u/yzhang65/myprojects/software/afqmc/afqmc/lno_afqmc/script/run_lno_afqmc_pt2ccsd.py

LNO-AFQMC Started
Hostname:     gpue04.delta.ncsa.illinois.edu
System:       Linux
Node:         gpue04.delta.ncsa.illinois.edu
Release:      5.14.0-570.131.1.el9_6.x86_64
Machine:      x86_64
Processor:    x86_64
JAX backend:  GPU
JAX devices:  [CudaDevice(id=0)]
Device kind:  NVIDIA H200
Platform:     gpu

QMC Parameters
eql_time        -         30
n_prop_steps    -         50
n_blocks        -        840
n_walkers       -        300
max_memory      -     200000
mix_precision   -       True
seed            -       4267
walker_type     -        rhf
trial           -    pt2ccsd
max_error       -    7.2e-05
dt              -      0.005
n_exp_terms     -          6
n_batch         -          1
nchol_chunk     -        100
free_projection -      False

QMC System
Number of Occ. Orbitals:      24
Number of Act. Orbitals:      128
Number of Chol. Vectors:      1055
Mean-Field Energy:            -1832.00523770
Maximum memory per walker:            666.67 MB
Maximum number of Cholesky per chunk: 2666
Number of Cholesky chunks:            1
Number of Cholesky per chunk:         1055
Number of padding Cholesky:           0
Trial:   pt2ccsd(norb=128, nelec=(24, 24), n_batch=1, nchol_chunk=1055, mix_precision=True)
Sampler: sampler_pt2(n_prop_steps=50, n_blocks=840, n_chol=1055, frozen_vir=0)

Initalize QMC walkers by HF

Equilibration
Initial Orbital energy: -0.13766
inv_T  nodes      weight      energy     error   runTime
 0.00      0   300.00000  -1832.00445   0.00000     28.59
 3.00      0   305.48915  -1832.99567   0.02143     36.00
 6.00      0   300.81941  -1832.99975   0.01971     37.76
 9.00      0   299.25705  -1832.97620   0.01958     39.17
12.00      0   299.06065  -1833.01044   0.02055     40.78
15.00      0   299.09583  -1833.03076   0.02090     42.19
18.00      0   299.04231  -1833.03368   0.02023     43.63
21.00      0   298.49096  -1833.03391   0.02138     45.05
24.00      0   298.28904  -1833.00138   0.02337     46.45
27.00      0   297.80946  -1832.97312   0.02067     47.87
30.00      0   299.31371  -1832.97153   0.01887     49.28

Sampling Blocks
Target Final Error ~ 0.000072
   N  nodes      weight      E(Guide)     Error     weightp    E_frag     Error      Time
  20      0   299.01494   -1832.99776   0.00400   303.13778  -0.14393   0.00037     62.76
  40      0   298.96875   -1833.00074   0.00282   302.90956  -0.14390   0.00026     71.44
  60      0   299.05747   -1833.00590   0.00306   302.75382  -0.14382   0.00019     79.70
  80      0   299.59573   -1833.00290   0.00266   302.71606  -0.14373   0.00015     87.96
 100      0   298.72763   -1833.00429   0.00237   302.80116  -0.14385   0.00016     96.24
 120      0   298.89142   -1833.00526   0.00215   302.85081  -0.14402   0.00015    104.50
 140      0   299.46181   -1833.00550   0.00196   302.84366  -0.14402   0.00014    112.77
 160      0   297.79519   -1833.00549   0.00182   302.75307  -0.14396   0.00013    121.03
 180      0   299.48952   -1833.00181   0.00186   302.75725  -0.14390   0.00012    129.31
 200      0   299.05280   -1833.00229   0.00176   302.82105  -0.14384   0.00011    137.58
 220      0   298.58163   -1833.00298   0.00164   302.85269  -0.14387   0.00010    145.86
 240      0   299.14461   -1833.00346   0.00155   302.86004  -0.14392   0.00010    154.14
 260      0   298.28326   -1833.00439   0.00154   302.85052  -0.14388   0.00009    162.42
 280      0   298.22857   -1833.00344   0.00146   302.86584  -0.14381   0.00009    170.70
 300      0   299.11647   -1833.00267   0.00139   302.87962  -0.14379   0.00009    178.98
 320      0   298.67016   -1833.00391   0.00135   302.88684  -0.14383   0.00008    187.25
 340      0   298.51130   -1833.00424   0.00130   302.87851  -0.14385   0.00008    195.53
 360      0   297.78699   -1833.00458   0.00127   302.88099  -0.14382   0.00008    203.83
 380      0   298.54480   -1833.00467   0.00123   302.89011  -0.14383   0.00007    212.10
 400      0   298.06411   -1833.00439   0.00121   302.89038  -0.14383   0.00007    220.39
 420      0   298.42055   -1833.00448   0.00117   302.92382  -0.14387   0.00007    228.65
 440      0   298.13160   -1833.00488   0.00115   302.95448  -0.14389   0.00007    236.95
 460      0   300.15722   -1833.00452   0.00112   302.99202  -0.14391   0.00007    245.23
 480      0   297.99585   -1833.00416   0.00109   302.98185  -0.14389   0.00007    253.51
 500      0   298.23619   -1833.00360   0.00107   302.97210  -0.14389   0.00007    261.78
 520      0   298.57391   -1833.00363   0.00104   302.96554  -0.14391   0.00007    270.05
 540      0   298.37028   -1833.00382   0.00104   302.95292  -0.14391   0.00007    278.32
 560      0   299.40869   -1833.00390   0.00104   302.96553  -0.14392   0.00006    286.61
 580      0   298.13997   -1833.00494   0.00105   302.95800  -0.14395   0.00007    294.89
 600      0   299.38076   -1833.00530   0.00102   302.95668  -0.14397   0.00007    303.17
 620      0   297.75745   -1833.00627   0.00102   302.96171  -0.14398   0.00007    311.44
 640      0   299.11473   -1833.00628   0.00101   302.97795  -0.14399   0.00006    319.72
 660      0   298.24725   -1833.00637   0.00099   302.97924  -0.14397   0.00006    328.01
 680      0   298.93010   -1833.00633   0.00097   302.96322  -0.14398   0.00006    336.28
 700      0   299.44399   -1833.00617   0.00095   302.96221  -0.14398   0.00006    344.54
 720      0   299.09345   -1833.00641   0.00096   302.95899  -0.14397   0.00006    352.81
 740      0   298.02064   -1833.00612   0.00095   302.96567  -0.14394   0.00006    361.09
 760      0   298.66574   -1833.00621   0.00093   302.96831  -0.14394   0.00006    369.36
 780      0   298.73487   -1833.00603   0.00091   302.96529  -0.14393   0.00006    377.64
 800      0   298.40691   -1833.00568   0.00090   302.96280  -0.14391   0.00006    385.91
 820      0   298.74077   -1833.00537   0.00089   302.96070  -0.14391   0.00006    394.17
 840      0   298.11396   -1833.00548   0.00087   302.96802  -0.14394   0.00006    402.43

Post Propagation
Total number of samples 840
Remove Outliers
Remove samples outside Zeta > 30
Outlier bound [-0.18292, -0.10440]
Removed 0 Outliers
Outliers Energy []
nsample = 840, max_block_size = 42, min_nblocks = 20
   B    NB    NS  Observable     Error    dError
   1   840   840  -1833.00546   0.00087   0.00002
   2   420   840  -1833.00547   0.00110   0.00004
   3   280   840  -1833.00547   0.00125   0.00005
   4   210   840  -1833.00547   0.00134   0.00007
   5   168   840  -1833.00548   0.00142   0.00008
   6   140   840  -1833.00548   0.00150   0.00009
   7   120   840  -1833.00548   0.00157   0.00010
   8   105   840  -1833.00548   0.00158   0.00011
   9    93   837  -1833.00546   0.00159   0.00012
  10    84   840  -1833.00548   0.00158   0.00012
  11    76   836  -1833.00542   0.00161   0.00013
  12    70   840  -1833.00548   0.00177   0.00015
  13    64   832  -1833.00534   0.00177   0.00016
  14    60   840  -1833.00548   0.00167   0.00015
  15    56   840  -1833.00548   0.00170   0.00016
  16    52   832  -1833.00534   0.00173   0.00017
  17    49   833  -1833.00536   0.00180   0.00018
  18    46   828  -1833.00542   0.00174   0.00018
  19    44   836  -1833.00543   0.00180   0.00019
  20    42   840  -1833.00548   0.00175   0.00019
  21    40   840  -1833.00548   0.00172   0.00019
  22    38   836  -1833.00543   0.00188   0.00022
  23    36   828  -1833.00542   0.00210   0.00025
  24    35   840  -1833.00548   0.00206   0.00025
  25    33   825  -1833.00544   0.00183   0.00023
  26    32   832  -1833.00534   0.00188   0.00024
  27    31   837  -1833.00547   0.00187   0.00024
  28    30   840  -1833.00548   0.00188   0.00025
  29    28   812  -1833.00545   0.00194   0.00026
  30    28   840  -1833.00548   0.00179   0.00024
  31    27   837  -1833.00547   0.00205   0.00028
  32    26   832  -1833.00534   0.00195   0.00028
  33    25   825  -1833.00545   0.00179   0.00026
  34    24   816  -1833.00537   0.00187   0.00028
  35    24   840  -1833.00548   0.00178   0.00026
  36    23   828  -1833.00542   0.00190   0.00029
  37    22   814  -1833.00537   0.00227   0.00035
  38    22   836  -1833.00543   0.00191   0.00029
  39    21   819  -1833.00540   0.00220   0.00035
  40    21   840  -1833.00548   0.00174   0.00028
  41    20   820  -1833.00537   0.00185   0.00030
  42    20   840  -1833.00548   0.00180   0.00029
Fit (variance): plateau_var = 3.393e-06 ± 1.852e-07
Fit (error):    plateau = 0.00184 ± 0.00005
     autocorrelation length ~ 6.1 blocks
     plateau reached at block size ~ 28
nsample = 840, max_block_size = 42, min_nblocks = 20
Blk_SZ   NBlk   NSmp      Energy     Error    dError
     1    840    840    -0.14389   0.00006   0.00000
     2    420    840    -0.14389   0.00007   0.00000
     3    280    840    -0.14390   0.00007   0.00000
     4    210    840    -0.14390   0.00007   0.00000
     5    168    840    -0.14391   0.00007   0.00000
     6    140    840    -0.14391   0.00008   0.00000
     7    120    840    -0.14391   0.00007   0.00000
     8    105    840    -0.14391   0.00008   0.00001
     9     93    837    -0.14391   0.00008   0.00001
    10     84    840    -0.14392   0.00007   0.00001
    11     76    836    -0.14392   0.00008   0.00001
    12     70    840    -0.14392   0.00008   0.00001
    13     64    832    -0.14391   0.00008   0.00001
    14     60    840    -0.14392   0.00007   0.00001
    15     56    840    -0.14392   0.00007   0.00001
    16     52    832    -0.14391   0.00008   0.00001
    17     49    833    -0.14392   0.00007   0.00001
    18     46    828    -0.14392   0.00007   0.00001
    19     44    836    -0.14392   0.00008   0.00001
    20     42    840    -0.14392   0.00008   0.00001
    21     40    840    -0.14393   0.00008   0.00001
    22     38    836    -0.14392   0.00008   0.00001
    23     36    828    -0.14392   0.00008   0.00001
    24     35    840    -0.14392   0.00008   0.00001
    25     33    825    -0.14392   0.00008   0.00001
    26     32    832    -0.14392   0.00008   0.00001
    27     31    837    -0.14392   0.00008   0.00001
    28     30    840    -0.14393   0.00008   0.00001
    29     28    812    -0.14390   0.00008   0.00001
    30     28    840    -0.14393   0.00008   0.00001
    31     27    837    -0.14392   0.00008   0.00001
    32     26    832    -0.14392   0.00008   0.00001
    33     25    825    -0.14392   0.00008   0.00001
    34     24    816    -0.14391   0.00008   0.00001
    35     24    840    -0.14393   0.00008   0.00001
    36     23    828    -0.14392   0.00008   0.00001
    37     22    814    -0.14390   0.00009   0.00001
    38     22    836    -0.14393   0.00009   0.00001
    39     21    819    -0.14390   0.00008   0.00001
    40     21    840    -0.14393   0.00009   0.00001
    41     20    820    -0.14390   0.00008   0.00001
    42     20    840    -0.14393   0.00008   0.00001
Fit (variance): plateau_var = 5.93992e-09 ± 2.25624e-10
Fit (error):    plateau = 0.00008 ± 0.00000
     autocorrelation length ~ 2.1 blocks
     plateau reached at block size ~ 10
Final AFQMC/HF Guiding Energy:      -1833.0055 +/- 0.0018
Final AFQMC/pt2CCSD Orbital Energy: -0.14394 +/- 0.00008
<t1> = weightp/weight = 1.01446
Total run time: 402.44

AFQMC Sampling Finished

LNO-Integral time (s):    16.05
LNO-AFQMC time (s):       405.41


======================== LNO-FRAGMENT [C18] 19/(48,48) =========================
Fragment Num.  19
Fragment Idx.  19
Fragment Name  C18
LNO THRESHOLD  [0.00030000000000000003, 3e-05]
PySCF Threads  12
LNO-LAS: 28/156 Occ | 122/636 Vir | 150/792 MOs
LNO-MP2 Fragment Energy:  -0.11789201
LNO-CCSD Fragment Energy: -0.11828361
LNO-CPU time (s):         86.86 (LAS 26.08 | MP2 6.69 | CCSD 54.10)
LNO-CPU wait time (s):    0.00 (100.0% hidden)
Find Density Fit Teonsers in MF object
Integrals will be built by DF Tensors
Calculating Effective Active Space One-electron Integrals
*** Correlation Space Size ***
N Occupied Orbitals: 28
N Active Orbitals:   150
Build effective h0 and h1 time: 8.484384 s
Composing CDERIs from DF
Build CDERI in cLAS time: 6.838111 s
Raw CDERI in LAS shape: (3912, 11325)
Compress CDERI 2 Chol: 1e-05
Compress CDERI time: 1.437776 s
Finished calculating Integrals
LAS Cholesky shape: (1228, 150, 150)
AFQMC script: /u/yzhang65/myprojects/software/afqmc/afqmc/lno_afqmc/script/run_lno_afqmc_pt2ccsd.py

LNO-AFQMC Started
Hostname:     gpue04.delta.ncsa.illinois.edu
System:       Linux
Node:         gpue04.delta.ncsa.illinois.edu
Release:      5.14.0-570.131.1.el9_6.x86_64
Machine:      x86_64
Processor:    x86_64
JAX backend:  GPU
JAX devices:  [CudaDevice(id=0)]
Device kind:  NVIDIA H200
Platform:     gpu

QMC Parameters
eql_time        -         30
n_prop_steps    -         50
n_blocks        -        840
n_walkers       -        300
max_memory      -     200000
mix_precision   -       True
seed            -       4002
walker_type     -        rhf
trial           -    pt2ccsd
max_error       -    7.2e-05
dt              -      0.005
n_exp_terms     -          6
n_batch         -          1
nchol_chunk     -        100
free_projection -      False

QMC System
Number of Occ. Orbitals:      28
Number of Act. Orbitals:      150
Number of Chol. Vectors:      1228
Mean-Field Energy:            -1832.00523770
Maximum memory per walker:            666.67 MB
Maximum number of Cholesky per chunk: 1941
Number of Cholesky chunks:            1
Number of Cholesky per chunk:         1228
Number of padding Cholesky:           0
Trial:   pt2ccsd(norb=150, nelec=(28, 28), n_batch=1, nchol_chunk=1228, mix_precision=True)
Sampler: sampler_pt2(n_prop_steps=50, n_blocks=840, n_chol=1228, frozen_vir=0)

Initalize QMC walkers by HF

Equilibration
Initial Orbital energy: -0.11829
inv_T  nodes      weight      energy     error   runTime
 0.00      0   300.00000  -1832.00430   0.00000     24.63
 3.00      0   305.62432  -1833.14981   0.02358     32.35
 6.00      0   300.61009  -1833.26358   0.02575     34.44
 9.00      0   298.49240  -1833.19286   0.02331     36.53
12.00      0   298.54450  -1833.21395   0.02342     38.66
15.00      0   298.37731  -1833.22011   0.02358     40.80
18.00      0   298.44291  -1833.26674   0.02603     43.00
21.00      0   299.38359  -1833.22000   0.02417     45.12
24.00      0   299.19711  -1833.18080   0.02365     47.20
27.00      0   298.48385  -1833.22918   0.02576     49.30
30.00      0   298.52033  -1833.17821   0.02160     51.39

Sampling Blocks
Target Final Error ~ 0.000072
   N  nodes      weight      E(Guide)     Error     weightp    E_frag     Error      Time
  20      0   298.65298   -1833.21337   0.00477   303.13011  -0.12469   0.00026     73.37
  40      0   298.31220   -1833.21653   0.00284   303.25571  -0.12503   0.00025     89.11
  60      0   298.60064   -1833.21616   0.00296   303.13186  -0.12476   0.00019    104.66
  80      0   298.02632   -1833.21414   0.00255   303.08215  -0.12471   0.00016    120.21
 100      0   298.07573   -1833.21266   0.00264   303.16830  -0.12469   0.00013    135.75
 120      0   299.41286   -1833.21293   0.00230   303.21651  -0.12457   0.00012    151.32
 140      0   298.32040   -1833.21183   0.00206   303.19479  -0.12446   0.00011    166.88
 160      0   298.51895   -1833.21238   0.00192   303.20025  -0.12438   0.00010    182.43
 180      0   298.51508   -1833.21183   0.00183   303.19787  -0.12444   0.00010    197.97
 200      0   299.27990   -1833.21127   0.00172   303.22049  -0.12445   0.00009    213.55
 220      0   298.29326   -1833.21106   0.00164   303.23244  -0.12450   0.00009    229.10
 240      0   299.43330   -1833.21001   0.00159   303.26343  -0.12448   0.00008    244.67
 260      0   298.42632   -1833.20858   0.00157   303.27831  -0.12447   0.00008    260.23
 280      0   299.27668   -1833.20845   0.00149   303.31450  -0.12443   0.00007    275.78
 300      0   298.67465   -1833.20913   0.00143   303.34773  -0.12455   0.00009    291.35
 320      0   297.62244   -1833.20859   0.00140   303.35632  -0.12452   0.00009    306.91
 340      0   298.78152   -1833.20819   0.00135   303.36366  -0.12453   0.00008    322.48
 360      0   297.98298   -1833.20818   0.00130   303.37823  -0.12452   0.00008    338.05
 380      0   298.45159   -1833.20861   0.00126   303.37713  -0.12455   0.00008    353.62
 400      0   299.32290   -1833.20886   0.00124   303.38957  -0.12454   0.00008    369.19
 420      0   297.68968   -1833.20849   0.00123   303.37686  -0.12455   0.00007    384.76
 440      0   298.39085   -1833.20929   0.00122   303.36607  -0.12455   0.00007    400.31
 460      0   298.48893   -1833.20960   0.00119   303.37960  -0.12457   0.00007    415.87
 480      0   297.55478   -1833.20952   0.00116   303.36057  -0.12457   0.00007    431.42
 500      0   299.13444   -1833.20920   0.00113   303.36339  -0.12458   0.00007    446.99
 520      0   299.14659   -1833.20901   0.00110   303.36721  -0.12458   0.00007    462.54
 540      0   299.15527   -1833.20887   0.00107   303.39088  -0.12456   0.00006    478.10
 560      0   298.35126   -1833.20925   0.00106   303.42706  -0.12459   0.00007    493.67
 580      0   298.78908   -1833.20912   0.00104   303.43436  -0.12459   0.00006    509.21
 600      0   298.74894   -1833.20992   0.00103   303.42620  -0.12460   0.00006    524.78
 620      0   298.77403   -1833.20963   0.00101   303.43274  -0.12457   0.00006    540.33
 640      0   298.72143   -1833.20921   0.00099   303.44568  -0.12455   0.00006    555.91
 660      0   298.47494   -1833.20904   0.00097   303.44013  -0.12453   0.00006    571.47
 680      0   298.82100   -1833.20895   0.00095   303.43598  -0.12453   0.00006    587.03
 700      0   299.00394   -1833.20848   0.00094   303.43693  -0.12453   0.00006    609.15
 720      0   298.63863   -1833.20811   0.00094   303.44921  -0.12452   0.00006    624.71
 740      0   299.22935   -1833.20745   0.00094   303.45664  -0.12451   0.00005    640.28
 760      0   299.24684   -1833.20795   0.00094   303.44970  -0.12452   0.00005    655.85

Post Propagation
Total number of samples 760
Remove Outliers
Remove samples outside Zeta > 30
Outlier bound [-0.15997, -0.08865]
Removed 0 Outliers
Outliers Energy []
nsample = 760, max_block_size = 38, min_nblocks = 20
   B    NB    NS  Observable     Error    dError
   1   760   760  -1833.20793   0.00094   0.00002
   2   380   760  -1833.20794   0.00116   0.00004
   3   253   759  -1833.20788   0.00129   0.00006
   4   190   760  -1833.20794   0.00135   0.00007
   5   152   760  -1833.20795   0.00142   0.00008
   6   126   756  -1833.20780   0.00148   0.00009
   7   108   756  -1833.20780   0.00150   0.00010
   8    95   760  -1833.20795   0.00155   0.00011
   9    84   756  -1833.20780   0.00156   0.00012
  10    76   760  -1833.20795   0.00165   0.00013
  11    69   759  -1833.20789   0.00152   0.00013
  12    63   756  -1833.20780   0.00153   0.00014
  13    58   754  -1833.20775   0.00161   0.00015
  14    54   756  -1833.20780   0.00165   0.00016
  15    50   750  -1833.20774   0.00168   0.00017
  16    47   752  -1833.20776   0.00166   0.00017
  17    44   748  -1833.20774   0.00167   0.00018
  18    42   756  -1833.20780   0.00166   0.00018
  19    40   760  -1833.20795   0.00176   0.00020
  20    38   760  -1833.20795   0.00165   0.00019
  21    36   756  -1833.20780   0.00169   0.00020
  22    34   748  -1833.20774   0.00171   0.00021
  23    33   759  -1833.20790   0.00188   0.00023
  24    31   744  -1833.20745   0.00164   0.00021
  25    30   750  -1833.20774   0.00160   0.00021
  26    29   754  -1833.20775   0.00161   0.00022
  27    28   756  -1833.20780   0.00155   0.00021
  28    27   756  -1833.20780   0.00158   0.00022
  29    26   754  -1833.20775   0.00152   0.00022
  30    25   750  -1833.20774   0.00155   0.00022
  31    24   744  -1833.20745   0.00177   0.00026
  32    23   736  -1833.20754   0.00176   0.00027
  33    23   759  -1833.20790   0.00160   0.00024
  34    22   748  -1833.20774   0.00170   0.00026
  35    21   735  -1833.20755   0.00172   0.00027
  36    21   756  -1833.20780   0.00140   0.00022
  37    20   740  -1833.20745   0.00181   0.00029
  38    20   760  -1833.20795   0.00183   0.00030
Fit (variance): plateau_var = 2.676e-06 ± 1.293e-07
Fit (error):    plateau = 0.00164 ± 0.00004
     autocorrelation length ~ 3.7 blocks
     plateau reached at block size ~ 17
nsample = 760, max_block_size = 38, min_nblocks = 20
Blk_SZ   NBlk   NSmp      Energy     Error    dError
     1    760    760    -0.12449   0.00005   0.00000
     2    380    760    -0.12450   0.00006   0.00000
     3    253    759    -0.12450   0.00007   0.00000
     4    190    760    -0.12451   0.00007   0.00000
     5    152    760    -0.12451   0.00007   0.00000
     6    126    756    -0.12450   0.00008   0.00000
     7    108    756    -0.12451   0.00008   0.00001
     8     95    760    -0.12451   0.00008   0.00001
     9     84    756    -0.12451   0.00008   0.00001
    10     76    760    -0.12451   0.00008   0.00001
    11     69    759    -0.12452   0.00008   0.00001
    12     63    756    -0.12451   0.00008   0.00001
    13     58    754    -0.12451   0.00008   0.00001
    14     54    756    -0.12451   0.00008   0.00001
    15     50    750    -0.12451   0.00008   0.00001
    16     47    752    -0.12451   0.00008   0.00001
    17     44    748    -0.12451   0.00008   0.00001
    18     42    756    -0.12451   0.00008   0.00001
    19     40    760    -0.12452   0.00008   0.00001
    20     38    760    -0.12452   0.00009   0.00001
    21     36    756    -0.12451   0.00009   0.00001
    22     34    748    -0.12451   0.00008   0.00001
    23     33    759    -0.12452   0.00009   0.00001
    24     31    744    -0.12451   0.00007   0.00001
    25     30    750    -0.12451   0.00008   0.00001
    26     29    754    -0.12452   0.00008   0.00001
    27     28    756    -0.12452   0.00009   0.00001
    28     27    756    -0.12452   0.00009   0.00001
    29     26    754    -0.12452   0.00007   0.00001
    30     25    750    -0.12451   0.00009   0.00001
    31     24    744    -0.12451   0.00010   0.00001
    32     23    736    -0.12451   0.00009   0.00001
    33     23    759    -0.12452   0.00009   0.00001
    34     22    748    -0.12451   0.00008   0.00001
    35     21    735    -0.12451   0.00009   0.00001
    36     21    756    -0.12452   0.00008   0.00001
    37     20    740    -0.12451   0.00009   0.00002
    38     20    760    -0.12452   0.00009   0.00001
Fit (variance): plateau_var = 6.63592e-09 ± 3.32753e-10
Fit (error):    plateau = 0.00008 ± 0.00000
     autocorrelation length ~ 3.9 blocks
     plateau reached at block size ~ 17
Final AFQMC/HF Guiding Energy:      -1833.2080 +/- 0.0016
Final AFQMC/pt2CCSD Orbital Energy: -0.12452 +/- 0.00008
<t1> = weightp/weight = 1.01650
Total run time: 659.58

AFQMC Sampling Finished

LNO-Integral time (s):    18.52
LNO-AFQMC time (s):       692.41


======================= LNO-FRAGMENT [C19H32] 20/(48,48) =======================
Fragment Num.  20
Fragment Idx.  20
Fragment Name  C19H32
LNO THRESHOLD  [0.00030000000000000003, 3e-05]
PySCF Threads  12
LNO-LAS: 25/156 Occ | 106/636 Vir | 131/792 MOs
LNO-MP2 Fragment Energy:  -0.13232958
LNO-CCSD Fragment Energy: -0.13797883
LNO-CPU time (s):         63.33 (LAS 23.90 | MP2 5.34 | CCSD 34.08)
LNO-CPU wait time (s):    0.00 (100.0% hidden)
Find Density Fit Teonsers in MF object
Integrals will be built by DF Tensors
Calculating Effective Active Space One-electron Integrals
*** Correlation Space Size ***
N Occupied Orbitals: 25
N Active Orbitals:   131
Build effective h0 and h1 time: 43.226752 s
Composing CDERIs from DF
Build CDERI in cLAS time: 11.436419 s
Raw CDERI in LAS shape: (3912, 8646)
Compress CDERI 2 Chol: 1e-05
Compress CDERI time: 5.729752 s
Finished calculating Integrals
LAS Cholesky shape: (1097, 131, 131)
AFQMC script: /u/yzhang65/myprojects/software/afqmc/afqmc/lno_afqmc/script/run_lno_afqmc_pt2ccsd.py

LNO-AFQMC Started
Hostname:     gpue04.delta.ncsa.illinois.edu
System:       Linux
Node:         gpue04.delta.ncsa.illinois.edu
Release:      5.14.0-570.131.1.el9_6.x86_64
Machine:      x86_64
Processor:    x86_64
JAX backend:  GPU
JAX devices:  [CudaDevice(id=0)]
Device kind:  NVIDIA H200
Platform:     gpu

QMC Parameters
eql_time        -         30
n_prop_steps    -         50
n_blocks        -        840
n_walkers       -        300
max_memory      -     200000
mix_precision   -       True
seed            -       4443
walker_type     -        rhf
trial           -    pt2ccsd
max_error       -    7.2e-05
dt              -      0.005
n_exp_terms     -          6
n_batch         -          1
nchol_chunk     -        100
free_projection -      False

QMC System
Number of Occ. Orbitals:      25
Number of Act. Orbitals:      131
Number of Chol. Vectors:      1097
Mean-Field Energy:            -1832.00523770
Maximum memory per walker:            666.67 MB
Maximum number of Cholesky per chunk: 2545
Number of Cholesky chunks:            1
Number of Cholesky per chunk:         1097
Number of padding Cholesky:           0
Trial:   pt2ccsd(norb=131, nelec=(25, 25), n_batch=1, nchol_chunk=1097, mix_precision=True)
Sampler: sampler_pt2(n_prop_steps=50, n_blocks=840, n_chol=1097, frozen_vir=0)

Initalize QMC walkers by HF

Equilibration
Initial Orbital energy: -0.13799
inv_T  nodes      weight      energy     error   runTime
 0.00      0   300.00000  -1832.00434   0.00000     31.08
 3.00      0   305.15375  -1832.99431   0.02021     38.06
 6.00      0   300.91980  -1833.01682   0.02250     39.76
 9.00      0   299.17940  -1833.04077   0.02152     41.46
12.00      0   298.60314  -1833.01553   0.02102     43.17
15.00      0   298.55098  -1833.04442   0.02154     44.87
18.00      0   298.38655  -1833.05892   0.02555     46.57
21.00      0   298.36335  -1833.02286   0.01999     48.28
24.00      0   298.42207  -1833.00290   0.02031     49.98
27.00      0   298.17699  -1833.02276   0.02028     51.69
30.00      0   298.59700  -1833.03706   0.02317     53.40

Sampling Blocks
Target Final Error ~ 0.000072
   N  nodes      weight      E(Guide)     Error     weightp    E_frag     Error      Time
  20      0   298.20504   -1833.01757   0.00333   302.45162  -0.14381   0.00038     69.31
  40      0   299.46077   -1833.01987   0.00358   302.60553  -0.14447   0.00031     79.91
  60      0   298.98851   -1833.02194   0.00270   302.73189  -0.14427   0.00023     90.25
  80      0   298.90028   -1833.01577   0.00272   302.78763  -0.14407   0.00019    100.57
 100      0   298.59992   -1833.01470   0.00226   302.90733  -0.14395   0.00016    110.91
 120      0   298.34972   -1833.01502   0.00210   302.97884  -0.14404   0.00014    121.26
 140      0   299.13768   -1833.01482   0.00191   303.01298  -0.14401   0.00013    131.61
 160      0   298.74949   -1833.01647   0.00176   303.02671  -0.14405   0.00012    141.94
 180      0   298.45239   -1833.01784   0.00167   302.97361  -0.14419   0.00014    152.26
 200      0   298.04423   -1833.01712   0.00159   302.90235  -0.14417   0.00012    162.58
 220      0   298.72302   -1833.01818   0.00155   302.88008  -0.14422   0.00012    172.91
 240      0   299.33040   -1833.01840   0.00150   302.89082  -0.14428   0.00012    183.25
 260      0   299.18946   -1833.01806   0.00142   302.87573  -0.14428   0.00011    193.57
 280      0   298.96079   -1833.02025   0.00143   302.87797  -0.14424   0.00010    203.89
 300      0   299.24460   -1833.02095   0.00137   302.89579  -0.14422   0.00010    214.22
 320      0   298.49055   -1833.02065   0.00131   302.89132  -0.14419   0.00009    224.54
 340      0   298.75635   -1833.01997   0.00126   302.88681  -0.14416   0.00009    234.86
 360      0   299.01260   -1833.02005   0.00121   302.88840  -0.14413   0.00009    245.19
 380      0   298.23079   -1833.02030   0.00116   302.88894  -0.14417   0.00008    255.51
 400      0   299.77262   -1833.02065   0.00112   302.88717  -0.14417   0.00008    265.85
 420      0   298.07900   -1833.02050   0.00108   302.89532  -0.14418   0.00008    276.19
 440      0   298.15282   -1833.02115   0.00107   302.89149  -0.14418   0.00008    286.51
 460      0   298.21507   -1833.02250   0.00110   302.90653  -0.14427   0.00008    296.84
 480      0   299.38368   -1833.02252   0.00107   302.90852  -0.14431   0.00008    307.17
 500      0   297.76545   -1833.02215   0.00105   302.91103  -0.14433   0.00008    317.50
 520      0   298.76195   -1833.02192   0.00102   302.92208  -0.14433   0.00008    327.83
 540      0   298.33017   -1833.02141   0.00100   302.90953  -0.14433   0.00007    338.19
 560      0   298.48549   -1833.02193   0.00099   302.91397  -0.14433   0.00007    348.51
 580      0   298.75842   -1833.02209   0.00096   302.91119  -0.14434   0.00007    358.84
 600      0   299.26098   -1833.02240   0.00096   302.89954  -0.14432   0.00007    369.17
 620      0   298.30341   -1833.02295   0.00094   302.88397  -0.14431   0.00007    379.49
 640      0   297.93297   -1833.02332   0.00093   302.87555  -0.14429   0.00007    389.83
 660      0   298.70388   -1833.02338   0.00093   302.88609  -0.14428   0.00007    400.18
 680      0   299.03557   -1833.02346   0.00091   302.89191  -0.14429   0.00007    410.52
 700      0   298.08322   -1833.02331   0.00089   302.88429  -0.14429   0.00007    420.86
 720      0   299.38881   -1833.02325   0.00088   302.88857  -0.14429   0.00006    431.19
 740      0   298.04484   -1833.02348   0.00087   302.88579  -0.14429   0.00006    441.52
 760      0   297.55490   -1833.02341   0.00086   302.89154  -0.14429   0.00006    451.87
 780      0   299.28651   -1833.02342   0.00085   302.90926  -0.14428   0.00006    462.21
 800      0   300.51975   -1833.02386   0.00089   302.90441  -0.14429   0.00006    472.54
 820      0   298.11857   -1833.02389   0.00087   302.90476  -0.14429   0.00006    482.89
 840      0   298.43202   -1833.02355   0.00086   302.91458  -0.14429   0.00006    493.22

Post Propagation
Total number of samples 840
Remove Outliers
Remove samples outside Zeta > 30
Outlier bound [-0.18544, -0.10262]
Removed 0 Outliers
Outliers Energy []
nsample = 840, max_block_size = 42, min_nblocks = 20
   B    NB    NS  Observable     Error    dError
   1   840   840  -1833.02353   0.00086   0.00002
   2   420   840  -1833.02353   0.00107   0.00004
   3   280   840  -1833.02353   0.00121   0.00005
   4   210   840  -1833.02354   0.00131   0.00006
   5   168   840  -1833.02354   0.00137   0.00007
   6   140   840  -1833.02354   0.00135   0.00008
   7   120   840  -1833.02354   0.00143   0.00009
   8   105   840  -1833.02354   0.00146   0.00010
   9    93   837  -1833.02367   0.00157   0.00012
  10    84   840  -1833.02354   0.00152   0.00012
  11    76   836  -1833.02368   0.00159   0.00013
  12    70   840  -1833.02354   0.00163   0.00014
  13    64   832  -1833.02376   0.00164   0.00015
  14    60   840  -1833.02355   0.00155   0.00014
  15    56   840  -1833.02355   0.00163   0.00016
  16    52   832  -1833.02376   0.00154   0.00015
  17    49   833  -1833.02374   0.00169   0.00017
  18    46   828  -1833.02382   0.00172   0.00018
  19    44   836  -1833.02369   0.00149   0.00016
  20    42   840  -1833.02355   0.00170   0.00019
  21    40   840  -1833.02355   0.00178   0.00020
  22    38   836  -1833.02369   0.00174   0.00020
  23    36   828  -1833.02382   0.00163   0.00020
  24    35   840  -1833.02355   0.00166   0.00020
  25    33   825  -1833.02379   0.00167   0.00021
  26    32   832  -1833.02376   0.00181   0.00023
  27    31   837  -1833.02368   0.00170   0.00022
  28    30   840  -1833.02355   0.00169   0.00022
  29    28   812  -1833.02388   0.00180   0.00025
  30    28   840  -1833.02355   0.00183   0.00025
  31    27   837  -1833.02368   0.00181   0.00025
  32    26   832  -1833.02376   0.00184   0.00026
  33    25   825  -1833.02379   0.00176   0.00025
  34    24   816  -1833.02395   0.00177   0.00026
  35    24   840  -1833.02355   0.00195   0.00029
  36    23   828  -1833.02382   0.00171   0.00026
  37    22   814  -1833.02389   0.00195   0.00030
  38    22   836  -1833.02369   0.00172   0.00027
  39    21   819  -1833.02392   0.00158   0.00025
  40    21   840  -1833.02355   0.00158   0.00025
  41    20   820  -1833.02389   0.00164   0.00027
  42    20   840  -1833.02355   0.00185   0.00030
Fit (variance): plateau_var = 2.861e-06 ± 1.484e-07
Fit (error):    plateau = 0.00169 ± 0.00004
     autocorrelation length ~ 5.4 blocks
     plateau reached at block size ~ 25
nsample = 840, max_block_size = 42, min_nblocks = 20
Blk_SZ   NBlk   NSmp      Energy     Error    dError
     1    840    840    -0.14425   0.00006   0.00000
     2    420    840    -0.14426   0.00007   0.00000
     3    280    840    -0.14426   0.00007   0.00000
     4    210    840    -0.14426   0.00007   0.00000
     5    168    840    -0.14426   0.00007   0.00000
     6    140    840    -0.14427   0.00007   0.00000
     7    120    840    -0.14427   0.00007   0.00000
     8    105    840    -0.14427   0.00008   0.00001
     9     93    837    -0.14427   0.00008   0.00001
    10     84    840    -0.14427   0.00008   0.00001
    11     76    836    -0.14428   0.00009   0.00001
    12     70    840    -0.14427   0.00008   0.00001
    13     64    832    -0.14428   0.00009   0.00001
    14     60    840    -0.14428   0.00009   0.00001
    15     56    840    -0.14428   0.00008   0.00001
    16     52    832    -0.14428   0.00009   0.00001
    17     49    833    -0.14428   0.00009   0.00001
    18     46    828    -0.14428   0.00009   0.00001
    19     44    836    -0.14428   0.00009   0.00001
    20     42    840    -0.14428   0.00009   0.00001
    21     40    840    -0.14428   0.00010   0.00001
    22     38    836    -0.14428   0.00010   0.00001
    23     36    828    -0.14428   0.00009   0.00001
    24     35    840    -0.14428   0.00009   0.00001
    25     33    825    -0.14428   0.00010   0.00001
    26     32    832    -0.14428   0.00010   0.00001
    27     31    837    -0.14428   0.00009   0.00001
    28     30    840    -0.14428   0.00010   0.00001
    29     28    812    -0.14428   0.00010   0.00001
    30     28    840    -0.14428   0.00009   0.00001
    31     27    837    -0.14428   0.00009   0.00001
    32     26    832    -0.14428   0.00010   0.00001
    33     25    825    -0.14428   0.00009   0.00001
    34     24    816    -0.14428   0.00010   0.00002
    35     24    840    -0.14428   0.00009   0.00001
    36     23    828    -0.14428   0.00010   0.00001
    37     22    814    -0.14429   0.00010   0.00002
    38     22    836    -0.14429   0.00009   0.00001
    39     21    819    -0.14428   0.00009   0.00001
    40     21    840    -0.14428   0.00010   0.00002
    41     20    820    -0.14428   0.00011   0.00002
    42     20    840    -0.14428   0.00009   0.00002
Fit (variance): plateau_var = 9.20462e-09 ± 7.47266e-10
Fit (error):    plateau = 0.00010 ± 0.00000
     autocorrelation length ~ 10.3 blocks
     plateau reached at block size ~ 44
Final AFQMC/HF Guiding Energy:      -1833.0235 +/- 0.0017
Final AFQMC/pt2CCSD Orbital Energy: -0.14429 +/- 0.00010
<t1> = weightp/weight = 1.01439
Total run time: 493.23

AFQMC Sampling Finished

LNO-Integral time (s):    64.26
LNO-AFQMC time (s):       570.50


======================= LNO-FRAGMENT [C20H33] 21/(48,48) =======================
Fragment Num.  21
Fragment Idx.  21
Fragment Name  C20H33
LNO THRESHOLD  [0.00030000000000000003, 3e-05]
PySCF Threads  12
LNO-LAS: 26/156 Occ | 107/636 Vir | 133/792 MOs
LNO-MP2 Fragment Energy:  -0.13258749
LNO-CCSD Fragment Energy: -0.13817773
LNO-CPU time (s):         67.11 (LAS 24.18 | MP2 5.62 | CCSD 37.31)
LNO-CPU wait time (s):    0.00 (100.0% hidden)
Find Density Fit Teonsers in MF object
Integrals will be built by DF Tensors
Calculating Effective Active Space One-electron Integrals
*** Correlation Space Size ***
N Occupied Orbitals: 26
N Active Orbitals:   133
Build effective h0 and h1 time: 22.546913 s
Composing CDERIs from DF
Build CDERI in cLAS time: 10.467081 s
Raw CDERI in LAS shape: (3912, 8911)
Compress CDERI 2 Chol: 1e-05
Compress CDERI time: 6.741792 s
Finished calculating Integrals
LAS Cholesky shape: (1114, 133, 133)
AFQMC script: /u/yzhang65/myprojects/software/afqmc/afqmc/lno_afqmc/script/run_lno_afqmc_pt2ccsd.py

LNO-AFQMC Started
Hostname:     gpue04.delta.ncsa.illinois.edu
System:       Linux
Node:         gpue04.delta.ncsa.illinois.edu
Release:      5.14.0-570.131.1.el9_6.x86_64
Machine:      x86_64
Processor:    x86_64
JAX backend:  GPU
JAX devices:  [CudaDevice(id=0)]
Device kind:  NVIDIA H200
Platform:     gpu

QMC Parameters
eql_time        -         30
n_prop_steps    -         50
n_blocks        -        840
n_walkers       -        300
max_memory      -     200000
mix_precision   -       True
seed            -       1552
walker_type     -        rhf
trial           -    pt2ccsd
max_error       -    7.2e-05
dt              -      0.005
n_exp_terms     -          6
n_batch         -          1
nchol_chunk     -        100
free_projection -      False

QMC System
Number of Occ. Orbitals:      26
Number of Act. Orbitals:      133
Number of Chol. Vectors:      1114
Mean-Field Energy:            -1832.00523770
Maximum memory per walker:            666.67 MB
Maximum number of Cholesky per chunk: 2469
Number of Cholesky chunks:            1
Number of Cholesky per chunk:         1114
Number of padding Cholesky:           0
Trial:   pt2ccsd(norb=133, nelec=(26, 26), n_batch=1, nchol_chunk=1114, mix_precision=True)
Sampler: sampler_pt2(n_prop_steps=50, n_blocks=840, n_chol=1114, frozen_vir=0)

Initalize QMC walkers by HF

Equilibration
Initial Orbital energy: -0.13819
inv_T  nodes      weight      energy     error   runTime
 0.00      0   300.00000  -1832.00428   0.00000     24.24
 3.00      0   304.73746  -1832.99111   0.02037     29.85
 6.00      0   300.89154  -1833.02453   0.02078     31.56
 9.00      0   299.18516  -1833.03856   0.02265     33.26
12.00      0   299.07445  -1833.03845   0.02045     34.97
15.00      0   299.56282  -1833.06479   0.01966     36.66
18.00      0   298.57529  -1833.04095   0.02295     38.37
21.00      0   298.96858  -1833.05204   0.02166     40.08
24.00      0   298.37875  -1833.05965   0.02345     41.78
27.00      0   298.27060  -1833.02697   0.01977     43.49
30.00      0   298.39519  -1833.03400   0.02401     45.19

Sampling Blocks
Target Final Error ~ 0.000072
   N  nodes      weight      E(Guide)     Error     weightp    E_frag     Error      Time
  20      0   298.26785   -1833.04459   0.00455   303.90502  -0.14414   0.00031     61.07
  40      0   297.83287   -1833.03892   0.00299   303.45064  -0.14401   0.00023     72.48
  60      0   297.90940   -1833.04332   0.00290   303.28162  -0.14414   0.00020     83.38
  80      0   298.56640   -1833.04188   0.00255   303.18785  -0.14424   0.00016     94.27
 100      0   298.67641   -1833.04050   0.00219   303.18713  -0.14425   0.00014    105.16
 120      0   299.42448   -1833.03994   0.00197   303.14154  -0.14417   0.00013    116.07
 140      0   298.31325   -1833.04101   0.00186   303.18427  -0.14426   0.00014    126.98
 160      0   299.15968   -1833.04005   0.00178   303.18842  -0.14452   0.00018    137.89
 180      0   299.27702   -1833.03952   0.00171   303.17678  -0.14445   0.00016    148.79
 200      0   297.82781   -1833.04000   0.00165   303.15950  -0.14440   0.00015    159.70
 220      0   298.55002   -1833.03869   0.00159   303.11764  -0.14438   0.00014    170.61
 240      0   298.31545   -1833.03790   0.00149   303.10638  -0.14438   0.00013    181.52
 260      0   297.84555   -1833.03710   0.00143   303.10369  -0.14438   0.00012    192.42
 280      0   298.64223   -1833.03628   0.00135   303.10570  -0.14438   0.00011    203.32
 300      0   298.70369   -1833.03488   0.00133   303.10204  -0.14437   0.00011    214.23
 320      0   299.10210   -1833.03359   0.00131   303.10857  -0.14432   0.00010    225.14
 340      0   298.39975   -1833.03326   0.00124   303.13249  -0.14430   0.00010    236.03
 360      0   298.93651   -1833.03546   0.00131   303.15290  -0.14434   0.00010    246.94
 380      0   298.52611   -1833.03614   0.00129   303.13769  -0.14433   0.00009    257.84
 400      0   299.40088   -1833.03598   0.00125   303.15083  -0.14432   0.00009    268.75
 420      0   298.59465   -1833.03638   0.00121   303.14093  -0.14437   0.00009    279.67
 440      0   298.57221   -1833.03691   0.00118   303.15018  -0.14443   0.00010    290.59
 460      0   298.85767   -1833.03724   0.00115   303.16459  -0.14443   0.00010    301.50
 480      0   298.47153   -1833.03747   0.00113   303.15895  -0.14440   0.00009    312.42
 500      0   298.87739   -1833.03727   0.00111   303.16423  -0.14439   0.00009    323.35
 520      0   298.48600   -1833.03657   0.00109   303.17042  -0.14440   0.00009    334.24
 540      0   299.06850   -1833.03666   0.00105   303.16723  -0.14440   0.00008    345.13
 560      0   298.94603   -1833.03689   0.00104   303.16684  -0.14439   0.00008    356.02
 580      0   298.20070   -1833.03767   0.00103   303.18292  -0.14440   0.00008    366.92
 600      0   298.44121   -1833.03761   0.00101   303.17336  -0.14441   0.00008    377.84
 620      0   299.35272   -1833.03735   0.00100   303.16741  -0.14438   0.00008    388.73
 640      0   299.11423   -1833.03658   0.00099   303.17520  -0.14437   0.00007    399.63
 660      0   299.19697   -1833.03657   0.00098   303.20404  -0.14434   0.00007    410.53
 680      0   298.79396   -1833.03678   0.00096   303.20192  -0.14435   0.00007    421.44
 700      0   299.08782   -1833.03696   0.00094   303.19518  -0.14434   0.00007    432.35
 720      0   297.85749   -1833.03717   0.00093   303.19195  -0.14435   0.00007    443.24
 740      0   299.51019   -1833.03763   0.00092   303.18891  -0.14437   0.00007    454.15
 760      0   298.00108   -1833.03808   0.00091   303.16825  -0.14436   0.00007    465.06
 780      0   299.49969   -1833.03825   0.00090   303.16774  -0.14435   0.00007    475.96
 800      0   298.84103   -1833.03815   0.00088   303.17301  -0.14433   0.00006    486.86
 820      0   297.72945   -1833.03842   0.00087   303.18103  -0.14433   0.00006    497.80
 840      0   298.62407   -1833.03829   0.00086   303.17411  -0.14431   0.00006    508.70

Post Propagation
Total number of samples 840
Remove Outliers
Remove samples outside Zeta > 30
Outlier bound [-0.18410, -0.10399]
Removed 0 Outliers
Outliers Energy []
nsample = 840, max_block_size = 42, min_nblocks = 20
   B    NB    NS  Observable     Error    dError
   1   840   840  -1833.03827   0.00086   0.00002
   2   420   840  -1833.03827   0.00108   0.00004
   3   280   840  -1833.03828   0.00124   0.00005
   4   210   840  -1833.03828   0.00135   0.00007
   5   168   840  -1833.03828   0.00143   0.00008
   6   140   840  -1833.03828   0.00155   0.00009
   7   120   840  -1833.03828   0.00157   0.00010
   8   105   840  -1833.03828   0.00164   0.00011
   9    93   837  -1833.03832   0.00171   0.00013
  10    84   840  -1833.03829   0.00172   0.00013
  11    76   836  -1833.03832   0.00176   0.00014
  12    70   840  -1833.03829   0.00183   0.00016
  13    64   832  -1833.03847   0.00189   0.00017
  14    60   840  -1833.03829   0.00191   0.00018
  15    56   840  -1833.03829   0.00189   0.00018
  16    52   832  -1833.03847   0.00186   0.00018
  17    49   833  -1833.03844   0.00194   0.00020
  18    46   828  -1833.03853   0.00204   0.00021
  19    44   836  -1833.03832   0.00208   0.00022
  20    42   840  -1833.03829   0.00188   0.00021
  21    40   840  -1833.03829   0.00197   0.00022
  22    38   836  -1833.03832   0.00196   0.00023
  23    36   828  -1833.03853   0.00220   0.00026
  24    35   840  -1833.03829   0.00200   0.00024
  25    33   825  -1833.03844   0.00216   0.00027
  26    32   832  -1833.03847   0.00223   0.00028
  27    31   837  -1833.03833   0.00204   0.00026
  28    30   840  -1833.03829   0.00217   0.00029
  29    28   812  -1833.03833   0.00238   0.00032
  30    28   840  -1833.03829   0.00193   0.00026
  31    27   837  -1833.03833   0.00228   0.00032
  32    26   832  -1833.03847   0.00211   0.00030
  33    25   825  -1833.03844   0.00215   0.00031
  34    24   816  -1833.03844   0.00242   0.00036
  35    24   840  -1833.03829   0.00210   0.00031
  36    23   828  -1833.03853   0.00230   0.00035
  37    22   814  -1833.03833   0.00225   0.00035
  38    22   836  -1833.03832   0.00247   0.00038
  39    21   819  -1833.03844   0.00216   0.00034
  40    21   840  -1833.03829   0.00216   0.00034
  41    20   820  -1833.03842   0.00250   0.00040
  42    20   840  -1833.03829   0.00235   0.00038
Fit (variance): plateau_var = 4.757e-06 ± 3.544e-07
Fit (error):    plateau = 0.00218 ± 0.00008
     autocorrelation length ~ 10.1 blocks
     plateau reached at block size ~ 46
nsample = 840, max_block_size = 42, min_nblocks = 20
Blk_SZ   NBlk   NSmp      Energy     Error    dError
     1    840    840    -0.14428   0.00006   0.00000
     2    420    840    -0.14428   0.00007   0.00000
     3    280    840    -0.14429   0.00008   0.00000
     4    210    840    -0.14429   0.00008   0.00000
     5    168    840    -0.14429   0.00008   0.00000
     6    140    840    -0.14429   0.00008   0.00001
     7    120    840    -0.14429   0.00009   0.00001
     8    105    840    -0.14429   0.00009   0.00001
     9     93    837    -0.14429   0.00009   0.00001
    10     84    840    -0.14430   0.00009   0.00001
    11     76    836    -0.14429   0.00009   0.00001
    12     70    840    -0.14429   0.00009   0.00001
    13     64    832    -0.14430   0.00009   0.00001
    14     60    840    -0.14430   0.00009   0.00001
    15     56    840    -0.14430   0.00009   0.00001
    16     52    832    -0.14430   0.00009   0.00001
    17     49    833    -0.14430   0.00009   0.00001
    18     46    828    -0.14431   0.00009   0.00001
    19     44    836    -0.14430   0.00009   0.00001
    20     42    840    -0.14430   0.00009   0.00001
    21     40    840    -0.14430   0.00009   0.00001
    22     38    836    -0.14430   0.00009   0.00001
    23     36    828    -0.14431   0.00009   0.00001
    24     35    840    -0.14430   0.00010   0.00001
    25     33    825    -0.14431   0.00009   0.00001
    26     32    832    -0.14431   0.00008   0.00001
    27     31    837    -0.14430   0.00010   0.00001
    28     30    840    -0.14430   0.00010   0.00001
    29     28    812    -0.14432   0.00009   0.00001
    30     28    840    -0.14430   0.00009   0.00001
    31     27    837    -0.14430   0.00010   0.00001
    32     26    832    -0.14431   0.00009   0.00001
    33     25    825    -0.14432   0.00010   0.00001
    34     24    816    -0.14432   0.00009   0.00001
    35     24    840    -0.14430   0.00009   0.00001
    36     23    828    -0.14431   0.00009   0.00001
    37     22    814    -0.14433   0.00009   0.00001
    38     22    836    -0.14430   0.00009   0.00001
    39     21    819    -0.14432   0.00008   0.00001
    40     21    840    -0.14430   0.00011   0.00002
    41     20    820    -0.14432   0.00012   0.00002
    42     20    840    -0.14430   0.00010   0.00002
Fit (variance): plateau_var = 8.22218e-09 ± 3.52864e-10
Fit (error):    plateau = 0.00009 ± 0.00000
     autocorrelation length ~ 3.3 blocks
     plateau reached at block size ~ 15
Final AFQMC/HF Guiding Energy:      -1833.0383 +/- 0.0022
Final AFQMC/pt2CCSD Orbital Energy: -0.14431 +/- 0.00009
<t1> = weightp/weight = 1.01531
Total run time: 508.72

AFQMC Sampling Finished

LNO-Integral time (s):    41.81
LNO-AFQMC time (s):       529.75


======================== LNO-FRAGMENT [C21] 22/(48,48) =========================
Fragment Num.  22
Fragment Idx.  22
Fragment Name  C21
LNO THRESHOLD  [0.00030000000000000003, 3e-05]
PySCF Threads  12
LNO-LAS: 29/156 Occ | 121/636 Vir | 150/792 MOs
LNO-MP2 Fragment Energy:  -0.11760996
LNO-CCSD Fragment Energy: -0.11799653
LNO-CPU time (s):         103.61 (LAS 26.88 | MP2 20.53 | CCSD 56.19)
LNO-CPU wait time (s):    0.00 (100.0% hidden)
Find Density Fit Teonsers in MF object
Integrals will be built by DF Tensors
Calculating Effective Active Space One-electron Integrals
*** Correlation Space Size ***
N Occupied Orbitals: 29
N Active Orbitals:   150
Build effective h0 and h1 time: 15.741131 s
Composing CDERIs from DF
Build CDERI in cLAS time: 6.935897 s
Raw CDERI in LAS shape: (3912, 11325)
Compress CDERI 2 Chol: 1e-05
Compress CDERI time: 2.008891 s
Finished calculating Integrals
LAS Cholesky shape: (1240, 150, 150)
AFQMC script: /u/yzhang65/myprojects/software/afqmc/afqmc/lno_afqmc/script/run_lno_afqmc_pt2ccsd.py

LNO-AFQMC Started
Hostname:     gpue04.delta.ncsa.illinois.edu
System:       Linux
Node:         gpue04.delta.ncsa.illinois.edu
Release:      5.14.0-570.131.1.el9_6.x86_64
Machine:      x86_64
Processor:    x86_64
JAX backend:  GPU
JAX devices:  [CudaDevice(id=0)]
Device kind:  NVIDIA H200
Platform:     gpu

QMC Parameters
eql_time        -         30
n_prop_steps    -         50
n_blocks        -        840
n_walkers       -        300
max_memory      -     200000
mix_precision   -       True
seed            -       1506
walker_type     -        rhf
trial           -    pt2ccsd
max_error       -    7.2e-05
dt              -      0.005
n_exp_terms     -          6
n_batch         -          1
nchol_chunk     -        100
free_projection -      False

QMC System
Number of Occ. Orbitals:      29
Number of Act. Orbitals:      150
Number of Chol. Vectors:      1240
Mean-Field Energy:            -1832.00523770
Maximum memory per walker:            666.67 MB
Maximum number of Cholesky per chunk: 1941
Number of Cholesky chunks:            1
Number of Cholesky per chunk:         1240
Number of padding Cholesky:           0
Trial:   pt2ccsd(norb=150, nelec=(29, 29), n_batch=1, nchol_chunk=1240, mix_precision=True)
Sampler: sampler_pt2(n_prop_steps=50, n_blocks=840, n_chol=1240, frozen_vir=0)

Initalize QMC walkers by HF

Equilibration
Initial Orbital energy: -0.11800
inv_T  nodes      weight      energy     error   runTime
 0.00      0   300.00000  -1832.00438   0.00000     29.89
 3.00      0   305.77866  -1833.15286   0.02279     37.97
 6.00      0   300.83698  -1833.23273   0.02416     40.14
 9.00      0   298.80032  -1833.17629   0.02246     42.32
12.00      0   298.80580  -1833.19899   0.02453     44.49
15.00      0   298.73363  -1833.22179   0.02483     46.66
18.00      0   298.25186  -1833.20205   0.02394     48.84
21.00      0   298.22041  -1833.22933   0.02303     51.01
24.00      0   297.74197  -1833.19958   0.02389     53.19
27.00      0   298.94263  -1833.22940   0.02436     55.37
30.00      0   298.54894  -1833.19137   0.02262     57.54

Sampling Blocks
Target Final Error ~ 0.000072
   N  nodes      weight      E(Guide)     Error     weightp    E_frag     Error      Time
  20      0   298.27912   -1833.21179   0.00479   303.02794  -0.12439   0.00025     79.47
  40      0   297.57698   -1833.21537   0.00391   302.77187  -0.12420   0.00018     96.50
  60      0   298.68855   -1833.22078   0.00314   302.87757  -0.12430   0.00014    113.30
  80      0   297.97253   -1833.21994   0.00271   302.86429  -0.12415   0.00013    130.11
 100      0   299.32925   -1833.21694   0.00250   302.94444  -0.12412   0.00011    146.90
 120      0   298.63761   -1833.21488   0.00230   302.99471  -0.12411   0.00010    163.70
 140      0   297.81386   -1833.21511   0.00207   303.02901  -0.12408   0.00009    180.49
 160      0   298.54086   -1833.21451   0.00187   303.09721  -0.12412   0.00008    197.29
 180      0   298.38745   -1833.21404   0.00180   303.11622  -0.12413   0.00008    214.07
 200      0   298.94140   -1833.21346   0.00176   303.07326  -0.12416   0.00008    230.83
 220      0   299.14042   -1833.21251   0.00166   303.08783  -0.12417   0.00007    247.59
 240      0   298.82615   -1833.21308   0.00156   303.07008  -0.12420   0.00007    264.37
 260      0   298.93134   -1833.21547   0.00157   303.05538  -0.12422   0.00007    281.17
 280      0   297.60613   -1833.21500   0.00150   303.01362  -0.12425   0.00007    297.96
 300      0   298.99787   -1833.21570   0.00144   303.03700  -0.12426   0.00006    314.76
 320      0   298.77115   -1833.21681   0.00142   303.06036  -0.12430   0.00006    331.56
 340      0   300.20332   -1833.21638   0.00137   303.11827  -0.12432   0.00007    348.34
 360      0   298.51368   -1833.21551   0.00134   303.12220  -0.12429   0.00006    365.15
 380      0   298.83486   -1833.21493   0.00129   303.13710  -0.12429   0.00006    381.96
 400      0   298.34547   -1833.21482   0.00125   303.16037  -0.12431   0.00006    398.76
 420      0   298.41614   -1833.21525   0.00125   303.17879  -0.12434   0.00006    415.56
 440      0   297.86889   -1833.21502   0.00125   303.19080  -0.12431   0.00006    432.35
 460      0   298.43938   -1833.21453   0.00122   303.19589  -0.12430   0.00006    449.12
 480      0   297.92570   -1833.21497   0.00120   303.21125  -0.12430   0.00006    465.88
 500      0   297.96704   -1833.21479   0.00117   303.21288  -0.12427   0.00006    482.63
 520      0   298.98236   -1833.21468   0.00114   303.22187  -0.12426   0.00006    499.41
 540      0   298.18654   -1833.21509   0.00112   303.22698  -0.12426   0.00005    516.18

Post Propagation
Total number of samples 540
Remove Outliers
Remove samples outside Zeta > 30
Outlier bound [-0.15633, -0.09177]
Removed 0 Outliers
Outliers Energy []
nsample = 540, max_block_size = 27, min_nblocks = 20
   B    NB    NS  Observable     Error    dError
   1   540   540  -1833.21507   0.00112   0.00003
   2   270   540  -1833.21507   0.00139   0.00006
   3   180   540  -1833.21508   0.00153   0.00008
   4   135   540  -1833.21508   0.00168   0.00010
   5   108   540  -1833.21508   0.00176   0.00012
   6    90   540  -1833.21508   0.00180   0.00014
   7    77   539  -1833.21508   0.00182   0.00015
   8    67   536  -1833.21503   0.00196   0.00017
   9    60   540  -1833.21508   0.00191   0.00018
  10    54   540  -1833.21508   0.00198   0.00019
  11    49   539  -1833.21508   0.00217   0.00022
  12    45   540  -1833.21508   0.00210   0.00022
  13    41   533  -1833.21501   0.00218   0.00024
  14    38   532  -1833.21503   0.00206   0.00024
  15    36   540  -1833.21509   0.00212   0.00025
  16    33   528  -1833.21497   0.00219   0.00027
  17    31   527  -1833.21497   0.00218   0.00028
  18    30   540  -1833.21509   0.00223   0.00029
  19    28   532  -1833.21503   0.00217   0.00030
  20    27   540  -1833.21509   0.00204   0.00028
  21    25   525  -1833.21492   0.00213   0.00031
  22    24   528  -1833.21497   0.00253   0.00037
  23    23   529  -1833.21500   0.00243   0.00037
  24    22   528  -1833.21497   0.00248   0.00038
  25    21   525  -1833.21492   0.00202   0.00032
  26    20   520  -1833.21468   0.00241   0.00039
  27    20   540  -1833.21509   0.00206   0.00033
Fit (variance): plateau_var = 4.849e-06 ± 4.228e-07
Fit (error):    plateau = 0.00220 ± 0.00010
     autocorrelation length ~ 5.6 blocks
     plateau reached at block size ~ 26
nsample = 540, max_block_size = 27, min_nblocks = 20
Blk_SZ   NBlk   NSmp      Energy     Error    dError
     1    540    540    -0.12423   0.00005   0.00000
     2    270    540    -0.12423   0.00006   0.00000
     3    180    540    -0.12424   0.00006   0.00000
     4    135    540    -0.12424   0.00007   0.00000
     5    108    540    -0.12424   0.00007   0.00000
     6     90    540    -0.12424   0.00007   0.00000
     7     77    539    -0.12425   0.00007   0.00001
     8     67    536    -0.12425   0.00007   0.00001
     9     60    540    -0.12425   0.00007   0.00001
    10     54    540    -0.12424   0.00007   0.00001
    11     49    539    -0.12425   0.00007   0.00001
    12     45    540    -0.12425   0.00007   0.00001
    13     41    533    -0.12425   0.00007   0.00001
    14     38    532    -0.12425   0.00007   0.00001
    15     36    540    -0.12425   0.00008   0.00001
    16     33    528    -0.12425   0.00007   0.00001
    17     31    527    -0.12425   0.00007   0.00001
    18     30    540    -0.12425   0.00007   0.00001
    19     28    532    -0.12425   0.00008   0.00001
    20     27    540    -0.12425   0.00007   0.00001
    21     25    525    -0.12425   0.00008   0.00001
    22     24    528    -0.12425   0.00008   0.00001
    23     23    529    -0.12425   0.00008   0.00001
    24     22    528    -0.12425   0.00008   0.00001
    25     21    525    -0.12426   0.00006   0.00001
    26     20    520    -0.12425   0.00007   0.00001
    27     20    540    -0.12425   0.00007   0.00001
Fit (variance): plateau_var = 5.29821e-09 ± 3.40893e-10
Fit (error):    plateau = 0.00007 ± 0.00000
     autocorrelation length ~ 3.2 blocks
     plateau reached at block size ~ 14
Final AFQMC/HF Guiding Energy:      -1833.2151 +/- 0.0022
Final AFQMC/pt2CCSD Orbital Energy: -0.12426 +/- 0.00007
<t1> = weightp/weight = 1.01575
Total run time: 516.19

AFQMC Sampling Finished

LNO-Integral time (s):    26.87
LNO-AFQMC time (s):       519.81


======================= LNO-FRAGMENT [C22H34] 23/(48,48) =======================
Fragment Num.  23
Fragment Idx.  23
Fragment Name  C22H34
LNO THRESHOLD  [0.00030000000000000003, 3e-05]
PySCF Threads  12
LNO-LAS: 26/156 Occ | 107/636 Vir | 133/792 MOs
LNO-MP2 Fragment Energy:  -0.13258749
LNO-CCSD Fragment Energy: -0.13817773
LNO-CPU time (s):         71.06 (LAS 27.04 | MP2 8.17 | CCSD 35.85)
LNO-CPU wait time (s):    0.00 (100.0% hidden)
Find Density Fit Teonsers in MF object
Integrals will be built by DF Tensors
Calculating Effective Active Space One-electron Integrals
*** Correlation Space Size ***
N Occupied Orbitals: 26
N Active Orbitals:   133
Build effective h0 and h1 time: 8.540121 s
Composing CDERIs from DF
Build CDERI in cLAS time: 6.787197 s
Raw CDERI in LAS shape: (3912, 8911)
Compress CDERI 2 Chol: 1e-05
Compress CDERI time: 1.373385 s
Finished calculating Integrals
LAS Cholesky shape: (1114, 133, 133)
AFQMC script: /u/yzhang65/myprojects/software/afqmc/afqmc/lno_afqmc/script/run_lno_afqmc_pt2ccsd.py

LNO-AFQMC Started
Hostname:     gpue04.delta.ncsa.illinois.edu
System:       Linux
Node:         gpue04.delta.ncsa.illinois.edu
Release:      5.14.0-570.131.1.el9_6.x86_64
Machine:      x86_64
Processor:    x86_64
JAX backend:  GPU
JAX devices:  [CudaDevice(id=0)]
Device kind:  NVIDIA H200
Platform:     gpu

QMC Parameters
eql_time        -         30
n_prop_steps    -         50
n_blocks        -        840
n_walkers       -        300
max_memory      -     200000
mix_precision   -       True
seed            -       4167
walker_type     -        rhf
trial           -    pt2ccsd
max_error       -    7.2e-05
dt              -      0.005
n_exp_terms     -          6
n_batch         -          1
nchol_chunk     -        100
free_projection -      False

QMC System
Number of Occ. Orbitals:      26
Number of Act. Orbitals:      133
Number of Chol. Vectors:      1114
Mean-Field Energy:            -1832.00523770
Maximum memory per walker:            666.67 MB
Maximum number of Cholesky per chunk: 2469
Number of Cholesky chunks:            1
Number of Cholesky per chunk:         1114
Number of padding Cholesky:           0
Trial:   pt2ccsd(norb=133, nelec=(26, 26), n_batch=1, nchol_chunk=1114, mix_precision=True)
Sampler: sampler_pt2(n_prop_steps=50, n_blocks=840, n_chol=1114, frozen_vir=0)

Initalize QMC walkers by HF

Equilibration
Initial Orbital energy: -0.13819
inv_T  nodes      weight      energy     error   runTime
 0.00      0   300.00000  -1832.00428   0.00000     25.04
 3.00      0   304.96649  -1832.98020   0.01920     30.97
 6.00      0   301.24882  -1833.05170   0.02378     32.87
 9.00      0   299.99012  -1833.01308   0.02203     34.58
12.00      0   299.29204  -1833.02462   0.02078     36.42
15.00      0   298.26644  -1833.04098   0.02286     38.19
18.00      0   298.94788  -1833.08093   0.02248     40.38
21.00      0   298.10077  -1833.02662   0.01929     42.22
24.00      0   298.31776  -1833.00214   0.02065     43.93
27.00      0   298.93001  -1833.06799   0.02072     45.65
30.00      0   297.87367  -1833.01063   0.02041     47.37

Sampling Blocks
Target Final Error ~ 0.000072
   N  nodes      weight      E(Guide)     Error     weightp    E_frag     Error      Time
  20      0   298.75295   -1833.02862   0.00502   303.07648  -0.14374   0.00027     65.16
  40      0   299.47484   -1833.02912   0.00395   303.29405  -0.14447   0.00024     76.74
  60      0   298.39306   -1833.03642   0.00336   303.33025  -0.14469   0.00019     87.67
  80      0   298.45125   -1833.03352   0.00272   303.20036  -0.14446   0.00016     98.58
 100      0   297.99440   -1833.03351   0.00225   303.15911  -0.14445   0.00015    109.49
 120      0   297.58007   -1833.03632   0.00225   303.11209  -0.14454   0.00015    120.41
 140      0   298.84323   -1833.03538   0.00207   303.09990  -0.14465   0.00014    131.31
 160      0   298.83155   -1833.03340   0.00192   303.04118  -0.14461   0.00013    142.22
 180      0   298.70655   -1833.03186   0.00181   303.02238  -0.14459   0.00012    153.13
 200      0   298.28706   -1833.03327   0.00171   303.02858  -0.14460   0.00011    164.03
 220      0   299.33141   -1833.03293   0.00160   303.02771  -0.14457   0.00010    174.94
 240      0   299.20961   -1833.03364   0.00154   303.04254  -0.14455   0.00010    185.87
 260      0   297.96048   -1833.03359   0.00148   303.03493  -0.14452   0.00010    196.78
 280      0   299.07342   -1833.03326   0.00141   303.05082  -0.14448   0.00009    207.70
 300      0   298.87555   -1833.03398   0.00136   303.06255  -0.14450   0.00009    218.62
 320      0   298.07391   -1833.03493   0.00134   303.05296  -0.14446   0.00009    229.56
 340      0   298.34502   -1833.03462   0.00130   303.02678  -0.14443   0.00008    240.49
 360      0   298.31848   -1833.03451   0.00127   303.00495  -0.14444   0.00008    251.39
 380      0   298.81528   -1833.03428   0.00124   303.01205  -0.14444   0.00008    262.31
 400      0   298.54333   -1833.03480   0.00120   303.02810  -0.14445   0.00007    273.21
 420      0   298.98465   -1833.03500   0.00117   303.03515  -0.14442   0.00007    284.13
 440      0   298.84519   -1833.03569   0.00114   303.06586  -0.14444   0.00007    295.05
 460      0   298.68103   -1833.03586   0.00111   303.07839  -0.14444   0.00007    305.99
 480      0   298.65486   -1833.03643   0.00110   303.10119  -0.14442   0.00007    316.89
 500      0   299.02000   -1833.03641   0.00107   303.11940  -0.14443   0.00007    327.80
 520      0   298.79843   -1833.03625   0.00104   303.12555  -0.14445   0.00007    338.73
 540      0   299.13676   -1833.03596   0.00101   303.14758  -0.14444   0.00007    349.67
 560      0   299.16900   -1833.03616   0.00102   303.15198  -0.14444   0.00006    360.59
 580      0   298.56741   -1833.03648   0.00099   303.15609  -0.14443   0.00006    371.51
 600      0   298.64815   -1833.03647   0.00097   303.15940  -0.14443   0.00006    382.43
 620      0   298.05187   -1833.03664   0.00095   303.16133  -0.14443   0.00006    393.34
 640      0   299.13053   -1833.03626   0.00093   303.16087  -0.14442   0.00006    404.27
 660      0   299.19536   -1833.03639   0.00091   303.16564  -0.14443   0.00006    415.19
 680      0   298.85072   -1833.03659   0.00090   303.16297  -0.14444   0.00006    426.09
 700      0   298.18649   -1833.03673   0.00089   303.16049  -0.14445   0.00006    437.02
 720      0   298.64190   -1833.03656   0.00087   303.15618  -0.14443   0.00005    447.94
 740      0   297.87941   -1833.03613   0.00086   303.14042  -0.14447   0.00006    458.86
 760      0   298.87317   -1833.03652   0.00085   303.14336  -0.14447   0.00006    469.78
 780      0   297.52202   -1833.03685   0.00084   303.13193  -0.14449   0.00006    480.70
 800      0   298.89149   -1833.03673   0.00084   303.12213  -0.14450   0.00006    491.61
 820      0   299.04959   -1833.03678   0.00082   303.12700  -0.14450   0.00006    502.54
 840      0   297.36121   -1833.03734   0.00082   303.13293  -0.14452   0.00006    513.46

Post Propagation
Total number of samples 840
Remove Outliers
Remove samples outside Zeta > 30
Outlier bound [-0.18448, -0.10413]
Removed 0 Outliers
Outliers Energy []
nsample = 840, max_block_size = 42, min_nblocks = 20
   B    NB    NS  Observable     Error    dError
   1   840   840  -1833.03732   0.00082   0.00002
   2   420   840  -1833.03732   0.00103   0.00004
   3   280   840  -1833.03733   0.00115   0.00005
   4   210   840  -1833.03733   0.00121   0.00006
   5   168   840  -1833.03733   0.00126   0.00007
   6   140   840  -1833.03733   0.00134   0.00008
   7   120   840  -1833.03733   0.00130   0.00008
   8   105   840  -1833.03733   0.00132   0.00009
   9    93   837  -1833.03732   0.00147   0.00011
  10    84   840  -1833.03734   0.00140   0.00011
  11    76   836  -1833.03730   0.00147   0.00012
  12    70   840  -1833.03734   0.00137   0.00012
  13    64   832  -1833.03714   0.00148   0.00013
  14    60   840  -1833.03734   0.00140   0.00013
  15    56   840  -1833.03734   0.00146   0.00014
  16    52   832  -1833.03714   0.00130   0.00013
  17    49   833  -1833.03716   0.00133   0.00014
  18    46   828  -1833.03687   0.00130   0.00014
  19    44   836  -1833.03730   0.00156   0.00017
  20    42   840  -1833.03734   0.00151   0.00017
  21    40   840  -1833.03734   0.00131   0.00015
  22    38   836  -1833.03730   0.00150   0.00017
  23    36   828  -1833.03687   0.00137   0.00016
  24    35   840  -1833.03734   0.00151   0.00018
  25    33   825  -1833.03688   0.00148   0.00018
  26    32   832  -1833.03714   0.00132   0.00017
  27    31   837  -1833.03733   0.00124   0.00016
  28    30   840  -1833.03734   0.00126   0.00017
  29    28   812  -1833.03685   0.00142   0.00019
  30    28   840  -1833.03734   0.00153   0.00021
  31    27   837  -1833.03733   0.00165   0.00023
  32    26   832  -1833.03714   0.00139   0.00020
  33    25   825  -1833.03688   0.00132   0.00019
  34    24   816  -1833.03669   0.00139   0.00021
  35    24   840  -1833.03734   0.00148   0.00022
  36    23   828  -1833.03687   0.00134   0.00020
  37    22   814  -1833.03675   0.00144   0.00022
  38    22   836  -1833.03731   0.00132   0.00020
  39    21   819  -1833.03676   0.00152   0.00024
  40    21   840  -1833.03734   0.00136   0.00021
  41    20   820  -1833.03678   0.00175   0.00028
  42    20   840  -1833.03734   0.00125   0.00020
Fit (variance): plateau_var = 1.941e-06 ± 7.880e-08
Fit (error):    plateau = 0.00139 ± 0.00003
     autocorrelation length ~ 2.8 blocks
     plateau reached at block size ~ 13
nsample = 840, max_block_size = 42, min_nblocks = 20
Blk_SZ   NBlk   NSmp      Energy     Error    dError
     1    840    840    -0.14448   0.00006   0.00000
     2    420    840    -0.14449   0.00006   0.00000
     3    280    840    -0.14449   0.00007   0.00000
     4    210    840    -0.14450   0.00007   0.00000
     5    168    840    -0.14450   0.00007   0.00000
     6    140    840    -0.14450   0.00007   0.00000
     7    120    840    -0.14451   0.00008   0.00000
     8    105    840    -0.14451   0.00008   0.00001
     9     93    837    -0.14451   0.00007   0.00001
    10     84    840    -0.14451   0.00008   0.00001
    11     76    836    -0.14451   0.00007   0.00001
    12     70    840    -0.14451   0.00007   0.00001
    13     64    832    -0.14452   0.00007   0.00001
    14     60    840    -0.14451   0.00007   0.00001
    15     56    840    -0.14451   0.00008   0.00001
    16     52    832    -0.14452   0.00007   0.00001
    17     49    833    -0.14452   0.00007   0.00001
    18     46    828    -0.14451   0.00008   0.00001
    19     44    836    -0.14452   0.00009   0.00001
    20     42    840    -0.14451   0.00007   0.00001
    21     40    840    -0.14451   0.00007   0.00001
    22     38    836    -0.14452   0.00006   0.00001
    23     36    828    -0.14451   0.00007   0.00001
    24     35    840    -0.14451   0.00007   0.00001
    25     33    825    -0.14450   0.00006   0.00001
    26     32    832    -0.14452   0.00007   0.00001
    27     31    837    -0.14452   0.00007   0.00001
    28     30    840    -0.14452   0.00006   0.00001
    29     28    812    -0.14450   0.00006   0.00001
    30     28    840    -0.14452   0.00007   0.00001
    31     27    837    -0.14452   0.00007   0.00001
    32     26    832    -0.14452   0.00007   0.00001
    33     25    825    -0.14450   0.00006   0.00001
    34     24    816    -0.14450   0.00007   0.00001
    35     24    840    -0.14452   0.00006   0.00001
    36     23    828    -0.14451   0.00006   0.00001
    37     22    814    -0.14450   0.00005   0.00001
    38     22    836    -0.14452   0.00007   0.00001
    39     21    819    -0.14450   0.00006   0.00001
    40     21    840    -0.14452   0.00006   0.00001
    41     20    820    -0.14450   0.00005   0.00001
    42     20    840    -0.14452   0.00006   0.00001
Fit (variance): plateau_var = 4.73761e-09 ± 1.56423e-10
Fit (error):    plateau = 0.00007 ± 0.00000
     autocorrelation length ~ 1.0 blocks
     plateau reached at block size ~ 5
Final AFQMC/HF Guiding Energy:      -1833.0373 +/- 0.0014
Final AFQMC/pt2CCSD Orbital Energy: -0.14452 +/- 0.00007
<t1> = weightp/weight = 1.01508
Total run time: 513.46

AFQMC Sampling Finished

LNO-Integral time (s):    17.64
LNO-AFQMC time (s):       516.34


======================= LNO-FRAGMENT [C23H35] 24/(48,48) =======================
Fragment Num.  24
Fragment Idx.  24
Fragment Name  C23H35
LNO THRESHOLD  [0.00030000000000000003, 3e-05]
PySCF Threads  12
LNO-LAS: 25/156 Occ | 106/636 Vir | 131/792 MOs
LNO-MP2 Fragment Energy:  -0.13232958
LNO-CCSD Fragment Energy: -0.13797883
LNO-CPU time (s):         67.01 (LAS 27.83 | MP2 5.36 | CCSD 33.81)
LNO-CPU wait time (s):    0.00 (100.0% hidden)
Find Density Fit Teonsers in MF object
Integrals will be built by DF Tensors
Calculating Effective Active Space One-electron Integrals
*** Correlation Space Size ***
N Occupied Orbitals: 25
N Active Orbitals:   131
Build effective h0 and h1 time: 12.966510 s
Composing CDERIs from DF
Build CDERI in cLAS time: 6.490772 s
Raw CDERI in LAS shape: (3912, 8646)
Compress CDERI 2 Chol: 1e-05
Compress CDERI time: 2.218884 s
Finished calculating Integrals
LAS Cholesky shape: (1097, 131, 131)
AFQMC script: /u/yzhang65/myprojects/software/afqmc/afqmc/lno_afqmc/script/run_lno_afqmc_pt2ccsd.py

LNO-AFQMC Started
Hostname:     gpue04.delta.ncsa.illinois.edu
System:       Linux
Node:         gpue04.delta.ncsa.illinois.edu
Release:      5.14.0-570.131.1.el9_6.x86_64
Machine:      x86_64
Processor:    x86_64
JAX backend:  GPU
JAX devices:  [CudaDevice(id=0)]
Device kind:  NVIDIA H200
Platform:     gpu

QMC Parameters
eql_time        -         30
n_prop_steps    -         50
n_blocks        -        840
n_walkers       -        300
max_memory      -     200000
mix_precision   -       True
seed            -       1510
walker_type     -        rhf
trial           -    pt2ccsd
max_error       -    7.2e-05
dt              -      0.005
n_exp_terms     -          6
n_batch         -          1
nchol_chunk     -        100
free_projection -      False

QMC System
Number of Occ. Orbitals:      25
Number of Act. Orbitals:      131
Number of Chol. Vectors:      1097
Mean-Field Energy:            -1832.00523770
Maximum memory per walker:            666.67 MB
Maximum number of Cholesky per chunk: 2545
Number of Cholesky chunks:            1
Number of Cholesky per chunk:         1097
Number of padding Cholesky:           0
Trial:   pt2ccsd(norb=131, nelec=(25, 25), n_batch=1, nchol_chunk=1097, mix_precision=True)
Sampler: sampler_pt2(n_prop_steps=50, n_blocks=840, n_chol=1097, frozen_vir=0)

Initalize QMC walkers by HF

Equilibration
Initial Orbital energy: -0.13799
inv_T  nodes      weight      energy     error   runTime
 0.00      0   300.00000  -1832.00434   0.00000     26.56
 3.00      0   305.48331  -1833.03128   0.02468     33.41
 6.00      0   300.15885  -1833.01980   0.02087     35.15
 9.00      0   299.57440  -1833.05344   0.02262     36.85
12.00      0   298.65887  -1833.04311   0.02174     38.56
15.00      0   298.22720  -1833.01963   0.02257     40.26
18.00      0   299.14885  -1833.08514   0.02330     41.97
21.00      0   298.35815  -1833.02692   0.01997     43.67
24.00      0   298.86907  -1833.05648   0.02264     45.38
27.00      0   298.44781  -1833.00096   0.02099     47.08
30.00      0   298.33076  -1833.00374   0.01915     48.79

Sampling Blocks
Target Final Error ~ 0.000072
   N  nodes      weight      E(Guide)     Error     weightp    E_frag     Error      Time
  20      0   298.71252   -1833.02871   0.00479   302.71992  -0.14447   0.00034     66.49
  40      0   299.59064   -1833.02101   0.00415   303.14619  -0.14410   0.00023     77.24
  60      0   297.94257   -1833.01924   0.00321   302.94594  -0.14396   0.00017     87.58
  80      0   298.76254   -1833.02224   0.00284   302.98109  -0.14425   0.00015     97.93
 100      0   298.71802   -1833.02504   0.00245   303.04059  -0.14451   0.00017    108.27
 120      0   297.54129   -1833.02543   0.00220   303.01258  -0.14451   0.00016    118.63
 140      0   298.60007   -1833.02520   0.00198   303.01849  -0.14447   0.00014    128.99
 160      0   297.25636   -1833.02552   0.00182   302.99877  -0.14440   0.00013    139.33
 180      0   299.41036   -1833.02601   0.00167   303.06502  -0.14451   0.00015    149.69
 200      0   298.15289   -1833.02404   0.00161   303.03683  -0.14447   0.00013    160.03
 220      0   299.27218   -1833.02358   0.00154   303.05064  -0.14449   0.00013    170.40
 240      0   299.55394   -1833.02284   0.00148   303.06722  -0.14446   0.00012    180.78
 260      0   297.92903   -1833.02269   0.00141   303.04882  -0.14451   0.00011    191.17
 280      0   299.12029   -1833.02230   0.00136   303.06569  -0.14443   0.00011    201.54
 300      0   299.06094   -1833.02251   0.00132   303.07213  -0.14442   0.00010    211.87
 320      0   298.36929   -1833.02380   0.00129   303.07937  -0.14443   0.00010    222.24
 340      0   298.74471   -1833.02264   0.00126   303.07271  -0.14440   0.00009    232.61
 360      0   298.72799   -1833.02314   0.00123   303.07825  -0.14439   0.00009    242.97
 380      0   299.19606   -1833.02299   0.00119   303.06361  -0.14439   0.00009    253.33
 400      0   298.53275   -1833.02318   0.00115   303.06067  -0.14439   0.00008    263.69
 420      0   298.69270   -1833.02278   0.00116   303.04049  -0.14439   0.00008    274.05
 440      0   298.86461   -1833.02197   0.00114   303.03239  -0.14439   0.00008    284.41
 460      0   298.62961   -1833.02208   0.00110   303.03295  -0.14438   0.00008    294.78
 480      0   298.61780   -1833.02245   0.00107   303.01579  -0.14441   0.00008    305.13
 500      0   298.54884   -1833.02195   0.00104   303.01459  -0.14439   0.00007    315.49
 520      0   298.84033   -1833.02195   0.00103   303.00929  -0.14440   0.00007    325.87
 540      0   299.53443   -1833.02262   0.00101   303.01761  -0.14441   0.00007    336.24
 560      0   299.30843   -1833.02236   0.00099   303.01794  -0.14442   0.00007    346.60
 580      0   298.74660   -1833.02245   0.00098   303.00664  -0.14440   0.00007    356.94
 600      0   298.39264   -1833.02240   0.00096   302.99444  -0.14442   0.00007    367.32
 620      0   299.03982   -1833.02222   0.00093   302.98422  -0.14441   0.00007    377.67
 640      0   297.80323   -1833.02228   0.00091   302.98309  -0.14442   0.00006    388.04
 660      0   299.26556   -1833.02248   0.00090   302.98856  -0.14440   0.00006    398.44
 680      0   299.28161   -1833.02299   0.00089   302.99378  -0.14441   0.00006    408.79
 700      0   297.80826   -1833.02310   0.00090   302.99374  -0.14438   0.00006    419.16
 720      0   299.20089   -1833.02254   0.00090   302.98362  -0.14438   0.00006    429.50
 740      0   298.97339   -1833.02307   0.00090   302.99225  -0.14440   0.00006    439.86
 760      0   297.75670   -1833.02316   0.00088   302.98970  -0.14442   0.00006    450.23
 780      0   298.65477   -1833.02312   0.00086   302.99696  -0.14441   0.00006    460.60
 800      0   298.00501   -1833.02356   0.00086   302.99967  -0.14440   0.00006    470.98
 820      0   299.05359   -1833.02366   0.00084   302.99883  -0.14442   0.00006    481.34
 840      0   298.02186   -1833.02374   0.00083   302.99729  -0.14442   0.00006    491.72

Post Propagation
Total number of samples 840
Remove Outliers
Remove samples outside Zeta > 30
Outlier bound [-0.18557, -0.10289]
Removed 0 Outliers
Outliers Energy []
nsample = 840, max_block_size = 42, min_nblocks = 20
   B    NB    NS  Observable     Error    dError
   1   840   840  -1833.02372   0.00083   0.00002
   2   420   840  -1833.02372   0.00105   0.00004
   3   280   840  -1833.02372   0.00119   0.00005
   4   210   840  -1833.02373   0.00129   0.00006
   5   168   840  -1833.02373   0.00136   0.00007
   6   140   840  -1833.02373   0.00142   0.00009
   7   120   840  -1833.02373   0.00155   0.00010
   8   105   840  -1833.02373   0.00148   0.00010
   9    93   837  -1833.02376   0.00163   0.00012
  10    84   840  -1833.02373   0.00155   0.00012
  11    76   836  -1833.02373   0.00159   0.00013
  12    70   840  -1833.02373   0.00169   0.00014
  13    64   832  -1833.02376   0.00178   0.00016
  14    60   840  -1833.02373   0.00176   0.00016
  15    56   840  -1833.02373   0.00191   0.00018
  16    52   832  -1833.02376   0.00176   0.00017
  17    49   833  -1833.02376   0.00181   0.00018
  18    46   828  -1833.02371   0.00169   0.00018
  19    44   836  -1833.02373   0.00169   0.00018
  20    42   840  -1833.02374   0.00157   0.00017
  21    40   840  -1833.02373   0.00175   0.00020
  22    38   836  -1833.02373   0.00156   0.00018
  23    36   828  -1833.02371   0.00180   0.00022
  24    35   840  -1833.02373   0.00171   0.00021
  25    33   825  -1833.02370   0.00158   0.00020
  26    32   832  -1833.02376   0.00148   0.00019
  27    31   837  -1833.02376   0.00182   0.00024
  28    30   840  -1833.02374   0.00142   0.00019
  29    28   812  -1833.02361   0.00180   0.00024
  30    28   840  -1833.02374   0.00199   0.00027
  31    27   837  -1833.02376   0.00162   0.00023
  32    26   832  -1833.02376   0.00170   0.00024
  33    25   825  -1833.02370   0.00169   0.00024
  34    24   816  -1833.02360   0.00191   0.00028
  35    24   840  -1833.02374   0.00152   0.00022
  36    23   828  -1833.02371   0.00173   0.00026
  37    22   814  -1833.02361   0.00155   0.00024
  38    22   836  -1833.02373   0.00154   0.00024
  39    21   819  -1833.02364   0.00146   0.00023
  40    21   840  -1833.02374   0.00153   0.00024
  41    20   820  -1833.02366   0.00153   0.00025
  42    20   840  -1833.02374   0.00132   0.00021
Fit (variance): plateau_var = 2.724e-06 ± 1.252e-07
Fit (error):    plateau = 0.00165 ± 0.00004
     autocorrelation length ~ 4.4 blocks
     plateau reached at block size ~ 20
nsample = 840, max_block_size = 42, min_nblocks = 20
Blk_SZ   NBlk   NSmp      Energy     Error    dError
     1    840    840    -0.14438   0.00006   0.00000
     2    420    840    -0.14439   0.00007   0.00000
     3    280    840    -0.14439   0.00007   0.00000
     4    210    840    -0.14440   0.00007   0.00000
     5    168    840    -0.14440   0.00007   0.00000
     6    140    840    -0.14440   0.00007   0.00000
     7    120    840    -0.14440   0.00008   0.00001
     8    105    840    -0.14440   0.00008   0.00001
     9     93    837    -0.14440   0.00008   0.00001
    10     84    840    -0.14440   0.00008   0.00001
    11     76    836    -0.14440   0.00008   0.00001
    12     70    840    -0.14441   0.00008   0.00001
    13     64    832    -0.14440   0.00008   0.00001
    14     60    840    -0.14441   0.00008   0.00001
    15     56    840    -0.14440   0.00008   0.00001
    16     52    832    -0.14440   0.00008   0.00001
    17     49    833    -0.14440   0.00008   0.00001
    18     46    828    -0.14441   0.00007   0.00001
    19     44    836    -0.14440   0.00008   0.00001
    20     42    840    -0.14441   0.00008   0.00001
    21     40    840    -0.14441   0.00007   0.00001
    22     38    836    -0.14441   0.00009   0.00001
    23     36    828    -0.14441   0.00008   0.00001
    24     35    840    -0.14441   0.00008   0.00001
    25     33    825    -0.14440   0.00007   0.00001
    26     32    832    -0.14441   0.00007   0.00001
    27     31    837    -0.14441   0.00008   0.00001
    28     30    840    -0.14441   0.00008   0.00001
    29     28    812    -0.14441   0.00008   0.00001
    30     28    840    -0.14441   0.00008   0.00001
    31     27    837    -0.14441   0.00007   0.00001
    32     26    832    -0.14441   0.00008   0.00001
    33     25    825    -0.14440   0.00009   0.00001
    34     24    816    -0.14441   0.00007   0.00001
    35     24    840    -0.14441   0.00008   0.00001
    36     23    828    -0.14441   0.00007   0.00001
    37     22    814    -0.14441   0.00007   0.00001
    38     22    836    -0.14441   0.00008   0.00001
    39     21    819    -0.14442   0.00006   0.00001
    40     21    840    -0.14441   0.00007   0.00001
    41     20    820    -0.14441   0.00006   0.00001
    42     20    840    -0.14441   0.00007   0.00001
Fit (variance): plateau_var = 5.56683e-09 ± 2.05362e-10
Fit (error):    plateau = 0.00007 ± 0.00000
     autocorrelation length ~ 1.8 blocks
     plateau reached at block size ~ 8
Final AFQMC/HF Guiding Energy:      -1833.0237 +/- 0.0017
Final AFQMC/pt2CCSD Orbital Energy: -0.14442 +/- 0.00007
<t1> = weightp/weight = 1.01463
Total run time: 491.73

AFQMC Sampling Finished

LNO-Integral time (s):    23.38
LNO-AFQMC time (s):       495.17


======================== LNO-FRAGMENT [C36] 25/(48,48) =========================
Fragment Num.  25
Fragment Idx.  25
Fragment Name  C36
LNO THRESHOLD  [0.00030000000000000003, 3e-05]
PySCF Threads  12
LNO-LAS: 30/156 Occ | 122/636 Vir | 152/792 MOs
LNO-MP2 Fragment Energy:  -0.12030118
LNO-CCSD Fragment Energy: -0.11995591
LNO-CPU time (s):         93.51 (LAS 24.77 | MP2 6.74 | CCSD 62.00)
LNO-CPU wait time (s):    0.00 (100.0% hidden)
Find Density Fit Teonsers in MF object
Integrals will be built by DF Tensors
Calculating Effective Active Space One-electron Integrals
*** Correlation Space Size ***
N Occupied Orbitals: 30
N Active Orbitals:   152
Build effective h0 and h1 time: 9.170285 s
Composing CDERIs from DF
Build CDERI in cLAS time: 7.015345 s
Raw CDERI in LAS shape: (3912, 11628)
Compress CDERI 2 Chol: 1e-05
Compress CDERI time: 1.491551 s
Finished calculating Integrals
LAS Cholesky shape: (1264, 152, 152)
AFQMC script: /u/yzhang65/myprojects/software/afqmc/afqmc/lno_afqmc/script/run_lno_afqmc_pt2ccsd.py

LNO-AFQMC Started
Hostname:     gpue04.delta.ncsa.illinois.edu
System:       Linux
Node:         gpue04.delta.ncsa.illinois.edu
Release:      5.14.0-570.131.1.el9_6.x86_64
Machine:      x86_64
Processor:    x86_64
JAX backend:  GPU
JAX devices:  [CudaDevice(id=0)]
Device kind:  NVIDIA H200
Platform:     gpu

QMC Parameters
eql_time        -         30
n_prop_steps    -         50
n_blocks        -        840
n_walkers       -        300
max_memory      -     200000
mix_precision   -       True
seed            -        605
walker_type     -        rhf
trial           -    pt2ccsd
max_error       -    7.2e-05
dt              -      0.005
n_exp_terms     -          6
n_batch         -          1
nchol_chunk     -        100
free_projection -      False

QMC System
Number of Occ. Orbitals:      30
Number of Act. Orbitals:      152
Number of Chol. Vectors:      1264
Mean-Field Energy:            -1832.00523770
Maximum memory per walker:            666.67 MB
Maximum number of Cholesky per chunk: 1891
Number of Cholesky chunks:            1
Number of Cholesky per chunk:         1264
Number of padding Cholesky:           0
Trial:   pt2ccsd(norb=152, nelec=(30, 30), n_batch=1, nchol_chunk=1264, mix_precision=True)
Sampler: sampler_pt2(n_prop_steps=50, n_blocks=840, n_chol=1264, frozen_vir=0)

Initalize QMC walkers by HF

Equilibration
Initial Orbital energy: -0.11996
inv_T  nodes      weight      energy     error   runTime
 0.00      0   300.00000  -1832.00417   0.00000     25.43
 3.00      0   307.37857  -1833.30262   0.02340     31.95
 6.00      0   301.69164  -1833.35706   0.02458     34.33
 9.00      0   298.83083  -1833.31358   0.02320     36.81
12.00      0   298.36915  -1833.29978   0.02185     39.15
15.00      0   299.27367  -1833.36615   0.03415     41.38
18.00      0   298.72502  -1833.34861   0.02369     43.65
21.00      0   297.48228  -1833.25396   0.02314     45.95
24.00      0   297.92327  -1833.28019   0.02389     48.19
27.00      0   299.17401  -1833.36245   0.02263     50.60
30.00      0   298.37094  -1833.31826   0.02357     52.85

Sampling Blocks
Target Final Error ~ 0.000072
   N  nodes      weight      E(Guide)     Error     weightp    E_frag     Error      Time
  20      0   298.68264   -1833.33104   0.00713   302.82207  -0.12681   0.00038     77.08
  40      0   299.10541   -1833.32706   0.00471   302.60178  -0.12648   0.00026     95.23
  60      0   298.06001   -1833.33317   0.00377   302.51401  -0.12704   0.00029    113.17
  80      0   298.58750   -1833.33294   0.00306   302.43844  -0.12680   0.00022    131.09
 100      0   298.88760   -1833.33318   0.00256   302.41879  -0.12670   0.00019    149.01
 120      0   299.61181   -1833.33028   0.00254   302.49189  -0.12658   0.00017    166.93
 140      0   298.19858   -1833.32908   0.00232   302.45438  -0.12647   0.00015    184.86
 160      0   297.57501   -1833.32951   0.00211   302.45437  -0.12645   0.00013    202.80
 180      0   298.57007   -1833.32898   0.00193   302.50933  -0.12636   0.00012    220.74
 200      0   298.04602   -1833.32973   0.00184   302.51022  -0.12634   0.00011    238.67
 220      0   298.76243   -1833.32985   0.00173   302.49394  -0.12625   0.00011    256.61
 240      0   297.81369   -1833.32993   0.00164   302.46115  -0.12628   0.00010    274.54
 260      0   299.28766   -1833.32931   0.00160   302.46286  -0.12626   0.00010    292.48
 280      0   297.43567   -1833.32958   0.00152   302.47607  -0.12630   0.00011    310.43
 300      0   298.33499   -1833.32971   0.00145   302.48063  -0.12626   0.00010    328.35
 320      0   298.15656   -1833.33023   0.00140   302.47861  -0.12634   0.00010    346.28
 340      0   298.40289   -1833.33082   0.00136   302.49134  -0.12630   0.00009    364.23
 360      0   298.32223   -1833.33029   0.00130   302.50001  -0.12627   0.00009    382.16
 380      0   299.08339   -1833.33075   0.00126   302.49723  -0.12626   0.00009    400.11
 400      0   298.06042   -1833.33068   0.00123   302.48725  -0.12621   0.00008    418.04
 420      0   298.00823   -1833.33062   0.00121   302.46738  -0.12622   0.00008    435.98
 440      0   298.41545   -1833.33017   0.00117   302.44114  -0.12623   0.00008    453.91
 460      0   298.46102   -1833.33104   0.00116   302.45533  -0.12621   0.00008    471.86
 480      0   298.66145   -1833.33135   0.00113   302.45623  -0.12621   0.00007    489.79
 500      0   298.92728   -1833.33099   0.00111   302.46584  -0.12621   0.00007    507.72
 520      0   297.62003   -1833.33217   0.00113   302.46980  -0.12621   0.00007    525.64
 540      0   298.69653   -1833.33193   0.00112   302.45640  -0.12618   0.00007    543.55
 560      0   298.69930   -1833.33209   0.00109   302.46052  -0.12619   0.00007    561.49
 580      0   298.38145   -1833.33177   0.00109   302.46401  -0.12621   0.00007    579.43
 600      0   297.66182   -1833.33211   0.00107   302.45782  -0.12623   0.00006    601.49
 620      0   297.40325   -1833.33200   0.00105   302.45474  -0.12625   0.00006    622.27
 640      0   298.03877   -1833.33158   0.00104   302.44909  -0.12625   0.00006    640.18
 660      0   297.88476   -1833.33117   0.00103   302.45327  -0.12623   0.00006    658.10
 680      0   298.58061   -1833.33119   0.00100   302.45209  -0.12623   0.00006    676.03
 700      0   298.41900   -1833.33111   0.00100   302.44500  -0.12621   0.00006    693.99
 720      0   298.70797   -1833.33025   0.00100   302.43954  -0.12620   0.00006    711.92
 740      0   298.89315   -1833.33012   0.00099   302.44285  -0.12620   0.00006    729.86
 760      0   297.68116   -1833.33023   0.00097   302.44301  -0.12618   0.00006    747.78
 780      0   298.75516   -1833.33032   0.00097   302.43801  -0.12617   0.00005    765.72
 800      0   299.01330   -1833.33048   0.00095   302.42850  -0.12616   0.00005    783.64

Post Propagation
Total number of samples 800
Remove Outliers
Remove samples outside Zeta > 30
Outlier bound [-0.16154, -0.09037]
Removed 0 Outliers
Outliers Energy []
nsample = 800, max_block_size = 40, min_nblocks = 20
   B    NB    NS  Observable     Error    dError
   1   800   800  -1833.33046   0.00095   0.00002
   2   400   800  -1833.33046   0.00118   0.00004
   3   266   798  -1833.33047   0.00133   0.00006
   4   200   800  -1833.33047   0.00143   0.00007
   5   160   800  -1833.33047   0.00147   0.00008
   6   133   798  -1833.33048   0.00151   0.00009
   7   114   798  -1833.33048   0.00160   0.00011
   8   100   800  -1833.33047   0.00162   0.00012
   9    88   792  -1833.33052   0.00164   0.00012
  10    80   800  -1833.33047   0.00173   0.00014
  11    72   792  -1833.33052   0.00184   0.00015
  12    66   792  -1833.33052   0.00165   0.00014
  13    61   793  -1833.33050   0.00187   0.00017
  14    57   798  -1833.33048   0.00189   0.00018
  15    53   795  -1833.33047   0.00167   0.00016
  16    50   800  -1833.33048   0.00181   0.00018
  17    47   799  -1833.33048   0.00158   0.00016
  18    44   792  -1833.33052   0.00168   0.00018
  19    42   798  -1833.33049   0.00151   0.00017
  20    40   800  -1833.33048   0.00164   0.00019
  21    38   798  -1833.33049   0.00156   0.00018
  22    36   792  -1833.33052   0.00186   0.00022
  23    34   782  -1833.33043   0.00155   0.00019
  24    33   792  -1833.33052   0.00167   0.00021
  25    32   800  -1833.33048   0.00167   0.00021
  26    30   780  -1833.33032   0.00204   0.00027
  27    29   783  -1833.33045   0.00148   0.00020
  28    28   784  -1833.33052   0.00175   0.00024
  29    27   783  -1833.33045   0.00161   0.00022
  30    26   780  -1833.33032   0.00146   0.00021
  31    25   775  -1833.33020   0.00164   0.00024
  32    25   800  -1833.33048   0.00150   0.00022
  33    24   792  -1833.33052   0.00170   0.00025
  34    23   782  -1833.33043   0.00167   0.00025
  35    22   770  -1833.32992   0.00153   0.00024
  36    22   792  -1833.33052   0.00155   0.00024
  37    21   777  -1833.33021   0.00163   0.00026
  38    21   798  -1833.33049   0.00151   0.00024
  39    20   780  -1833.33032   0.00162   0.00026
  40    20   800  -1833.33048   0.00152   0.00025
Fit (variance): plateau_var = 2.727e-06 ± 1.171e-07
Fit (error):    plateau = 0.00165 ± 0.00004
     autocorrelation length ~ 3.1 blocks
     plateau reached at block size ~ 14
nsample = 800, max_block_size = 40, min_nblocks = 20
Blk_SZ   NBlk   NSmp      Energy     Error    dError
     1    800    800    -0.12613   0.00005   0.00000
     2    400    800    -0.12614   0.00006   0.00000
     3    266    798    -0.12615   0.00007   0.00000
     4    200    800    -0.12614   0.00007   0.00000
     5    160    800    -0.12615   0.00008   0.00000
     6    133    798    -0.12615   0.00008   0.00000
     7    114    798    -0.12615   0.00008   0.00001
     8    100    800    -0.12615   0.00008   0.00001
     9     88    792    -0.12616   0.00008   0.00001
    10     80    800    -0.12615   0.00008   0.00001
    11     72    792    -0.12616   0.00008   0.00001
    12     66    792    -0.12616   0.00008   0.00001
    13     61    793    -0.12616   0.00009   0.00001
    14     57    798    -0.12616   0.00009   0.00001
    15     53    795    -0.12616   0.00007   0.00001
    16     50    800    -0.12616   0.00008   0.00001
    17     47    799    -0.12616   0.00008   0.00001
    18     44    792    -0.12616   0.00008   0.00001
    19     42    798    -0.12616   0.00009   0.00001
    20     40    800    -0.12616   0.00009   0.00001
    21     38    798    -0.12616   0.00008   0.00001
    22     36    792    -0.12616   0.00009   0.00001
    23     34    782    -0.12616   0.00008   0.00001
    24     33    792    -0.12616   0.00008   0.00001
    25     32    800    -0.12616   0.00008   0.00001
    26     30    780    -0.12616   0.00008   0.00001
    27     29    783    -0.12616   0.00009   0.00001
    28     28    784    -0.12616   0.00008   0.00001
    29     27    783    -0.12616   0.00009   0.00001
    30     26    780    -0.12617   0.00009   0.00001
    31     25    775    -0.12617   0.00009   0.00001
    32     25    800    -0.12616   0.00009   0.00001
    33     24    792    -0.12616   0.00009   0.00001
    34     23    782    -0.12616   0.00009   0.00001
    35     22    770    -0.12617   0.00009   0.00001
    36     22    792    -0.12617   0.00009   0.00001
    37     21    777    -0.12617   0.00009   0.00001
    38     21    798    -0.12616   0.00009   0.00001
    39     20    780    -0.12617   0.00009   0.00002
    40     20    800    -0.12616   0.00009   0.00002
Fit (variance): plateau_var = 7.06350e-09 ± 3.25843e-10
Fit (error):    plateau = 0.00008 ± 0.00000
     autocorrelation length ~ 3.6 blocks
     plateau reached at block size ~ 16
Final AFQMC/HF Guiding Energy:      -1833.3305 +/- 0.0017
Final AFQMC/pt2CCSD Orbital Energy: -0.12616 +/- 0.00008
<t1> = weightp/weight = 1.01325
Total run time: 787.05

AFQMC Sampling Finished

LNO-Integral time (s):    19.03
LNO-AFQMC time (s):       817.59


======================== LNO-FRAGMENT [C37] 26/(48,48) =========================
Fragment Num.  26
Fragment Idx.  26
Fragment Name  C37
LNO THRESHOLD  [0.00030000000000000003, 3e-05]
PySCF Threads  12
LNO-LAS: 30/156 Occ | 122/636 Vir | 152/792 MOs
LNO-MP2 Fragment Energy:  -0.12057678
LNO-CCSD Fragment Energy: -0.12020396
LNO-CPU time (s):         93.80 (LAS 25.48 | MP2 6.63 | CCSD 61.69)
LNO-CPU wait time (s):    0.00 (100.0% hidden)
Find Density Fit Teonsers in MF object
Integrals will be built by DF Tensors
Calculating Effective Active Space One-electron Integrals
*** Correlation Space Size ***
N Occupied Orbitals: 30
N Active Orbitals:   152
Build effective h0 and h1 time: 47.975651 s
Composing CDERIs from DF
Build CDERI in cLAS time: 10.258223 s
Raw CDERI in LAS shape: (3912, 11628)
Compress CDERI 2 Chol: 1e-05
Compress CDERI time: 3.085080 s
Finished calculating Integrals
LAS Cholesky shape: (1253, 152, 152)
AFQMC script: /u/yzhang65/myprojects/software/afqmc/afqmc/lno_afqmc/script/run_lno_afqmc_pt2ccsd.py

LNO-AFQMC Started
Hostname:     gpue04.delta.ncsa.illinois.edu
System:       Linux
Node:         gpue04.delta.ncsa.illinois.edu
Release:      5.14.0-570.131.1.el9_6.x86_64
Machine:      x86_64
Processor:    x86_64
JAX backend:  GPU
JAX devices:  [CudaDevice(id=0)]
Device kind:  NVIDIA H200
Platform:     gpu

QMC Parameters
eql_time        -         30
n_prop_steps    -         50
n_blocks        -        840
n_walkers       -        300
max_memory      -     200000
mix_precision   -       True
seed            -       3545
walker_type     -        rhf
trial           -    pt2ccsd
max_error       -    7.2e-05
dt              -      0.005
n_exp_terms     -          6
n_batch         -          1
nchol_chunk     -        100
free_projection -      False

QMC System
Number of Occ. Orbitals:      30
Number of Act. Orbitals:      152
Number of Chol. Vectors:      1253
Mean-Field Energy:            -1832.00523770
Maximum memory per walker:            666.67 MB
Maximum number of Cholesky per chunk: 1891
Number of Cholesky chunks:            1
Number of Cholesky per chunk:         1253
Number of padding Cholesky:           0
Trial:   pt2ccsd(norb=152, nelec=(30, 30), n_batch=1, nchol_chunk=1253, mix_precision=True)
Sampler: sampler_pt2(n_prop_steps=50, n_blocks=840, n_chol=1253, frozen_vir=0)

Initalize QMC walkers by HF

Equilibration
Initial Orbital energy: -0.12020
inv_T  nodes      weight      energy     error   runTime
 0.00      0   300.00000  -1832.00413   0.00000     30.32
 3.00      0   306.41526  -1833.29028   0.02483     37.19
 6.00      0   300.32744  -1833.30973   0.02309     39.47
 9.00      0   299.97959  -1833.35641   0.02277     41.74
12.00      0   298.22178  -1833.33961   0.02657     44.01
15.00      0   298.09165  -1833.33132   0.02588     46.28
18.00      0   298.22277  -1833.35064   0.02633     48.56
21.00      0   298.65578  -1833.32364   0.02584     50.83
24.00      0   298.81979  -1833.36356   0.02907     53.11
27.00      0   291.63689  -1833.32835   0.02561     55.38
30.00      0   298.69341  -1833.31104   0.02318     57.66

Sampling Blocks
Target Final Error ~ 0.000072
   N  nodes      weight      E(Guide)     Error     weightp    E_frag     Error      Time
  20      0   299.04401   -1833.33515   0.00672   303.02141  -0.12655   0.00045     81.05
  40      0   298.33451   -1833.33402   0.00596   302.82661  -0.12683   0.00029     99.49
  60      0   298.75444   -1833.33779   0.00453   302.90276  -0.12688   0.00022    117.35
  80      0   298.43266   -1833.33682   0.00372   302.86230  -0.12683   0.00017    135.20
 100      0   297.80943   -1833.33335   0.00324   302.76177  -0.12676   0.00015    153.09
 120      0   298.09100   -1833.33388   0.00281   302.76770  -0.12671   0.00013    170.98
 140      0   297.99878   -1833.33327   0.00249   302.74065  -0.12672   0.00013    188.86
 160      0   298.80584   -1833.33405   0.00224   302.76321  -0.12676   0.00013    206.78
 180      0   298.10220   -1833.33353   0.00205   302.74168  -0.12664   0.00012    224.63
 200      0   299.11465   -1833.33426   0.00188   302.71992  -0.12663   0.00011    242.52
 220      0   298.67591   -1833.33322   0.00179   302.68003  -0.12665   0.00010    260.38
 240      0   298.14424   -1833.33327   0.00172   302.68370  -0.12660   0.00010    278.28
 260      0   297.22584   -1833.33280   0.00170   302.66005  -0.12656   0.00009    296.17
 280      0   299.01358   -1833.33253   0.00164   302.66581  -0.12657   0.00009    314.06
 300      0   297.32872   -1833.33259   0.00156   302.66154  -0.12659   0.00009    331.95
 320      0   297.88235   -1833.33234   0.00149   302.67532  -0.12657   0.00008    349.87
 340      0   298.12768   -1833.33253   0.00142   302.67540  -0.12659   0.00008    367.76
 360      0   298.45162   -1833.33245   0.00136   302.68946  -0.12659   0.00008    385.66
 380      0   298.68747   -1833.33166   0.00133   302.69948  -0.12657   0.00007    403.59
 400      0   298.69828   -1833.33172   0.00128   302.71281  -0.12659   0.00008    421.51
 420      0   297.60782   -1833.33143   0.00124   302.70989  -0.12659   0.00007    439.40
 440      0   298.15967   -1833.33084   0.00122   302.70206  -0.12660   0.00007    457.29
 460      0   298.85368   -1833.33082   0.00120   302.71138  -0.12662   0.00007    475.19
 480      0   297.92069   -1833.33086   0.00118   302.71237  -0.12659   0.00007    493.07
 500      0   299.20535   -1833.33017   0.00117   302.71096  -0.12663   0.00007    510.96
 520      0   298.32095   -1833.32986   0.00116   302.70333  -0.12660   0.00007    528.90
 540      0   297.89593   -1833.33039   0.00113   302.70215  -0.12661   0.00006    547.48
 560      0   297.74433   -1833.33059   0.00112   302.69918  -0.12663   0.00006    565.40
 580      0   297.85256   -1833.33112   0.00113   302.71392  -0.12664   0.00006    583.29
 600      0   298.64876   -1833.33127   0.00111   302.71147  -0.12665   0.00006    601.19
 620      0   297.74430   -1833.33151   0.00109   302.70640  -0.12664   0.00006    619.08
 640      0   298.82280   -1833.33138   0.00107   302.69815  -0.12664   0.00006    642.81
 660      0   298.43650   -1833.33167   0.00106   302.68954  -0.12665   0.00006    660.68
 680      0   298.98547   -1833.33176   0.00104   302.67940  -0.12667   0.00006    678.61
 700      0   298.18627   -1833.33187   0.00102   302.68480  -0.12666   0.00006    696.50
 720      0   297.27225   -1833.33151   0.00100   302.69720  -0.12666   0.00006    714.39
 740      0   298.12399   -1833.33146   0.00099   302.71003  -0.12666   0.00005    732.30
 760      0   298.53906   -1833.33145   0.00097   302.70822  -0.12666   0.00005    750.21

Post Propagation
Total number of samples 760
Remove Outliers
Remove samples outside Zeta > 30
Outlier bound [-0.16372, -0.08927]
Removed 0 Outliers
Outliers Energy []
nsample = 760, max_block_size = 38, min_nblocks = 20
   B    NB    NS  Observable     Error    dError
   1   760   760  -1833.33142   0.00097   0.00002
   2   380   760  -1833.33142   0.00122   0.00004
   3   253   759  -1833.33141   0.00135   0.00006
   4   190   760  -1833.33143   0.00145   0.00007
   5   152   760  -1833.33143   0.00142   0.00008
   6   126   756  -1833.33141   0.00154   0.00010
   7   108   756  -1833.33141   0.00156   0.00011
   8    95   760  -1833.33144   0.00145   0.00011
   9    84   756  -1833.33141   0.00150   0.00012
  10    76   760  -1833.33144   0.00150   0.00012
  11    69   759  -1833.33142   0.00150   0.00013
  12    63   756  -1833.33142   0.00132   0.00012
  13    58   754  -1833.33143   0.00135   0.00013
  14    54   756  -1833.33141   0.00166   0.00016
  15    50   750  -1833.33134   0.00148   0.00015
  16    47   752  -1833.33142   0.00138   0.00014
  17    44   748  -1833.33134   0.00139   0.00015
  18    42   756  -1833.33142   0.00132   0.00015
  19    40   760  -1833.33144   0.00140   0.00016
  20    38   760  -1833.33144   0.00126   0.00015
  21    36   756  -1833.33142   0.00142   0.00017
  22    34   748  -1833.33135   0.00140   0.00017
  23    33   759  -1833.33143   0.00130   0.00016
  24    31   744  -1833.33126   0.00115   0.00015
  25    30   750  -1833.33134   0.00166   0.00022
  26    29   754  -1833.33143   0.00130   0.00017
  27    28   756  -1833.33142   0.00122   0.00017
  28    27   756  -1833.33142   0.00175   0.00024
  29    26   754  -1833.33143   0.00125   0.00018
  30    25   750  -1833.33134   0.00129   0.00019
  31    24   744  -1833.33126   0.00139   0.00021
  32    23   736  -1833.33150   0.00139   0.00021
  33    23   759  -1833.33143   0.00140   0.00021
  34    22   748  -1833.33135   0.00135   0.00021
  35    21   735  -1833.33142   0.00127   0.00020
  36    21   756  -1833.33142   0.00125   0.00020
  37    20   740  -1833.33146   0.00154   0.00025
  38    20   760  -1833.33145   0.00127   0.00021
Fit (variance): plateau_var = 1.965e-06 ± 7.035e-08
Fit (error):    plateau = 0.00140 ± 0.00003
     autocorrelation length ~ 1.1 blocks
     plateau reached at block size ~ 6
nsample = 760, max_block_size = 38, min_nblocks = 20
Blk_SZ   NBlk   NSmp      Energy     Error    dError
     1    760    760    -0.12662   0.00005   0.00000
     2    380    760    -0.12663   0.00006   0.00000
     3    253    759    -0.12663   0.00006   0.00000
     4    190    760    -0.12664   0.00007   0.00000
     5    152    760    -0.12664   0.00007   0.00000
     6    126    756    -0.12664   0.00007   0.00000
     7    108    756    -0.12664   0.00007   0.00000
     8     95    760    -0.12665   0.00007   0.00000
     9     84    756    -0.12665   0.00006   0.00001
    10     76    760    -0.12665   0.00007   0.00001
    11     69    759    -0.12665   0.00006   0.00001
    12     63    756    -0.12665   0.00007   0.00001
    13     58    754    -0.12665   0.00007   0.00001
    14     54    756    -0.12665   0.00006   0.00001
    15     50    750    -0.12666   0.00007   0.00001
    16     47    752    -0.12666   0.00007   0.00001
    17     44    748    -0.12666   0.00006   0.00001
    18     42    756    -0.12665   0.00005   0.00001
    19     40    760    -0.12665   0.00006   0.00001
    20     38    760    -0.12665   0.00007   0.00001
    21     36    756    -0.12665   0.00007   0.00001
    22     34    748    -0.12666   0.00006   0.00001
    23     33    759    -0.12665   0.00006   0.00001
    24     31    744    -0.12666   0.00007   0.00001
    25     30    750    -0.12666   0.00007   0.00001
    26     29    754    -0.12666   0.00007   0.00001
    27     28    756    -0.12665   0.00006   0.00001
    28     27    756    -0.12665   0.00006   0.00001
    29     26    754    -0.12666   0.00005   0.00001
    30     25    750    -0.12666   0.00006   0.00001
    31     24    744    -0.12666   0.00007   0.00001
    32     23    736    -0.12666   0.00007   0.00001
    33     23    759    -0.12665   0.00005   0.00001
    34     22    748    -0.12666   0.00005   0.00001
    35     21    735    -0.12666   0.00005   0.00001
    36     21    756    -0.12666   0.00005   0.00001
    37     20    740    -0.12666   0.00006   0.00001
    38     20    760    -0.12665   0.00007   0.00001
Fit (variance): plateau_var = 4.03307e-09 ± 1.42259e-10
Fit (error):    plateau = 0.00006 ± 0.00000
     autocorrelation length ~ 0.9 blocks
     plateau reached at block size ~ 5
Final AFQMC/HF Guiding Energy:      -1833.3314 +/- 0.0014
Final AFQMC/pt2CCSD Orbital Energy: -0.12666 +/- 0.00006
<t1> = weightp/weight = 1.01424
Total run time: 752.43

AFQMC Sampling Finished

LNO-Integral time (s):    63.40
LNO-AFQMC time (s):       860.71


======================== LNO-FRAGMENT [C38] 27/(48,48) =========================
Fragment Num.  27
Fragment Idx.  27
Fragment Name  C38
LNO THRESHOLD  [0.00030000000000000003, 3e-05]
PySCF Threads  12
LNO-LAS: 30/156 Occ | 121/636 Vir | 151/792 MOs
LNO-MP2 Fragment Energy:  -0.12022599
LNO-CCSD Fragment Energy: -0.11989480
LNO-CPU time (s):         92.44 (LAS 25.21 | MP2 6.69 | CCSD 60.54)
LNO-CPU wait time (s):    0.00 (100.0% hidden)
Find Density Fit Teonsers in MF object
Integrals will be built by DF Tensors
Calculating Effective Active Space One-electron Integrals
*** Correlation Space Size ***
N Occupied Orbitals: 30
N Active Orbitals:   151
Build effective h0 and h1 time: 65.409890 s
Composing CDERIs from DF
Build CDERI in cLAS time: 9.900085 s
Raw CDERI in LAS shape: (3912, 11476)
Compress CDERI 2 Chol: 1e-05
Compress CDERI time: 3.335684 s
Finished calculating Integrals
LAS Cholesky shape: (1241, 151, 151)
AFQMC script: /u/yzhang65/myprojects/software/afqmc/afqmc/lno_afqmc/script/run_lno_afqmc_pt2ccsd.py

LNO-AFQMC Started
Hostname:     gpue04.delta.ncsa.illinois.edu
System:       Linux
Node:         gpue04.delta.ncsa.illinois.edu
Release:      5.14.0-570.131.1.el9_6.x86_64
Machine:      x86_64
Processor:    x86_64
JAX backend:  GPU
JAX devices:  [CudaDevice(id=0)]
Device kind:  NVIDIA H200
Platform:     gpu

QMC Parameters
eql_time        -         30
n_prop_steps    -         50
n_blocks        -        840
n_walkers       -        300
max_memory      -     200000
mix_precision   -       True
seed            -       1567
walker_type     -        rhf
trial           -    pt2ccsd
max_error       -    7.2e-05
dt              -      0.005
n_exp_terms     -          6
n_batch         -          1
nchol_chunk     -        100
free_projection -      False

QMC System
Number of Occ. Orbitals:      30
Number of Act. Orbitals:      151
Number of Chol. Vectors:      1241
Mean-Field Energy:            -1832.00523770
Maximum memory per walker:            666.67 MB
Maximum number of Cholesky per chunk: 1916
Number of Cholesky chunks:            1
Number of Cholesky per chunk:         1241
Number of padding Cholesky:           0
Trial:   pt2ccsd(norb=151, nelec=(30, 30), n_batch=1, nchol_chunk=1241, mix_precision=True)
Sampler: sampler_pt2(n_prop_steps=50, n_blocks=840, n_chol=1241, frozen_vir=0)

Initalize QMC walkers by HF

Equilibration
Initial Orbital energy: -0.11990
inv_T  nodes      weight      energy     error   runTime
 0.00      0   300.00000  -1832.00424   0.00000     28.90
 3.00      0   306.92222  -1833.30224   0.02319     36.26
 6.00      0   300.54081  -1833.28035   0.02428     38.57
 9.00      0   298.98608  -1833.29184   0.02512     40.88
12.00      0   299.47780  -1833.37654   0.02485     43.20
15.00      0   298.46565  -1833.41724   0.03167     45.52
18.00      0   298.26458  -1833.31062   0.02867     47.83
21.00      0   298.33240  -1833.27712   0.02465     50.14
24.00      0   298.75636  -1833.30134   0.02202     52.45
27.00      0   299.35300  -1833.33942   0.02528     54.76
30.00      0   298.47677  -1833.31231   0.02304     57.08

Sampling Blocks
Target Final Error ~ 0.000072
   N  nodes      weight      E(Guide)     Error     weightp    E_frag     Error      Time
  20      0   297.61765   -1833.31852   0.00363   302.37896  -0.12575   0.00025     81.38
  40      0   297.93513   -1833.32941   0.00306   302.26074  -0.12592   0.00017    100.06
  60      0   298.05075   -1833.32489   0.00304   302.24688  -0.12591   0.00014    118.57
  80      0   298.84884   -1833.32654   0.00264   302.24202  -0.12638   0.00017    137.08
 100      0   298.13168   -1833.32482   0.00246   302.20338  -0.12638   0.00015    155.57
 120      0   298.78913   -1833.32414   0.00216   302.22822  -0.12636   0.00013    174.08
 140      0   299.49633   -1833.32554   0.00214   302.26446  -0.12630   0.00012    192.59
 160      0   297.84250   -1833.33009   0.00219   302.27700  -0.12634   0.00011    211.11
 180      0   298.23217   -1833.33036   0.00203   302.21251  -0.12630   0.00010    229.65
 200      0   298.25914   -1833.32982   0.00191   302.18976  -0.12624   0.00010    248.17
 220      0   298.98331   -1833.33086   0.00181   302.21507  -0.12625   0.00009    266.68
 240      0   299.40603   -1833.33166   0.00174   302.24074  -0.12622   0.00008    285.21
 260      0   299.54877   -1833.33112   0.00165   302.26384  -0.12619   0.00008    303.72
 280      0   298.58155   -1833.33101   0.00160   302.29514  -0.12617   0.00008    322.24
 300      0   298.14824   -1833.33088   0.00153   302.30641  -0.12619   0.00007    340.78
 320      0   298.04056   -1833.33208   0.00149   302.30415  -0.12621   0.00007    359.31
 340      0   297.86383   -1833.33222   0.00144   302.28986  -0.12625   0.00007    377.81
 360      0   298.18275   -1833.33198   0.00139   302.29787  -0.12622   0.00007    396.33
 380      0   297.73905   -1833.33149   0.00135   302.28557  -0.12622   0.00007    414.84
 400      0   298.88555   -1833.33099   0.00133   302.28080  -0.12619   0.00006    433.34
 420      0   298.19491   -1833.33023   0.00130   302.27078  -0.12618   0.00006    451.85
 440      0   298.36939   -1833.33004   0.00126   302.27534  -0.12618   0.00006    470.36
 460      0   297.81095   -1833.32953   0.00124   302.28354  -0.12618   0.00006    488.89
 480      0   299.37293   -1833.33011   0.00121   302.30007  -0.12621   0.00006    507.43
 500      0   297.65136   -1833.32981   0.00123   302.29366  -0.12622   0.00006    525.95
 520      0   298.13898   -1833.33006   0.00119   302.29296  -0.12623   0.00006    544.52
 540      0   298.84419   -1833.33038   0.00116   302.28882  -0.12628   0.00006    563.15
 560      0   298.17421   -1833.32985   0.00115   302.28031  -0.12626   0.00006    581.67
 580      0   298.01805   -1833.33074   0.00114   302.28320  -0.12628   0.00006    600.20
 600      0   298.52794   -1833.33098   0.00111   302.28859  -0.12630   0.00006    619.88
 620      0   298.35630   -1833.33115   0.00109   302.28969  -0.12629   0.00006    642.99
 640      0   298.28030   -1833.33072   0.00109   302.28685  -0.12631   0.00006    661.50
 660      0   299.01748   -1833.33058   0.00107   302.30017  -0.12631   0.00006    680.04
 680      0   298.98707   -1833.33036   0.00105   302.30479  -0.12629   0.00006    698.56
 700      0   299.03463   -1833.33044   0.00104   302.31468  -0.12629   0.00006    717.07
 720      0   299.16841   -1833.32980   0.00103   302.31715  -0.12627   0.00006    735.56
 740      0   298.98098   -1833.32959   0.00102   302.33116  -0.12627   0.00006    754.06
 760      0   297.45668   -1833.32945   0.00101   302.33838  -0.12626   0.00006    772.56
 780      0   299.38838   -1833.32942   0.00099   302.34901  -0.12626   0.00005    791.08
 800      0   298.45361   -1833.32974   0.00097   302.34891  -0.12628   0.00005    809.59

Post Propagation
Total number of samples 800
Remove Outliers
Remove samples outside Zeta > 30
Outlier bound [-0.16349, -0.08877]
Removed 0 Outliers
Outliers Energy []
nsample = 800, max_block_size = 40, min_nblocks = 20
   B    NB    NS  Observable     Error    dError
   1   800   800  -1833.32972   0.00097   0.00002
   2   400   800  -1833.32972   0.00122   0.00004
   3   266   798  -1833.32976   0.00138   0.00006
   4   200   800  -1833.32973   0.00148   0.00007
   5   160   800  -1833.32973   0.00156   0.00009
   6   133   798  -1833.32977   0.00161   0.00010
   7   114   798  -1833.32977   0.00170   0.00011
   8   100   800  -1833.32974   0.00160   0.00011
   9    88   792  -1833.32978   0.00179   0.00014
  10    80   800  -1833.32974   0.00176   0.00014
  11    72   792  -1833.32978   0.00197   0.00016
  12    66   792  -1833.32978   0.00172   0.00015
  13    61   793  -1833.32982   0.00184   0.00017
  14    57   798  -1833.32978   0.00178   0.00017
  15    53   795  -1833.32981   0.00189   0.00019
  16    50   800  -1833.32974   0.00186   0.00019
  17    47   799  -1833.32977   0.00186   0.00019
  18    44   792  -1833.32978   0.00207   0.00022
  19    42   798  -1833.32978   0.00190   0.00021
  20    40   800  -1833.32974   0.00183   0.00021
  21    38   798  -1833.32978   0.00190   0.00022
  22    36   792  -1833.32978   0.00222   0.00027
  23    34   782  -1833.32946   0.00208   0.00026
  24    33   792  -1833.32978   0.00179   0.00022
  25    32   800  -1833.32974   0.00196   0.00025
  26    30   780  -1833.32942   0.00185   0.00024
  27    29   783  -1833.32949   0.00203   0.00027
  28    28   784  -1833.32952   0.00198   0.00027
  29    27   783  -1833.32949   0.00178   0.00025
  30    26   780  -1833.32942   0.00198   0.00028
  31    25   775  -1833.32936   0.00193   0.00028
  32    25   800  -1833.32974   0.00196   0.00028
  33    24   792  -1833.32978   0.00228   0.00034
  34    23   782  -1833.32947   0.00191   0.00029
  35    22   770  -1833.32938   0.00214   0.00033
  36    22   792  -1833.32978   0.00162   0.00025
  37    21   777  -1833.32936   0.00211   0.00033
  38    21   798  -1833.32978   0.00176   0.00028
  39    20   780  -1833.32942   0.00191   0.00031
  40    20   800  -1833.32974   0.00189   0.00031
Fit (variance): plateau_var = 3.608e-06 ± 1.857e-07
Fit (error):    plateau = 0.00190 ± 0.00005
     autocorrelation length ~ 4.9 blocks
     plateau reached at block size ~ 22
nsample = 800, max_block_size = 40, min_nblocks = 20
Blk_SZ   NBlk   NSmp      Energy     Error    dError
     1    800    800    -0.12625   0.00005   0.00000
     2    400    800    -0.12625   0.00006   0.00000
     3    266    798    -0.12625   0.00007   0.00000
     4    200    800    -0.12626   0.00007   0.00000
     5    160    800    -0.12626   0.00007   0.00000
     6    133    798    -0.12626   0.00007   0.00000
     7    114    798    -0.12626   0.00007   0.00000
     8    100    800    -0.12627   0.00007   0.00001
     9     88    792    -0.12625   0.00007   0.00001
    10     80    800    -0.12627   0.00007   0.00001
    11     72    792    -0.12626   0.00007   0.00001
    12     66    792    -0.12626   0.00008   0.00001
    13     61    793    -0.12626   0.00007   0.00001
    14     57    798    -0.12627   0.00007   0.00001
    15     53    795    -0.12626   0.00008   0.00001
    16     50    800    -0.12627   0.00007   0.00001
    17     47    799    -0.12627   0.00007   0.00001
    18     44    792    -0.12626   0.00008   0.00001
    19     42    798    -0.12627   0.00007   0.00001
    20     40    800    -0.12627   0.00008   0.00001
    21     38    798    -0.12627   0.00008   0.00001
    22     36    792    -0.12626   0.00008   0.00001
    23     34    782    -0.12626   0.00007   0.00001
    24     33    792    -0.12627   0.00007   0.00001
    25     32    800    -0.12627   0.00007   0.00001
    26     30    780    -0.12626   0.00007   0.00001
    27     29    783    -0.12626   0.00009   0.00001
    28     28    784    -0.12626   0.00008   0.00001
    29     27    783    -0.12626   0.00008   0.00001
    30     26    780    -0.12626   0.00009   0.00001
    31     25    775    -0.12625   0.00007   0.00001
    32     25    800    -0.12627   0.00008   0.00001
    33     24    792    -0.12626   0.00008   0.00001
    34     23    782    -0.12626   0.00007   0.00001
    35     22    770    -0.12625   0.00008   0.00001
    36     22    792    -0.12627   0.00007   0.00001
    37     21    777    -0.12625   0.00007   0.00001
    38     21    798    -0.12627   0.00007   0.00001
    39     20    780    -0.12626   0.00007   0.00001
    40     20    800    -0.12628   0.00007   0.00001
Fit (variance): plateau_var = 5.37657e-09 ± 2.20605e-10
Fit (error):    plateau = 0.00007 ± 0.00000
     autocorrelation length ~ 2.4 blocks
     plateau reached at block size ~ 11
Final AFQMC/HF Guiding Energy:      -1833.3297 +/- 0.0019
Final AFQMC/pt2CCSD Orbital Energy: -0.12628 +/- 0.00007
<t1> = weightp/weight = 1.01301
Total run time: 811.64

AFQMC Sampling Finished

LNO-Integral time (s):    80.30
LNO-AFQMC time (s):       902.02


======================== LNO-FRAGMENT [C39] 28/(48,48) =========================
Fragment Num.  28
Fragment Idx.  28
Fragment Name  C39
LNO THRESHOLD  [0.00030000000000000003, 3e-05]
PySCF Threads  12
LNO-LAS: 30/156 Occ | 122/636 Vir | 152/792 MOs
LNO-MP2 Fragment Energy:  -0.12057678
LNO-CCSD Fragment Energy: -0.12020396
LNO-CPU time (s):         110.32 (LAS 28.04 | MP2 22.38 | CCSD 59.90)
LNO-CPU wait time (s):    0.00 (100.0% hidden)
Find Density Fit Teonsers in MF object
Integrals will be built by DF Tensors
Calculating Effective Active Space One-electron Integrals
*** Correlation Space Size ***
N Occupied Orbitals: 30
N Active Orbitals:   152
Build effective h0 and h1 time: 47.075221 s
Composing CDERIs from DF
Build CDERI in cLAS time: 10.472979 s
Raw CDERI in LAS shape: (3912, 11628)
Compress CDERI 2 Chol: 1e-05
Compress CDERI time: 3.350256 s
Finished calculating Integrals
LAS Cholesky shape: (1253, 152, 152)
AFQMC script: /u/yzhang65/myprojects/software/afqmc/afqmc/lno_afqmc/script/run_lno_afqmc_pt2ccsd.py

LNO-AFQMC Started
Hostname:     gpue04.delta.ncsa.illinois.edu
System:       Linux
Node:         gpue04.delta.ncsa.illinois.edu
Release:      5.14.0-570.131.1.el9_6.x86_64
Machine:      x86_64
Processor:    x86_64
JAX backend:  GPU
JAX devices:  [CudaDevice(id=0)]
Device kind:  NVIDIA H200
Platform:     gpu

QMC Parameters
eql_time        -         30
n_prop_steps    -         50
n_blocks        -        840
n_walkers       -        300
max_memory      -     200000
mix_precision   -       True
seed            -       3904
walker_type     -        rhf
trial           -    pt2ccsd
max_error       -    7.2e-05
dt              -      0.005
n_exp_terms     -          6
n_batch         -          1
nchol_chunk     -        100
free_projection -      False

QMC System
Number of Occ. Orbitals:      30
Number of Act. Orbitals:      152
Number of Chol. Vectors:      1253
Mean-Field Energy:            -1832.00523770
Maximum memory per walker:            666.67 MB
Maximum number of Cholesky per chunk: 1891
Number of Cholesky chunks:            1
Number of Cholesky per chunk:         1253
Number of padding Cholesky:           0
Trial:   pt2ccsd(norb=152, nelec=(30, 30), n_batch=1, nchol_chunk=1253, mix_precision=True)
Sampler: sampler_pt2(n_prop_steps=50, n_blocks=840, n_chol=1253, frozen_vir=0)

Initalize QMC walkers by HF

Equilibration
Initial Orbital energy: -0.12020
inv_T  nodes      weight      energy     error   runTime
 0.00      0   300.00000  -1832.00413   0.00000     34.36
 3.00      0   306.86467  -1833.30664   0.02196     41.85
 6.00      0   301.04991  -1833.35297   0.02557     44.11
 9.00      0   299.89293  -1833.35616   0.02537     46.38
12.00      0   298.58273  -1833.38288   0.02824     48.64
15.00      0   297.79791  -1833.31820   0.02402     50.91
18.00      0   298.83880  -1833.33803   0.02360     53.17
21.00      0   298.00254  -1833.31239   0.02502     55.44
24.00      0   297.98721  -1833.32002   0.02612     57.70
27.00      0   298.51694  -1833.34962   0.02801     59.96
30.00      0   298.48965  -1833.29651   0.02329     62.24

Sampling Blocks
Target Final Error ~ 0.000072
   N  nodes      weight      E(Guide)     Error     weightp    E_frag     Error      Time
  20      0   298.07969   -1833.30754   0.00547   302.75657  -0.12645   0.00021     85.73
  40      0   298.83492   -1833.32364   0.00469   302.81942  -0.12616   0.00015    103.94
  60      0   299.21966   -1833.32483   0.00385   302.69064  -0.12631   0.00014    121.81
  80      0   298.56390   -1833.32755   0.00314   302.58654  -0.12655   0.00015    139.66
 100      0   298.39541   -1833.32539   0.00263   302.68384  -0.12657   0.00013    157.54
 120      0   298.33924   -1833.32504   0.00235   302.70721  -0.12648   0.00012    175.40
 140      0   298.70314   -1833.32363   0.00214   302.70374  -0.12651   0.00011    193.27
 160      0   298.13767   -1833.32494   0.00204   302.72531  -0.12644   0.00010    211.12
 180      0   298.54857   -1833.32651   0.00191   302.69245  -0.12640   0.00009    229.02
 200      0   298.53067   -1833.32937   0.00190   302.65907  -0.12649   0.00009    246.89
 220      0   298.38721   -1833.32975   0.00185   302.65116  -0.12650   0.00009    264.78
 240      0   298.55494   -1833.33064   0.00177   302.64728  -0.12652   0.00008    282.66
 260      0   299.30804   -1833.33026   0.00170   302.62092  -0.12648   0.00008    300.52
 280      0   299.38466   -1833.33072   0.00168   302.63047  -0.12650   0.00008    318.40
 300      0   299.20954   -1833.33187   0.00163   302.62283  -0.12647   0.00007    336.28
 320      0   298.66791   -1833.33163   0.00156   302.63128  -0.12649   0.00007    354.16
 340      0   299.16052   -1833.33131   0.00150   302.65492  -0.12645   0.00007    372.05
 360      0   299.01483   -1833.33116   0.00145   302.65993  -0.12647   0.00007    389.91
 380      0   298.46544   -1833.33149   0.00141   302.65853  -0.12645   0.00006    407.79
 400      0   298.31702   -1833.33277   0.00141   302.64651  -0.12658   0.00007    425.66
 420      0   297.82407   -1833.33278   0.00136   302.62682  -0.12658   0.00007    443.55
 440      0   297.50104   -1833.33325   0.00136   302.60827  -0.12664   0.00010    461.42
 460      0   298.60424   -1833.33316   0.00132   302.61400  -0.12665   0.00010    479.33
 480      0   297.95805   -1833.33342   0.00128   302.60654  -0.12667   0.00010    497.25
 500      0   298.04611   -1833.33294   0.00126   302.62260  -0.12668   0.00009    515.14
 520      0   298.55660   -1833.33291   0.00122   302.63861  -0.12668   0.00009    533.15
 540      0   299.81253   -1833.33263   0.00120   302.64330  -0.12668   0.00009    551.05
 560      0   298.14980   -1833.33184   0.00118   302.63318  -0.12666   0.00008    568.96
 580      0   298.72224   -1833.33174   0.00116   302.63683  -0.12665   0.00008    586.85
 600      0   298.49417   -1833.33188   0.00114   302.62726  -0.12663   0.00008    604.74
 620      0   299.15637   -1833.33180   0.00112   302.62052  -0.12662   0.00008    622.76
 640      0   297.71196   -1833.33175   0.00110   302.61758  -0.12660   0.00008    645.15
 660      0   298.55002   -1833.33135   0.00108   302.63306  -0.12660   0.00007    663.04
 680      0   298.79314   -1833.33171   0.00106   302.63045  -0.12658   0.00007    680.93
 700      0   298.31004   -1833.33144   0.00105   302.61862  -0.12659   0.00007    698.81
 720      0   297.78464   -1833.33135   0.00103   302.62790  -0.12658   0.00007    716.68
 740      0   298.58879   -1833.33111   0.00102   302.63375  -0.12657   0.00007    734.57
 760      0   298.10027   -1833.33138   0.00100   302.62966  -0.12655   0.00007    752.50
 780      0   298.52080   -1833.33148   0.00098   302.62390  -0.12656   0.00006    770.39
 800      0   299.40783   -1833.33169   0.00097   302.62352  -0.12656   0.00006    788.27
 820      0   297.37005   -1833.33176   0.00096   302.61058  -0.12656   0.00006    806.12
 840      0   298.27098   -1833.33218   0.00095   302.61223  -0.12655   0.00006    823.99

Post Propagation
Total number of samples 840
Remove Outliers
Remove samples outside Zeta > 30
Outlier bound [-0.16297, -0.08961]
Removed 0 Outliers
Outliers Energy []
nsample = 840, max_block_size = 42, min_nblocks = 20
   B    NB    NS  Observable     Error    dError
   1   840   840  -1833.33215   0.00095   0.00002
   2   420   840  -1833.33216   0.00118   0.00004
   3   280   840  -1833.33216   0.00132   0.00006
   4   210   840  -1833.33216   0.00137   0.00007
   5   168   840  -1833.33217   0.00147   0.00008
   6   140   840  -1833.33217   0.00153   0.00009
   7   120   840  -1833.33217   0.00156   0.00010
   8   105   840  -1833.33217   0.00151   0.00010
   9    93   837  -1833.33209   0.00159   0.00012
  10    84   840  -1833.33217   0.00157   0.00012
  11    76   836  -1833.33214   0.00154   0.00013
  12    70   840  -1833.33217   0.00160   0.00014
  13    64   832  -1833.33205   0.00165   0.00015
  14    60   840  -1833.33218   0.00153   0.00014
  15    56   840  -1833.33217   0.00174   0.00017
  16    52   832  -1833.33205   0.00173   0.00017
  17    49   833  -1833.33210   0.00174   0.00018
  18    46   828  -1833.33191   0.00171   0.00018
  19    44   836  -1833.33214   0.00176   0.00019
  20    42   840  -1833.33218   0.00167   0.00018
  21    40   840  -1833.33218   0.00163   0.00019
  22    38   836  -1833.33214   0.00171   0.00020
  23    36   828  -1833.33192   0.00181   0.00022
  24    35   840  -1833.33218   0.00160   0.00019
  25    33   825  -1833.33180   0.00178   0.00022
  26    32   832  -1833.33205   0.00152   0.00019
  27    31   837  -1833.33209   0.00184   0.00024
  28    30   840  -1833.33218   0.00160   0.00021
  29    28   812  -1833.33174   0.00173   0.00023
  30    28   840  -1833.33218   0.00180   0.00024
  31    27   837  -1833.33209   0.00176   0.00024
  32    26   832  -1833.33205   0.00168   0.00024
  33    25   825  -1833.33180   0.00187   0.00027
  34    24   816  -1833.33181   0.00195   0.00029
  35    24   840  -1833.33218   0.00180   0.00027
  36    23   828  -1833.33192   0.00166   0.00025
  37    22   814  -1833.33173   0.00184   0.00028
  38    22   836  -1833.33214   0.00183   0.00028
  39    21   819  -1833.33179   0.00174   0.00028
  40    21   840  -1833.33218   0.00174   0.00027
  41    20   820  -1833.33176   0.00196   0.00032
  42    20   840  -1833.33218   0.00175   0.00028
Fit (variance): plateau_var = 2.848e-06 ± 1.306e-07
Fit (error):    plateau = 0.00169 ± 0.00004
     autocorrelation length ~ 4.0 blocks
     plateau reached at block size ~ 18
nsample = 840, max_block_size = 42, min_nblocks = 20
Blk_SZ   NBlk   NSmp      Energy     Error    dError
     1    840    840    -0.12652   0.00006   0.00000
     2    420    840    -0.12653   0.00007   0.00000
     3    280    840    -0.12653   0.00007   0.00000
     4    210    840    -0.12654   0.00008   0.00000
     5    168    840    -0.12654   0.00008   0.00000
     6    140    840    -0.12654   0.00008   0.00000
     7    120    840    -0.12654   0.00008   0.00001
     8    105    840    -0.12654   0.00008   0.00001
     9     93    837    -0.12655   0.00008   0.00001
    10     84    840    -0.12655   0.00008   0.00001
    11     76    836    -0.12655   0.00008   0.00001
    12     70    840    -0.12655   0.00008   0.00001
    13     64    832    -0.12656   0.00009   0.00001
    14     60    840    -0.12655   0.00009   0.00001
    15     56    840    -0.12655   0.00009   0.00001
    16     52    832    -0.12656   0.00009   0.00001
    17     49    833    -0.12656   0.00009   0.00001
    18     46    828    -0.12656   0.00009   0.00001
    19     44    836    -0.12655   0.00009   0.00001
    20     42    840    -0.12655   0.00009   0.00001
    21     40    840    -0.12655   0.00009   0.00001
    22     38    836    -0.12656   0.00008   0.00001
    23     36    828    -0.12656   0.00008   0.00001
    24     35    840    -0.12655   0.00008   0.00001
    25     33    825    -0.12655   0.00009   0.00001
    26     32    832    -0.12656   0.00008   0.00001
    27     31    837    -0.12655   0.00009   0.00001
    28     30    840    -0.12655   0.00008   0.00001
    29     28    812    -0.12655   0.00010   0.00001
    30     28    840    -0.12655   0.00008   0.00001
    31     27    837    -0.12655   0.00010   0.00001
    32     26    832    -0.12656   0.00009   0.00001
    33     25    825    -0.12655   0.00009   0.00001
    34     24    816    -0.12655   0.00010   0.00001
    35     24    840    -0.12655   0.00008   0.00001
    36     23    828    -0.12656   0.00009   0.00001
    37     22    814    -0.12655   0.00009   0.00001
    38     22    836    -0.12656   0.00010   0.00001
    39     21    819    -0.12656   0.00010   0.00002
    40     21    840    -0.12655   0.00009   0.00001
    41     20    820    -0.12655   0.00009   0.00001
    42     20    840    -0.12655   0.00010   0.00002
Fit (variance): plateau_var = 7.36237e-09 ± 3.31764e-10
Fit (error):    plateau = 0.00009 ± 0.00000
     autocorrelation length ~ 3.6 blocks
     plateau reached at block size ~ 16
Final AFQMC/HF Guiding Energy:      -1833.3322 +/- 0.0017
Final AFQMC/pt2CCSD Orbital Energy: -0.12655 +/- 0.00009
<t1> = weightp/weight = 1.01394
Total run time: 826.35

AFQMC Sampling Finished

LNO-Integral time (s):    78.86
LNO-AFQMC time (s):       932.26


======================== LNO-FRAGMENT [C40] 29/(48,48) =========================
Fragment Num.  29
Fragment Idx.  29
Fragment Name  C40
LNO THRESHOLD  [0.00030000000000000003, 3e-05]
PySCF Threads  12
LNO-LAS: 30/156 Occ | 122/636 Vir | 152/792 MOs
LNO-MP2 Fragment Energy:  -0.12030118
LNO-CCSD Fragment Energy: -0.11995591
LNO-CPU time (s):         126.03 (LAS 27.26 | MP2 39.04 | CCSD 59.73)
LNO-CPU wait time (s):    0.00 (100.0% hidden)
Find Density Fit Teonsers in MF object
Integrals will be built by DF Tensors
Calculating Effective Active Space One-electron Integrals
*** Correlation Space Size ***
N Occupied Orbitals: 30
N Active Orbitals:   152
Build effective h0 and h1 time: 48.094529 s
Composing CDERIs from DF
Build CDERI in cLAS time: 10.053038 s
Raw CDERI in LAS shape: (3912, 11628)
Compress CDERI 2 Chol: 1e-05
Compress CDERI time: 3.564084 s
Finished calculating Integrals
LAS Cholesky shape: (1264, 152, 152)
AFQMC script: /u/yzhang65/myprojects/software/afqmc/afqmc/lno_afqmc/script/run_lno_afqmc_pt2ccsd.py

LNO-AFQMC Started
Hostname:     gpue04.delta.ncsa.illinois.edu
System:       Linux
Node:         gpue04.delta.ncsa.illinois.edu
Release:      5.14.0-570.131.1.el9_6.x86_64
Machine:      x86_64
Processor:    x86_64
JAX backend:  GPU
JAX devices:  [CudaDevice(id=0)]
Device kind:  NVIDIA H200
Platform:     gpu

QMC Parameters
eql_time        -         30
n_prop_steps    -         50
n_blocks        -        840
n_walkers       -        300
max_memory      -     200000
mix_precision   -       True
seed            -        480
walker_type     -        rhf
trial           -    pt2ccsd
max_error       -    7.2e-05
dt              -      0.005
n_exp_terms     -          6
n_batch         -          1
nchol_chunk     -        100
free_projection -      False

QMC System
Number of Occ. Orbitals:      30
Number of Act. Orbitals:      152
Number of Chol. Vectors:      1264
Mean-Field Energy:            -1832.00523770
Maximum memory per walker:            666.67 MB
Maximum number of Cholesky per chunk: 1891
Number of Cholesky chunks:            1
Number of Cholesky per chunk:         1264
Number of padding Cholesky:           0
Trial:   pt2ccsd(norb=152, nelec=(30, 30), n_batch=1, nchol_chunk=1264, mix_precision=True)
Sampler: sampler_pt2(n_prop_steps=50, n_blocks=840, n_chol=1264, frozen_vir=0)

Initalize QMC walkers by HF

Equilibration
Initial Orbital energy: -0.11996
inv_T  nodes      weight      energy     error   runTime
 0.00      0   300.00000  -1832.00417   0.00000     30.58
 3.00      0   305.72991  -1833.27172   0.02225     38.50
 6.00      0   300.87353  -1833.30961   0.02509     40.72
 9.00      0   298.62193  -1833.30221   0.02449     42.94
12.00      0   298.49356  -1833.35686   0.02472     45.16
15.00      0   297.83505  -1833.27449   0.02380     47.39
18.00      0   297.53766  -1833.29246   0.02400     49.61
21.00      0   298.44278  -1833.34452   0.02597     51.84
24.00      0   299.43916  -1833.33619   0.02542     54.06
27.00      0   298.16676  -1833.31372   0.03210     56.29
30.00      0   298.43926  -1833.31522   0.02585     58.52

Sampling Blocks
Target Final Error ~ 0.000072
   N  nodes      weight      E(Guide)     Error     weightp    E_frag     Error      Time
  20      0   299.14281   -1833.32099   0.00378   302.62473  -0.12609   0.00026     82.12
  40      0   299.52988   -1833.31004   0.00353   302.63153  -0.12573   0.00016    100.25
  60      0   298.74700   -1833.31469   0.00306   302.55779  -0.12567   0.00015    118.16
  80      0   298.17836   -1833.32058   0.00283   302.45858  -0.12561   0.00012    136.07
 100      0   298.26655   -1833.32461   0.00275   302.38617  -0.12589   0.00015    153.98
 120      0   298.59714   -1833.32653   0.00246   302.38021  -0.12597   0.00013    171.91
 140      0   297.93471   -1833.32608   0.00226   302.37865  -0.12600   0.00012    189.82
 160      0   297.67912   -1833.32610   0.00219   302.34629  -0.12606   0.00011    207.77
 180      0   297.35680   -1833.32537   0.00204   302.32625  -0.12605   0.00010    225.70
 200      0   298.04865   -1833.32615   0.00203   302.34064  -0.12606   0.00010    243.63
 220      0   296.86633   -1833.32588   0.00193   302.32580  -0.12604   0.00009    261.55
 240      0   298.37389   -1833.32657   0.00182   302.35655  -0.12611   0.00009    279.47
 260      0   298.46158   -1833.32673   0.00174   302.37267  -0.12612   0.00008    297.40
 280      0   298.09302   -1833.32681   0.00166   302.38091  -0.12612   0.00008    315.34
 300      0   298.85847   -1833.32715   0.00158   302.37229  -0.12618   0.00008    333.27
 320      0   298.55671   -1833.32702   0.00153   302.37215  -0.12613   0.00007    351.18
 340      0   298.46287   -1833.32696   0.00146   302.36341  -0.12612   0.00007    369.11
 360      0   298.80454   -1833.32769   0.00142   302.38167  -0.12613   0.00007    387.03
 380      0   297.43550   -1833.32818   0.00138   302.35994  -0.12608   0.00007    404.94
 400      0   298.01600   -1833.32994   0.00142   302.35707  -0.12614   0.00007    422.85
 420      0   298.84574   -1833.32988   0.00137   302.34974  -0.12615   0.00007    440.76
 440      0   298.47658   -1833.32983   0.00133   302.35811  -0.12616   0.00007    458.68
 460      0   299.16488   -1833.33008   0.00129   302.37408  -0.12614   0.00007    476.62
 480      0   298.04374   -1833.33030   0.00126   302.38891  -0.12613   0.00006    494.53
 500      0   298.52938   -1833.33102   0.00124   302.39928  -0.12619   0.00007    512.46
 520      0   298.41307   -1833.33052   0.00122   302.39968  -0.12616   0.00007    530.51
 540      0   299.48452   -1833.33094   0.00118   302.40545  -0.12615   0.00006    548.46
 560      0   298.90878   -1833.33079   0.00116   302.41035  -0.12617   0.00007    566.45
 580      0   297.19592   -1833.33077   0.00113   302.41511  -0.12617   0.00006    584.41
 600      0   299.05450   -1833.33068   0.00111   302.41724  -0.12616   0.00006    602.35
 620      0   298.52478   -1833.33065   0.00109   302.41557  -0.12614   0.00006    625.00
 640      0   297.81566   -1833.33054   0.00107   302.40130  -0.12615   0.00006    643.21
 660      0   298.42217   -1833.33020   0.00107   302.41230  -0.12614   0.00006    661.16
 680      0   298.62658   -1833.33010   0.00105   302.40966  -0.12615   0.00006    679.09
 700      0   297.98692   -1833.32989   0.00103   302.40089  -0.12613   0.00006    697.02
 720      0   298.88653   -1833.32972   0.00101   302.39944  -0.12613   0.00005    714.94
 740      0   298.94940   -1833.32947   0.00099   302.39977  -0.12613   0.00005    732.83

Post Propagation
Total number of samples 740
Remove Outliers
Remove samples outside Zeta > 30
Outlier bound [-0.16125, -0.09060]
Removed 0 Outliers
Outliers Energy []
nsample = 740, max_block_size = 37, min_nblocks = 20
   B    NB    NS  Observable     Error    dError
   1   740   740  -1833.32944   0.00099   0.00003
   2   370   740  -1833.32945   0.00122   0.00004
   3   246   738  -1833.32937   0.00135   0.00006
   4   185   740  -1833.32946   0.00137   0.00007
   5   148   740  -1833.32946   0.00137   0.00008
   6   123   738  -1833.32938   0.00147   0.00009
   7   105   735  -1833.32943   0.00154   0.00011
   8    92   736  -1833.32943   0.00149   0.00011
   9    82   738  -1833.32938   0.00156   0.00012
  10    74   740  -1833.32946   0.00160   0.00013
  11    67   737  -1833.32944   0.00158   0.00014
  12    61   732  -1833.32940   0.00163   0.00015
  13    56   728  -1833.32952   0.00177   0.00017
  14    52   728  -1833.32952   0.00162   0.00016
  15    49   735  -1833.32944   0.00156   0.00016
  16    46   736  -1833.32944   0.00165   0.00017
  17    43   731  -1833.32942   0.00163   0.00018
  18    41   738  -1833.32939   0.00181   0.00020
  19    38   722  -1833.32974   0.00171   0.00020
  20    37   740  -1833.32947   0.00170   0.00020
  21    35   735  -1833.32944   0.00182   0.00022
  22    33   726  -1833.32961   0.00179   0.00022
  23    32   736  -1833.32944   0.00173   0.00022
  24    30   720  -1833.32972   0.00174   0.00023
  25    29   725  -1833.32966   0.00195   0.00026
  26    28   728  -1833.32952   0.00178   0.00024
  27    27   729  -1833.32947   0.00193   0.00027
  28    26   728  -1833.32952   0.00170   0.00024
  29    25   725  -1833.32966   0.00190   0.00027
  30    24   720  -1833.32972   0.00160   0.00024
  31    23   713  -1833.32965   0.00190   0.00029
  32    23   736  -1833.32944   0.00176   0.00027
  33    22   726  -1833.32961   0.00163   0.00025
  34    21   714  -1833.32971   0.00187   0.00030
  35    21   735  -1833.32944   0.00178   0.00028
  36    20   720  -1833.32972   0.00187   0.00030
  37    20   740  -1833.32947   0.00194   0.00032
Fit (variance): plateau_var = 2.993e-06 ± 1.795e-07
Fit (error):    plateau = 0.00173 ± 0.00005
     autocorrelation length ~ 5.3 blocks
     plateau reached at block size ~ 24
nsample = 740, max_block_size = 37, min_nblocks = 20
Blk_SZ   NBlk   NSmp      Energy     Error    dError
     1    740    740    -0.12610   0.00005   0.00000
     2    370    740    -0.12611   0.00006   0.00000
     3    246    738    -0.12611   0.00007   0.00000
     4    185    740    -0.12611   0.00007   0.00000
     5    148    740    -0.12612   0.00007   0.00000
     6    123    738    -0.12612   0.00007   0.00000
     7    105    735    -0.12612   0.00008   0.00001
     8     92    736    -0.12612   0.00008   0.00001
     9     82    738    -0.12612   0.00008   0.00001
    10     74    740    -0.12612   0.00008   0.00001
    11     67    737    -0.12612   0.00008   0.00001
    12     61    732    -0.12612   0.00008   0.00001
    13     56    728    -0.12612   0.00008   0.00001
    14     52    728    -0.12612   0.00008   0.00001
    15     49    735    -0.12612   0.00008   0.00001
    16     46    736    -0.12613   0.00008   0.00001
    17     43    731    -0.12612   0.00007   0.00001
    18     41    738    -0.12612   0.00008   0.00001
    19     38    722    -0.12613   0.00008   0.00001
    20     37    740    -0.12612   0.00009   0.00001
    21     35    735    -0.12613   0.00008   0.00001
    22     33    726    -0.12613   0.00008   0.00001
    23     32    736    -0.12613   0.00008   0.00001
    24     30    720    -0.12613   0.00009   0.00001
    25     29    725    -0.12613   0.00009   0.00001
    26     28    728    -0.12612   0.00007   0.00001
    27     27    729    -0.12612   0.00009   0.00001
    28     26    728    -0.12612   0.00007   0.00001
    29     25    725    -0.12613   0.00006   0.00001
    30     24    720    -0.12613   0.00007   0.00001
    31     23    713    -0.12614   0.00006   0.00001
    32     23    736    -0.12613   0.00009   0.00001
    33     22    726    -0.12613   0.00006   0.00001
    34     21    714    -0.12614   0.00008   0.00001
    35     21    735    -0.12613   0.00006   0.00001
    36     20    720    -0.12613   0.00008   0.00001
    37     20    740    -0.12612   0.00008   0.00001
Fit (variance): plateau_var = 5.78947e-09 ± 2.54063e-10
Fit (error):    plateau = 0.00008 ± 0.00000
     autocorrelation length ~ 2.5 blocks
     plateau reached at block size ~ 11
Final AFQMC/HF Guiding Energy:      -1833.3295 +/- 0.0017
Final AFQMC/pt2CCSD Orbital Energy: -0.12613 +/- 0.00008
<t1> = weightp/weight = 1.01320
Total run time: 734.79

AFQMC Sampling Finished

LNO-Integral time (s):    73.26
LNO-AFQMC time (s):       826.59


======================== LNO-FRAGMENT [C41] 30/(48,48) =========================
Fragment Num.  30
Fragment Idx.  30
Fragment Name  C41
LNO THRESHOLD  [0.00030000000000000003, 3e-05]
PySCF Threads  12
LNO-LAS: 32/156 Occ | 123/636 Vir | 155/792 MOs
LNO-MP2 Fragment Energy:  -0.12095543
LNO-CCSD Fragment Energy: -0.12047348
LNO-CPU time (s):         132.97 (LAS 24.02 | MP2 36.85 | CCSD 72.10)
LNO-CPU wait time (s):    0.00 (100.0% hidden)
Find Density Fit Teonsers in MF object
Integrals will be built by DF Tensors
Calculating Effective Active Space One-electron Integrals
*** Correlation Space Size ***
N Occupied Orbitals: 32
N Active Orbitals:   155
Build effective h0 and h1 time: 69.658124 s
Composing CDERIs from DF
Build CDERI in cLAS time: 9.295073 s
Raw CDERI in LAS shape: (3912, 12090)
Compress CDERI 2 Chol: 1e-05
Compress CDERI time: 3.573050 s
Finished calculating Integrals
LAS Cholesky shape: (1303, 155, 155)
AFQMC script: /u/yzhang65/myprojects/software/afqmc/afqmc/lno_afqmc/script/run_lno_afqmc_pt2ccsd.py

LNO-AFQMC Started
Hostname:     gpue04.delta.ncsa.illinois.edu
System:       Linux
Node:         gpue04.delta.ncsa.illinois.edu
Release:      5.14.0-570.131.1.el9_6.x86_64
Machine:      x86_64
Processor:    x86_64
JAX backend:  GPU
JAX devices:  [CudaDevice(id=0)]
Device kind:  NVIDIA H200
Platform:     gpu

QMC Parameters
eql_time        -         30
n_prop_steps    -         50
n_blocks        -        840
n_walkers       -        300
max_memory      -     200000
mix_precision   -       True
seed            -       3944
walker_type     -        rhf
trial           -    pt2ccsd
max_error       -    7.2e-05
dt              -      0.005
n_exp_terms     -          6
n_batch         -          1
nchol_chunk     -        100
free_projection -      False

QMC System
Number of Occ. Orbitals:      32
Number of Act. Orbitals:      155
Number of Chol. Vectors:      1303
Mean-Field Energy:            -1832.00523770
Maximum memory per walker:            666.67 MB
Maximum number of Cholesky per chunk: 1818
Number of Cholesky chunks:            1
Number of Cholesky per chunk:         1303
Number of padding Cholesky:           0
Trial:   pt2ccsd(norb=155, nelec=(32, 32), n_batch=1, nchol_chunk=1303, mix_precision=True)
Sampler: sampler_pt2(n_prop_steps=50, n_blocks=840, n_chol=1303, frozen_vir=0)

Initalize QMC walkers by HF

Equilibration
Initial Orbital energy: -0.12047
inv_T  nodes      weight      energy     error   runTime
 0.00      0   300.00000  -1832.00411   0.00000     32.54
 3.00      0   307.08402  -1833.28794   0.02191     39.95
 6.00      0   300.97480  -1833.33045   0.02477     42.47
 9.00      0   299.03628  -1833.35309   0.02444     45.00
12.00      0   297.58885  -1833.31917   0.02237     47.52
15.00      0   299.43504  -1833.40672   0.02642     50.04
18.00      0   298.65863  -1833.38506   0.02653     52.57
21.00      0   299.04267  -1833.34144   0.02629     55.09
24.00      0   297.01812  -1833.32495   0.02476     57.60
27.00      0   297.75519  -1833.32207   0.01971     60.12
30.00      0   298.41764  -1833.34049   0.02373     62.65

Sampling Blocks
Target Final Error ~ 0.000072
   N  nodes      weight      E(Guide)     Error     weightp    E_frag     Error      Time
  20      0   299.07822   -1833.36168   0.00598   302.51093  -0.12660   0.00020     90.03
  40      0   297.72901   -1833.36425   0.00368   302.64274  -0.12662   0.00016    111.93
  60      0   299.20127   -1833.36404   0.00286   302.69674  -0.12681   0.00015    133.43
  80      0   298.29926   -1833.36354   0.00256   302.71095  -0.12688   0.00014    154.86
 100      0   298.47334   -1833.35851   0.00261   302.72828  -0.12683   0.00013    176.39
 120      0   297.69438   -1833.35466   0.00246   302.70423  -0.12674   0.00011    197.84
 140      0   298.79836   -1833.35565   0.00227   302.68708  -0.12673   0.00011    219.27
 160      0   298.67300   -1833.35510   0.00212   302.66943  -0.12668   0.00010    240.73
 180      0   299.48066   -1833.35376   0.00200   302.65776  -0.12667   0.00009    262.17
 200      0   298.42446   -1833.35276   0.00186   302.64090  -0.12666   0.00009    283.61
 220      0   298.15827   -1833.35056   0.00179   302.63346  -0.12663   0.00009    305.04
 240      0   298.56772   -1833.35198   0.00172   302.63225  -0.12660   0.00008    326.46
 260      0   297.30905   -1833.35045   0.00165   302.64871  -0.12663   0.00008    347.93
 280      0   298.17425   -1833.35271   0.00171   302.66664  -0.12669   0.00008    369.37
 300      0   297.52263   -1833.35499   0.00172   302.68341  -0.12684   0.00009    390.82
 320      0   298.70303   -1833.35498   0.00169   302.68719  -0.12689   0.00008    412.28
 340      0   298.36191   -1833.35453   0.00161   302.66911  -0.12686   0.00008    433.73
 360      0   298.96668   -1833.35444   0.00154   302.67668  -0.12686   0.00008    455.16
 380      0   298.71708   -1833.35498   0.00149   302.68225  -0.12683   0.00007    476.59
 400      0   297.95635   -1833.35438   0.00144   302.68074  -0.12681   0.00007    498.03
 420      0   298.37227   -1833.35506   0.00142   302.69503  -0.12680   0.00007    519.48
 440      0   298.77140   -1833.35429   0.00137   302.69198  -0.12681   0.00007    540.98
 460      0   297.90513   -1833.35420   0.00134   302.70171  -0.12685   0.00007    562.87
 480      0   298.38421   -1833.35385   0.00129   302.69599  -0.12682   0.00007    584.30
 500      0   298.37315   -1833.35350   0.00126   302.67920  -0.12682   0.00006    605.76
 520      0   297.47522   -1833.35431   0.00125   302.66562  -0.12685   0.00006    627.67
 540      0   297.71658   -1833.35461   0.00122   302.66437  -0.12682   0.00006    653.70
 560      0   298.66659   -1833.35374   0.00121   302.66451  -0.12683   0.00006    675.16
 580      0   296.84408   -1833.35401   0.00119   302.67688  -0.12683   0.00006    696.62
 600      0   297.83766   -1833.35427   0.00116   302.69454  -0.12682   0.00006    718.05
 620      0   298.12402   -1833.35408   0.00114   302.69127  -0.12683   0.00006    739.52
 640      0   299.02068   -1833.35497   0.00113   302.68728  -0.12686   0.00006    760.98
 660      0   298.10891   -1833.35499   0.00110   302.68698  -0.12686   0.00005    782.54
 680      0   298.45212   -1833.35442   0.00109   302.68939  -0.12686   0.00005    804.03

Post Propagation
Total number of samples 680
Remove Outliers
Remove samples outside Zeta > 30
Outlier bound [-0.16064, -0.09255]
Removed 0 Outliers
Outliers Energy []
nsample = 680, max_block_size = 34, min_nblocks = 20
   B    NB    NS  Observable     Error    dError
   1   680   680  -1833.35440   0.00109   0.00003
   2   340   680  -1833.35440   0.00138   0.00005
   3   226   678  -1833.35448   0.00158   0.00007
   4   170   680  -1833.35441   0.00171   0.00009
   5   136   680  -1833.35441   0.00182   0.00011
   6   113   678  -1833.35448   0.00197   0.00013
   7    97   679  -1833.35442   0.00190   0.00014
   8    85   680  -1833.35441   0.00209   0.00016
   9    75   675  -1833.35446   0.00211   0.00017
  10    68   680  -1833.35441   0.00221   0.00019
  11    61   671  -1833.35451   0.00225   0.00021
  12    56   672  -1833.35450   0.00231   0.00022
  13    52   676  -1833.35446   0.00236   0.00023
  14    48   672  -1833.35450   0.00230   0.00024
  15    45   675  -1833.35446   0.00239   0.00025
  16    42   672  -1833.35450   0.00248   0.00027
  17    40   680  -1833.35442   0.00245   0.00028
  18    37   666  -1833.35482   0.00252   0.00030
  19    35   665  -1833.35484   0.00233   0.00028
  20    34   680  -1833.35442   0.00262   0.00032
  21    32   672  -1833.35450   0.00217   0.00028
  22    30   660  -1833.35499   0.00257   0.00034
  23    29   667  -1833.35474   0.00231   0.00031
  24    28   672  -1833.35450   0.00270   0.00037
  25    27   675  -1833.35446   0.00251   0.00035
  26    26   676  -1833.35446   0.00242   0.00034
  27    25   675  -1833.35446   0.00278   0.00040
  28    24   672  -1833.35450   0.00240   0.00035
  29    23   667  -1833.35474   0.00245   0.00037
  30    22   660  -1833.35499   0.00263   0.00041
  31    21   651  -1833.35506   0.00232   0.00037
  32    21   672  -1833.35450   0.00249   0.00039
  33    20   660  -1833.35499   0.00285   0.00046
  34    20   680  -1833.35442   0.00233   0.00038
Fit (variance): plateau_var = 6.232e-06 ± 4.614e-07
Fit (error):    plateau = 0.00250 ± 0.00009
     autocorrelation length ~ 7.0 blocks
     plateau reached at block size ~ 32
nsample = 680, max_block_size = 34, min_nblocks = 20
Blk_SZ   NBlk   NSmp      Energy     Error    dError
     1    680    680    -0.12682   0.00005   0.00000
     2    340    680    -0.12682   0.00006   0.00000
     3    226    678    -0.12682   0.00007   0.00000
     4    170    680    -0.12683   0.00008   0.00000
     5    136    680    -0.12683   0.00008   0.00000
     6    113    678    -0.12683   0.00008   0.00001
     7     97    679    -0.12683   0.00008   0.00001
     8     85    680    -0.12683   0.00009   0.00001
     9     75    675    -0.12683   0.00009   0.00001
    10     68    680    -0.12684   0.00008   0.00001
    11     61    671    -0.12684   0.00009   0.00001
    12     56    672    -0.12684   0.00009   0.00001
    13     52    676    -0.12683   0.00009   0.00001
    14     48    672    -0.12684   0.00009   0.00001
    15     45    675    -0.12684   0.00010   0.00001
    16     42    672    -0.12684   0.00009   0.00001
    17     40    680    -0.12684   0.00009   0.00001
    18     37    666    -0.12684   0.00009   0.00001
    19     35    665    -0.12685   0.00010   0.00001
    20     34    680    -0.12684   0.00010   0.00001
    21     32    672    -0.12684   0.00009   0.00001
    22     30    660    -0.12685   0.00010   0.00001
    23     29    667    -0.12684   0.00011   0.00001
    24     28    672    -0.12684   0.00009   0.00001
    25     27    675    -0.12684   0.00010   0.00001
    26     26    676    -0.12684   0.00009   0.00001
    27     25    675    -0.12684   0.00011   0.00002
    28     24    672    -0.12685   0.00010   0.00001
    29     23    667    -0.12685   0.00010   0.00002
    30     22    660    -0.12685   0.00010   0.00002
    31     21    651    -0.12685   0.00010   0.00002
    32     21    672    -0.12685   0.00010   0.00002
    33     20    660    -0.12685   0.00011   0.00002
    34     20    680    -0.12685   0.00009   0.00002
Fit (variance): plateau_var = 9.24433e-09 ± 6.43667e-10
Fit (error):    plateau = 0.00010 ± 0.00000
     autocorrelation length ~ 5.9 blocks
     plateau reached at block size ~ 26
Final AFQMC/HF Guiding Energy:      -1833.3544 +/- 0.0025
Final AFQMC/pt2CCSD Orbital Energy: -0.12686 +/- 0.00010
<t1> = weightp/weight = 1.01412
Total run time: 806.19

AFQMC Sampling Finished

LNO-Integral time (s):    90.36
LNO-AFQMC time (s):       900.22


======================== LNO-FRAGMENT [C42] 31/(48,48) =========================
Fragment Num.  31
Fragment Idx.  31
Fragment Name  C42
LNO THRESHOLD  [0.00030000000000000003, 3e-05]
PySCF Threads  12
LNO-LAS: 27/156 Occ | 119/636 Vir | 146/792 MOs
LNO-MP2 Fragment Energy:  -0.11744299
LNO-CCSD Fragment Energy: -0.11791908
LNO-CPU time (s):         106.55 (LAS 25.61 | MP2 31.39 | CCSD 49.55)
LNO-CPU wait time (s):    0.00 (100.0% hidden)
Find Density Fit Teonsers in MF object
Integrals will be built by DF Tensors
Calculating Effective Active Space One-electron Integrals
*** Correlation Space Size ***
N Occupied Orbitals: 27
N Active Orbitals:   146
Build effective h0 and h1 time: 56.043033 s
Composing CDERIs from DF
Build CDERI in cLAS time: 9.723853 s
Raw CDERI in LAS shape: (3912, 10731)
Compress CDERI 2 Chol: 1e-05
Compress CDERI time: 3.613096 s
Finished calculating Integrals
LAS Cholesky shape: (1165, 146, 146)
AFQMC script: /u/yzhang65/myprojects/software/afqmc/afqmc/lno_afqmc/script/run_lno_afqmc_pt2ccsd.py

LNO-AFQMC Started
Hostname:     gpue04.delta.ncsa.illinois.edu
System:       Linux
Node:         gpue04.delta.ncsa.illinois.edu
Release:      5.14.0-570.131.1.el9_6.x86_64
Machine:      x86_64
Processor:    x86_64
JAX backend:  GPU
JAX devices:  [CudaDevice(id=0)]
Device kind:  NVIDIA H200
Platform:     gpu

QMC Parameters
eql_time        -         30
n_prop_steps    -         50
n_blocks        -        840
n_walkers       -        300
max_memory      -     200000
mix_precision   -       True
seed            -       1045
walker_type     -        rhf
trial           -    pt2ccsd
max_error       -    7.2e-05
dt              -      0.005
n_exp_terms     -          6
n_batch         -          1
nchol_chunk     -        100
free_projection -      False

QMC System
Number of Occ. Orbitals:      27
Number of Act. Orbitals:      146
Number of Chol. Vectors:      1165
Mean-Field Energy:            -1832.00523770
Maximum memory per walker:            666.67 MB
Maximum number of Cholesky per chunk: 2049
Number of Cholesky chunks:            1
Number of Cholesky per chunk:         1165
Number of padding Cholesky:           0
Trial:   pt2ccsd(norb=146, nelec=(27, 27), n_batch=1, nchol_chunk=1165, mix_precision=True)
Sampler: sampler_pt2(n_prop_steps=50, n_blocks=840, n_chol=1165, frozen_vir=0)

Initalize QMC walkers by HF

Equilibration
Initial Orbital energy: -0.11792
inv_T  nodes      weight      energy     error   runTime
 0.00      0   300.00000  -1832.00433   0.00000     39.36
 3.00      0   305.83394  -1833.16263   0.02251     47.44
 6.00      0   301.04400  -1833.19802   0.02332     49.44
 9.00      0   299.15938  -1833.16208   0.02191     51.43
12.00      0   298.99446  -1833.18933   0.02931     53.72
15.00      0   299.37788  -1833.24399   0.02826     55.71
18.00      0   297.89928  -1833.15167   0.02204     57.73
21.00      0   299.03655  -1833.24904   0.02501     59.72
24.00      0   300.04241  -1833.22581   0.02594     61.70
27.00      0   297.70149  -1833.19874   0.02395     63.69
30.00      0   298.45869  -1833.16965   0.01994     65.67

Sampling Blocks
Target Final Error ~ 0.000072
   N  nodes      weight      E(Guide)     Error     weightp    E_frag     Error      Time
  20      0   298.10683   -1833.18368   0.00848   303.47397  -0.12429   0.00016     87.26
  40      0   299.22439   -1833.19512   0.00527   303.61592  -0.12451   0.00019    102.01
  60      0   298.40965   -1833.19927   0.00407   303.40404  -0.12449   0.00015    116.23
  80      0   298.79345   -1833.19986   0.00338   303.35022  -0.12447   0.00013    130.47
 100      0   298.07572   -1833.19857   0.00293   303.39758  -0.12441   0.00011    144.70
 120      0   298.54775   -1833.19662   0.00253   303.37705  -0.12443   0.00010    158.94
 140      0   298.35631   -1833.19556   0.00228   303.40429  -0.12444   0.00009    173.16
 160      0   298.35590   -1833.19595   0.00215   303.39178  -0.12443   0.00009    187.37
 180      0   299.78376   -1833.19757   0.00208   303.37340  -0.12445   0.00009    201.60
 200      0   298.52601   -1833.19625   0.00198   303.36595  -0.12438   0.00008    215.81
 220      0   299.07687   -1833.19662   0.00194   303.36795  -0.12435   0.00008    230.03
 240      0   298.46798   -1833.19738   0.00188   303.33746  -0.12438   0.00008    244.25
 260      0   299.60212   -1833.19742   0.00179   303.31493  -0.12440   0.00008    258.49
 280      0   298.76481   -1833.19816   0.00171   303.32068  -0.12440   0.00007    272.70
 300      0   298.31542   -1833.19808   0.00163   303.32614  -0.12444   0.00008    286.93
 320      0   297.67855   -1833.19832   0.00160   303.31148  -0.12443   0.00007    301.14
 340      0   297.75592   -1833.19835   0.00154   303.32512  -0.12447   0.00007    315.38
 360      0   297.39763   -1833.19766   0.00150   303.32584  -0.12447   0.00007    329.59
 380      0   299.44940   -1833.19781   0.00144   303.30359  -0.12444   0.00007    343.85
 400      0   298.88411   -1833.19824   0.00142   303.28145  -0.12444   0.00007    358.07
 420      0   298.24471   -1833.19738   0.00138   303.25970  -0.12441   0.00006    372.31
 440      0   298.83517   -1833.19706   0.00133   303.23696  -0.12437   0.00006    386.53
 460      0   298.33893   -1833.19727   0.00129   303.21315  -0.12437   0.00006    400.76
 480      0   297.90463   -1833.19674   0.00125   303.19888  -0.12436   0.00006    414.99
 500      0   298.36012   -1833.19590   0.00123   303.19785  -0.12433   0.00006    429.22
 520      0   298.95731   -1833.19576   0.00121   303.18890  -0.12433   0.00006    443.46
 540      0   298.19156   -1833.19563   0.00118   303.18792  -0.12434   0.00006    457.71
 560      0   299.45124   -1833.19454   0.00117   303.19087  -0.12431   0.00005    471.94
 580      0   298.81171   -1833.19509   0.00116   303.18763  -0.12432   0.00005    486.16

Post Propagation
Total number of samples 580
Remove Outliers
Remove samples outside Zeta > 30
Outlier bound [-0.15782, -0.09043]
Removed 0 Outliers
Outliers Energy []
nsample = 580, max_block_size = 29, min_nblocks = 20
   B    NB    NS  Observable     Error    dError
   1   580   580  -1833.19506   0.00116   0.00003
   2   290   580  -1833.19507   0.00144   0.00006
   3   193   579  -1833.19501   0.00160   0.00008
   4   145   580  -1833.19508   0.00172   0.00010
   5   116   580  -1833.19508   0.00187   0.00012
   6    96   576  -1833.19470   0.00189   0.00014
   7    82   574  -1833.19461   0.00188   0.00015
   8    72   576  -1833.19470   0.00190   0.00016
   9    64   576  -1833.19470   0.00191   0.00017
  10    58   580  -1833.19508   0.00205   0.00019
  11    52   572  -1833.19462   0.00205   0.00020
  12    48   576  -1833.19470   0.00193   0.00020
  13    44   572  -1833.19462   0.00212   0.00023
  14    41   574  -1833.19461   0.00207   0.00023
  15    38   570  -1833.19458   0.00200   0.00023
  16    36   576  -1833.19470   0.00208   0.00025
  17    34   578  -1833.19491   0.00195   0.00024
  18    32   576  -1833.19470   0.00186   0.00024
  19    30   570  -1833.19458   0.00232   0.00030
  20    29   580  -1833.19509   0.00207   0.00028
  21    27   567  -1833.19465   0.00238   0.00033
  22    26   572  -1833.19462   0.00213   0.00030
  23    25   575  -1833.19465   0.00219   0.00032
  24    24   576  -1833.19470   0.00194   0.00029
  25    23   575  -1833.19465   0.00208   0.00031
  26    22   572  -1833.19462   0.00223   0.00034
  27    21   567  -1833.19465   0.00206   0.00033
  28    20   560  -1833.19454   0.00238   0.00039
  29    20   580  -1833.19509   0.00189   0.00031
Fit (variance): plateau_var = 4.205e-06 ± 2.570e-07
Fit (error):    plateau = 0.00205 ± 0.00006
     autocorrelation length ~ 3.5 blocks
     plateau reached at block size ~ 16
nsample = 580, max_block_size = 29, min_nblocks = 20
Blk_SZ   NBlk   NSmp      Energy     Error    dError
     1    580    580    -0.12429   0.00005   0.00000
     2    290    580    -0.12429   0.00006   0.00000
     3    193    579    -0.12430   0.00007   0.00000
     4    145    580    -0.12430   0.00007   0.00000
     5    116    580    -0.12430   0.00007   0.00000
     6     96    576    -0.12430   0.00008   0.00001
     7     82    574    -0.12430   0.00007   0.00001
     8     72    576    -0.12430   0.00008   0.00001
     9     64    576    -0.12431   0.00008   0.00001
    10     58    580    -0.12431   0.00007   0.00001
    11     52    572    -0.12431   0.00008   0.00001
    12     48    576    -0.12431   0.00008   0.00001
    13     44    572    -0.12431   0.00008   0.00001
    14     41    574    -0.12431   0.00008   0.00001
    15     38    570    -0.12431   0.00008   0.00001
    16     36    576    -0.12431   0.00008   0.00001
    17     34    578    -0.12431   0.00007   0.00001
    18     32    576    -0.12431   0.00008   0.00001
    19     30    570    -0.12431   0.00009   0.00001
    20     29    580    -0.12431   0.00008   0.00001
    21     27    567    -0.12430   0.00009   0.00001
    22     26    572    -0.12431   0.00008   0.00001
    23     25    575    -0.12431   0.00008   0.00001
    24     24    576    -0.12431   0.00008   0.00001
    25     23    575    -0.12431   0.00008   0.00001
    26     22    572    -0.12431   0.00008   0.00001
    27     21    567    -0.12430   0.00008   0.00001
    28     20    560    -0.12430   0.00010   0.00002
    29     20    580    -0.12432   0.00007   0.00001
Fit (variance): plateau_var = 6.07155e-09 ± 3.37854e-10
Fit (error):    plateau = 0.00008 ± 0.00000
     autocorrelation length ~ 2.6 blocks
     plateau reached at block size ~ 12
Final AFQMC/HF Guiding Energy:      -1833.1951 +/- 0.0021
Final AFQMC/pt2CCSD Orbital Energy: -0.12432 +/- 0.00008
<t1> = weightp/weight = 1.01562
Total run time: 486.17

AFQMC Sampling Finished

LNO-Integral time (s):    75.08
LNO-AFQMC time (s):       567.86


======================= LNO-FRAGMENT [C43H60] 32/(48,48) =======================
Fragment Num.  32
Fragment Idx.  32
Fragment Name  C43H60
LNO THRESHOLD  [0.00030000000000000003, 3e-05]
PySCF Threads  12
LNO-LAS: 24/156 Occ | 104/636 Vir | 128/792 MOs
LNO-MP2 Fragment Energy:  -0.13255419
LNO-CCSD Fragment Energy: -0.13826246
LNO-CPU time (s):         104.17 (LAS 24.51 | MP2 47.06 | CCSD 32.60)
LNO-CPU wait time (s):    0.00 (100.0% hidden)
Find Density Fit Teonsers in MF object
Integrals will be built by DF Tensors
Calculating Effective Active Space One-electron Integrals
*** Correlation Space Size ***
N Occupied Orbitals: 24
N Active Orbitals:   128
Build effective h0 and h1 time: 33.861658 s
Composing CDERIs from DF
Build CDERI in cLAS time: 9.138789 s
Raw CDERI in LAS shape: (3912, 8256)
Compress CDERI 2 Chol: 1e-05
Compress CDERI time: 1.421766 s
Finished calculating Integrals
LAS Cholesky shape: (1060, 128, 128)
AFQMC script: /u/yzhang65/myprojects/software/afqmc/afqmc/lno_afqmc/script/run_lno_afqmc_pt2ccsd.py

LNO-AFQMC Started
Hostname:     gpue04.delta.ncsa.illinois.edu
System:       Linux
Node:         gpue04.delta.ncsa.illinois.edu
Release:      5.14.0-570.131.1.el9_6.x86_64
Machine:      x86_64
Processor:    x86_64
JAX backend:  GPU
JAX devices:  [CudaDevice(id=0)]
Device kind:  NVIDIA H200
Platform:     gpu

QMC Parameters
eql_time        -         30
n_prop_steps    -         50
n_blocks        -        840
n_walkers       -        300
max_memory      -     200000
mix_precision   -       True
seed            -       3914
walker_type     -        rhf
trial           -    pt2ccsd
max_error       -    7.2e-05
dt              -      0.005
n_exp_terms     -          6
n_batch         -          1
nchol_chunk     -        100
free_projection -      False

QMC System
Number of Occ. Orbitals:      24
Number of Act. Orbitals:      128
Number of Chol. Vectors:      1060
Mean-Field Energy:            -1832.00523770
Maximum memory per walker:            666.67 MB
Maximum number of Cholesky per chunk: 2666
Number of Cholesky chunks:            1
Number of Cholesky per chunk:         1060
Number of padding Cholesky:           0
Trial:   pt2ccsd(norb=128, nelec=(24, 24), n_batch=1, nchol_chunk=1060, mix_precision=True)
Sampler: sampler_pt2(n_prop_steps=50, n_blocks=840, n_chol=1060, frozen_vir=0)

Initalize QMC walkers by HF

Equilibration
Initial Orbital energy: -0.13826
inv_T  nodes      weight      energy     error   runTime
 0.00      0   300.00000  -1832.00440   0.00000     34.55
 3.00      0   304.75162  -1832.97107   0.01924     39.92
 6.00      0   301.83170  -1833.06306   0.02834     41.34
 9.00      0   299.36689  -1833.03842   0.02594     42.76
12.00      0   299.16926  -1833.05101   0.02199     44.18
15.00      0   298.61476  -1833.00219   0.02117     45.61
18.00      0   298.15249  -1833.01567   0.02127     47.03
21.00      0   298.65667  -1833.02755   0.02034     48.45
24.00      0   298.55329  -1833.01060   0.02461     49.87
27.00      0   298.82545  -1833.04824   0.02440     51.29
30.00      0   298.80822  -1833.03603   0.02365     52.71

Sampling Blocks
Target Final Error ~ 0.000072
   N  nodes      weight      E(Guide)     Error     weightp    E_frag     Error      Time
  20      0   298.73603   -1833.00829   0.00426   303.36895  -0.14429   0.00033     66.18
  40      0   297.99895   -1833.01032   0.00489   303.26235  -0.14457   0.00035     74.78
  60      0   298.15600   -1833.01234   0.00353   303.25590  -0.14494   0.00029     83.04
  80      0   298.86505   -1833.01189   0.00295   303.31927  -0.14496   0.00025     91.29
 100      0   298.12855   -1833.01147   0.00266   303.22882  -0.14476   0.00021     99.55
 120      0   298.77994   -1833.00823   0.00239   303.16718  -0.14475   0.00018    107.82
 140      0   298.77820   -1833.00924   0.00219   303.17925  -0.14475   0.00016    116.10
 160      0   298.76886   -1833.01048   0.00200   303.18482  -0.14488   0.00015    124.38
 180      0   298.36706   -1833.00993   0.00192   303.15621  -0.14476   0.00014    132.65
 200      0   299.07328   -1833.01039   0.00177   303.20298  -0.14474   0.00013    140.91
 220      0   298.62491   -1833.01059   0.00164   303.21587  -0.14477   0.00012    149.17
 240      0   298.36969   -1833.01013   0.00156   303.21185  -0.14475   0.00011    157.44
 260      0   298.83681   -1833.00828   0.00153   303.16099  -0.14472   0.00011    165.71
 280      0   298.42879   -1833.00798   0.00146   303.18046  -0.14472   0.00010    173.98
 300      0   299.14991   -1833.00778   0.00139   303.18224  -0.14473   0.00010    182.24
 320      0   298.88573   -1833.00682   0.00134   303.20498  -0.14472   0.00009    190.48
 340      0   298.26559   -1833.00630   0.00128   303.20540  -0.14468   0.00009    198.75
 360      0   298.41122   -1833.00603   0.00123   303.22516  -0.14469   0.00009    207.01
 380      0   299.32113   -1833.00589   0.00119   303.23410  -0.14470   0.00008    215.27
 400      0   298.69523   -1833.00521   0.00116   303.23863  -0.14465   0.00008    223.52
 420      0   299.35660   -1833.00442   0.00116   303.21482  -0.14465   0.00008    231.78
 440      0   299.15538   -1833.00576   0.00128   303.18317  -0.14470   0.00008    240.03
 460      0   298.79533   -1833.00556   0.00124   303.15026  -0.14470   0.00008    248.30
 480      0   298.71291   -1833.00533   0.00121   303.12906  -0.14467   0.00008    256.56
 500      0   298.85480   -1833.00543   0.00117   303.11201  -0.14465   0.00007    264.82
 520      0   299.75356   -1833.00584   0.00115   303.10421  -0.14466   0.00007    273.09
 540      0   298.36887   -1833.00554   0.00112   303.08787  -0.14468   0.00007    281.34
 560      0   298.96749   -1833.00557   0.00109   303.10036  -0.14466   0.00007    289.60
 580      0   299.11291   -1833.00583   0.00107   303.10564  -0.14469   0.00007    297.85
 600      0   298.91404   -1833.00599   0.00104   303.10164  -0.14470   0.00007    306.10
 620      0   298.00609   -1833.00520   0.00103   303.09670  -0.14467   0.00007    314.36
 640      0   299.31218   -1833.00490   0.00100   303.10727  -0.14466   0.00006    322.62
 660      0   298.99016   -1833.00482   0.00098   303.10528  -0.14465   0.00006    330.89
 680      0   298.71611   -1833.00482   0.00097   303.10117  -0.14465   0.00006    339.15
 700      0   298.28413   -1833.00433   0.00096   303.09993  -0.14467   0.00006    347.40
 720      0   297.92551   -1833.00398   0.00094   303.11946  -0.14466   0.00006    355.67
 740      0   298.50962   -1833.00416   0.00092   303.13041  -0.14465   0.00006    363.93
 760      0   299.45601   -1833.00422   0.00091   303.13020  -0.14467   0.00006    372.18
 780      0   299.39283   -1833.00469   0.00090   303.13360  -0.14467   0.00006    380.44
 800      0   298.36521   -1833.00495   0.00088   303.11809  -0.14468   0.00006    388.71
 820      0   298.05210   -1833.00513   0.00087   303.11749  -0.14468   0.00006    396.95
 840      0   298.50527   -1833.00483   0.00086   303.12965  -0.14466   0.00005    405.21

Post Propagation
Total number of samples 840
Remove Outliers
Remove samples outside Zeta > 30
Outlier bound [-0.18527, -0.10347]
Removed 0 Outliers
Outliers Energy []
nsample = 840, max_block_size = 42, min_nblocks = 20
   B    NB    NS  Observable     Error    dError
   1   840   840  -1833.00481   0.00086   0.00002
   2   420   840  -1833.00481   0.00107   0.00004
   3   280   840  -1833.00481   0.00120   0.00005
   4   210   840  -1833.00482   0.00131   0.00006
   5   168   840  -1833.00482   0.00137   0.00007
   6   140   840  -1833.00482   0.00140   0.00008
   7   120   840  -1833.00482   0.00146   0.00009
   8   105   840  -1833.00482   0.00147   0.00010
   9    93   837  -1833.00492   0.00152   0.00011
  10    84   840  -1833.00482   0.00158   0.00012
  11    76   836  -1833.00492   0.00155   0.00013
  12    70   840  -1833.00482   0.00156   0.00013
  13    64   832  -1833.00499   0.00146   0.00013
  14    60   840  -1833.00482   0.00163   0.00015
  15    56   840  -1833.00482   0.00169   0.00016
  16    52   832  -1833.00499   0.00157   0.00016
  17    49   833  -1833.00497   0.00158   0.00016
  18    46   828  -1833.00509   0.00162   0.00017
  19    44   836  -1833.00492   0.00175   0.00019
  20    42   840  -1833.00483   0.00167   0.00018
  21    40   840  -1833.00483   0.00181   0.00020
  22    38   836  -1833.00492   0.00173   0.00020
  23    36   828  -1833.00509   0.00181   0.00022
  24    35   840  -1833.00483   0.00166   0.00020
  25    33   825  -1833.00511   0.00169   0.00021
  26    32   832  -1833.00499   0.00171   0.00022
  27    31   837  -1833.00493   0.00159   0.00021
  28    30   840  -1833.00483   0.00174   0.00023
  29    28   812  -1833.00518   0.00189   0.00026
  30    28   840  -1833.00483   0.00198   0.00027
  31    27   837  -1833.00493   0.00174   0.00024
  32    26   832  -1833.00499   0.00177   0.00025
  33    25   825  -1833.00511   0.00194   0.00028
  34    24   816  -1833.00520   0.00176   0.00026
  35    24   840  -1833.00483   0.00197   0.00029
  36    23   828  -1833.00509   0.00158   0.00024
  37    22   814  -1833.00518   0.00163   0.00025
  38    22   836  -1833.00492   0.00203   0.00031
  39    21   819  -1833.00517   0.00167   0.00026
  40    21   840  -1833.00483   0.00182   0.00029
  41    20   820  -1833.00513   0.00160   0.00026
  42    20   840  -1833.00483   0.00192   0.00031
Fit (variance): plateau_var = 2.878e-06 ± 1.503e-07
Fit (error):    plateau = 0.00170 ± 0.00004
     autocorrelation length ~ 5.5 blocks
     plateau reached at block size ~ 25
nsample = 840, max_block_size = 42, min_nblocks = 20
Blk_SZ   NBlk   NSmp      Energy     Error    dError
     1    840    840    -0.14462   0.00005   0.00000
     2    420    840    -0.14463   0.00006   0.00000
     3    280    840    -0.14463   0.00007   0.00000
     4    210    840    -0.14463   0.00007   0.00000
     5    168    840    -0.14464   0.00007   0.00000
     6    140    840    -0.14464   0.00007   0.00000
     7    120    840    -0.14464   0.00008   0.00000
     8    105    840    -0.14464   0.00008   0.00001
     9     93    837    -0.14465   0.00008   0.00001
    10     84    840    -0.14464   0.00008   0.00001
    11     76    836    -0.14465   0.00008   0.00001
    12     70    840    -0.14465   0.00008   0.00001
    13     64    832    -0.14465   0.00009   0.00001
    14     60    840    -0.14465   0.00009   0.00001
    15     56    840    -0.14465   0.00008   0.00001
    16     52    832    -0.14465   0.00009   0.00001
    17     49    833    -0.14465   0.00008   0.00001
    18     46    828    -0.14466   0.00008   0.00001
    19     44    836    -0.14466   0.00008   0.00001
    20     42    840    -0.14465   0.00008   0.00001
    21     40    840    -0.14465   0.00009   0.00001
    22     38    836    -0.14466   0.00008   0.00001
    23     36    828    -0.14466   0.00009   0.00001
    24     35    840    -0.14465   0.00009   0.00001
    25     33    825    -0.14466   0.00007   0.00001
    26     32    832    -0.14466   0.00007   0.00001
    27     31    837    -0.14466   0.00008   0.00001
    28     30    840    -0.14465   0.00008   0.00001
    29     28    812    -0.14467   0.00008   0.00001
    30     28    840    -0.14465   0.00007   0.00001
    31     27    837    -0.14466   0.00008   0.00001
    32     26    832    -0.14466   0.00008   0.00001
    33     25    825    -0.14466   0.00009   0.00001
    34     24    816    -0.14467   0.00007   0.00001
    35     24    840    -0.14465   0.00009   0.00001
    36     23    828    -0.14466   0.00007   0.00001
    37     22    814    -0.14468   0.00008   0.00001
    38     22    836    -0.14466   0.00009   0.00001
    39     21    819    -0.14467   0.00008   0.00001
    40     21    840    -0.14465   0.00008   0.00001
    41     20    820    -0.14467   0.00009   0.00001
    42     20    840    -0.14465   0.00009   0.00002
Fit (variance): plateau_var = 6.61039e-09 ± 2.97235e-10
Fit (error):    plateau = 0.00008 ± 0.00000
     autocorrelation length ~ 3.9 blocks
     plateau reached at block size ~ 17
Final AFQMC/HF Guiding Energy:      -1833.0048 +/- 0.0017
Final AFQMC/pt2CCSD Orbital Energy: -0.14466 +/- 0.00008
<t1> = weightp/weight = 1.01498
Total run time: 405.22

AFQMC Sampling Finished

LNO-Integral time (s):    49.56
LNO-AFQMC time (s):       418.99


======================= LNO-FRAGMENT [C44H61] 33/(48,48) =======================
Fragment Num.  33
Fragment Idx.  33
Fragment Name  C44H61
LNO THRESHOLD  [0.00030000000000000003, 3e-05]
PySCF Threads  12
LNO-LAS: 24/156 Occ | 104/636 Vir | 128/792 MOs
LNO-MP2 Fragment Energy:  -0.13192886
LNO-CCSD Fragment Energy: -0.13765903
LNO-CPU time (s):         89.89 (LAS 26.13 | MP2 31.65 | CCSD 32.11)
LNO-CPU wait time (s):    0.00 (100.0% hidden)
Find Density Fit Teonsers in MF object
Integrals will be built by DF Tensors
Calculating Effective Active Space One-electron Integrals
*** Correlation Space Size ***
N Occupied Orbitals: 24
N Active Orbitals:   128
Build effective h0 and h1 time: 8.108060 s
Composing CDERIs from DF
Build CDERI in cLAS time: 6.410648 s
Raw CDERI in LAS shape: (3912, 8256)
Compress CDERI 2 Chol: 1e-05
Compress CDERI time: 1.159340 s
Finished calculating Integrals
LAS Cholesky shape: (1055, 128, 128)
AFQMC script: /u/yzhang65/myprojects/software/afqmc/afqmc/lno_afqmc/script/run_lno_afqmc_pt2ccsd.py

LNO-AFQMC Started
Hostname:     gpue04.delta.ncsa.illinois.edu
System:       Linux
Node:         gpue04.delta.ncsa.illinois.edu
Release:      5.14.0-570.131.1.el9_6.x86_64
Machine:      x86_64
Processor:    x86_64
JAX backend:  GPU
JAX devices:  [CudaDevice(id=0)]
Device kind:  NVIDIA H200
Platform:     gpu

QMC Parameters
eql_time        -         30
n_prop_steps    -         50
n_blocks        -        840
n_walkers       -        300
max_memory      -     200000
mix_precision   -       True
seed            -       1426
walker_type     -        rhf
trial           -    pt2ccsd
max_error       -    7.2e-05
dt              -      0.005
n_exp_terms     -          6
n_batch         -          1
nchol_chunk     -        100
free_projection -      False

QMC System
Number of Occ. Orbitals:      24
Number of Act. Orbitals:      128
Number of Chol. Vectors:      1055
Mean-Field Energy:            -1832.00523770
Maximum memory per walker:            666.67 MB
Maximum number of Cholesky per chunk: 2666
Number of Cholesky chunks:            1
Number of Cholesky per chunk:         1055
Number of padding Cholesky:           0
Trial:   pt2ccsd(norb=128, nelec=(24, 24), n_batch=1, nchol_chunk=1055, mix_precision=True)
Sampler: sampler_pt2(n_prop_steps=50, n_blocks=840, n_chol=1055, frozen_vir=0)

Initalize QMC walkers by HF

Equilibration
Initial Orbital energy: -0.13766
inv_T  nodes      weight      energy     error   runTime
 0.00      0   300.00000  -1832.00445   0.00000     33.83
 3.00      0   305.44750  -1832.99238   0.01896     42.09
 6.00      0   299.97854  -1833.00008   0.02250     43.50
 9.00      0   298.70312  -1832.99401   0.01996     44.92
12.00      0   298.57208  -1833.00229   0.01851     46.34
15.00      0   299.09119  -1833.01265   0.02012     47.75
18.00      0   299.26746  -1833.02471   0.02357     49.16
21.00      0   298.57003  -1833.05516   0.02025     50.57
24.00      0   299.05186  -1833.04511   0.02274     51.98
27.00      0   297.90403  -1833.01458   0.02150     53.39
30.00      0   297.87430  -1832.98766   0.01934     54.80

Sampling Blocks
Target Final Error ~ 0.000072
   N  nodes      weight      E(Guide)     Error     weightp    E_frag     Error      Time
  20      0   299.19311   -1832.98280   0.00478   302.64928  -0.14339   0.00026     70.02
  40      0   298.98659   -1833.00042   0.00418   302.84796  -0.14433   0.00023     78.59
  60      0   298.79849   -1833.00577   0.00323   302.69305  -0.14440   0.00020     86.83
  80      0   298.44380   -1833.00540   0.00276   302.72690  -0.14409   0.00017     95.09
 100      0   298.06920   -1833.00704   0.00248   302.75942  -0.14425   0.00017    103.33
 120      0   298.06295   -1833.00736   0.00219   302.75241  -0.14408   0.00015    111.57
 140      0   298.15531   -1833.00605   0.00203   302.74635  -0.14407   0.00013    119.81
 160      0   298.79589   -1833.00654   0.00184   302.77881  -0.14406   0.00012    128.06
 180      0   298.60019   -1833.00719   0.00168   302.77224  -0.14408   0.00011    136.30
 200      0   298.30298   -1833.00994   0.00168   302.78144  -0.14418   0.00013    144.56
 220      0   298.71152   -1833.01058   0.00157   302.80263  -0.14408   0.00012    152.80
 240      0   297.69229   -1833.01057   0.00149   302.85557  -0.14410   0.00011    161.04
 260      0   299.19471   -1833.01084   0.00140   302.83295  -0.14411   0.00011    169.28
 280      0   299.90041   -1833.01241   0.00139   302.80210  -0.14413   0.00010    177.52
 300      0   298.76721   -1833.01224   0.00134   302.76895  -0.14409   0.00010    185.76
 320      0   297.96656   -1833.01131   0.00129   302.76924  -0.14406   0.00009    194.00
 340      0   298.14037   -1833.01111   0.00125   302.78654  -0.14407   0.00009    202.27
 360      0   298.49830   -1833.01159   0.00124   302.80205  -0.14406   0.00009    210.51
 380      0   297.85531   -1833.01171   0.00119   302.79257  -0.14407   0.00008    218.76
 400      0   298.53403   -1833.01239   0.00117   302.79714  -0.14408   0.00008    227.03
 420      0   298.96434   -1833.01265   0.00117   302.77993  -0.14408   0.00008    235.28
 440      0   299.13762   -1833.01225   0.00114   302.79281  -0.14407   0.00008    243.52
 460      0   298.64643   -1833.01264   0.00112   302.82844  -0.14409   0.00008    251.77
 480      0   298.20841   -1833.01224   0.00109   302.83938  -0.14411   0.00008    260.03
 500      0   299.42839   -1833.01173   0.00107   302.81830  -0.14407   0.00008    268.30
 520      0   299.62584   -1833.01165   0.00105   302.79844  -0.14408   0.00007    276.54
 540      0   297.91268   -1833.01179   0.00102   302.79679  -0.14405   0.00007    284.79
 560      0   298.58246   -1833.01167   0.00100   302.79190  -0.14405   0.00007    293.05
 580      0   298.22516   -1833.01161   0.00099   302.79796  -0.14405   0.00007    301.29
 600      0   298.50246   -1833.01117   0.00099   302.80839  -0.14404   0.00007    309.55
 620      0   299.19829   -1833.01146   0.00097   302.80337  -0.14403   0.00007    317.80
 640      0   298.39688   -1833.01154   0.00095   302.80577  -0.14401   0.00007    326.05
 660      0   298.63450   -1833.01094   0.00094   302.80147  -0.14400   0.00006    334.29
 680      0   298.69744   -1833.01126   0.00092   302.80217  -0.14398   0.00006    342.54
 700      0   298.55444   -1833.01128   0.00090   302.80145  -0.14398   0.00006    350.79
 720      0   298.86115   -1833.01121   0.00088   302.80351  -0.14398   0.00006    359.03
 740      0   299.42523   -1833.01126   0.00088   302.80867  -0.14399   0.00006    367.26
 760      0   299.60918   -1833.01106   0.00086   302.80839  -0.14399   0.00006    375.52
 780      0   298.61838   -1833.01118   0.00084   302.80833  -0.14398   0.00006    383.76
 800      0   297.95034   -1833.01116   0.00083   302.81352  -0.14398   0.00006    392.00
 820      0   298.32874   -1833.01092   0.00081   302.81109  -0.14399   0.00006    400.25
 840      0   298.81204   -1833.01079   0.00081   302.81303  -0.14398   0.00006    408.50

Post Propagation
Total number of samples 840
Remove Outliers
Remove samples outside Zeta > 30
Outlier bound [-0.18581, -0.10169]
Removed 0 Outliers
Outliers Energy []
nsample = 840, max_block_size = 42, min_nblocks = 20
   B    NB    NS  Observable     Error    dError
   1   840   840  -1833.01077   0.00081   0.00002
   2   420   840  -1833.01077   0.00101   0.00003
   3   280   840  -1833.01078   0.00113   0.00005
   4   210   840  -1833.01078   0.00119   0.00006
   5   168   840  -1833.01078   0.00124   0.00007
   6   140   840  -1833.01078   0.00130   0.00008
   7   120   840  -1833.01078   0.00130   0.00008
   8   105   840  -1833.01078   0.00133   0.00009
   9    93   837  -1833.01089   0.00137   0.00010
  10    84   840  -1833.01078   0.00138   0.00011
  11    76   836  -1833.01087   0.00135   0.00011
  12    70   840  -1833.01079   0.00142   0.00012
  13    64   832  -1833.01072   0.00130   0.00012
  14    60   840  -1833.01079   0.00143   0.00013
  15    56   840  -1833.01079   0.00136   0.00013
  16    52   832  -1833.01072   0.00140   0.00014
  17    49   833  -1833.01073   0.00150   0.00015
  18    46   828  -1833.01072   0.00142   0.00015
  19    44   836  -1833.01087   0.00148   0.00016
  20    42   840  -1833.01079   0.00154   0.00017
  21    40   840  -1833.01079   0.00139   0.00016
  22    38   836  -1833.01087   0.00148   0.00017
  23    36   828  -1833.01072   0.00160   0.00019
  24    35   840  -1833.01079   0.00151   0.00018
  25    33   825  -1833.01075   0.00155   0.00019
  26    32   832  -1833.01072   0.00148   0.00019
  27    31   837  -1833.01090   0.00149   0.00019
  28    30   840  -1833.01079   0.00154   0.00020
  29    28   812  -1833.01112   0.00165   0.00022
  30    28   840  -1833.01079   0.00158   0.00022
  31    27   837  -1833.01090   0.00143   0.00020
  32    26   832  -1833.01072   0.00152   0.00022
  33    25   825  -1833.01075   0.00157   0.00023
  34    24   816  -1833.01106   0.00159   0.00023
  35    24   840  -1833.01079   0.00151   0.00022
  36    23   828  -1833.01072   0.00146   0.00022
  37    22   814  -1833.01107   0.00162   0.00025
  38    22   836  -1833.01087   0.00147   0.00023
  39    21   819  -1833.01096   0.00146   0.00023
  40    21   840  -1833.01079   0.00141   0.00022
  41    20   820  -1833.01092   0.00139   0.00023
  42    20   840  -1833.01079   0.00146   0.00024
Fit (variance): plateau_var = 2.117e-06 ± 9.827e-08
Fit (error):    plateau = 0.00145 ± 0.00003
     autocorrelation length ~ 4.1 blocks
     plateau reached at block size ~ 19
nsample = 840, max_block_size = 42, min_nblocks = 20
Blk_SZ   NBlk   NSmp      Energy     Error    dError
     1    840    840    -0.14394   0.00006   0.00000
     2    420    840    -0.14395   0.00007   0.00000
     3    280    840    -0.14395   0.00007   0.00000
     4    210    840    -0.14396   0.00007   0.00000
     5    168    840    -0.14396   0.00007   0.00000
     6    140    840    -0.14396   0.00007   0.00000
     7    120    840    -0.14396   0.00008   0.00000
     8    105    840    -0.14396   0.00007   0.00001
     9     93    837    -0.14397   0.00007   0.00001
    10     84    840    -0.14397   0.00008   0.00001
    11     76    836    -0.14397   0.00008   0.00001
    12     70    840    -0.14397   0.00008   0.00001
    13     64    832    -0.14398   0.00007   0.00001
    14     60    840    -0.14397   0.00007   0.00001
    15     56    840    -0.14397   0.00007   0.00001
    16     52    832    -0.14398   0.00007   0.00001
    17     49    833    -0.14397   0.00009   0.00001
    18     46    828    -0.14398   0.00007   0.00001
    19     44    836    -0.14397   0.00007   0.00001
    20     42    840    -0.14397   0.00008   0.00001
    21     40    840    -0.14397   0.00008   0.00001
    22     38    836    -0.14397   0.00008   0.00001
    23     36    828    -0.14398   0.00007   0.00001
    24     35    840    -0.14397   0.00007   0.00001
    25     33    825    -0.14398   0.00007   0.00001
    26     32    832    -0.14398   0.00007   0.00001
    27     31    837    -0.14398   0.00007   0.00001
    28     30    840    -0.14397   0.00008   0.00001
    29     28    812    -0.14399   0.00006   0.00001
    30     28    840    -0.14397   0.00006   0.00001
    31     27    837    -0.14398   0.00006   0.00001
    32     26    832    -0.14398   0.00006   0.00001
    33     25    825    -0.14398   0.00006   0.00001
    34     24    816    -0.14400   0.00008   0.00001
    35     24    840    -0.14397   0.00006   0.00001
    36     23    828    -0.14399   0.00006   0.00001
    37     22    814    -0.14400   0.00006   0.00001
    38     22    836    -0.14398   0.00005   0.00001
    39     21    819    -0.14400   0.00007   0.00001
    40     21    840    -0.14398   0.00007   0.00001
    41     20    820    -0.14399   0.00006   0.00001
    42     20    840    -0.14398   0.00005   0.00001
Fit (variance): plateau_var = 4.86011e-09 ± 1.56218e-10
Fit (error):    plateau = 0.00007 ± 0.00000
     autocorrelation length ~ 0.8 blocks
     plateau reached at block size ~ 4
Final AFQMC/HF Guiding Energy:      -1833.0108 +/- 0.0015
Final AFQMC/pt2CCSD Orbital Energy: -0.14398 +/- 0.00007
<t1> = weightp/weight = 1.01389
Total run time: 408.51

AFQMC Sampling Finished

LNO-Integral time (s):    19.65
LNO-AFQMC time (s):       411.94


======================== LNO-FRAGMENT [C45] 34/(48,48) =========================
Fragment Num.  34
Fragment Idx.  34
Fragment Name  C45
LNO THRESHOLD  [0.00030000000000000003, 3e-05]
PySCF Threads  12
LNO-LAS: 28/156 Occ | 122/636 Vir | 150/792 MOs
LNO-MP2 Fragment Energy:  -0.11789201
LNO-CCSD Fragment Energy: -0.11828361
LNO-CPU time (s):         98.57 (LAS 23.31 | MP2 21.81 | CCSD 53.45)
LNO-CPU wait time (s):    0.00 (100.0% hidden)
Find Density Fit Teonsers in MF object
Integrals will be built by DF Tensors
Calculating Effective Active Space One-electron Integrals
*** Correlation Space Size ***
N Occupied Orbitals: 28
N Active Orbitals:   150
Build effective h0 and h1 time: 8.573077 s
Composing CDERIs from DF
Build CDERI in cLAS time: 6.182386 s
Raw CDERI in LAS shape: (3912, 11325)
Compress CDERI 2 Chol: 1e-05
Compress CDERI time: 1.800269 s
Finished calculating Integrals
LAS Cholesky shape: (1228, 150, 150)
AFQMC script: /u/yzhang65/myprojects/software/afqmc/afqmc/lno_afqmc/script/run_lno_afqmc_pt2ccsd.py

LNO-AFQMC Started
Hostname:     gpue04.delta.ncsa.illinois.edu
System:       Linux
Node:         gpue04.delta.ncsa.illinois.edu
Release:      5.14.0-570.131.1.el9_6.x86_64
Machine:      x86_64
Processor:    x86_64
JAX backend:  GPU
JAX devices:  [CudaDevice(id=0)]
Device kind:  NVIDIA H200
Platform:     gpu

QMC Parameters
eql_time        -         30
n_prop_steps    -         50
n_blocks        -        840
n_walkers       -        300
max_memory      -     200000
mix_precision   -       True
seed            -         33
walker_type     -        rhf
trial           -    pt2ccsd
max_error       -    7.2e-05
dt              -      0.005
n_exp_terms     -          6
n_batch         -          1
nchol_chunk     -        100
free_projection -      False

QMC System
Number of Occ. Orbitals:      28
Number of Act. Orbitals:      150
Number of Chol. Vectors:      1228
Mean-Field Energy:            -1832.00523770
Maximum memory per walker:            666.67 MB
Maximum number of Cholesky per chunk: 1941
Number of Cholesky chunks:            1
Number of Cholesky per chunk:         1228
Number of padding Cholesky:           0
Trial:   pt2ccsd(norb=150, nelec=(28, 28), n_batch=1, nchol_chunk=1228, mix_precision=True)
Sampler: sampler_pt2(n_prop_steps=50, n_blocks=840, n_chol=1228, frozen_vir=0)

Initalize QMC walkers by HF

Equilibration
Initial Orbital energy: -0.11829
inv_T  nodes      weight      energy     error   runTime
 0.00      0   300.00000  -1832.00430   0.00000     32.70
 3.00      0   305.67402  -1833.16278   0.02167     40.50
 6.00      0   300.13253  -1833.19949   0.02282     42.58
 9.00      0   299.78522  -1833.22511   0.02496     44.65
12.00      0   297.62305  -1833.18194   0.02347     46.73
15.00      0   297.63257  -1833.17791   0.02251     48.81
18.00      0   298.05959  -1833.19458   0.02134     50.89
21.00      0   298.56912  -1833.17597   0.02069     52.97
24.00      0   298.96590  -1833.23693   0.02326     55.05
27.00      0   298.39735  -1833.21458   0.02346     57.13
30.00      0   298.70446  -1833.21103   0.02712     59.20

Sampling Blocks
Target Final Error ~ 0.000072
   N  nodes      weight      E(Guide)     Error     weightp    E_frag     Error      Time
  20      0   298.92470   -1833.19234   0.00466   303.56037  -0.12421   0.00014     80.15
  40      0   298.32779   -1833.19900   0.00360   303.86103  -0.12420   0.00014     95.94
  60      0   298.90823   -1833.20086   0.00281   303.79216  -0.12417   0.00012    111.47
  80      0   298.61598   -1833.20643   0.00266   303.77796  -0.12431   0.00012    127.00
 100      0   297.37338   -1833.20757   0.00239   303.74246  -0.12434   0.00011    142.51
 120      0   299.23381   -1833.20835   0.00214   303.62814  -0.12447   0.00010    158.06
 140      0   298.83476   -1833.21137   0.00203   303.62400  -0.12452   0.00010    173.59
 160      0   299.03130   -1833.21092   0.00191   303.54528  -0.12451   0.00009    189.10
 180      0   299.30098   -1833.20953   0.00180   303.50657  -0.12447   0.00009    204.61
 200      0   298.48992   -1833.20878   0.00176   303.47107  -0.12453   0.00008    220.16
 220      0   297.74588   -1833.20997   0.00172   303.41497  -0.12456   0.00008    235.69
 240      0   298.75967   -1833.20883   0.00167   303.39829  -0.12452   0.00008    251.21
 260      0   299.18687   -1833.20731   0.00163   303.43325  -0.12453   0.00008    266.75
 280      0   298.60369   -1833.20836   0.00161   303.48739  -0.12451   0.00007    282.27
 300      0   299.02316   -1833.20797   0.00155   303.51475  -0.12453   0.00007    297.77
 320      0   298.36881   -1833.20858   0.00152   303.49633  -0.12454   0.00007    313.28
 340      0   298.10326   -1833.20817   0.00147   303.50600  -0.12458   0.00007    328.86
 360      0   298.94238   -1833.20935   0.00146   303.50403  -0.12457   0.00007    344.37
 380      0   297.90638   -1833.20990   0.00141   303.48164  -0.12453   0.00006    359.89
 400      0   296.81500   -1833.21001   0.00137   303.47717  -0.12453   0.00006    375.41
 420      0   299.45487   -1833.20988   0.00136   303.48524  -0.12453   0.00006    390.92
 440      0   298.49342   -1833.20955   0.00131   303.47764  -0.12456   0.00006    406.42
 460      0   298.54158   -1833.20951   0.00127   303.51052  -0.12452   0.00006    421.94
 480      0   297.71182   -1833.20961   0.00123   303.50885  -0.12451   0.00006    437.46
 500      0   299.36770   -1833.20965   0.00123   303.51343  -0.12451   0.00005    452.97

Post Propagation
Total number of samples 500
Remove Outliers
Remove samples outside Zeta > 30
Outlier bound [-0.15955, -0.08918]
Removed 0 Outliers
Outliers Energy []
nsample = 500, max_block_size = 25, min_nblocks = 20
   B    NB    NS  Observable     Error    dError
   1   500   500  -1833.20963   0.00122   0.00004
   2   250   500  -1833.20963   0.00153   0.00007
   3   166   498  -1833.20946   0.00167   0.00009
   4   125   500  -1833.20964   0.00184   0.00012
   5   100   500  -1833.20964   0.00194   0.00014
   6    83   498  -1833.20947   0.00196   0.00015
   7    71   497  -1833.20940   0.00216   0.00018
   8    62   496  -1833.20940   0.00209   0.00019
   9    55   495  -1833.20940   0.00211   0.00020
  10    50   500  -1833.20965   0.00205   0.00021
  11    45   495  -1833.20940   0.00224   0.00024
  12    41   492  -1833.20936   0.00237   0.00026
  13    38   494  -1833.20936   0.00211   0.00024
  14    35   490  -1833.20930   0.00234   0.00028
  15    33   495  -1833.20941   0.00204   0.00026
  16    31   496  -1833.20941   0.00187   0.00024
  17    29   493  -1833.20937   0.00195   0.00026
  18    27   486  -1833.20973   0.00210   0.00029
  19    26   494  -1833.20936   0.00212   0.00030
  20    25   500  -1833.20965   0.00214   0.00031
  21    23   483  -1833.20962   0.00218   0.00033
  22    22   484  -1833.20965   0.00228   0.00035
  23    21   483  -1833.20962   0.00189   0.00030
  24    20   480  -1833.20961   0.00266   0.00043
  25    20   500  -1833.20965   0.00167   0.00027
Fit (variance): plateau_var = 4.364e-06 ± 2.797e-07
Fit (error):    plateau = 0.00209 ± 0.00007
     autocorrelation length ~ 2.8 blocks
     plateau reached at block size ~ 13
nsample = 500, max_block_size = 25, min_nblocks = 20
Blk_SZ   NBlk   NSmp      Energy     Error    dError
     1    500    500    -0.12448   0.00005   0.00000
     2    250    500    -0.12449   0.00006   0.00000
     3    166    498    -0.12449   0.00007   0.00000
     4    125    500    -0.12449   0.00007   0.00000
     5    100    500    -0.12449   0.00007   0.00001
     6     83    498    -0.12450   0.00008   0.00001
     7     71    497    -0.12450   0.00008   0.00001
     8     62    496    -0.12450   0.00008   0.00001
     9     55    495    -0.12450   0.00008   0.00001
    10     50    500    -0.12450   0.00008   0.00001
    11     45    495    -0.12450   0.00008   0.00001
    12     41    492    -0.12450   0.00008   0.00001
    13     38    494    -0.12451   0.00008   0.00001
    14     35    490    -0.12450   0.00009   0.00001
    15     33    495    -0.12450   0.00008   0.00001
    16     31    496    -0.12451   0.00009   0.00001
    17     29    493    -0.12451   0.00009   0.00001
    18     27    486    -0.12451   0.00009   0.00001
    19     26    494    -0.12451   0.00009   0.00001
    20     25    500    -0.12451   0.00008   0.00001
    21     23    483    -0.12451   0.00009   0.00001
    22     22    484    -0.12451   0.00010   0.00002
    23     21    483    -0.12451   0.00009   0.00001
    24     20    480    -0.12450   0.00008   0.00001
    25     20    500    -0.12451   0.00010   0.00002
Fit (variance): plateau_var = 7.70355e-09 ± 8.02475e-10
Fit (error):    plateau = 0.00009 ± 0.00000
     autocorrelation length ~ 5.9 blocks
     plateau reached at block size ~ 26
Final AFQMC/HF Guiding Energy:      -1833.2097 +/- 0.0021
Final AFQMC/pt2CCSD Orbital Energy: -0.12451 +/- 0.00009
<t1> = weightp/weight = 1.01682
Total run time: 452.98

AFQMC Sampling Finished

LNO-Integral time (s):    23.14
LNO-AFQMC time (s):       456.56


======================== LNO-FRAGMENT [C46] 35/(48,48) =========================
Fragment Num.  35
Fragment Idx.  35
Fragment Name  C46
LNO THRESHOLD  [0.00030000000000000003, 3e-05]
PySCF Threads  12
LNO-LAS: 29/156 Occ | 121/636 Vir | 150/792 MOs
LNO-MP2 Fragment Energy:  -0.11760996
LNO-CCSD Fragment Energy: -0.11799653
LNO-CPU time (s):         89.22 (LAS 25.97 | MP2 6.37 | CCSD 56.87)
LNO-CPU wait time (s):    0.00 (100.0% hidden)
Find Density Fit Teonsers in MF object
Integrals will be built by DF Tensors
Calculating Effective Active Space One-electron Integrals
*** Correlation Space Size ***
N Occupied Orbitals: 29
N Active Orbitals:   150
Build effective h0 and h1 time: 9.920893 s
Composing CDERIs from DF
Build CDERI in cLAS time: 6.215349 s
Raw CDERI in LAS shape: (3912, 11325)
Compress CDERI 2 Chol: 1e-05
Compress CDERI time: 1.662796 s
Finished calculating Integrals
LAS Cholesky shape: (1240, 150, 150)
AFQMC script: /u/yzhang65/myprojects/software/afqmc/afqmc/lno_afqmc/script/run_lno_afqmc_pt2ccsd.py

LNO-AFQMC Started
Hostname:     gpue04.delta.ncsa.illinois.edu
System:       Linux
Node:         gpue04.delta.ncsa.illinois.edu
Release:      5.14.0-570.131.1.el9_6.x86_64
Machine:      x86_64
Processor:    x86_64
JAX backend:  GPU
JAX devices:  [CudaDevice(id=0)]
Device kind:  NVIDIA H200
Platform:     gpu

QMC Parameters
eql_time        -         30
n_prop_steps    -         50
n_blocks        -        840
n_walkers       -        300
max_memory      -     200000
mix_precision   -       True
seed            -       2939
walker_type     -        rhf
trial           -    pt2ccsd
max_error       -    7.2e-05
dt              -      0.005
n_exp_terms     -          6
n_batch         -          1
nchol_chunk     -        100
free_projection -      False

QMC System
Number of Occ. Orbitals:      29
Number of Act. Orbitals:      150
Number of Chol. Vectors:      1240
Mean-Field Energy:            -1832.00523770
Maximum memory per walker:            666.67 MB
Maximum number of Cholesky per chunk: 1941
Number of Cholesky chunks:            1
Number of Cholesky per chunk:         1240
Number of padding Cholesky:           0
Trial:   pt2ccsd(norb=150, nelec=(29, 29), n_batch=1, nchol_chunk=1240, mix_precision=True)
Sampler: sampler_pt2(n_prop_steps=50, n_blocks=840, n_chol=1240, frozen_vir=0)

Initalize QMC walkers by HF

Equilibration
Initial Orbital energy: -0.11800
inv_T  nodes      weight      energy     error   runTime
 0.00      0   300.00000  -1832.00438   0.00000     40.23
 3.00      0   305.94614  -1833.20357   0.02597     46.93
 6.00      0   300.21191  -1833.21425   0.02193     49.11
 9.00      0   300.04829  -1833.25620   0.02853     51.29
12.00      0   299.10223  -1833.20468   0.02261     53.47
15.00      0   298.32330  -1833.18510   0.02204     55.64
18.00      0   298.23609  -1833.22749   0.02416     57.82
21.00      0   297.47921  -1833.24765   0.02635     60.00
24.00      0   299.16778  -1833.23107   0.02239     62.18
27.00      0   297.28761  -1833.14817   0.02051     64.36
30.00      0   299.24003  -1833.25604   0.02600     66.54

Sampling Blocks
Target Final Error ~ 0.000072
   N  nodes      weight      E(Guide)     Error     weightp    E_frag     Error      Time
  20      0   299.73875   -1833.20781   0.00500   302.85094  -0.12463   0.00027     88.44
  40      0   298.64869   -1833.20937   0.00304   302.79806  -0.12436   0.00019    105.50
  60      0   298.17466   -1833.21312   0.00249   302.88436  -0.12452   0.00017    122.25
  80      0   298.69863   -1833.21730   0.00303   302.92664  -0.12445   0.00013    138.98
 100      0   297.97764   -1833.21481   0.00275   302.94927  -0.12435   0.00012    155.72
 120      0   298.46047   -1833.21521   0.00239   303.04528  -0.12429   0.00011    172.52
 140      0   298.07225   -1833.21449   0.00217   303.06575  -0.12426   0.00010    189.33
 160      0   299.36447   -1833.21340   0.00216   303.15201  -0.12424   0.00009    206.13
 180      0   298.78540   -1833.21451   0.00208   303.20429  -0.12430   0.00009    222.92
 200      0   298.28451   -1833.21633   0.00197   303.24847  -0.12428   0.00008    239.71
 220      0   297.73017   -1833.21724   0.00187   303.23495  -0.12426   0.00008    256.53
 240      0   297.62576   -1833.21711   0.00182   303.21232  -0.12426   0.00007    273.32
 260      0   298.71708   -1833.21803   0.00173   303.23775  -0.12421   0.00007    290.13
 280      0   297.83896   -1833.21671   0.00166   303.23617  -0.12419   0.00007    306.92
 300      0   297.78864   -1833.21588   0.00158   303.25921  -0.12420   0.00006    323.72
 320      0   298.38364   -1833.21490   0.00157   303.28011  -0.12416   0.00006    340.51
 340      0   298.53662   -1833.21529   0.00151   303.30445  -0.12413   0.00006    357.33
 360      0   297.82811   -1833.21601   0.00145   303.31761  -0.12414   0.00006    374.12
 380      0   299.24790   -1833.21549   0.00139   303.32410  -0.12414   0.00006    390.93
 400      0   298.70958   -1833.21505   0.00136   303.32265  -0.12413   0.00005    407.73
 420      0   298.87964   -1833.21537   0.00132   303.33747  -0.12413   0.00005    424.59

Post Propagation
Total number of samples 420
Remove Outliers
Remove samples outside Zeta > 30
Outlier bound [-0.15498, -0.09305]
Removed 0 Outliers
Outliers Energy []
nsample = 420, max_block_size = 21, min_nblocks = 20
   B    NB    NS  Observable     Error    dError
   1   420   420  -1833.21535   0.00132   0.00005
   2   210   420  -1833.21536   0.00161   0.00008
   3   140   420  -1833.21536   0.00188   0.00011
   4   105   420  -1833.21536   0.00191   0.00013
   5    84   420  -1833.21536   0.00218   0.00017
   6    70   420  -1833.21537   0.00207   0.00018
   7    60   420  -1833.21537   0.00219   0.00020
   8    52   416  -1833.21536   0.00223   0.00022
   9    46   414  -1833.21543   0.00237   0.00025
  10    42   420  -1833.21537   0.00246   0.00027
  11    38   418  -1833.21532   0.00265   0.00031
  12    35   420  -1833.21537   0.00243   0.00029
  13    32   416  -1833.21536   0.00266   0.00034
  14    30   420  -1833.21537   0.00247   0.00032
  15    28   420  -1833.21537   0.00247   0.00034
  16    26   416  -1833.21536   0.00244   0.00034
  17    24   408  -1833.21550   0.00271   0.00040
  18    23   414  -1833.21544   0.00214   0.00032
  19    22   418  -1833.21532   0.00280   0.00043
  20    21   420  -1833.21537   0.00230   0.00036
  21    20   420  -1833.21537   0.00245   0.00040
Fit (variance): plateau_var = 6.212e-06 ± 6.392e-07
Fit (error):    plateau = 0.00249 ± 0.00013
     autocorrelation length ~ 4.6 blocks
     plateau reached at block size ~ 21
nsample = 420, max_block_size = 21, min_nblocks = 20
Blk_SZ   NBlk   NSmp      Energy     Error    dError
     1    420    420    -0.12410   0.00005   0.00000
     2    210    420    -0.12411   0.00006   0.00000
     3    140    420    -0.12412   0.00006   0.00000
     4    105    420    -0.12412   0.00006   0.00000
     5     84    420    -0.12412   0.00006   0.00000
     6     70    420    -0.12412   0.00007   0.00001
     7     60    420    -0.12412   0.00007   0.00001
     8     52    416    -0.12412   0.00007   0.00001
     9     46    414    -0.12412   0.00007   0.00001
    10     42    420    -0.12412   0.00008   0.00001
    11     38    418    -0.12413   0.00007   0.00001
    12     35    420    -0.12413   0.00007   0.00001
    13     32    416    -0.12412   0.00007   0.00001
    14     30    420    -0.12413   0.00007   0.00001
    15     28    420    -0.12413   0.00008   0.00001
    16     26    416    -0.12413   0.00008   0.00001
    17     24    408    -0.12413   0.00008   0.00001
    18     23    414    -0.12413   0.00007   0.00001
    19     22    418    -0.12413   0.00007   0.00001
    20     21    420    -0.12413   0.00008   0.00001
    21     20    420    -0.12413   0.00008   0.00001
Fit (variance): plateau_var = 5.46992e-09 ± 5.56641e-10
Fit (error):    plateau = 0.00007 ± 0.00000
     autocorrelation length ~ 4.2 blocks
     plateau reached at block size ~ 18
Final AFQMC/HF Guiding Energy:      -1833.2154 +/- 0.0025
Final AFQMC/pt2CCSD Orbital Energy: -0.12413 +/- 0.00007
<t1> = weightp/weight = 1.01613
Total run time: 424.60

AFQMC Sampling Finished

LNO-Integral time (s):    23.43
LNO-AFQMC time (s):       428.68


======================= LNO-FRAGMENT [C47H63] 36/(48,48) =======================
Fragment Num.  36
Fragment Idx.  36
Fragment Name  C47H63
LNO THRESHOLD  [0.00030000000000000003, 3e-05]
PySCF Threads  12
LNO-LAS: 26/156 Occ | 107/636 Vir | 133/792 MOs
LNO-MP2 Fragment Energy:  -0.13258749
LNO-CCSD Fragment Energy: -0.13817773
LNO-CPU time (s):         66.32 (LAS 26.42 | MP2 5.33 | CCSD 34.57)
LNO-CPU wait time (s):    0.00 (100.0% hidden)
Find Density Fit Teonsers in MF object
Integrals will be built by DF Tensors
Calculating Effective Active Space One-electron Integrals
*** Correlation Space Size ***
N Occupied Orbitals: 26
N Active Orbitals:   133
Build effective h0 and h1 time: 7.342402 s
Composing CDERIs from DF
Build CDERI in cLAS time: 6.950553 s
Raw CDERI in LAS shape: (3912, 8911)
Compress CDERI 2 Chol: 1e-05
Compress CDERI time: 1.291271 s
Finished calculating Integrals
LAS Cholesky shape: (1114, 133, 133)
AFQMC script: /u/yzhang65/myprojects/software/afqmc/afqmc/lno_afqmc/script/run_lno_afqmc_pt2ccsd.py

LNO-AFQMC Started
Hostname:     gpue04.delta.ncsa.illinois.edu
System:       Linux
Node:         gpue04.delta.ncsa.illinois.edu
Release:      5.14.0-570.131.1.el9_6.x86_64
Machine:      x86_64
Processor:    x86_64
JAX backend:  GPU
JAX devices:  [CudaDevice(id=0)]
Device kind:  NVIDIA H200
Platform:     gpu

QMC Parameters
eql_time        -         30
n_prop_steps    -         50
n_blocks        -        840
n_walkers       -        300
max_memory      -     200000
mix_precision   -       True
seed            -        922
walker_type     -        rhf
trial           -    pt2ccsd
max_error       -    7.2e-05
dt              -      0.005
n_exp_terms     -          6
n_batch         -          1
nchol_chunk     -        100
free_projection -      False

QMC System
Number of Occ. Orbitals:      26
Number of Act. Orbitals:      133
Number of Chol. Vectors:      1114
Mean-Field Energy:            -1832.00523770
Maximum memory per walker:            666.67 MB
Maximum number of Cholesky per chunk: 2469
Number of Cholesky chunks:            1
Number of Cholesky per chunk:         1114
Number of padding Cholesky:           0
Trial:   pt2ccsd(norb=133, nelec=(26, 26), n_batch=1, nchol_chunk=1114, mix_precision=True)
Sampler: sampler_pt2(n_prop_steps=50, n_blocks=840, n_chol=1114, frozen_vir=0)

Initalize QMC walkers by HF

Equilibration
Initial Orbital energy: -0.13819
inv_T  nodes      weight      energy     error   runTime
 0.00      0   300.00000  -1832.00428   0.00000     38.33
 3.00      0   304.97376  -1833.00510   0.01876     46.36
 6.00      0   300.78566  -1833.02502   0.02038     48.06
 9.00      0   299.27534  -1833.03565   0.02190     49.77
12.00      0   298.21891  -1833.03539   0.01896     51.48
15.00      0   297.47185  -1833.03788   0.02173     53.18
18.00      0   299.50020  -1833.06567   0.02463     54.89
21.00      0   298.13095  -1833.03874   0.02124     56.60
24.00      0   298.78454  -1833.04100   0.02293     58.30
27.00      0   297.99333  -1833.00502   0.01829     60.03
30.00      0   298.72940  -1833.05687   0.02368     61.74

Sampling Blocks
Target Final Error ~ 0.000072
   N  nodes      weight      E(Guide)     Error     weightp    E_frag     Error      Time
  20      0   299.46543   -1833.03608   0.00446   303.31464  -0.14542   0.00028     79.31
  40      0   297.13496   -1833.04060   0.00311   303.17241  -0.14503   0.00019     90.47
  60      0   298.10458   -1833.03831   0.00261   303.14400  -0.14514   0.00025    101.40
  80      0   298.67676   -1833.03877   0.00224   303.14910  -0.14496   0.00021    112.34
 100      0   298.22360   -1833.03946   0.00206   303.09499  -0.14488   0.00017    123.28
 120      0   298.52525   -1833.03956   0.00183   303.12123  -0.14479   0.00015    134.21
 140      0   298.74610   -1833.03955   0.00173   303.12544  -0.14479   0.00013    145.13
 160      0   299.01728   -1833.03963   0.00169   303.13077  -0.14488   0.00013    156.05
 180      0   297.87119   -1833.03833   0.00164   303.16234  -0.14484   0.00011    166.98
 200      0   298.84604   -1833.03754   0.00154   303.21180  -0.14471   0.00011    177.93
 220      0   298.22054   -1833.03694   0.00146   303.25466  -0.14465   0.00010    188.87
 240      0   299.42841   -1833.03723   0.00145   303.22020  -0.14459   0.00010    199.81
 260      0   299.11120   -1833.03740   0.00141   303.16653  -0.14463   0.00009    210.73
 280      0   298.98927   -1833.03969   0.00143   303.16924  -0.14461   0.00009    221.66
 300      0   298.68185   -1833.03881   0.00137   303.16522  -0.14459   0.00009    232.58
 320      0   298.83747   -1833.04003   0.00133   303.19329  -0.14457   0.00008    243.52
 340      0   298.31019   -1833.04024   0.00130   303.19170  -0.14456   0.00008    254.45
 360      0   298.63557   -1833.03991   0.00126   303.21819  -0.14457   0.00008    265.38
 380      0   298.68596   -1833.03938   0.00121   303.24080  -0.14455   0.00008    276.31
 400      0   298.87726   -1833.03931   0.00118   303.25607  -0.14455   0.00008    287.24
 420      0   299.27888   -1833.03914   0.00114   303.21722  -0.14458   0.00008    298.19
 440      0   298.87761   -1833.03995   0.00113   303.18308  -0.14458   0.00007    309.13
 460      0   298.91265   -1833.04023   0.00109   303.16826  -0.14456   0.00007    320.08
 480      0   298.15813   -1833.04097   0.00109   303.18224  -0.14457   0.00007    331.02
 500      0   298.21904   -1833.04073   0.00105   303.17928  -0.14456   0.00007    341.96
 520      0   297.75669   -1833.04086   0.00103   303.20002  -0.14453   0.00007    352.88
 540      0   298.78925   -1833.04071   0.00100   303.21139  -0.14452   0.00006    363.80
 560      0   299.14297   -1833.04078   0.00098   303.20948  -0.14451   0.00006    374.73
 580      0   297.40191   -1833.04076   0.00096   303.20149  -0.14453   0.00006    385.65
 600      0   298.57519   -1833.03982   0.00096   303.19720  -0.14453   0.00006    396.59
 620      0   298.69287   -1833.03935   0.00094   303.19621  -0.14453   0.00006    407.51
 640      0   298.56602   -1833.03957   0.00093   303.20275  -0.14450   0.00006    418.42
 660      0   299.06634   -1833.03988   0.00092   303.19900  -0.14450   0.00006    429.34
 680      0   298.40861   -1833.03996   0.00090   303.19453  -0.14454   0.00006    440.26
 700      0   297.82692   -1833.04046   0.00090   303.20308  -0.14456   0.00006    451.20
 720      0   298.48899   -1833.04047   0.00089   303.19608  -0.14455   0.00006    462.13
 740      0   297.78424   -1833.04050   0.00087   303.21190  -0.14454   0.00006    473.04
 760      0   299.39113   -1833.04022   0.00086   303.20082  -0.14455   0.00006    483.97
 780      0   298.65778   -1833.04133   0.00088   303.18888  -0.14454   0.00006    494.89
 800      0   298.97076   -1833.04170   0.00087   303.18770  -0.14453   0.00006    505.81
 820      0   298.99686   -1833.04195   0.00087   303.18669  -0.14455   0.00006    516.73
 840      0   298.59777   -1833.04203   0.00085   303.18681  -0.14455   0.00006    527.66

Post Propagation
Total number of samples 840
Remove Outliers
Remove samples outside Zeta > 30
Outlier bound [-0.18285, -0.10584]
Removed 0 Outliers
Outliers Energy []
nsample = 840, max_block_size = 42, min_nblocks = 20
   B    NB    NS  Observable     Error    dError
   1   840   840  -1833.04201   0.00085   0.00002
   2   420   840  -1833.04202   0.00107   0.00004
   3   280   840  -1833.04202   0.00120   0.00005
   4   210   840  -1833.04202   0.00131   0.00006
   5   168   840  -1833.04202   0.00138   0.00008
   6   140   840  -1833.04202   0.00145   0.00009
   7   120   840  -1833.04203   0.00149   0.00010
   8   105   840  -1833.04203   0.00156   0.00011
   9    93   837  -1833.04202   0.00152   0.00011
  10    84   840  -1833.04203   0.00163   0.00013
  11    76   836  -1833.04203   0.00162   0.00013
  12    70   840  -1833.04203   0.00164   0.00014
  13    64   832  -1833.04204   0.00167   0.00015
  14    60   840  -1833.04203   0.00173   0.00016
  15    56   840  -1833.04203   0.00181   0.00017
  16    52   832  -1833.04204   0.00182   0.00018
  17    49   833  -1833.04203   0.00186   0.00019
  18    46   828  -1833.04204   0.00176   0.00019
  19    44   836  -1833.04203   0.00192   0.00021
  20    42   840  -1833.04203   0.00192   0.00021
  21    40   840  -1833.04203   0.00179   0.00020
  22    38   836  -1833.04203   0.00184   0.00021
  23    36   828  -1833.04204   0.00203   0.00024
  24    35   840  -1833.04203   0.00185   0.00022
  25    33   825  -1833.04198   0.00188   0.00023
  26    32   832  -1833.04204   0.00194   0.00025
  27    31   837  -1833.04202   0.00198   0.00026
  28    30   840  -1833.04203   0.00211   0.00028
  29    28   812  -1833.04200   0.00201   0.00027
  30    28   840  -1833.04203   0.00186   0.00025
  31    27   837  -1833.04203   0.00177   0.00025
  32    26   832  -1833.04204   0.00213   0.00030
  33    25   825  -1833.04198   0.00212   0.00031
  34    24   816  -1833.04195   0.00194   0.00029
  35    24   840  -1833.04203   0.00188   0.00028
  36    23   828  -1833.04204   0.00206   0.00031
  37    22   814  -1833.04200   0.00198   0.00031
  38    22   836  -1833.04203   0.00211   0.00033
  39    21   819  -1833.04195   0.00198   0.00031
  40    21   840  -1833.04203   0.00207   0.00033
  41    20   820  -1833.04195   0.00214   0.00035
  42    20   840  -1833.04203   0.00210   0.00034
Fit (variance): plateau_var = 3.822e-06 ± 2.578e-07
Fit (error):    plateau = 0.00196 ± 0.00007
     autocorrelation length ~ 8.7 blocks
     plateau reached at block size ~ 40
nsample = 840, max_block_size = 42, min_nblocks = 20
Blk_SZ   NBlk   NSmp      Energy     Error    dError
     1    840    840    -0.14451   0.00006   0.00000
     2    420    840    -0.14452   0.00006   0.00000
     3    280    840    -0.14452   0.00007   0.00000
     4    210    840    -0.14453   0.00007   0.00000
     5    168    840    -0.14453   0.00007   0.00000
     6    140    840    -0.14453   0.00007   0.00000
     7    120    840    -0.14453   0.00007   0.00000
     8    105    840    -0.14453   0.00007   0.00001
     9     93    837    -0.14454   0.00007   0.00001
    10     84    840    -0.14453   0.00008   0.00001
    11     76    836    -0.14454   0.00008   0.00001
    12     70    840    -0.14454   0.00008   0.00001
    13     64    832    -0.14454   0.00008   0.00001
    14     60    840    -0.14454   0.00008   0.00001
    15     56    840    -0.14454   0.00008   0.00001
    16     52    832    -0.14454   0.00008   0.00001
    17     49    833    -0.14454   0.00007   0.00001
    18     46    828    -0.14455   0.00007   0.00001
    19     44    836    -0.14454   0.00008   0.00001
    20     42    840    -0.14454   0.00008   0.00001
    21     40    840    -0.14454   0.00009   0.00001
    22     38    836    -0.14455   0.00008   0.00001
    23     36    828    -0.14455   0.00007   0.00001
    24     35    840    -0.14454   0.00009   0.00001
    25     33    825    -0.14454   0.00009   0.00001
    26     32    832    -0.14455   0.00008   0.00001
    27     31    837    -0.14455   0.00008   0.00001
    28     30    840    -0.14454   0.00008   0.00001
    29     28    812    -0.14454   0.00009   0.00001
    30     28    840    -0.14455   0.00008   0.00001
    31     27    837    -0.14455   0.00007   0.00001
    32     26    832    -0.14455   0.00009   0.00001
    33     25    825    -0.14454   0.00009   0.00001
    34     24    816    -0.14454   0.00008   0.00001
    35     24    840    -0.14454   0.00008   0.00001
    36     23    828    -0.14455   0.00008   0.00001
    37     22    814    -0.14454   0.00008   0.00001
    38     22    836    -0.14455   0.00007   0.00001
    39     21    819    -0.14454   0.00008   0.00001
    40     21    840    -0.14454   0.00008   0.00001
    41     20    820    -0.14455   0.00009   0.00001
    42     20    840    -0.14454   0.00009   0.00001
Fit (variance): plateau_var = 6.24760e-09 ± 3.00985e-10
Fit (error):    plateau = 0.00008 ± 0.00000
     autocorrelation length ~ 4.4 blocks
     plateau reached at block size ~ 19
Final AFQMC/HF Guiding Energy:      -1833.0420 +/- 0.0020
Final AFQMC/pt2CCSD Orbital Energy: -0.14455 +/- 0.00008
<t1> = weightp/weight = 1.01536
Total run time: 527.67

AFQMC Sampling Finished

LNO-Integral time (s):    18.82
LNO-AFQMC time (s):       531.01


======================= LNO-FRAGMENT [C48H62] 37/(48,48) =======================
Fragment Num.  37
Fragment Idx.  37
Fragment Name  C48H62
LNO THRESHOLD  [0.00030000000000000003, 3e-05]
PySCF Threads  12
LNO-LAS: 25/156 Occ | 106/636 Vir | 131/792 MOs
LNO-MP2 Fragment Energy:  -0.13232958
LNO-CCSD Fragment Energy: -0.13797883
LNO-CPU time (s):         64.64 (LAS 26.76 | MP2 5.55 | CCSD 32.33)
LNO-CPU wait time (s):    0.00 (100.0% hidden)
Find Density Fit Teonsers in MF object
Integrals will be built by DF Tensors
Calculating Effective Active Space One-electron Integrals
*** Correlation Space Size ***
N Occupied Orbitals: 25
N Active Orbitals:   131
Build effective h0 and h1 time: 34.231913 s
Composing CDERIs from DF
Build CDERI in cLAS time: 10.148413 s
Raw CDERI in LAS shape: (3912, 8646)
Compress CDERI 2 Chol: 1e-05
Compress CDERI time: 2.019074 s
Finished calculating Integrals
LAS Cholesky shape: (1097, 131, 131)
AFQMC script: /u/yzhang65/myprojects/software/afqmc/afqmc/lno_afqmc/script/run_lno_afqmc_pt2ccsd.py

LNO-AFQMC Started
Hostname:     gpue04.delta.ncsa.illinois.edu
System:       Linux
Node:         gpue04.delta.ncsa.illinois.edu
Release:      5.14.0-570.131.1.el9_6.x86_64
Machine:      x86_64
Processor:    x86_64
JAX backend:  GPU
JAX devices:  [CudaDevice(id=0)]
Device kind:  NVIDIA H200
Platform:     gpu

QMC Parameters
eql_time        -         30
n_prop_steps    -         50
n_blocks        -        840
n_walkers       -        300
max_memory      -     200000
mix_precision   -       True
seed            -       1068
walker_type     -        rhf
trial           -    pt2ccsd
max_error       -    7.2e-05
dt              -      0.005
n_exp_terms     -          6
n_batch         -          1
nchol_chunk     -        100
free_projection -      False

QMC System
Number of Occ. Orbitals:      25
Number of Act. Orbitals:      131
Number of Chol. Vectors:      1097
Mean-Field Energy:            -1832.00523770
Maximum memory per walker:            666.67 MB
Maximum number of Cholesky per chunk: 2545
Number of Cholesky chunks:            1
Number of Cholesky per chunk:         1097
Number of padding Cholesky:           0
Trial:   pt2ccsd(norb=131, nelec=(25, 25), n_batch=1, nchol_chunk=1097, mix_precision=True)
Sampler: sampler_pt2(n_prop_steps=50, n_blocks=840, n_chol=1097, frozen_vir=0)

Initalize QMC walkers by HF

Equilibration
Initial Orbital energy: -0.13799
inv_T  nodes      weight      energy     error   runTime
 0.00      0   300.00000  -1832.00434   0.00000     38.82
 3.00      0   305.63046  -1833.02140   0.01947     44.87
 6.00      0   300.14014  -1832.97804   0.01901     46.57
 9.00      0   298.88233  -1833.01646   0.01929     48.27
12.00      0   299.22553  -1833.02763   0.02097     49.97
15.00      0   298.48241  -1833.02283   0.02036     51.69
18.00      0   298.24796  -1833.04584   0.02134     53.38
21.00      0   298.31077  -1832.99744   0.01940     55.09
24.00      0   299.03307  -1833.03918   0.02331     56.79
27.00      0   298.16094  -1833.00163   0.02212     58.49
30.00      0   298.54977  -1833.03022   0.02147     60.19

Sampling Blocks
Target Final Error ~ 0.000072
   N  nodes      weight      E(Guide)     Error     weightp    E_frag     Error      Time
  20      0   298.75627   -1833.01533   0.00530   303.06739  -0.14356   0.00031     76.06
  40      0   298.32611   -1833.02219   0.00333   302.70143  -0.14367   0.00019     86.66
  60      0   298.47288   -1833.02078   0.00267   302.62568  -0.14385   0.00019     97.00
  80      0   298.69872   -1833.01727   0.00223   302.69849  -0.14392   0.00015    107.34
 100      0   299.29094   -1833.01886   0.00193   302.80566  -0.14395   0.00014    117.66
 120      0   298.36243   -1833.02102   0.00206   302.92875  -0.14414   0.00015    128.00
 140      0   299.08114   -1833.02258   0.00198   302.90857  -0.14409   0.00014    138.33
 160      0   298.76994   -1833.02062   0.00192   302.87469  -0.14413   0.00013    148.67
 180      0   298.36150   -1833.01947   0.00189   302.85615  -0.14406   0.00012    158.99
 200      0   298.24375   -1833.01881   0.00179   302.80798  -0.14398   0.00011    169.32
 220      0   299.26862   -1833.02005   0.00169   302.83463  -0.14396   0.00010    179.66
 240      0   298.38129   -1833.02014   0.00161   302.84823  -0.14398   0.00010    189.99
 260      0   298.95696   -1833.02014   0.00155   302.87478  -0.14402   0.00009    200.30
 280      0   297.98850   -1833.01982   0.00151   302.87522  -0.14402   0.00009    210.64
 300      0   298.72914   -1833.01993   0.00145   302.90398  -0.14402   0.00008    220.98
 320      0   298.06500   -1833.02018   0.00140   302.92911  -0.14410   0.00008    231.32
 340      0   298.20606   -1833.02058   0.00138   302.93121  -0.14410   0.00008    241.67
 360      0   298.63953   -1833.02082   0.00133   302.92697  -0.14410   0.00008    252.00
 380      0   298.57942   -1833.02116   0.00128   302.92823  -0.14416   0.00008    262.33
 400      0   298.18284   -1833.02086   0.00124   302.94282  -0.14419   0.00008    272.64
 420      0   298.47518   -1833.02091   0.00120   302.96224  -0.14417   0.00007    282.97
 440      0   298.25838   -1833.02117   0.00117   302.95006  -0.14418   0.00007    293.32
 460      0   298.79257   -1833.02108   0.00115   302.96489  -0.14420   0.00007    303.66
 480      0   298.12821   -1833.02135   0.00112   302.97426  -0.14422   0.00007    314.00
 500      0   298.73185   -1833.02079   0.00109   302.98910  -0.14421   0.00007    324.35
 520      0   298.68521   -1833.02091   0.00106   303.00663  -0.14421   0.00006    334.70
 540      0   298.49403   -1833.02052   0.00103   303.01722  -0.14421   0.00006    345.03
 560      0   298.59914   -1833.02043   0.00101   303.02159  -0.14423   0.00006    355.38
 580      0   298.95848   -1833.02019   0.00099   303.04266  -0.14421   0.00006    365.72
 600      0   298.23277   -1833.02076   0.00097   303.05078  -0.14421   0.00006    376.06
 620      0   299.47140   -1833.02084   0.00095   303.04531  -0.14421   0.00006    386.39
 640      0   298.12097   -1833.02093   0.00094   303.03298  -0.14424   0.00006    396.72
 660      0   298.71220   -1833.02110   0.00092   303.02968  -0.14424   0.00006    407.05
 680      0   298.34207   -1833.02096   0.00090   303.02975  -0.14423   0.00006    417.39
 700      0   299.10182   -1833.02083   0.00088   303.03722  -0.14421   0.00006    427.71
 720      0   298.83121   -1833.02067   0.00086   303.02401  -0.14422   0.00006    438.04
 740      0   299.32054   -1833.02095   0.00084   303.02158  -0.14422   0.00006    448.36
 760      0   299.24765   -1833.02067   0.00084   303.03302  -0.14422   0.00006    458.72
 780      0   298.32279   -1833.02022   0.00083   303.05007  -0.14421   0.00006    469.04
 800      0   298.84408   -1833.02027   0.00082   303.05998  -0.14423   0.00006    479.39
 820      0   298.63087   -1833.01982   0.00082   303.05095  -0.14422   0.00005    489.74
 840      0   300.12928   -1833.01962   0.00081   303.05019  -0.14422   0.00005    500.09

Post Propagation
Total number of samples 840
Remove Outliers
Remove samples outside Zeta > 30
Outlier bound [-0.18147, -0.10656]
Removed 0 Outliers
Outliers Energy []
nsample = 840, max_block_size = 42, min_nblocks = 20
   B    NB    NS  Observable     Error    dError
   1   840   840  -1833.01960   0.00081   0.00002
   2   420   840  -1833.01960   0.00099   0.00003
   3   280   840  -1833.01961   0.00116   0.00005
   4   210   840  -1833.01961   0.00118   0.00006
   5   168   840  -1833.01961   0.00124   0.00007
   6   140   840  -1833.01961   0.00131   0.00008
   7   120   840  -1833.01961   0.00132   0.00009
   8   105   840  -1833.01961   0.00131   0.00009
   9    93   837  -1833.01956   0.00127   0.00009
  10    84   840  -1833.01961   0.00137   0.00011
  11    76   836  -1833.01956   0.00141   0.00012
  12    70   840  -1833.01962   0.00138   0.00012
  13    64   832  -1833.01959   0.00139   0.00012
  14    60   840  -1833.01962   0.00134   0.00012
  15    56   840  -1833.01962   0.00134   0.00013
  16    52   832  -1833.01959   0.00152   0.00015
  17    49   833  -1833.01956   0.00145   0.00015
  18    46   828  -1833.01975   0.00148   0.00016
  19    44   836  -1833.01956   0.00138   0.00015
  20    42   840  -1833.01962   0.00131   0.00015
  21    40   840  -1833.01962   0.00135   0.00015
  22    38   836  -1833.01956   0.00146   0.00017
  23    36   828  -1833.01975   0.00132   0.00016
  24    35   840  -1833.01962   0.00157   0.00019
  25    33   825  -1833.01975   0.00139   0.00017
  26    32   832  -1833.01959   0.00147   0.00019
  27    31   837  -1833.01956   0.00146   0.00019
  28    30   840  -1833.01962   0.00137   0.00018
  29    28   812  -1833.01995   0.00142   0.00019
  30    28   840  -1833.01962   0.00121   0.00016
  31    27   837  -1833.01956   0.00134   0.00019
  32    26   832  -1833.01959   0.00164   0.00023
  33    25   825  -1833.01975   0.00143   0.00021
  34    24   816  -1833.02000   0.00143   0.00021
  35    24   840  -1833.01962   0.00137   0.00020
  36    23   828  -1833.01975   0.00147   0.00022
  37    22   814  -1833.01994   0.00147   0.00023
  38    22   836  -1833.01956   0.00129   0.00020
  39    21   819  -1833.01984   0.00140   0.00022
  40    21   840  -1833.01962   0.00127   0.00020
  41    20   820  -1833.01982   0.00158   0.00026
  42    20   840  -1833.01962   0.00138   0.00022
Fit (variance): plateau_var = 1.923e-06 ± 8.046e-08
Fit (error):    plateau = 0.00139 ± 0.00003
     autocorrelation length ~ 3.1 blocks
     plateau reached at block size ~ 15
nsample = 840, max_block_size = 42, min_nblocks = 20
Blk_SZ   NBlk   NSmp      Energy     Error    dError
     1    840    840    -0.14419   0.00005   0.00000
     2    420    840    -0.14419   0.00006   0.00000
     3    280    840    -0.14420   0.00006   0.00000
     4    210    840    -0.14420   0.00006   0.00000
     5    168    840    -0.14420   0.00007   0.00000
     6    140    840    -0.14421   0.00006   0.00000
     7    120    840    -0.14421   0.00007   0.00000
     8    105    840    -0.14421   0.00007   0.00001
     9     93    837    -0.14421   0.00006   0.00000
    10     84    840    -0.14421   0.00007   0.00001
    11     76    836    -0.14421   0.00007   0.00001
    12     70    840    -0.14421   0.00007   0.00001
    13     64    832    -0.14421   0.00007   0.00001
    14     60    840    -0.14421   0.00007   0.00001
    15     56    840    -0.14422   0.00007   0.00001
    16     52    832    -0.14421   0.00008   0.00001
    17     49    833    -0.14421   0.00008   0.00001
    18     46    828    -0.14421   0.00007   0.00001
    19     44    836    -0.14421   0.00008   0.00001
    20     42    840    -0.14422   0.00008   0.00001
    21     40    840    -0.14421   0.00008   0.00001
    22     38    836    -0.14421   0.00007   0.00001
    23     36    828    -0.14422   0.00008   0.00001
    24     35    840    -0.14421   0.00008   0.00001
    25     33    825    -0.14422   0.00009   0.00001
    26     32    832    -0.14421   0.00008   0.00001
    27     31    837    -0.14421   0.00007   0.00001
    28     30    840    -0.14422   0.00008   0.00001
    29     28    812    -0.14422   0.00008   0.00001
    30     28    840    -0.14422   0.00008   0.00001
    31     27    837    -0.14421   0.00008   0.00001
    32     26    832    -0.14421   0.00008   0.00001
    33     25    825    -0.14423   0.00008   0.00001
    34     24    816    -0.14422   0.00008   0.00001
    35     24    840    -0.14422   0.00008   0.00001
    36     23    828    -0.14422   0.00007   0.00001
    37     22    814    -0.14422   0.00008   0.00001
    38     22    836    -0.14422   0.00006   0.00001
    39     21    819    -0.14422   0.00008   0.00001
    40     21    840    -0.14422   0.00008   0.00001
    41     20    820    -0.14422   0.00008   0.00001
    42     20    840    -0.14422   0.00008   0.00001
Fit (variance): plateau_var = 5.62052e-09 ± 3.17639e-10
Fit (error):    plateau = 0.00007 ± 0.00000
     autocorrelation length ~ 5.9 blocks
     plateau reached at block size ~ 24
Final AFQMC/HF Guiding Energy:      -1833.0196 +/- 0.0014
Final AFQMC/pt2CCSD Orbital Energy: -0.14422 +/- 0.00007
<t1> = weightp/weight = 1.01475
Total run time: 500.26

AFQMC Sampling Finished

LNO-Integral time (s):    51.69
LNO-AFQMC time (s):       511.12


======================= LNO-FRAGMENT [C49H64] 38/(48,48) =======================
Fragment Num.  38
Fragment Idx.  38
Fragment Name  C49H64
LNO THRESHOLD  [0.00030000000000000003, 3e-05]
PySCF Threads  12
LNO-LAS: 26/156 Occ | 107/636 Vir | 133/792 MOs
LNO-MP2 Fragment Energy:  -0.13258749
LNO-CCSD Fragment Energy: -0.13817773
LNO-CPU time (s):         66.36 (LAS 24.41 | MP2 5.59 | CCSD 36.36)
LNO-CPU wait time (s):    0.00 (100.0% hidden)
Find Density Fit Teonsers in MF object
Integrals will be built by DF Tensors
Calculating Effective Active Space One-electron Integrals
*** Correlation Space Size ***
N Occupied Orbitals: 26
N Active Orbitals:   133
Build effective h0 and h1 time: 28.405086 s
Composing CDERIs from DF
Build CDERI in cLAS time: 10.069497 s
Raw CDERI in LAS shape: (3912, 8911)
Compress CDERI 2 Chol: 1e-05
Compress CDERI time: 2.352123 s
Finished calculating Integrals
LAS Cholesky shape: (1114, 133, 133)
AFQMC script: /u/yzhang65/myprojects/software/afqmc/afqmc/lno_afqmc/script/run_lno_afqmc_pt2ccsd.py

LNO-AFQMC Started
Hostname:     gpue04.delta.ncsa.illinois.edu
System:       Linux
Node:         gpue04.delta.ncsa.illinois.edu
Release:      5.14.0-570.131.1.el9_6.x86_64
Machine:      x86_64
Processor:    x86_64
JAX backend:  GPU
JAX devices:  [CudaDevice(id=0)]
Device kind:  NVIDIA H200
Platform:     gpu

QMC Parameters
eql_time        -         30
n_prop_steps    -         50
n_blocks        -        840
n_walkers       -        300
max_memory      -     200000
mix_precision   -       True
seed            -       2151
walker_type     -        rhf
trial           -    pt2ccsd
max_error       -    7.2e-05
dt              -      0.005
n_exp_terms     -          6
n_batch         -          1
nchol_chunk     -        100
free_projection -      False

QMC System
Number of Occ. Orbitals:      26
Number of Act. Orbitals:      133
Number of Chol. Vectors:      1114
Mean-Field Energy:            -1832.00523770
Maximum memory per walker:            666.67 MB
Maximum number of Cholesky per chunk: 2469
Number of Cholesky chunks:            1
Number of Cholesky per chunk:         1114
Number of padding Cholesky:           0
Trial:   pt2ccsd(norb=133, nelec=(26, 26), n_batch=1, nchol_chunk=1114, mix_precision=True)
Sampler: sampler_pt2(n_prop_steps=50, n_blocks=840, n_chol=1114, frozen_vir=0)

Initalize QMC walkers by HF

Equilibration
Initial Orbital energy: -0.13819
inv_T  nodes      weight      energy     error   runTime
 0.00      0   300.00000  -1832.00428   0.00000     41.75
 3.00      0   305.30326  -1833.00861   0.02259     49.00
 6.00      0   300.07106  -1833.02315   0.01916     50.70
 9.00      0   298.76876  -1833.03067   0.01990     52.41
12.00      0   298.27518  -1833.04711   0.02231     54.12
15.00      0   299.27399  -1833.03886   0.02310     55.82
18.00      0   298.81768  -1833.05138   0.02451     57.52
21.00      0   298.65533  -1833.03596   0.01976     59.23
24.00      0   298.50931  -1833.02895   0.02310     60.94
27.00      0   298.85691  -1833.05951   0.02208     62.64
30.00      0   298.35221  -1833.02170   0.02145     64.35

Sampling Blocks
Target Final Error ~ 0.000072
   N  nodes      weight      E(Guide)     Error     weightp    E_frag     Error      Time
  20      0   298.82647   -1833.04196   0.00492   303.27318  -0.14473   0.00022     83.22
  40      0   299.30941   -1833.03743   0.00381   303.30792  -0.14433   0.00020     94.71
  60      0   298.48718   -1833.03755   0.00313   303.41686  -0.14462   0.00023    105.63
  80      0   298.07129   -1833.03472   0.00257   303.36350  -0.14444   0.00019    116.54
 100      0   298.48927   -1833.03597   0.00220   303.38860  -0.14439   0.00016    127.46
 120      0   298.67973   -1833.03587   0.00204   303.38061  -0.14431   0.00014    138.41
 140      0   299.92830   -1833.03585   0.00197   303.39393  -0.14421   0.00013    149.34
 160      0   297.54913   -1833.03658   0.00183   303.38324  -0.14419   0.00012    160.26
 180      0   298.13572   -1833.03719   0.00174   303.40183  -0.14410   0.00011    171.19
 200      0   299.39637   -1833.03743   0.00160   303.40645  -0.14423   0.00011    182.12
 220      0   298.56063   -1833.03719   0.00151   303.44578  -0.14436   0.00012    193.03
 240      0   298.23227   -1833.03758   0.00145   303.40396  -0.14442   0.00012    203.96
 260      0   298.77801   -1833.03704   0.00139   303.35611  -0.14445   0.00012    214.88
 280      0   298.95762   -1833.03775   0.00140   303.35363  -0.14439   0.00013    225.81
 300      0   298.89729   -1833.03698   0.00134   303.34731  -0.14436   0.00013    236.74
 320      0   299.52020   -1833.03741   0.00130   303.35436  -0.14438   0.00012    247.66
 340      0   298.10883   -1833.03875   0.00129   303.30836  -0.14439   0.00012    258.58
 360      0   299.54319   -1833.03787   0.00126   303.28507  -0.14436   0.00011    269.49
 380      0   298.42602   -1833.03879   0.00126   303.24764  -0.14438   0.00011    280.42
 400      0   298.84135   -1833.03878   0.00121   303.22665  -0.14440   0.00010    291.34
 420      0   298.46928   -1833.03816   0.00118   303.22871  -0.14443   0.00010    302.26
 440      0   299.06163   -1833.03839   0.00117   303.21185  -0.14446   0.00010    313.18
 460      0   298.31621   -1833.03798   0.00113   303.19108  -0.14447   0.00009    324.09
 480      0   298.86856   -1833.03862   0.00112   303.20432  -0.14447   0.00009    334.99
 500      0   298.64017   -1833.03891   0.00109   303.22232  -0.14449   0.00009    345.91
 520      0   298.92984   -1833.03858   0.00106   303.22830  -0.14450   0.00009    356.81
 540      0   298.96746   -1833.03847   0.00103   303.23684  -0.14454   0.00008    367.72
 560      0   298.94410   -1833.03853   0.00101   303.23195  -0.14453   0.00008    378.63
 580      0   300.20715   -1833.03873   0.00099   303.22497  -0.14453   0.00008    389.55
 600      0   298.27027   -1833.03883   0.00097   303.22091  -0.14454   0.00008    400.46
 620      0   297.71403   -1833.03878   0.00095   303.21720  -0.14454   0.00008    411.36
 640      0   297.83187   -1833.03883   0.00093   303.22493  -0.14450   0.00007    422.26
 660      0   297.16503   -1833.03897   0.00091   303.23557  -0.14448   0.00007    433.18
 680      0   299.29828   -1833.03905   0.00090   303.22329  -0.14450   0.00007    444.10
 700      0   298.85873   -1833.03934   0.00090   303.21033  -0.14455   0.00007    455.00
 720      0   298.39103   -1833.03965   0.00088   303.19563  -0.14458   0.00007    465.93
 740      0   298.53431   -1833.03978   0.00087   303.18632  -0.14457   0.00007    476.85
 760      0   298.48583   -1833.03994   0.00085   303.17533  -0.14456   0.00007    487.77
 780      0   298.86580   -1833.03992   0.00084   303.16744  -0.14456   0.00007    498.68
 800      0   298.37725   -1833.04036   0.00086   303.17538  -0.14455   0.00007    509.60
 820      0   299.18244   -1833.03988   0.00085   303.16884  -0.14455   0.00007    520.50
 840      0   297.90596   -1833.04012   0.00084   303.16740  -0.14455   0.00007    531.42

Post Propagation
Total number of samples 840
Remove Outliers
Remove samples outside Zeta > 30
Outlier bound [-0.18550, -0.10308]
Removed 0 Outliers
Outliers Energy []
nsample = 840, max_block_size = 42, min_nblocks = 20
   B    NB    NS  Observable     Error    dError
   1   840   840  -1833.04009   0.00084   0.00002
   2   420   840  -1833.04010   0.00102   0.00004
   3   280   840  -1833.04010   0.00114   0.00005
   4   210   840  -1833.04011   0.00119   0.00006
   5   168   840  -1833.04011   0.00125   0.00007
   6   140   840  -1833.04011   0.00130   0.00008
   7   120   840  -1833.04011   0.00133   0.00009
   8   105   840  -1833.04011   0.00139   0.00010
   9    93   837  -1833.04020   0.00142   0.00010
  10    84   840  -1833.04011   0.00138   0.00011
  11    76   836  -1833.04017   0.00128   0.00010
  12    70   840  -1833.04011   0.00141   0.00012
  13    64   832  -1833.04011   0.00139   0.00012
  14    60   840  -1833.04011   0.00137   0.00013
  15    56   840  -1833.04011   0.00150   0.00014
  16    52   832  -1833.04011   0.00125   0.00012
  17    49   833  -1833.04009   0.00144   0.00015
  18    46   828  -1833.04003   0.00146   0.00015
  19    44   836  -1833.04017   0.00141   0.00015
  20    42   840  -1833.04011   0.00139   0.00015
  21    40   840  -1833.04011   0.00159   0.00018
  22    38   836  -1833.04017   0.00129   0.00015
  23    36   828  -1833.04003   0.00124   0.00015
  24    35   840  -1833.04011   0.00150   0.00018
  25    33   825  -1833.03995   0.00113   0.00014
  26    32   832  -1833.04011   0.00131   0.00017
  27    31   837  -1833.04021   0.00124   0.00016
  28    30   840  -1833.04011   0.00130   0.00017
  29    28   812  -1833.04000   0.00100   0.00014
  30    28   840  -1833.04011   0.00109   0.00015
  31    27   837  -1833.04021   0.00129   0.00018
  32    26   832  -1833.04011   0.00099   0.00014
  33    25   825  -1833.03995   0.00115   0.00017
  34    24   816  -1833.03992   0.00125   0.00018
  35    24   840  -1833.04011   0.00111   0.00016
  36    23   828  -1833.04003   0.00129   0.00019
  37    22   814  -1833.03994   0.00082   0.00013
  38    22   836  -1833.04017   0.00125   0.00019
  39    21   819  -1833.03987   0.00116   0.00018
  40    21   840  -1833.04012   0.00101   0.00016
  41    20   820  -1833.03988   0.00090   0.00015
  42    20   840  -1833.04011   0.00139   0.00022
Fit (variance): plateau_var = 1.538e-06 ± 5.600e-08
Fit (error):    plateau = 0.00124 ± 0.00002
     autocorrelation length ~ 1.6 blocks
     plateau reached at block size ~ 8
nsample = 840, max_block_size = 42, min_nblocks = 20
Blk_SZ   NBlk   NSmp      Energy     Error    dError
     1    840    840    -0.14451   0.00007   0.00000
     2    420    840    -0.14452   0.00008   0.00000
     3    280    840    -0.14452   0.00008   0.00000
     4    210    840    -0.14453   0.00009   0.00000
     5    168    840    -0.14453   0.00009   0.00001
     6    140    840    -0.14453   0.00009   0.00001
     7    120    840    -0.14453   0.00010   0.00001
     8    105    840    -0.14454   0.00009   0.00001
     9     93    837    -0.14454   0.00010   0.00001
    10     84    840    -0.14454   0.00010   0.00001
    11     76    836    -0.14454   0.00010   0.00001
    12     70    840    -0.14454   0.00010   0.00001
    13     64    832    -0.14454   0.00010   0.00001
    14     60    840    -0.14454   0.00011   0.00001
    15     56    840    -0.14454   0.00011   0.00001
    16     52    832    -0.14455   0.00011   0.00001
    17     49    833    -0.14454   0.00011   0.00001
    18     46    828    -0.14455   0.00012   0.00001
    19     44    836    -0.14454   0.00011   0.00001
    20     42    840    -0.14454   0.00010   0.00001
    21     40    840    -0.14454   0.00012   0.00001
    22     38    836    -0.14454   0.00011   0.00001
    23     36    828    -0.14455   0.00012   0.00001
    24     35    840    -0.14454   0.00011   0.00001
    25     33    825    -0.14455   0.00011   0.00001
    26     32    832    -0.14455   0.00011   0.00001
    27     31    837    -0.14455   0.00011   0.00001
    28     30    840    -0.14455   0.00012   0.00002
    29     28    812    -0.14455   0.00012   0.00002
    30     28    840    -0.14455   0.00012   0.00002
    31     27    837    -0.14455   0.00013   0.00002
    32     26    832    -0.14455   0.00012   0.00002
    33     25    825    -0.14455   0.00012   0.00002
    34     24    816    -0.14455   0.00014   0.00002
    35     24    840    -0.14455   0.00011   0.00002
    36     23    828    -0.14455   0.00015   0.00002
    37     22    814    -0.14455   0.00012   0.00002
    38     22    836    -0.14455   0.00013   0.00002
    39     21    819    -0.14455   0.00012   0.00002
    40     21    840    -0.14455   0.00011   0.00002
    41     20    820    -0.14455   0.00012   0.00002
    42     20    840    -0.14455   0.00013   0.00002
Fit (variance): plateau_var = 1.33507e-08 ± 8.77602e-10
Fit (error):    plateau = 0.00012 ± 0.00000
     autocorrelation length ~ 7.9 blocks
     plateau reached at block size ~ 34
Final AFQMC/HF Guiding Energy:      -1833.0401 +/- 0.0012
Final AFQMC/pt2CCSD Orbital Energy: -0.14455 +/- 0.00012
<t1> = weightp/weight = 1.01529
Total run time: 531.43

AFQMC Sampling Finished

LNO-Integral time (s):    51.78
LNO-AFQMC time (s):       535.22


======================= LNO-FRAGMENT [C50H65] 39/(48,48) =======================
Fragment Num.  39
Fragment Idx.  39
Fragment Name  C50H65
LNO THRESHOLD  [0.00030000000000000003, 3e-05]
PySCF Threads  12
LNO-LAS: 25/156 Occ | 106/636 Vir | 131/792 MOs
LNO-MP2 Fragment Energy:  -0.13232958
LNO-CCSD Fragment Energy: -0.13797883
LNO-CPU time (s):         78.34 (LAS 24.09 | MP2 17.37 | CCSD 36.87)
LNO-CPU wait time (s):    0.00 (100.0% hidden)
Find Density Fit Teonsers in MF object
Integrals will be built by DF Tensors
Calculating Effective Active Space One-electron Integrals
*** Correlation Space Size ***
N Occupied Orbitals: 25
N Active Orbitals:   131
Build effective h0 and h1 time: 34.389632 s
Composing CDERIs from DF
Build CDERI in cLAS time: 7.956427 s
Raw CDERI in LAS shape: (3912, 8646)
Compress CDERI 2 Chol: 1e-05
Compress CDERI time: 1.331222 s
Finished calculating Integrals
LAS Cholesky shape: (1097, 131, 131)
AFQMC script: /u/yzhang65/myprojects/software/afqmc/afqmc/lno_afqmc/script/run_lno_afqmc_pt2ccsd.py

LNO-AFQMC Started
Hostname:     gpue04.delta.ncsa.illinois.edu
System:       Linux
Node:         gpue04.delta.ncsa.illinois.edu
Release:      5.14.0-570.131.1.el9_6.x86_64
Machine:      x86_64
Processor:    x86_64
JAX backend:  GPU
JAX devices:  [CudaDevice(id=0)]
Device kind:  NVIDIA H200
Platform:     gpu

QMC Parameters
eql_time        -         30
n_prop_steps    -         50
n_blocks        -        840
n_walkers       -        300
max_memory      -     200000
mix_precision   -       True
seed            -        523
walker_type     -        rhf
trial           -    pt2ccsd
max_error       -    7.2e-05
dt              -      0.005
n_exp_terms     -          6
n_batch         -          1
nchol_chunk     -        100
free_projection -      False

QMC System
Number of Occ. Orbitals:      25
Number of Act. Orbitals:      131
Number of Chol. Vectors:      1097
Mean-Field Energy:            -1832.00523770
Maximum memory per walker:            666.67 MB
Maximum number of Cholesky per chunk: 2545
Number of Cholesky chunks:            1
Number of Cholesky per chunk:         1097
Number of padding Cholesky:           0
Trial:   pt2ccsd(norb=131, nelec=(25, 25), n_batch=1, nchol_chunk=1097, mix_precision=True)
Sampler: sampler_pt2(n_prop_steps=50, n_blocks=840, n_chol=1097, frozen_vir=0)

Initalize QMC walkers by HF

Equilibration
Initial Orbital energy: -0.13799
inv_T  nodes      weight      energy     error   runTime
 0.00      0   300.00000  -1832.00434   0.00000     34.51
 3.00      0   305.55442  -1833.00965   0.02144     41.40
 6.00      0   300.91652  -1832.99511   0.02196     43.10
 9.00      0   299.71448  -1832.99283   0.01925     44.81
12.00      0   298.88606  -1833.01829   0.02430     46.51
15.00      0   299.07870  -1833.02787   0.02083     48.23
18.00      0   298.92930  -1833.06326   0.02228     49.93
21.00      0   298.92859  -1833.04493   0.02258     51.64
24.00      0   297.85678  -1833.02816   0.02050     53.34
27.00      0   297.80679  -1832.99210   0.02284     55.04
30.00      0   299.84951  -1833.03433   0.02068     56.75

Sampling Blocks
Target Final Error ~ 0.000072
   N  nodes      weight      E(Guide)     Error     weightp    E_frag     Error      Time
  20      0   298.01285   -1833.02098   0.00441   302.93793  -0.14413   0.00028     72.52
  40      0   298.79681   -1833.02183   0.00287   303.08962  -0.14414   0.00020     83.01
  60      0   298.72479   -1833.01508   0.00276   303.11289  -0.14413   0.00015     93.35
  80      0   299.21139   -1833.01645   0.00236   303.07699  -0.14438   0.00018    103.69
 100      0   299.49947   -1833.01944   0.00214   303.05514  -0.14439   0.00016    114.04
 120      0   298.40601   -1833.02252   0.00208   303.00685  -0.14435   0.00014    124.40
 140      0   298.00686   -1833.02390   0.00202   302.91703  -0.14433   0.00013    134.75
 160      0   298.23517   -1833.02195   0.00191   302.87965  -0.14431   0.00012    145.13
 180      0   299.06164   -1833.02052   0.00179   302.91889  -0.14429   0.00012    155.47
 200      0   298.68466   -1833.02082   0.00171   302.93226  -0.14444   0.00012    165.83
 220      0   299.17610   -1833.01998   0.00160   302.93719  -0.14441   0.00011    176.17
 240      0   298.38879   -1833.02048   0.00151   302.95334  -0.14445   0.00011    186.51
 260      0   297.98100   -1833.02107   0.00146   302.93588  -0.14440   0.00010    196.85
 280      0   299.33095   -1833.02088   0.00139   302.95410  -0.14442   0.00010    207.20
 300      0   298.17650   -1833.02063   0.00132   302.97456  -0.14449   0.00010    217.54
 320      0   298.29856   -1833.02149   0.00129   303.00864  -0.14452   0.00010    227.87
 340      0   298.25900   -1833.02042   0.00128   303.03287  -0.14449   0.00009    238.23
 360      0   299.48653   -1833.01966   0.00125   303.02633  -0.14441   0.00009    248.59
 380      0   298.46244   -1833.02003   0.00122   303.02343  -0.14437   0.00009    258.95
 400      0   298.59472   -1833.01975   0.00118   303.05031  -0.14434   0.00008    269.31
 420      0   298.27580   -1833.02000   0.00116   303.04455  -0.14437   0.00008    279.68
 440      0   298.40587   -1833.02009   0.00113   303.05886  -0.14436   0.00008    290.02
 460      0   298.22925   -1833.02040   0.00110   303.04009  -0.14435   0.00008    300.36
 480      0   298.13477   -1833.02048   0.00107   303.02306  -0.14434   0.00008    310.73
 500      0   298.11441   -1833.02075   0.00105   303.03311  -0.14432   0.00007    321.09
 520      0   299.07353   -1833.02093   0.00102   303.03027  -0.14434   0.00008    331.43
 540      0   297.28670   -1833.02148   0.00101   303.03513  -0.14434   0.00007    341.78
 560      0   297.96768   -1833.02141   0.00098   303.05797  -0.14432   0.00007    352.13
 580      0   299.42509   -1833.02091   0.00096   303.05058  -0.14430   0.00007    362.49
 600      0   298.55464   -1833.02041   0.00095   303.05892  -0.14426   0.00007    372.83
 620      0   297.72105   -1833.01962   0.00094   303.05607  -0.14425   0.00007    383.19
 640      0   298.95913   -1833.01957   0.00092   303.06229  -0.14425   0.00007    393.54
 660      0   298.83884   -1833.02031   0.00093   303.07020  -0.14426   0.00007    403.89
 680      0   298.53990   -1833.02040   0.00091   303.06027  -0.14427   0.00006    414.25
 700      0   299.11840   -1833.02020   0.00090   303.04910  -0.14426   0.00006    424.63
 720      0   298.87964   -1833.02050   0.00089   303.04267  -0.14427   0.00006    435.00
 740      0   298.59514   -1833.02034   0.00088   303.03128  -0.14431   0.00006    445.37
 760      0   298.83952   -1833.02027   0.00086   303.03531  -0.14430   0.00006    455.74
 780      0   298.41273   -1833.02054   0.00085   303.04601  -0.14430   0.00006    466.11
 800      0   298.50543   -1833.02006   0.00085   303.04230  -0.14429   0.00006    476.46
 820      0   298.97909   -1833.01969   0.00083   303.02889  -0.14430   0.00006    486.79
 840      0   298.93939   -1833.02024   0.00084   303.02773  -0.14431   0.00006    497.16

Post Propagation
Total number of samples 840
Remove Outliers
Remove samples outside Zeta > 30
Outlier bound [-0.18500, -0.10314]
Removed 0 Outliers
Outliers Energy []
nsample = 840, max_block_size = 42, min_nblocks = 20
   B    NB    NS  Observable     Error    dError
   1   840   840  -1833.02022   0.00084   0.00002
   2   420   840  -1833.02022   0.00104   0.00004
   3   280   840  -1833.02022   0.00118   0.00005
   4   210   840  -1833.02023   0.00125   0.00006
   5   168   840  -1833.02023   0.00134   0.00007
   6   140   840  -1833.02023   0.00141   0.00008
   7   120   840  -1833.02023   0.00141   0.00009
   8   105   840  -1833.02023   0.00148   0.00010
   9    93   837  -1833.02012   0.00150   0.00011
  10    84   840  -1833.02023   0.00159   0.00012
  11    76   836  -1833.02005   0.00156   0.00013
  12    70   840  -1833.02023   0.00159   0.00014
  13    64   832  -1833.01985   0.00161   0.00014
  14    60   840  -1833.02023   0.00149   0.00014
  15    56   840  -1833.02023   0.00165   0.00016
  16    52   832  -1833.01985   0.00168   0.00017
  17    49   833  -1833.01990   0.00169   0.00017
  18    46   828  -1833.01974   0.00162   0.00017
  19    44   836  -1833.02005   0.00164   0.00018
  20    42   840  -1833.02023   0.00179   0.00020
  21    40   840  -1833.02023   0.00181   0.00020
  22    38   836  -1833.02005   0.00178   0.00021
  23    36   828  -1833.01974   0.00171   0.00020
  24    35   840  -1833.02023   0.00175   0.00021
  25    33   825  -1833.01978   0.00159   0.00020
  26    32   832  -1833.01985   0.00177   0.00022
  27    31   837  -1833.02012   0.00179   0.00023
  28    30   840  -1833.02023   0.00167   0.00022
  29    28   812  -1833.01992   0.00204   0.00028
  30    28   840  -1833.02023   0.00170   0.00023
  31    27   837  -1833.02012   0.00170   0.00024
  32    26   832  -1833.01985   0.00189   0.00027
  33    25   825  -1833.01978   0.00190   0.00027
  34    24   816  -1833.01974   0.00199   0.00029
  35    24   840  -1833.02023   0.00189   0.00028
  36    23   828  -1833.01974   0.00172   0.00026
  37    22   814  -1833.01982   0.00193   0.00030
  38    22   836  -1833.02005   0.00144   0.00022
  39    21   819  -1833.01968   0.00202   0.00032
  40    21   840  -1833.02024   0.00177   0.00028
  41    20   820  -1833.01969   0.00168   0.00027
  42    20   840  -1833.02024   0.00164   0.00027
Fit (variance): plateau_var = 2.959e-06 ± 1.619e-07
Fit (error):    plateau = 0.00172 ± 0.00005
     autocorrelation length ~ 6.1 blocks
     plateau reached at block size ~ 28
nsample = 840, max_block_size = 42, min_nblocks = 20
Blk_SZ   NBlk   NSmp      Energy     Error    dError
     1    840    840    -0.14427   0.00006   0.00000
     2    420    840    -0.14428   0.00007   0.00000
     3    280    840    -0.14429   0.00007   0.00000
     4    210    840    -0.14429   0.00008   0.00000
     5    168    840    -0.14429   0.00008   0.00000
     6    140    840    -0.14429   0.00007   0.00000
     7    120    840    -0.14430   0.00008   0.00001
     8    105    840    -0.14430   0.00008   0.00001
     9     93    837    -0.14430   0.00008   0.00001
    10     84    840    -0.14430   0.00009   0.00001
    11     76    836    -0.14430   0.00008   0.00001
    12     70    840    -0.14430   0.00008   0.00001
    13     64    832    -0.14430   0.00009   0.00001
    14     60    840    -0.14431   0.00009   0.00001
    15     56    840    -0.14430   0.00009   0.00001
    16     52    832    -0.14430   0.00009   0.00001
    17     49    833    -0.14430   0.00008   0.00001
    18     46    828    -0.14429   0.00009   0.00001
    19     44    836    -0.14430   0.00009   0.00001
    20     42    840    -0.14430   0.00009   0.00001
    21     40    840    -0.14430   0.00010   0.00001
    22     38    836    -0.14430   0.00009   0.00001
    23     36    828    -0.14429   0.00010   0.00001
    24     35    840    -0.14431   0.00009   0.00001
    25     33    825    -0.14429   0.00009   0.00001
    26     32    832    -0.14430   0.00010   0.00001
    27     31    837    -0.14430   0.00009   0.00001
    28     30    840    -0.14431   0.00009   0.00001
    29     28    812    -0.14429   0.00010   0.00001
    30     28    840    -0.14431   0.00009   0.00001
    31     27    837    -0.14431   0.00010   0.00001
    32     26    832    -0.14430   0.00010   0.00001
    33     25    825    -0.14429   0.00009   0.00001
    34     24    816    -0.14429   0.00010   0.00001
    35     24    840    -0.14431   0.00011   0.00002
    36     23    828    -0.14429   0.00010   0.00001
    37     22    814    -0.14429   0.00009   0.00001
    38     22    836    -0.14431   0.00010   0.00002
    39     21    819    -0.14429   0.00010   0.00002
    40     21    840    -0.14431   0.00010   0.00002
    41     20    820    -0.14429   0.00011   0.00002
    42     20    840    -0.14431   0.00010   0.00002
Fit (variance): plateau_var = 8.74787e-09 ± 5.12805e-10
Fit (error):    plateau = 0.00009 ± 0.00000
     autocorrelation length ~ 6.5 blocks
     plateau reached at block size ~ 28
Final AFQMC/HF Guiding Energy:      -1833.0202 +/- 0.0017
Final AFQMC/pt2CCSD Orbital Energy: -0.14431 +/- 0.00009
<t1> = weightp/weight = 1.01463
Total run time: 497.32

AFQMC Sampling Finished

LNO-Integral time (s):    49.68
LNO-AFQMC time (s):       502.04


======================== LNO-FRAGMENT [C51] 40/(48,48) =========================
Fragment Num.  40
Fragment Idx.  40
Fragment Name  C51
LNO THRESHOLD  [0.00030000000000000003, 3e-05]
PySCF Threads  12
LNO-LAS: 28/156 Occ | 122/636 Vir | 150/792 MOs
LNO-MP2 Fragment Energy:  -0.11789201
LNO-CCSD Fragment Energy: -0.11828361
LNO-CPU time (s):         98.10 (LAS 24.96 | MP2 17.10 | CCSD 56.03)
LNO-CPU wait time (s):    0.00 (100.0% hidden)
Find Density Fit Teonsers in MF object
Integrals will be built by DF Tensors
Calculating Effective Active Space One-electron Integrals
*** Correlation Space Size ***
N Occupied Orbitals: 28
N Active Orbitals:   150
Build effective h0 and h1 time: 24.207783 s
Composing CDERIs from DF
Build CDERI in cLAS time: 8.715758 s
Raw CDERI in LAS shape: (3912, 11325)
Compress CDERI 2 Chol: 1e-05
Compress CDERI time: 2.935623 s
Finished calculating Integrals
LAS Cholesky shape: (1228, 150, 150)
AFQMC script: /u/yzhang65/myprojects/software/afqmc/afqmc/lno_afqmc/script/run_lno_afqmc_pt2ccsd.py

LNO-AFQMC Started
Hostname:     gpue04.delta.ncsa.illinois.edu
System:       Linux
Node:         gpue04.delta.ncsa.illinois.edu
Release:      5.14.0-570.131.1.el9_6.x86_64
Machine:      x86_64
Processor:    x86_64
JAX backend:  GPU
JAX devices:  [CudaDevice(id=0)]
Device kind:  NVIDIA H200
Platform:     gpu

QMC Parameters
eql_time        -         30
n_prop_steps    -         50
n_blocks        -        840
n_walkers       -        300
max_memory      -     200000
mix_precision   -       True
seed            -       1554
walker_type     -        rhf
trial           -    pt2ccsd
max_error       -    7.2e-05
dt              -      0.005
n_exp_terms     -          6
n_batch         -          1
nchol_chunk     -        100
free_projection -      False

QMC System
Number of Occ. Orbitals:      28
Number of Act. Orbitals:      150
Number of Chol. Vectors:      1228
Mean-Field Energy:            -1832.00523770
Maximum memory per walker:            666.67 MB
Maximum number of Cholesky per chunk: 1941
Number of Cholesky chunks:            1
Number of Cholesky per chunk:         1228
Number of padding Cholesky:           0
Trial:   pt2ccsd(norb=150, nelec=(28, 28), n_batch=1, nchol_chunk=1228, mix_precision=True)
Sampler: sampler_pt2(n_prop_steps=50, n_blocks=840, n_chol=1228, frozen_vir=0)

Initalize QMC walkers by HF

Equilibration
Initial Orbital energy: -0.11829
inv_T  nodes      weight      energy     error   runTime
 0.00      0   300.00000  -1832.00430   0.00000     34.80
 3.00      0   304.98161  -1833.17334   0.02167     40.77
 6.00      0   300.85136  -1833.21800   0.02419     42.85
 9.00      0   298.41618  -1833.19659   0.02156     44.93
12.00      0   299.66719  -1833.24844   0.02719     47.01
15.00      0   298.76240  -1833.25648   0.02643     49.10
18.00      0   298.89688  -1833.24266   0.02491     51.20
21.00      0   298.72931  -1833.20978   0.02302     53.29
24.00      0   298.38904  -1833.20296   0.02253     55.38
27.00      0   299.10988  -1833.23651   0.02367     57.47
30.00      0   299.19707  -1833.24442   0.02668     59.56

Sampling Blocks
Target Final Error ~ 0.000072
   N  nodes      weight      E(Guide)     Error     weightp    E_frag     Error      Time
  20      0   298.30491   -1833.19874   0.00696   303.65013  -0.12506   0.00027     81.61
  40      0   299.84675   -1833.20251   0.00477   303.64693  -0.12541   0.00025     97.99
  60      0   298.53335   -1833.20598   0.00371   303.36427  -0.12518   0.00018    113.53
  80      0   298.67879   -1833.20460   0.00316   303.36925  -0.12517   0.00016    129.11
 100      0   298.57307   -1833.20636   0.00277   303.46116  -0.12502   0.00014    144.68
 120      0   298.24356   -1833.20692   0.00246   303.53542  -0.12493   0.00012    160.24
 140      0   297.36277   -1833.20750   0.00229   303.49156  -0.12489   0.00012    175.81
 160      0   299.41914   -1833.20553   0.00221   303.49864  -0.12479   0.00011    191.40
 180      0   298.77273   -1833.20657   0.00202   303.55294  -0.12482   0.00010    206.94
 200      0   299.06378   -1833.20563   0.00187   303.54025  -0.12478   0.00009    222.49
 220      0   297.93920   -1833.20613   0.00182   303.53699  -0.12472   0.00009    238.05
 240      0   298.71967   -1833.20550   0.00173   303.51267  -0.12470   0.00009    253.63
 260      0   298.25565   -1833.20534   0.00163   303.49705  -0.12467   0.00008    269.22
 280      0   297.49813   -1833.20513   0.00154   303.49861  -0.12465   0.00008    284.77
 300      0   298.59455   -1833.20498   0.00149   303.49505  -0.12466   0.00007    300.33
 320      0   298.79523   -1833.20414   0.00145   303.51211  -0.12464   0.00007    315.89
 340      0   299.66180   -1833.20397   0.00140   303.50865  -0.12464   0.00007    331.47
 360      0   299.72910   -1833.20409   0.00136   303.49179  -0.12462   0.00007    347.02
 380      0   298.23826   -1833.20410   0.00132   303.48360  -0.12460   0.00007    362.60
 400      0   299.25532   -1833.20388   0.00130   303.49954  -0.12461   0.00006    378.16
 420      0   297.75351   -1833.20480   0.00129   303.52279  -0.12459   0.00006    393.73
 440      0   298.15464   -1833.20523   0.00126   303.52154  -0.12458   0.00006    409.30
 460      0   298.06347   -1833.20547   0.00123   303.54165  -0.12460   0.00006    424.87
 480      0   299.68851   -1833.20556   0.00122   303.54399  -0.12460   0.00006    440.43
 500      0   298.18157   -1833.20528   0.00119   303.52627  -0.12458   0.00006    455.99
 520      0   298.75746   -1833.20492   0.00116   303.52950  -0.12458   0.00006    471.56
 540      0   298.43698   -1833.20520   0.00114   303.52410  -0.12457   0.00005    487.12
 560      0   299.56954   -1833.20491   0.00111   303.52404  -0.12454   0.00005    502.68

Post Propagation
Total number of samples 560
Remove Outliers
Remove samples outside Zeta > 30
Outlier bound [-0.15737, -0.09129]
Removed 0 Outliers
Outliers Energy []
nsample = 560, max_block_size = 28, min_nblocks = 20
   B    NB    NS  Observable     Error    dError
   1   560   560  -1833.20488   0.00111   0.00003
   2   280   560  -1833.20489   0.00141   0.00006
   3   186   558  -1833.20489   0.00154   0.00008
   4   140   560  -1833.20490   0.00164   0.00010
   5   112   560  -1833.20490   0.00181   0.00012
   6    93   558  -1833.20489   0.00187   0.00014
   7    80   560  -1833.20491   0.00178   0.00014
   8    70   560  -1833.20491   0.00169   0.00014
   9    62   558  -1833.20490   0.00198   0.00018
  10    56   560  -1833.20491   0.00180   0.00017
  11    50   550  -1833.20512   0.00166   0.00017
  12    46   552  -1833.20498   0.00193   0.00020
  13    43   559  -1833.20486   0.00178   0.00019
  14    40   560  -1833.20491   0.00185   0.00021
  15    37   555  -1833.20491   0.00178   0.00021
  16    35   560  -1833.20491   0.00167   0.00020
  17    32   544  -1833.20498   0.00184   0.00023
  18    31   558  -1833.20490   0.00194   0.00025
  19    29   551  -1833.20507   0.00156   0.00021
  20    28   560  -1833.20491   0.00146   0.00020
  21    26   546  -1833.20510   0.00170   0.00024
  22    25   550  -1833.20512   0.00197   0.00028
  23    24   552  -1833.20499   0.00206   0.00030
  24    23   552  -1833.20499   0.00142   0.00021
  25    22   550  -1833.20512   0.00148   0.00023
  26    21   546  -1833.20510   0.00173   0.00027
  27    20   540  -1833.20520   0.00187   0.00030
  28    20   560  -1833.20491   0.00164   0.00027
Fit (variance): plateau_var = 3.016e-06 ± 1.496e-07
Fit (error):    plateau = 0.00174 ± 0.00004
     autocorrelation length ~ 1.7 blocks
     plateau reached at block size ~ 9
nsample = 560, max_block_size = 28, min_nblocks = 20
Blk_SZ   NBlk   NSmp      Energy     Error    dError
     1    560    560    -0.12451   0.00005   0.00000
     2    280    560    -0.12451   0.00006   0.00000
     3    186    558    -0.12452   0.00007   0.00000
     4    140    560    -0.12452   0.00007   0.00000
     5    112    560    -0.12452   0.00007   0.00000
     6     93    558    -0.12453   0.00007   0.00001
     7     80    560    -0.12453   0.00008   0.00001
     8     70    560    -0.12453   0.00007   0.00001
     9     62    558    -0.12453   0.00008   0.00001
    10     56    560    -0.12453   0.00008   0.00001
    11     50    550    -0.12455   0.00008   0.00001
    12     46    552    -0.12454   0.00007   0.00001
    13     43    559    -0.12453   0.00008   0.00001
    14     40    560    -0.12453   0.00008   0.00001
    15     37    555    -0.12454   0.00007   0.00001
    16     35    560    -0.12453   0.00008   0.00001
    17     32    544    -0.12456   0.00008   0.00001
    18     31    558    -0.12454   0.00008   0.00001
    19     29    551    -0.12455   0.00009   0.00001
    20     28    560    -0.12453   0.00008   0.00001
    21     26    546    -0.12456   0.00008   0.00001
    22     25    550    -0.12455   0.00008   0.00001
    23     24    552    -0.12455   0.00009   0.00001
    24     23    552    -0.12455   0.00008   0.00001
    25     22    550    -0.12455   0.00008   0.00001
    26     21    546    -0.12456   0.00008   0.00001
    27     20    540    -0.12456   0.00009   0.00001
    28     20    560    -0.12454   0.00009   0.00001
Fit (variance): plateau_var = 6.09896e-09 ± 3.96431e-10
Fit (error):    plateau = 0.00008 ± 0.00000
     autocorrelation length ~ 3.4 blocks
     plateau reached at block size ~ 15
Final AFQMC/HF Guiding Energy:      -1833.2049 +/- 0.0017
Final AFQMC/pt2CCSD Orbital Energy: -0.12454 +/- 0.00008
<t1> = weightp/weight = 1.01682
Total run time: 502.69

AFQMC Sampling Finished

LNO-Integral time (s):    38.50
LNO-AFQMC time (s):       506.29


======================= LNO-FRAGMENT [C52H66] 41/(48,48) =======================
Fragment Num.  41
Fragment Idx.  41
Fragment Name  C52H66
LNO THRESHOLD  [0.00030000000000000003, 3e-05]
PySCF Threads  12
LNO-LAS: 24/156 Occ | 104/636 Vir | 128/792 MOs
LNO-MP2 Fragment Energy:  -0.13192886
LNO-CCSD Fragment Energy: -0.13765903
LNO-CPU time (s):         75.23 (LAS 25.97 | MP2 17.68 | CCSD 31.57)
LNO-CPU wait time (s):    0.00 (100.0% hidden)
Find Density Fit Teonsers in MF object
Integrals will be built by DF Tensors
Calculating Effective Active Space One-electron Integrals
*** Correlation Space Size ***
N Occupied Orbitals: 24
N Active Orbitals:   128
Build effective h0 and h1 time: 21.145841 s
Composing CDERIs from DF
Build CDERI in cLAS time: 9.099704 s
Raw CDERI in LAS shape: (3912, 8256)
Compress CDERI 2 Chol: 1e-05
Compress CDERI time: 1.877703 s
Finished calculating Integrals
LAS Cholesky shape: (1055, 128, 128)
AFQMC script: /u/yzhang65/myprojects/software/afqmc/afqmc/lno_afqmc/script/run_lno_afqmc_pt2ccsd.py

LNO-AFQMC Started
Hostname:     gpue04.delta.ncsa.illinois.edu
System:       Linux
Node:         gpue04.delta.ncsa.illinois.edu
Release:      5.14.0-570.131.1.el9_6.x86_64
Machine:      x86_64
Processor:    x86_64
JAX backend:  GPU
JAX devices:  [CudaDevice(id=0)]
Device kind:  NVIDIA H200
Platform:     gpu

QMC Parameters
eql_time        -         30
n_prop_steps    -         50
n_blocks        -        840
n_walkers       -        300
max_memory      -     200000
mix_precision   -       True
seed            -       3680
walker_type     -        rhf
trial           -    pt2ccsd
max_error       -    7.2e-05
dt              -      0.005
n_exp_terms     -          6
n_batch         -          1
nchol_chunk     -        100
free_projection -      False

QMC System
Number of Occ. Orbitals:      24
Number of Act. Orbitals:      128
Number of Chol. Vectors:      1055
Mean-Field Energy:            -1832.00523770
Maximum memory per walker:            666.67 MB
Maximum number of Cholesky per chunk: 2666
Number of Cholesky chunks:            1
Number of Cholesky per chunk:         1055
Number of padding Cholesky:           0
Trial:   pt2ccsd(norb=128, nelec=(24, 24), n_batch=1, nchol_chunk=1055, mix_precision=True)
Sampler: sampler_pt2(n_prop_steps=50, n_blocks=840, n_chol=1055, frozen_vir=0)

Initalize QMC walkers by HF

Equilibration
Initial Orbital energy: -0.13766
inv_T  nodes      weight      energy     error   runTime
 0.00      0   300.00000  -1832.00445   0.00000     29.03
 3.00      0   305.11529  -1832.97786   0.02100     37.17
 6.00      0   300.99862  -1832.99553   0.02019     38.58
 9.00      0   298.45669  -1832.94711   0.01854     39.99
12.00      0   299.34751  -1833.04860   0.02873     41.40
15.00      0   298.24946  -1833.00527   0.02162     42.82
18.00      0   298.25456  -1833.00192   0.02058     44.22
21.00      0   299.65412  -1833.03544   0.02114     45.90
24.00      0   298.84271  -1833.03528   0.02244     47.53
27.00      0   298.33900  -1832.99461   0.02209     48.94
30.00      0   298.41603  -1832.99027   0.02079     50.35

Sampling Blocks
Target Final Error ~ 0.000072
   N  nodes      weight      E(Guide)     Error     weightp    E_frag     Error      Time
  20      0   298.51873   -1833.01102   0.00531   303.01107  -0.14362   0.00032     63.92
  40      0   298.53613   -1832.99962   0.00375   302.81828  -0.14378   0.00023     72.55
  60      0   298.54054   -1833.00168   0.00317   302.68280  -0.14382   0.00019     80.80
  80      0   298.64887   -1833.00034   0.00293   302.76176  -0.14379   0.00016     89.08
 100      0   298.02977   -1833.00175   0.00261   302.71792  -0.14374   0.00014     97.33
 120      0   298.29209   -1833.00377   0.00245   302.77740  -0.14381   0.00014    105.56
 140      0   297.85713   -1833.00643   0.00229   302.76939  -0.14392   0.00012    113.80
 160      0   299.26899   -1833.00655   0.00208   302.75062  -0.14392   0.00011    122.04
 180      0   298.66659   -1833.00646   0.00191   302.70618  -0.14384   0.00011    130.28
 200      0   299.07048   -1833.00760   0.00180   302.67693  -0.14398   0.00011    138.53
 220      0   298.80127   -1833.00735   0.00173   302.65417  -0.14407   0.00012    146.76
 240      0   298.56738   -1833.00829   0.00167   302.61480  -0.14403   0.00011    155.00
 260      0   298.92575   -1833.00743   0.00158   302.63496  -0.14405   0.00010    163.24
 280      0   299.34057   -1833.00753   0.00149   302.61644  -0.14406   0.00010    171.48
 300      0   297.71507   -1833.00747   0.00142   302.63651  -0.14402   0.00009    179.74
 320      0   298.05061   -1833.00735   0.00136   302.64674  -0.14404   0.00009    187.98
 340      0   298.40590   -1833.00797   0.00132   302.66068  -0.14408   0.00009    196.23
 360      0   297.33168   -1833.00775   0.00127   302.65186  -0.14404   0.00008    204.50
 380      0   298.36570   -1833.00859   0.00126   302.67310  -0.14402   0.00008    212.75
 400      0   299.40288   -1833.00895   0.00123   302.69542  -0.14406   0.00008    221.00
 420      0   299.11856   -1833.00818   0.00120   302.69772  -0.14404   0.00008    229.24
 440      0   299.19042   -1833.00861   0.00117   302.71361  -0.14406   0.00007    237.49
 460      0   298.52818   -1833.00908   0.00115   302.72414  -0.14408   0.00008    245.73
 480      0   298.89399   -1833.00906   0.00112   302.73799  -0.14403   0.00007    253.98
 500      0   299.02360   -1833.00895   0.00110   302.72873  -0.14404   0.00007    262.22
 520      0   298.32014   -1833.00873   0.00108   302.72259  -0.14405   0.00007    270.48
 540      0   299.02980   -1833.00807   0.00106   302.71363  -0.14404   0.00007    278.74
 560      0   298.19340   -1833.00755   0.00105   302.71759  -0.14403   0.00007    286.98
 580      0   299.17226   -1833.00692   0.00103   302.74237  -0.14400   0.00007    295.22
 600      0   298.39299   -1833.00693   0.00101   302.76242  -0.14399   0.00006    303.46
 620      0   298.43439   -1833.00703   0.00099   302.76943  -0.14401   0.00007    311.71
 640      0   297.88878   -1833.00685   0.00096   302.77014  -0.14401   0.00006    319.97
 660      0   297.90458   -1833.00673   0.00095   302.77999  -0.14403   0.00006    328.26
 680      0   297.54029   -1833.00678   0.00093   302.78248  -0.14400   0.00006    336.51
 700      0   298.83955   -1833.00672   0.00092   302.77944  -0.14400   0.00006    344.76
 720      0   298.88076   -1833.00642   0.00091   302.77872  -0.14397   0.00006    353.01
 740      0   299.35093   -1833.00638   0.00089   302.79362  -0.14396   0.00006    361.26
 760      0   299.07078   -1833.00648   0.00088   302.78489  -0.14396   0.00006    369.50
 780      0   298.88394   -1833.00655   0.00087   302.78571  -0.14398   0.00006    377.75
 800      0   298.05470   -1833.00677   0.00085   302.79096  -0.14396   0.00006    386.00
 820      0   298.61398   -1833.00670   0.00084   302.79833  -0.14396   0.00006    394.24
 840      0   298.52409   -1833.00707   0.00083   302.81003  -0.14396   0.00006    402.50

Post Propagation
Total number of samples 840
Remove Outliers
Remove samples outside Zeta > 30
Outlier bound [-0.18449, -0.10294]
Removed 0 Outliers
Outliers Energy []
nsample = 840, max_block_size = 42, min_nblocks = 20
   B    NB    NS  Observable     Error    dError
   1   840   840  -1833.00704   0.00083   0.00002
   2   420   840  -1833.00705   0.00103   0.00004
   3   280   840  -1833.00705   0.00114   0.00005
   4   210   840  -1833.00705   0.00121   0.00006
   5   168   840  -1833.00706   0.00127   0.00007
   6   140   840  -1833.00706   0.00128   0.00008
   7   120   840  -1833.00706   0.00128   0.00008
   8   105   840  -1833.00706   0.00129   0.00009
   9    93   837  -1833.00699   0.00133   0.00010
  10    84   840  -1833.00706   0.00139   0.00011
  11    76   836  -1833.00693   0.00137   0.00011
  12    70   840  -1833.00706   0.00136   0.00012
  13    64   832  -1833.00676   0.00125   0.00011
  14    60   840  -1833.00706   0.00132   0.00012
  15    56   840  -1833.00706   0.00131   0.00013
  16    52   832  -1833.00676   0.00130   0.00013
  17    49   833  -1833.00680   0.00138   0.00014
  18    46   828  -1833.00670   0.00129   0.00014
  19    44   836  -1833.00693   0.00130   0.00014
  20    42   840  -1833.00706   0.00140   0.00015
  21    40   840  -1833.00706   0.00139   0.00016
  22    38   836  -1833.00693   0.00138   0.00016
  23    36   828  -1833.00670   0.00117   0.00014
  24    35   840  -1833.00706   0.00132   0.00016
  25    33   825  -1833.00665   0.00144   0.00018
  26    32   832  -1833.00676   0.00131   0.00017
  27    31   837  -1833.00699   0.00127   0.00016
  28    30   840  -1833.00706   0.00144   0.00019
  29    28   812  -1833.00663   0.00142   0.00019
  30    28   840  -1833.00706   0.00137   0.00019
  31    27   837  -1833.00699   0.00136   0.00019
  32    26   832  -1833.00676   0.00127   0.00018
  33    25   825  -1833.00665   0.00137   0.00020
  34    24   816  -1833.00676   0.00139   0.00021
  35    24   840  -1833.00707   0.00142   0.00021
  36    23   828  -1833.00670   0.00122   0.00018
  37    22   814  -1833.00671   0.00126   0.00019
  38    22   836  -1833.00694   0.00136   0.00021
  39    21   819  -1833.00673   0.00134   0.00021
  40    21   840  -1833.00707   0.00144   0.00023
  41    20   820  -1833.00670   0.00143   0.00023
  42    20   840  -1833.00707   0.00132   0.00021
Fit (variance): plateau_var = 1.771e-06 ± 6.818e-08
Fit (error):    plateau = 0.00133 ± 0.00003
     autocorrelation length ~ 2.4 blocks
     plateau reached at block size ~ 11
nsample = 840, max_block_size = 42, min_nblocks = 20
Blk_SZ   NBlk   NSmp      Energy     Error    dError
     1    840    840    -0.14393   0.00006   0.00000
     2    420    840    -0.14393   0.00006   0.00000
     3    280    840    -0.14394   0.00007   0.00000
     4    210    840    -0.14394   0.00007   0.00000
     5    168    840    -0.14394   0.00008   0.00000
     6    140    840    -0.14395   0.00008   0.00000
     7    120    840    -0.14395   0.00008   0.00001
     8    105    840    -0.14395   0.00009   0.00001
     9     93    837    -0.14395   0.00009   0.00001
    10     84    840    -0.14395   0.00009   0.00001
    11     76    836    -0.14395   0.00009   0.00001
    12     70    840    -0.14395   0.00009   0.00001
    13     64    832    -0.14396   0.00009   0.00001
    14     60    840    -0.14395   0.00009   0.00001
    15     56    840    -0.14395   0.00009   0.00001
    16     52    832    -0.14396   0.00010   0.00001
    17     49    833    -0.14396   0.00008   0.00001
    18     46    828    -0.14396   0.00009   0.00001
    19     44    836    -0.14396   0.00009   0.00001
    20     42    840    -0.14395   0.00009   0.00001
    21     40    840    -0.14396   0.00008   0.00001
    22     38    836    -0.14396   0.00008   0.00001
    23     36    828    -0.14396   0.00009   0.00001
    24     35    840    -0.14396   0.00009   0.00001
    25     33    825    -0.14396   0.00009   0.00001
    26     32    832    -0.14396   0.00009   0.00001
    27     31    837    -0.14396   0.00009   0.00001
    28     30    840    -0.14395   0.00009   0.00001
    29     28    812    -0.14394   0.00009   0.00001
    30     28    840    -0.14396   0.00011   0.00001
    31     27    837    -0.14396   0.00008   0.00001
    32     26    832    -0.14396   0.00009   0.00001
    33     25    825    -0.14396   0.00008   0.00001
    34     24    816    -0.14395   0.00007   0.00001
    35     24    840    -0.14396   0.00010   0.00002
    36     23    828    -0.14396   0.00008   0.00001
    37     22    814    -0.14395   0.00009   0.00001
    38     22    836    -0.14396   0.00009   0.00001
    39     21    819    -0.14396   0.00006   0.00001
    40     21    840    -0.14396   0.00006   0.00001
    41     20    820    -0.14396   0.00010   0.00002
    42     20    840    -0.14396   0.00008   0.00001
Fit (variance): plateau_var = 7.11631e-09 ± 2.91533e-10
Fit (error):    plateau = 0.00008 ± 0.00000
     autocorrelation length ~ 2.8 blocks
     plateau reached at block size ~ 13
Final AFQMC/HF Guiding Energy:      -1833.0071 +/- 0.0013
Final AFQMC/pt2CCSD Orbital Energy: -0.14396 +/- 0.00008
<t1> = weightp/weight = 1.01388
Total run time: 402.51

AFQMC Sampling Finished

LNO-Integral time (s):    37.35
LNO-AFQMC time (s):       405.95


======================= LNO-FRAGMENT [C53H67] 42/(48,48) =======================
Fragment Num.  42
Fragment Idx.  42
Fragment Name  C53H67
LNO THRESHOLD  [0.00030000000000000003, 3e-05]
PySCF Threads  12
LNO-LAS: 24/156 Occ | 104/636 Vir | 128/792 MOs
LNO-MP2 Fragment Energy:  -0.13255419
LNO-CCSD Fragment Energy: -0.13826246
LNO-CPU time (s):         65.58 (LAS 27.35 | MP2 8.00 | CCSD 30.23)
LNO-CPU wait time (s):    0.00 (100.0% hidden)
Find Density Fit Teonsers in MF object
Integrals will be built by DF Tensors
Calculating Effective Active Space One-electron Integrals
*** Correlation Space Size ***
N Occupied Orbitals: 24
N Active Orbitals:   128
Build effective h0 and h1 time: 9.531436 s
Composing CDERIs from DF
Build CDERI in cLAS time: 6.126910 s
Raw CDERI in LAS shape: (3912, 8256)
Compress CDERI 2 Chol: 1e-05
Compress CDERI time: 1.478485 s
Finished calculating Integrals
LAS Cholesky shape: (1060, 128, 128)
AFQMC script: /u/yzhang65/myprojects/software/afqmc/afqmc/lno_afqmc/script/run_lno_afqmc_pt2ccsd.py

LNO-AFQMC Started
Hostname:     gpue04.delta.ncsa.illinois.edu
System:       Linux
Node:         gpue04.delta.ncsa.illinois.edu
Release:      5.14.0-570.131.1.el9_6.x86_64
Machine:      x86_64
Processor:    x86_64
JAX backend:  GPU
JAX devices:  [CudaDevice(id=0)]
Device kind:  NVIDIA H200
Platform:     gpu

QMC Parameters
eql_time        -         30
n_prop_steps    -         50
n_blocks        -        840
n_walkers       -        300
max_memory      -     200000
mix_precision   -       True
seed            -       1478
walker_type     -        rhf
trial           -    pt2ccsd
max_error       -    7.2e-05
dt              -      0.005
n_exp_terms     -          6
n_batch         -          1
nchol_chunk     -        100
free_projection -      False

QMC System
Number of Occ. Orbitals:      24
Number of Act. Orbitals:      128
Number of Chol. Vectors:      1060
Mean-Field Energy:            -1832.00523770
Maximum memory per walker:            666.67 MB
Maximum number of Cholesky per chunk: 2666
Number of Cholesky chunks:            1
Number of Cholesky per chunk:         1060
Number of padding Cholesky:           0
Trial:   pt2ccsd(norb=128, nelec=(24, 24), n_batch=1, nchol_chunk=1060, mix_precision=True)
Sampler: sampler_pt2(n_prop_steps=50, n_blocks=840, n_chol=1060, frozen_vir=0)

Initalize QMC walkers by HF

Equilibration
Initial Orbital energy: -0.13826
inv_T  nodes      weight      energy     error   runTime
 0.00      0   300.00000  -1832.00440   0.00000     35.78
 3.00      0   304.57057  -1833.01054   0.02351     41.82
 6.00      0   300.78290  -1833.03340   0.02676     43.25
 9.00      0   298.68769  -1832.99186   0.02053     44.67
12.00      0   298.96569  -1833.00080   0.02248     46.11
15.00      0   299.30891  -1833.04754   0.02431     47.54
18.00      0   298.85906  -1833.05400   0.02386     48.96
21.00      0   297.39819  -1832.97202   0.01844     50.38
24.00      0   298.92771  -1832.98848   0.01920     51.81
27.00      0   298.75025  -1832.96751   0.01970     53.23
30.00      0   298.37717  -1832.97822   0.02143     54.65

Sampling Blocks
Target Final Error ~ 0.000072
   N  nodes      weight      E(Guide)     Error     weightp    E_frag     Error      Time
  20      0   298.36586   -1833.00733   0.00384   302.79993  -0.14547   0.00054     68.82
  40      0   297.98511   -1833.01316   0.00416   302.90782  -0.14485   0.00032     77.34
  60      0   298.30619   -1833.00976   0.00339   302.91387  -0.14470   0.00024     85.62
  80      0   298.75092   -1833.01090   0.00276   302.94426  -0.14479   0.00019     93.91
 100      0   299.23417   -1833.00958   0.00244   302.94562  -0.14487   0.00019    102.21
 120      0   299.18670   -1833.01002   0.00226   303.07191  -0.14490   0.00017    110.48
 140      0   298.50288   -1833.00974   0.00200   303.09645  -0.14480   0.00015    118.77
 160      0   298.03719   -1833.01016   0.00186   303.20818  -0.14476   0.00013    127.05
 180      0   298.76550   -1833.00928   0.00174   303.24636  -0.14479   0.00013    135.34
 200      0   297.96635   -1833.00883   0.00163   303.25524  -0.14473   0.00012    143.64
 220      0   299.02859   -1833.00678   0.00156   303.24655  -0.14465   0.00011    151.93
 240      0   299.16200   -1833.00862   0.00151   303.26612  -0.14467   0.00010    160.21
 260      0   299.67084   -1833.00798   0.00148   303.32441  -0.14471   0.00010    168.52
 280      0   298.28272   -1833.00768   0.00142   303.35631  -0.14472   0.00009    176.79
 300      0   298.47688   -1833.00799   0.00138   303.37011  -0.14471   0.00009    185.08
 320      0   297.51149   -1833.00803   0.00133   303.35781  -0.14480   0.00010    193.36
 340      0   297.80296   -1833.00797   0.00126   303.33454  -0.14479   0.00010    201.64
 360      0   298.61287   -1833.00754   0.00122   303.31484  -0.14477   0.00009    209.93
 380      0   299.00972   -1833.00887   0.00123   303.29419  -0.14475   0.00009    218.22
 400      0   298.96242   -1833.00848   0.00119   303.28755  -0.14472   0.00009    226.52
 420      0   298.14919   -1833.00932   0.00118   303.28156  -0.14474   0.00008    234.81
 440      0   299.11891   -1833.01007   0.00116   303.28941  -0.14474   0.00008    243.10
 460      0   298.56564   -1833.00986   0.00112   303.26598  -0.14471   0.00008    251.38
 480      0   298.26549   -1833.00963   0.00109   303.24836  -0.14470   0.00008    259.67
 500      0   297.79314   -1833.00938   0.00106   303.22660  -0.14468   0.00007    267.94
 520      0   298.91960   -1833.00938   0.00103   303.22367  -0.14473   0.00007    276.23
 540      0   298.03127   -1833.00928   0.00101   303.21210  -0.14472   0.00007    284.52
 560      0   299.05601   -1833.00900   0.00101   303.19792  -0.14471   0.00007    292.80
 580      0   298.74281   -1833.00841   0.00100   303.19999  -0.14470   0.00007    301.10
 600      0   299.73135   -1833.00768   0.00099   303.20139  -0.14467   0.00007    309.38
 620      0   298.83539   -1833.00744   0.00098   303.20740  -0.14468   0.00007    317.73
 640      0   299.14304   -1833.00771   0.00095   303.20343  -0.14470   0.00006    326.01
 660      0   298.44283   -1833.00769   0.00093   303.19095  -0.14469   0.00006    334.31
 680      0   298.04059   -1833.00757   0.00091   303.18840  -0.14468   0.00006    342.60
 700      0   298.62265   -1833.00718   0.00090   303.18953  -0.14466   0.00006    350.89
 720      0   298.64359   -1833.00688   0.00089   303.19502  -0.14465   0.00006    359.18
 740      0   297.95596   -1833.00713   0.00089   303.19742  -0.14465   0.00006    367.47
 760      0   298.89921   -1833.00699   0.00088   303.19951  -0.14465   0.00006    375.76
 780      0   298.52568   -1833.00680   0.00086   303.19977  -0.14464   0.00006    384.06
 800      0   299.08803   -1833.00662   0.00085   303.20158  -0.14464   0.00006    392.34
 820      0   298.84314   -1833.00672   0.00084   303.21647  -0.14464   0.00005    400.62
 840      0   298.45364   -1833.00644   0.00082   303.22154  -0.14466   0.00006    408.92

Post Propagation
Total number of samples 840
Remove Outliers
Remove samples outside Zeta > 30
Outlier bound [-0.18232, -0.10647]
Removed 0 Outliers
Outliers Energy []
nsample = 840, max_block_size = 42, min_nblocks = 20
   B    NB    NS  Observable     Error    dError
   1   840   840  -1833.00642   0.00082   0.00002
   2   420   840  -1833.00643   0.00103   0.00004
   3   280   840  -1833.00643   0.00116   0.00005
   4   210   840  -1833.00643   0.00122   0.00006
   5   168   840  -1833.00643   0.00132   0.00007
   6   140   840  -1833.00643   0.00138   0.00008
   7   120   840  -1833.00644   0.00136   0.00009
   8   105   840  -1833.00644   0.00141   0.00010
   9    93   837  -1833.00649   0.00150   0.00011
  10    84   840  -1833.00644   0.00156   0.00012
  11    76   836  -1833.00649   0.00147   0.00012
  12    70   840  -1833.00644   0.00150   0.00013
  13    64   832  -1833.00659   0.00150   0.00013
  14    60   840  -1833.00644   0.00135   0.00012
  15    56   840  -1833.00644   0.00151   0.00014
  16    52   832  -1833.00659   0.00148   0.00015
  17    49   833  -1833.00657   0.00149   0.00015
  18    46   828  -1833.00656   0.00155   0.00016
  19    44   836  -1833.00649   0.00151   0.00016
  20    42   840  -1833.00644   0.00158   0.00017
  21    40   840  -1833.00644   0.00165   0.00019
  22    38   836  -1833.00649   0.00168   0.00019
  23    36   828  -1833.00656   0.00138   0.00016
  24    35   840  -1833.00644   0.00156   0.00019
  25    33   825  -1833.00660   0.00152   0.00019
  26    32   832  -1833.00660   0.00138   0.00017
  27    31   837  -1833.00649   0.00159   0.00021
  28    30   840  -1833.00644   0.00142   0.00019
  29    28   812  -1833.00663   0.00144   0.00020
  30    28   840  -1833.00644   0.00148   0.00020
  31    27   837  -1833.00649   0.00148   0.00021
  32    26   832  -1833.00660   0.00154   0.00022
  33    25   825  -1833.00660   0.00150   0.00022
  34    24   816  -1833.00667   0.00140   0.00021
  35    24   840  -1833.00644   0.00147   0.00022
  36    23   828  -1833.00656   0.00162   0.00024
  37    22   814  -1833.00663   0.00154   0.00024
  38    22   836  -1833.00649   0.00158   0.00024
  39    21   819  -1833.00673   0.00146   0.00023
  40    21   840  -1833.00644   0.00163   0.00026
  41    20   820  -1833.00672   0.00142   0.00023
  42    20   840  -1833.00644   0.00135   0.00022
Fit (variance): plateau_var = 2.243e-06 ± 9.767e-08
Fit (error):    plateau = 0.00150 ± 0.00003
     autocorrelation length ~ 3.7 blocks
     plateau reached at block size ~ 17
nsample = 840, max_block_size = 42, min_nblocks = 20
Blk_SZ   NBlk   NSmp      Energy     Error    dError
     1    840    840    -0.14462   0.00006   0.00000
     2    420    840    -0.14463   0.00007   0.00000
     3    280    840    -0.14464   0.00007   0.00000
     4    210    840    -0.14464   0.00008   0.00000
     5    168    840    -0.14464   0.00007   0.00000
     6    140    840    -0.14465   0.00008   0.00000
     7    120    840    -0.14465   0.00008   0.00001
     8    105    840    -0.14465   0.00008   0.00001
     9     93    837    -0.14465   0.00008   0.00001
    10     84    840    -0.14465   0.00008   0.00001
    11     76    836    -0.14466   0.00008   0.00001
    12     70    840    -0.14465   0.00008   0.00001
    13     64    832    -0.14466   0.00008   0.00001
    14     60    840    -0.14466   0.00008   0.00001
    15     56    840    -0.14465   0.00008   0.00001
    16     52    832    -0.14466   0.00009   0.00001
    17     49    833    -0.14466   0.00008   0.00001
    18     46    828    -0.14464   0.00008   0.00001
    19     44    836    -0.14466   0.00009   0.00001
    20     42    840    -0.14466   0.00008   0.00001
    21     40    840    -0.14466   0.00008   0.00001
    22     38    836    -0.14466   0.00009   0.00001
    23     36    828    -0.14464   0.00008   0.00001
    24     35    840    -0.14466   0.00009   0.00001
    25     33    825    -0.14464   0.00009   0.00001
    26     32    832    -0.14467   0.00009   0.00001
    27     31    837    -0.14466   0.00008   0.00001
    28     30    840    -0.14466   0.00008   0.00001
    29     28    812    -0.14463   0.00009   0.00001
    30     28    840    -0.14466   0.00008   0.00001
    31     27    837    -0.14466   0.00009   0.00001
    32     26    832    -0.14467   0.00008   0.00001
    33     25    825    -0.14464   0.00009   0.00001
    34     24    816    -0.14463   0.00007   0.00001
    35     24    840    -0.14466   0.00008   0.00001
    36     23    828    -0.14464   0.00007   0.00001
    37     22    814    -0.14463   0.00008   0.00001
    38     22    836    -0.14467   0.00009   0.00001
    39     21    819    -0.14464   0.00006   0.00001
    40     21    840    -0.14466   0.00009   0.00001
    41     20    820    -0.14464   0.00007   0.00001
    42     20    840    -0.14466   0.00007   0.00001
Fit (variance): plateau_var = 6.32013e-09 ± 2.48160e-10
Fit (error):    plateau = 0.00008 ± 0.00000
     autocorrelation length ~ 2.4 blocks
     plateau reached at block size ~ 11
Final AFQMC/HF Guiding Energy:      -1833.0064 +/- 0.0015
Final AFQMC/pt2CCSD Orbital Energy: -0.14466 +/- 0.00008
<t1> = weightp/weight = 1.01524
Total run time: 408.93

AFQMC Sampling Finished

LNO-Integral time (s):    21.50
LNO-AFQMC time (s):       412.41


======================== LNO-FRAGMENT [C54] 43/(48,48) =========================
Fragment Num.  43
Fragment Idx.  43
Fragment Name  C54
LNO THRESHOLD  [0.00030000000000000003, 3e-05]
PySCF Threads  12
LNO-LAS: 27/156 Occ | 119/636 Vir | 146/792 MOs
LNO-MP2 Fragment Energy:  -0.11744299
LNO-CCSD Fragment Energy: -0.11791908
LNO-CPU time (s):         86.67 (LAS 24.83 | MP2 12.73 | CCSD 49.12)
LNO-CPU wait time (s):    0.00 (100.0% hidden)
Find Density Fit Teonsers in MF object
Integrals will be built by DF Tensors
Calculating Effective Active Space One-electron Integrals
*** Correlation Space Size ***
N Occupied Orbitals: 27
N Active Orbitals:   146
Build effective h0 and h1 time: 7.978603 s
Composing CDERIs from DF
Build CDERI in cLAS time: 6.590661 s
Raw CDERI in LAS shape: (3912, 10731)
Compress CDERI 2 Chol: 1e-05
Compress CDERI time: 2.044500 s
Finished calculating Integrals
LAS Cholesky shape: (1165, 146, 146)
AFQMC script: /u/yzhang65/myprojects/software/afqmc/afqmc/lno_afqmc/script/run_lno_afqmc_pt2ccsd.py

LNO-AFQMC Started
Hostname:     gpue04.delta.ncsa.illinois.edu
System:       Linux
Node:         gpue04.delta.ncsa.illinois.edu
Release:      5.14.0-570.131.1.el9_6.x86_64
Machine:      x86_64
Processor:    x86_64
JAX backend:  GPU
JAX devices:  [CudaDevice(id=0)]
Device kind:  NVIDIA H200
Platform:     gpu

QMC Parameters
eql_time        -         30
n_prop_steps    -         50
n_blocks        -        840
n_walkers       -        300
max_memory      -     200000
mix_precision   -       True
seed            -       4772
walker_type     -        rhf
trial           -    pt2ccsd
max_error       -    7.2e-05
dt              -      0.005
n_exp_terms     -          6
n_batch         -          1
nchol_chunk     -        100
free_projection -      False

QMC System
Number of Occ. Orbitals:      27
Number of Act. Orbitals:      146
Number of Chol. Vectors:      1165
Mean-Field Energy:            -1832.00523770
Maximum memory per walker:            666.67 MB
Maximum number of Cholesky per chunk: 2049
Number of Cholesky chunks:            1
Number of Cholesky per chunk:         1165
Number of padding Cholesky:           0
Trial:   pt2ccsd(norb=146, nelec=(27, 27), n_batch=1, nchol_chunk=1165, mix_precision=True)
Sampler: sampler_pt2(n_prop_steps=50, n_blocks=840, n_chol=1165, frozen_vir=0)

Initalize QMC walkers by HF

Equilibration
Initial Orbital energy: -0.11792
inv_T  nodes      weight      energy     error   runTime
 0.00      0   300.00000  -1832.00433   0.00000     30.76
 3.00      0   305.85779  -1833.20073   0.02490     37.46
 6.00      0   300.03669  -1833.18108   0.02325     39.46
 9.00      0   298.96863  -1833.19082   0.02261     41.46
12.00      0   298.22812  -1833.20840   0.02393     43.46
15.00      0   298.77436  -1833.20299   0.02466     45.45
18.00      0   298.44936  -1833.21931   0.02583     47.45
21.00      0   298.79207  -1833.16337   0.02304     49.45
24.00      0   298.32163  -1833.15681   0.02311     51.45
27.00      0   299.09378  -1833.23776   0.02603     53.45
30.00      0   298.06408  -1833.19802   0.02296     55.44

Sampling Blocks
Target Final Error ~ 0.000072
   N  nodes      weight      E(Guide)     Error     weightp    E_frag     Error      Time
  20      0   297.88632   -1833.19558   0.00637   302.65550  -0.12468   0.00029     75.76
  40      0   299.40236   -1833.19343   0.00395   302.74267  -0.12435   0.00018     90.24
  60      0   298.09325   -1833.19633   0.00413   302.86258  -0.12466   0.00028    104.50
  80      0   297.86212   -1833.19306   0.00329   302.80577  -0.12472   0.00024    118.74
 100      0   299.01840   -1833.19151   0.00285   302.80904  -0.12474   0.00020    132.99
 120      0   298.96248   -1833.19229   0.00250   302.85445  -0.12460   0.00017    147.24
 140      0   298.61278   -1833.19342   0.00224   302.86717  -0.12459   0.00016    161.48
 160      0   298.90379   -1833.19220   0.00215   302.90723  -0.12447   0.00014    175.72
 180      0   298.44213   -1833.19131   0.00201   302.93058  -0.12442   0.00013    189.95
 200      0   297.92704   -1833.19153   0.00186   303.01266  -0.12437   0.00012    204.23
 220      0   299.12005   -1833.19135   0.00178   303.04426  -0.12436   0.00011    218.49
 240      0   298.41571   -1833.19277   0.00171   303.04863  -0.12443   0.00011    232.75
 260      0   299.74442   -1833.19310   0.00162   303.07023  -0.12440   0.00010    247.04
 280      0   298.08385   -1833.19181   0.00157   303.05712  -0.12434   0.00010    261.30
 300      0   298.79843   -1833.19168   0.00152   303.08806  -0.12435   0.00009    275.56
 320      0   298.73342   -1833.19170   0.00146   303.08532  -0.12437   0.00009    289.84
 340      0   298.74993   -1833.19263   0.00141   303.08961  -0.12442   0.00009    304.10
 360      0   297.68983   -1833.19159   0.00137   303.08455  -0.12440   0.00008    318.35
 380      0   298.42891   -1833.19141   0.00133   303.09864  -0.12438   0.00008    332.61
 400      0   297.69512   -1833.19209   0.00131   303.09934  -0.12435   0.00008    346.87
 420      0   299.22720   -1833.19233   0.00127   303.08978  -0.12435   0.00007    361.14
 440      0   298.16177   -1833.19217   0.00124   303.06294  -0.12435   0.00007    375.40
 460      0   298.93641   -1833.19177   0.00121   303.06151  -0.12430   0.00007    389.65
 480      0   297.55183   -1833.19188   0.00117   303.06222  -0.12430   0.00007    403.90
 500      0   298.18390   -1833.19174   0.00113   303.05502  -0.12432   0.00006    418.15
 520      0   298.92855   -1833.19140   0.00111   303.04033  -0.12429   0.00006    432.41
 540      0   299.15505   -1833.19159   0.00109   303.03865  -0.12429   0.00006    446.65
 560      0   297.66146   -1833.19134   0.00106   303.03155  -0.12427   0.00006    460.90
 580      0   298.46313   -1833.19107   0.00105   303.04383  -0.12427   0.00006    475.15
 600      0   298.40421   -1833.19138   0.00102   303.05355  -0.12427   0.00006    489.40
 620      0   298.48764   -1833.19133   0.00102   303.05230  -0.12426   0.00006    503.64
 640      0   298.15282   -1833.19159   0.00100   303.04629  -0.12428   0.00006    517.91
 660      0   297.45716   -1833.19170   0.00098   303.05248  -0.12428   0.00006    532.14
 680      0   297.62994   -1833.19175   0.00098   303.07310  -0.12428   0.00005    546.38
 700      0   298.70138   -1833.19166   0.00096   303.07525  -0.12430   0.00005    560.61

Post Propagation
Total number of samples 700
Remove Outliers
Remove samples outside Zeta > 30
Outlier bound [-0.15760, -0.09054]
Removed 0 Outliers
Outliers Energy []
nsample = 700, max_block_size = 35, min_nblocks = 20
   B    NB    NS  Observable     Error    dError
   1   700   700  -1833.19163   0.00096   0.00003
   2   350   700  -1833.19164   0.00116   0.00004
   3   233   699  -1833.19168   0.00130   0.00006
   4   175   700  -1833.19165   0.00130   0.00007
   5   140   700  -1833.19165   0.00143   0.00009
   6   116   696  -1833.19162   0.00135   0.00009
   7   100   700  -1833.19165   0.00136   0.00010
   8    87   696  -1833.19162   0.00148   0.00011
   9    77   693  -1833.19166   0.00148   0.00012
  10    70   700  -1833.19165   0.00147   0.00013
  11    63   693  -1833.19166   0.00140   0.00013
  12    58   696  -1833.19162   0.00147   0.00014
  13    53   689  -1833.19166   0.00141   0.00014
  14    50   700  -1833.19165   0.00142   0.00014
  15    46   690  -1833.19168   0.00150   0.00016
  16    43   688  -1833.19164   0.00138   0.00015
  17    41   697  -1833.19163   0.00134   0.00015
  18    38   684  -1833.19162   0.00147   0.00017
  19    36   684  -1833.19162   0.00147   0.00018
  20    35   700  -1833.19165   0.00140   0.00017
  21    33   693  -1833.19166   0.00142   0.00018
  22    31   682  -1833.19165   0.00141   0.00018
  23    30   690  -1833.19168   0.00143   0.00019
  24    29   696  -1833.19162   0.00161   0.00022
  25    28   700  -1833.19166   0.00124   0.00017
  26    26   676  -1833.19195   0.00133   0.00019
  27    25   675  -1833.19195   0.00150   0.00022
  28    25   700  -1833.19166   0.00129   0.00019
  29    24   696  -1833.19162   0.00157   0.00023
  30    23   690  -1833.19168   0.00124   0.00019
  31    22   682  -1833.19165   0.00146   0.00023
  32    21   672  -1833.19185   0.00149   0.00023
  33    21   693  -1833.19167   0.00144   0.00023
  34    20   680  -1833.19175   0.00153   0.00025
  35    20   700  -1833.19166   0.00132   0.00021
Fit (variance): plateau_var = 2.002e-06 ± 8.444e-08
Fit (error):    plateau = 0.00141 ± 0.00003
     autocorrelation length ~ 1.8 blocks
     plateau reached at block size ~ 9
nsample = 700, max_block_size = 35, min_nblocks = 20
Blk_SZ   NBlk   NSmp      Energy     Error    dError
     1    700    700    -0.12427   0.00005   0.00000
     2    350    700    -0.12428   0.00006   0.00000
     3    233    699    -0.12428   0.00007   0.00000
     4    175    700    -0.12429   0.00007   0.00000
     5    140    700    -0.12429   0.00007   0.00000
     6    116    696    -0.12429   0.00007   0.00000
     7    100    700    -0.12429   0.00008   0.00001
     8     87    696    -0.12429   0.00007   0.00001
     9     77    693    -0.12429   0.00008   0.00001
    10     70    700    -0.12429   0.00008   0.00001
    11     63    693    -0.12429   0.00008   0.00001
    12     58    696    -0.12429   0.00007   0.00001
    13     53    689    -0.12428   0.00008   0.00001
    14     50    700    -0.12429   0.00009   0.00001
    15     46    690    -0.12428   0.00008   0.00001
    16     43    688    -0.12427   0.00008   0.00001
    17     41    697    -0.12429   0.00008   0.00001
    18     38    684    -0.12427   0.00008   0.00001
    19     36    684    -0.12427   0.00009   0.00001
    20     35    700    -0.12429   0.00009   0.00001
    21     33    693    -0.12429   0.00009   0.00001
    22     31    682    -0.12427   0.00009   0.00001
    23     30    690    -0.12428   0.00009   0.00001
    24     29    696    -0.12429   0.00009   0.00001
    25     28    700    -0.12430   0.00009   0.00001
    26     26    676    -0.12428   0.00009   0.00001
    27     25    675    -0.12428   0.00009   0.00001
    28     25    700    -0.12430   0.00008   0.00001
    29     24    696    -0.12429   0.00008   0.00001
    30     23    690    -0.12428   0.00008   0.00001
    31     22    682    -0.12427   0.00009   0.00001
    32     21    672    -0.12428   0.00008   0.00001
    33     21    693    -0.12429   0.00009   0.00001
    34     20    680    -0.12428   0.00009   0.00001
    35     20    700    -0.12430   0.00010   0.00002
Fit (variance): plateau_var = 7.11619e-09 ± 4.78061e-10
Fit (error):    plateau = 0.00008 ± 0.00000
     autocorrelation length ~ 5.7 blocks
     plateau reached at block size ~ 25
Final AFQMC/HF Guiding Energy:      -1833.1917 +/- 0.0014
Final AFQMC/pt2CCSD Orbital Energy: -0.12430 +/- 0.00008
<t1> = weightp/weight = 1.01513
Total run time: 560.62

AFQMC Sampling Finished

LNO-Integral time (s):    22.09
LNO-AFQMC time (s):       564.21


======================= LNO-FRAGMENT [C55H68] 44/(48,48) =======================
Fragment Num.  44
Fragment Idx.  44
Fragment Name  C55H68
LNO THRESHOLD  [0.00030000000000000003, 3e-05]
PySCF Threads  12
LNO-LAS: 23/156 Occ | 101/636 Vir | 124/792 MOs
LNO-MP2 Fragment Energy:  -0.13206027
LNO-CCSD Fragment Energy: -0.13786079
LNO-CPU time (s):         54.66 (LAS 24.97 | MP2 4.77 | CCSD 24.93)
LNO-CPU wait time (s):    0.00 (100.0% hidden)
Find Density Fit Teonsers in MF object
Integrals will be built by DF Tensors
Calculating Effective Active Space One-electron Integrals
*** Correlation Space Size ***
N Occupied Orbitals: 23
N Active Orbitals:   124
Build effective h0 and h1 time: 75.631787 s
Composing CDERIs from DF
Build CDERI in cLAS time: 9.021105 s
Raw CDERI in LAS shape: (3912, 7750)
Compress CDERI 2 Chol: 1e-05
Compress CDERI time: 3.237068 s
Finished calculating Integrals
LAS Cholesky shape: (1004, 124, 124)
AFQMC script: /u/yzhang65/myprojects/software/afqmc/afqmc/lno_afqmc/script/run_lno_afqmc_pt2ccsd.py

LNO-AFQMC Started
Hostname:     gpue04.delta.ncsa.illinois.edu
System:       Linux
Node:         gpue04.delta.ncsa.illinois.edu
Release:      5.14.0-570.131.1.el9_6.x86_64
Machine:      x86_64
Processor:    x86_64
JAX backend:  GPU
JAX devices:  [CudaDevice(id=0)]
Device kind:  NVIDIA H200
Platform:     gpu

QMC Parameters
eql_time        -         30
n_prop_steps    -         50
n_blocks        -        840
n_walkers       -        300
max_memory      -     200000
mix_precision   -       True
seed            -       2920
walker_type     -        rhf
trial           -    pt2ccsd
max_error       -    7.2e-05
dt              -      0.005
n_exp_terms     -          6
n_batch         -          1
nchol_chunk     -        100
free_projection -      False

QMC System
Number of Occ. Orbitals:      23
Number of Act. Orbitals:      124
Number of Chol. Vectors:      1004
Mean-Field Energy:            -1832.00523770
Maximum memory per walker:            666.67 MB
Maximum number of Cholesky per chunk: 2841
Number of Cholesky chunks:            1
Number of Cholesky per chunk:         1004
Number of padding Cholesky:           0
Trial:   pt2ccsd(norb=124, nelec=(23, 23), n_batch=1, nchol_chunk=1004, mix_precision=True)
Sampler: sampler_pt2(n_prop_steps=50, n_blocks=840, n_chol=1004, frozen_vir=0)

Initalize QMC walkers by HF

Equilibration
Initial Orbital energy: -0.13785
inv_T  nodes      weight      energy     error   runTime
 0.00      0   300.00000  -1832.00453   0.00000     38.48
 3.00      0   304.01233  -1832.95767   0.02060     46.13
 6.00      0   301.29096  -1833.02599   0.02327     47.56
 9.00      0   299.86532  -1832.99603   0.01954     48.99
12.00      0   298.85954  -1832.99327   0.02424     50.42
15.00      0   298.91988  -1832.99499   0.02031     51.85
18.00      0   298.75036  -1832.98491   0.02018     53.28
21.00      0   298.75411  -1833.01675   0.02171     54.70
24.00      0   298.96309  -1833.00959   0.02071     56.14
27.00      0   299.57578  -1833.03082   0.02717     57.57
30.00      0   299.76206  -1833.10072   0.02911     58.99

Sampling Blocks
Target Final Error ~ 0.000072
   N  nodes      weight      E(Guide)     Error     weightp    E_frag     Error      Time
  20      0   297.80702   -1833.01506   0.00697   303.29212  -0.14505   0.00091     71.92
  40      0   298.99338   -1833.00278   0.00467   303.13062  -0.14433   0.00048     79.77
  60      0   298.32091   -1832.99971   0.00347   303.11395  -0.14408   0.00034     87.39
  80      0   299.39306   -1832.99608   0.00285   303.15668  -0.14393   0.00027     95.05
 100      0   298.88564   -1832.99764   0.00259   303.18218  -0.14413   0.00024    102.67
 120      0   298.89363   -1832.99769   0.00222   303.21521  -0.14424   0.00023    110.31
 140      0   297.41971   -1832.99632   0.00203   303.16450  -0.14417   0.00020    117.95
 160      0   298.75997   -1832.99686   0.00187   303.11040  -0.14416   0.00019    125.58
 180      0   299.45937   -1832.99700   0.00172   303.07185  -0.14412   0.00017    133.22
 200      0   299.55639   -1832.99723   0.00160   303.12890  -0.14411   0.00015    140.86
 220      0   297.87100   -1832.99849   0.00161   303.16316  -0.14404   0.00014    148.51
 240      0   298.91309   -1832.99764   0.00152   303.17453  -0.14401   0.00013    156.14
 260      0   298.23184   -1832.99692   0.00144   303.16600  -0.14397   0.00013    163.79
 280      0   297.32714   -1832.99759   0.00139   303.17328  -0.14398   0.00012    171.41
 300      0   298.26899   -1832.99736   0.00134   303.17700  -0.14398   0.00011    179.05
 320      0   298.36596   -1832.99713   0.00130   303.16417  -0.14398   0.00011    186.69
 340      0   299.32647   -1832.99768   0.00126   303.18178  -0.14398   0.00010    194.32
 360      0   299.52046   -1832.99771   0.00125   303.17006  -0.14396   0.00010    201.95
 380      0   299.35858   -1832.99793   0.00121   303.18813  -0.14396   0.00010    209.58
 400      0   298.13234   -1832.99833   0.00119   303.15643  -0.14394   0.00009    217.22
 420      0   297.68192   -1832.99728   0.00117   303.14751  -0.14394   0.00009    224.85
 440      0   298.26866   -1832.99630   0.00117   303.13925  -0.14394   0.00009    232.50
 460      0   298.93343   -1832.99697   0.00114   303.13679  -0.14396   0.00008    240.14
 480      0   299.24738   -1832.99663   0.00111   303.12801  -0.14395   0.00008    247.77
 500      0   298.38265   -1832.99650   0.00108   303.12099  -0.14394   0.00008    255.39
 520      0   298.71352   -1832.99660   0.00105   303.12999  -0.14395   0.00008    263.03
 540      0   298.38300   -1832.99612   0.00103   303.12633  -0.14394   0.00008    270.67
 560      0   299.03312   -1832.99590   0.00103   303.13023  -0.14395   0.00008    278.32
 580      0   298.44617   -1832.99637   0.00101   303.12567  -0.14398   0.00007    285.95
 600      0   297.83083   -1832.99623   0.00099   303.10449  -0.14396   0.00007    293.59
 620      0   298.22285   -1832.99579   0.00097   303.10436  -0.14393   0.00007    301.24
 640      0   298.66049   -1832.99562   0.00095   303.09095  -0.14391   0.00007    308.87
 660      0   298.08810   -1832.99531   0.00094   303.07257  -0.14394   0.00007    316.51
 680      0   298.56067   -1832.99523   0.00092   303.07815  -0.14393   0.00007    324.14
 700      0   299.14308   -1832.99502   0.00091   303.06489  -0.14389   0.00007    331.76
 720      0   299.30037   -1832.99480   0.00090   303.06254  -0.14390   0.00007    339.38
 740      0   299.04725   -1832.99485   0.00088   303.06644  -0.14389   0.00007    347.03
 760      0   299.12919   -1832.99494   0.00087   303.06412  -0.14391   0.00007    354.67
 780      0   299.22997   -1832.99487   0.00086   303.05996  -0.14391   0.00007    362.29
 800      0   297.88404   -1832.99493   0.00084   303.04841  -0.14390   0.00006    369.95
 820      0   299.17092   -1832.99513   0.00083   303.04786  -0.14390   0.00006    377.59
 840      0   299.47316   -1832.99532   0.00082   303.05366  -0.14388   0.00006    385.23

Post Propagation
Total number of samples 840
Remove Outliers
Remove samples outside Zeta > 30
Outlier bound [-0.18560, -0.10183]
Removed 0 Outliers
Outliers Energy []
nsample = 840, max_block_size = 42, min_nblocks = 20
   B    NB    NS  Observable     Error    dError
   1   840   840  -1832.99530   0.00082   0.00002
   2   420   840  -1832.99531   0.00102   0.00004
   3   280   840  -1832.99531   0.00115   0.00005
   4   210   840  -1832.99531   0.00123   0.00006
   5   168   840  -1832.99531   0.00127   0.00007
   6   140   840  -1832.99531   0.00136   0.00008
   7   120   840  -1832.99531   0.00139   0.00009
   8   105   840  -1832.99531   0.00149   0.00010
   9    93   837  -1832.99527   0.00146   0.00011
  10    84   840  -1832.99532   0.00152   0.00012
  11    76   836  -1832.99526   0.00150   0.00012
  12    70   840  -1832.99532   0.00154   0.00013
  13    64   832  -1832.99517   0.00157   0.00014
  14    60   840  -1832.99532   0.00156   0.00014
  15    56   840  -1832.99532   0.00153   0.00015
  16    52   832  -1832.99517   0.00156   0.00015
  17    49   833  -1832.99517   0.00153   0.00016
  18    46   828  -1832.99520   0.00171   0.00018
  19    44   836  -1832.99526   0.00161   0.00017
  20    42   840  -1832.99532   0.00142   0.00016
  21    40   840  -1832.99532   0.00159   0.00018
  22    38   836  -1832.99526   0.00160   0.00019
  23    36   828  -1832.99520   0.00168   0.00020
  24    35   840  -1832.99532   0.00161   0.00020
  25    33   825  -1832.99520   0.00168   0.00021
  26    32   832  -1832.99517   0.00173   0.00022
  27    31   837  -1832.99527   0.00170   0.00022
  28    30   840  -1832.99532   0.00134   0.00018
  29    28   812  -1832.99505   0.00170   0.00023
  30    28   840  -1832.99532   0.00137   0.00019
  31    27   837  -1832.99527   0.00160   0.00022
  32    26   832  -1832.99518   0.00134   0.00019
  33    25   825  -1832.99520   0.00154   0.00022
  34    24   816  -1832.99502   0.00131   0.00019
  35    24   840  -1832.99532   0.00131   0.00019
  36    23   828  -1832.99520   0.00176   0.00026
  37    22   814  -1832.99504   0.00141   0.00022
  38    22   836  -1832.99526   0.00104   0.00016
  39    21   819  -1832.99508   0.00168   0.00027
  40    21   840  -1832.99532   0.00157   0.00025
  41    20   820  -1832.99513   0.00104   0.00017
  42    20   840  -1832.99532   0.00134   0.00022
Fit (variance): plateau_var = 2.160e-06 ± 9.270e-08
Fit (error):    plateau = 0.00147 ± 0.00003
     autocorrelation length ~ 3.4 blocks
     plateau reached at block size ~ 16
nsample = 840, max_block_size = 42, min_nblocks = 20
Blk_SZ   NBlk   NSmp      Energy     Error    dError
     1    840    840    -0.14385   0.00006   0.00000
     2    420    840    -0.14385   0.00007   0.00000
     3    280    840    -0.14386   0.00007   0.00000
     4    210    840    -0.14386   0.00007   0.00000
     5    168    840    -0.14386   0.00008   0.00000
     6    140    840    -0.14386   0.00008   0.00000
     7    120    840    -0.14387   0.00008   0.00001
     8    105    840    -0.14387   0.00008   0.00001
     9     93    837    -0.14387   0.00008   0.00001
    10     84    840    -0.14387   0.00008   0.00001
    11     76    836    -0.14387   0.00008   0.00001
    12     70    840    -0.14387   0.00008   0.00001
    13     64    832    -0.14388   0.00008   0.00001
    14     60    840    -0.14387   0.00009   0.00001
    15     56    840    -0.14387   0.00008   0.00001
    16     52    832    -0.14388   0.00009   0.00001
    17     49    833    -0.14388   0.00008   0.00001
    18     46    828    -0.14388   0.00009   0.00001
    19     44    836    -0.14387   0.00009   0.00001
    20     42    840    -0.14387   0.00008   0.00001
    21     40    840    -0.14387   0.00008   0.00001
    22     38    836    -0.14388   0.00008   0.00001
    23     36    828    -0.14388   0.00008   0.00001
    24     35    840    -0.14387   0.00008   0.00001
    25     33    825    -0.14388   0.00008   0.00001
    26     32    832    -0.14388   0.00008   0.00001
    27     31    837    -0.14387   0.00008   0.00001
    28     30    840    -0.14388   0.00008   0.00001
    29     28    812    -0.14390   0.00008   0.00001
    30     28    840    -0.14388   0.00007   0.00001
    31     27    837    -0.14388   0.00008   0.00001
    32     26    832    -0.14388   0.00008   0.00001
    33     25    825    -0.14389   0.00007   0.00001
    34     24    816    -0.14389   0.00007   0.00001
    35     24    840    -0.14388   0.00008   0.00001
    36     23    828    -0.14388   0.00009   0.00001
    37     22    814    -0.14390   0.00008   0.00001
    38     22    836    -0.14388   0.00008   0.00001
    39     21    819    -0.14390   0.00009   0.00001
    40     21    840    -0.14388   0.00008   0.00001
    41     20    820    -0.14390   0.00009   0.00001
    42     20    840    -0.14388   0.00008   0.00001
Fit (variance): plateau_var = 6.42075e-09 ± 2.46135e-10
Fit (error):    plateau = 0.00008 ± 0.00000
     autocorrelation length ~ 2.2 blocks
     plateau reached at block size ~ 10
Final AFQMC/HF Guiding Energy:      -1832.9953 +/- 0.0015
Final AFQMC/pt2CCSD Orbital Energy: -0.14388 +/- 0.00008
<t1> = weightp/weight = 1.01471
Total run time: 385.54

AFQMC Sampling Finished

LNO-Integral time (s):    90.09
LNO-AFQMC time (s):       496.63


======================= LNO-FRAGMENT [C56H69] 45/(48,48) =======================
Fragment Num.  45
Fragment Idx.  45
Fragment Name  C56H69
LNO THRESHOLD  [0.00030000000000000003, 3e-05]
PySCF Threads  12
LNO-LAS: 23/156 Occ | 99/636 Vir | 122/792 MOs
LNO-MP2 Fragment Energy:  -0.13191241
LNO-CCSD Fragment Energy: -0.13774917
LNO-CPU time (s):         57.46 (LAS 26.72 | MP2 4.77 | CCSD 25.97)
LNO-CPU wait time (s):    0.00 (100.0% hidden)
Find Density Fit Teonsers in MF object
Integrals will be built by DF Tensors
Calculating Effective Active Space One-electron Integrals
*** Correlation Space Size ***
N Occupied Orbitals: 23
N Active Orbitals:   122
Build effective h0 and h1 time: 28.611552 s
Composing CDERIs from DF
Build CDERI in cLAS time: 8.884160 s
Raw CDERI in LAS shape: (3912, 7503)
Compress CDERI 2 Chol: 1e-05
Compress CDERI time: 1.818143 s
Finished calculating Integrals
LAS Cholesky shape: (984, 122, 122)
AFQMC script: /u/yzhang65/myprojects/software/afqmc/afqmc/lno_afqmc/script/run_lno_afqmc_pt2ccsd.py

LNO-AFQMC Started
Hostname:     gpue04.delta.ncsa.illinois.edu
System:       Linux
Node:         gpue04.delta.ncsa.illinois.edu
Release:      5.14.0-570.131.1.el9_6.x86_64
Machine:      x86_64
Processor:    x86_64
JAX backend:  GPU
JAX devices:  [CudaDevice(id=0)]
Device kind:  NVIDIA H200
Platform:     gpu

QMC Parameters
eql_time        -         30
n_prop_steps    -         50
n_blocks        -        840
n_walkers       -        300
max_memory      -     200000
mix_precision   -       True
seed            -       4547
walker_type     -        rhf
trial           -    pt2ccsd
max_error       -    7.2e-05
dt              -      0.005
n_exp_terms     -          6
n_batch         -          1
nchol_chunk     -        100
free_projection -      False

QMC System
Number of Occ. Orbitals:      23
Number of Act. Orbitals:      122
Number of Chol. Vectors:      984
Mean-Field Energy:            -1832.00523770
Maximum memory per walker:            666.67 MB
Maximum number of Cholesky per chunk: 2935
Number of Cholesky chunks:            1
Number of Cholesky per chunk:         984
Number of padding Cholesky:           0
Trial:   pt2ccsd(norb=122, nelec=(23, 23), n_batch=1, nchol_chunk=984, mix_precision=True)
Sampler: sampler_pt2(n_prop_steps=50, n_blocks=840, n_chol=984, frozen_vir=0)

Initalize QMC walkers by HF

Equilibration
Initial Orbital energy: -0.13775
inv_T  nodes      weight      energy     error   runTime
 0.00      0   300.00000  -1832.00457   0.00000     31.91
 3.00      0   304.75917  -1832.98702   0.02148     37.97
 6.00      0   300.50965  -1832.99917   0.02183     39.40
 9.00      0   299.05367  -1833.01932   0.02211     40.84
12.00      0   299.27786  -1833.02583   0.02253     42.28
15.00      0   299.02186  -1832.97578   0.01876     43.71
18.00      0   298.51155  -1832.97119   0.02162     45.14
21.00      0   298.13979  -1833.02714   0.02224     46.58
24.00      0   299.42171  -1833.01103   0.02247     48.02
27.00      0   299.14447  -1832.98935   0.01998     49.46
30.00      0   298.33047  -1832.95621   0.01941     50.90

Sampling Blocks
Target Final Error ~ 0.000072
   N  nodes      weight      E(Guide)     Error     weightp    E_frag     Error      Time
  20      0   298.13248   -1832.98968   0.00428   302.67284  -0.14318   0.00020     65.15
  40      0   299.07773   -1832.99743   0.00386   302.50186  -0.14349   0.00018     72.96
  60      0   297.47382   -1832.99513   0.00353   302.69592  -0.14378   0.00018     80.35
  80      0   299.06086   -1832.99389   0.00291   302.82951  -0.14370   0.00015     87.75
 100      0   298.56633   -1832.99037   0.00256   302.89813  -0.14358   0.00014     95.17
 120      0   299.00328   -1832.98956   0.00225   302.91720  -0.14350   0.00012    102.58
 140      0   298.96297   -1832.98879   0.00218   302.87432  -0.14356   0.00011    110.00
 160      0   298.71481   -1832.99126   0.00207   302.85629  -0.14380   0.00016    117.41
 180      0   297.99006   -1832.99162   0.00193   302.90000  -0.14385   0.00014    124.81
 200      0   299.12014   -1832.99306   0.00184   302.93780  -0.14391   0.00013    132.21
 220      0   298.08579   -1832.99393   0.00174   302.93438  -0.14386   0.00012    139.61
 240      0   298.14921   -1832.99300   0.00166   302.95252  -0.14380   0.00012    147.02
 260      0   300.44329   -1832.99200   0.00163   302.97119  -0.14380   0.00011    154.41
 280      0   298.46879   -1832.99345   0.00159   302.97563  -0.14387   0.00011    161.79
 300      0   298.87070   -1832.99267   0.00151   302.97276  -0.14385   0.00010    169.18
 320      0   298.19185   -1832.99345   0.00146   302.98954  -0.14389   0.00010    176.57
 340      0   298.82590   -1832.99282   0.00141   303.00204  -0.14388   0.00009    183.97
 360      0   297.53785   -1832.99363   0.00140   302.99836  -0.14407   0.00017    191.36
 380      0   298.33123   -1832.99320   0.00137   303.00705  -0.14404   0.00016    198.75
 400      0   299.75783   -1832.99303   0.00132   303.01022  -0.14403   0.00015    206.14
 420      0   298.78880   -1832.99316   0.00127   303.00495  -0.14403   0.00014    213.55
 440      0   298.37130   -1832.99325   0.00122   302.99451  -0.14400   0.00014    220.94
 460      0   298.80829   -1832.99353   0.00120   302.98357  -0.14403   0.00013    228.33
 480      0   298.95026   -1832.99293   0.00117   302.97598  -0.14402   0.00013    235.71
 500      0   297.97730   -1832.99346   0.00116   302.98956  -0.14406   0.00012    243.11
 520      0   299.17710   -1832.99349   0.00114   302.98736  -0.14404   0.00012    250.50
 540      0   298.89483   -1832.99380   0.00111   303.00188  -0.14403   0.00012    257.88
 560      0   298.94565   -1832.99414   0.00108   303.00426  -0.14402   0.00011    265.27
 580      0   297.87807   -1832.99365   0.00106   303.00064  -0.14399   0.00011    272.67
 600      0   298.49035   -1832.99305   0.00104   303.00802  -0.14400   0.00011    280.06
 620      0   298.62054   -1832.99289   0.00101   303.01667  -0.14401   0.00010    287.46
 640      0   299.65785   -1832.99266   0.00099   303.02272  -0.14400   0.00010    294.85
 660      0   298.69327   -1832.99299   0.00097   303.02647  -0.14399   0.00010    302.25
 680      0   298.90426   -1832.99321   0.00095   303.02027  -0.14399   0.00010    309.66
 700      0   298.73322   -1832.99324   0.00093   303.02007  -0.14400   0.00009    317.06
 720      0   298.70927   -1832.99383   0.00092   303.02127  -0.14399   0.00009    324.45
 740      0   299.16380   -1832.99339   0.00091   303.00266  -0.14399   0.00009    331.85
 760      0   298.82663   -1832.99377   0.00090   302.99371  -0.14399   0.00009    339.26
 780      0   298.68071   -1832.99410   0.00089   302.97202  -0.14401   0.00009    346.66
 800      0   297.90659   -1832.99434   0.00089   302.95274  -0.14399   0.00008    354.06
 820      0   297.50510   -1832.99438   0.00087   302.94029  -0.14398   0.00008    361.46
 840      0   298.55990   -1832.99436   0.00086   302.93987  -0.14397   0.00008    368.87

Post Propagation
Total number of samples 840
Remove Outliers
Remove samples outside Zeta > 30
Outlier bound [-0.18224, -0.10504]
Removed 1 Outliers
Outliers Energy [-0.19130957]
nsample = 840, max_block_size = 42, min_nblocks = 20
   B    NB    NS  Observable     Error    dError
   1   840   840  -1832.99434   0.00086   0.00002
   2   420   840  -1832.99435   0.00107   0.00004
   3   280   840  -1832.99435   0.00123   0.00005
   4   210   840  -1832.99435   0.00131   0.00006
   5   168   840  -1832.99435   0.00141   0.00008
   6   140   840  -1832.99435   0.00147   0.00009
   7   120   840  -1832.99436   0.00153   0.00010
   8   105   840  -1832.99436   0.00151   0.00010
   9    93   837  -1832.99428   0.00157   0.00012
  10    84   840  -1832.99436   0.00166   0.00013
  11    76   836  -1832.99426   0.00155   0.00013
  12    70   840  -1832.99436   0.00151   0.00013
  13    64   832  -1832.99423   0.00160   0.00014
  14    60   840  -1832.99436   0.00154   0.00014
  15    56   840  -1832.99436   0.00172   0.00016
  16    52   832  -1832.99422   0.00181   0.00018
  17    49   833  -1832.99422   0.00185   0.00019
  18    46   828  -1832.99423   0.00178   0.00019
  19    44   836  -1832.99426   0.00158   0.00017
  20    42   840  -1832.99436   0.00168   0.00019
  21    40   840  -1832.99436   0.00175   0.00020
  22    38   836  -1832.99426   0.00152   0.00018
  23    36   828  -1832.99423   0.00167   0.00020
  24    35   840  -1832.99436   0.00167   0.00020
  25    33   825  -1832.99434   0.00182   0.00023
  26    32   832  -1832.99423   0.00153   0.00019
  27    31   837  -1832.99428   0.00150   0.00019
  28    30   840  -1832.99436   0.00173   0.00023
  29    28   812  -1832.99430   0.00154   0.00021
  30    28   840  -1832.99436   0.00181   0.00025
  31    27   837  -1832.99428   0.00160   0.00022
  32    26   832  -1832.99423   0.00177   0.00025
  33    25   825  -1832.99434   0.00149   0.00021
  34    24   816  -1832.99438   0.00156   0.00023
  35    24   840  -1832.99436   0.00163   0.00024
  36    23   828  -1832.99423   0.00173   0.00026
  37    22   814  -1832.99434   0.00183   0.00028
  38    22   836  -1832.99426   0.00154   0.00024
  39    21   819  -1832.99439   0.00137   0.00022
  40    21   840  -1832.99436   0.00157   0.00025
  41    20   820  -1832.99438   0.00156   0.00025
  42    20   840  -1832.99436   0.00168   0.00027
Fit (variance): plateau_var = 2.666e-06 ± 1.187e-07
Fit (error):    plateau = 0.00163 ± 0.00004
     autocorrelation length ~ 3.9 blocks
     plateau reached at block size ~ 18
nsample = 839, max_block_size = 41, min_nblocks = 20
Blk_SZ   NBlk   NSmp      Energy     Error    dError
     1    839    839    -0.14388   0.00006   0.00000
     2    419    838    -0.14388   0.00007   0.00000
     3    279    837    -0.14389   0.00007   0.00000
     4    209    836    -0.14389   0.00007   0.00000
     5    167    835    -0.14389   0.00008   0.00000
     6    139    834    -0.14389   0.00007   0.00000
     7    119    833    -0.14390   0.00008   0.00001
     8    104    832    -0.14390   0.00009   0.00001
     9     93    837    -0.14390   0.00008   0.00001
    10     83    830    -0.14390   0.00009   0.00001
    11     76    836    -0.14391   0.00008   0.00001
    12     69    828    -0.14391   0.00008   0.00001
    13     64    832    -0.14390   0.00008   0.00001
    14     59    826    -0.14391   0.00008   0.00001
    15     55    825    -0.14391   0.00009   0.00001
    16     52    832    -0.14390   0.00009   0.00001
    17     49    833    -0.14390   0.00009   0.00001
    18     46    828    -0.14391   0.00009   0.00001
    19     44    836    -0.14391   0.00009   0.00001
    20     41    820    -0.14391   0.00009   0.00001
    21     39    819    -0.14391   0.00009   0.00001
    22     38    836    -0.14391   0.00008   0.00001
    23     36    828    -0.14391   0.00009   0.00001
    24     34    816    -0.14392   0.00009   0.00001
    25     33    825    -0.14391   0.00010   0.00001
    26     32    832    -0.14391   0.00008   0.00001
    27     31    837    -0.14391   0.00008   0.00001
    28     29    812    -0.14392   0.00008   0.00001
    29     28    812    -0.14392   0.00010   0.00001
    30     27    810    -0.14392   0.00010   0.00001
    31     27    837    -0.14391   0.00009   0.00001
    32     26    832    -0.14391   0.00009   0.00001
    33     25    825    -0.14392   0.00009   0.00001
    34     24    816    -0.14392   0.00009   0.00001
    35     23    805    -0.14392   0.00009   0.00001
    36     23    828    -0.14391   0.00009   0.00001
    37     22    814    -0.14392   0.00010   0.00002
    38     22    836    -0.14391   0.00009   0.00001
    39     21    819    -0.14392   0.00009   0.00001
    40     20    800    -0.14392   0.00009   0.00001
    41     20    820    -0.14392   0.00008   0.00001
Fit (variance): plateau_var = 7.74839e-09 ± 4.00409e-10
Fit (error):    plateau = 0.00009 ± 0.00000
     autocorrelation length ~ 5.1 blocks
     plateau reached at block size ~ 22
Final AFQMC/HF Guiding Energy:      -1832.9944 +/- 0.0016
Final AFQMC/pt2CCSD Orbital Energy: -0.14391 +/- 0.00009
<t1> = weightp/weight = 1.01422
Total run time: 368.89

AFQMC Sampling Finished

LNO-Integral time (s):    42.16
LNO-AFQMC time (s):       372.18


======================== LNO-FRAGMENT [C57] 46/(48,48) =========================
Fragment Num.  46
Fragment Idx.  46
Fragment Name  C57
LNO THRESHOLD  [0.00030000000000000003, 3e-05]
PySCF Threads  12
LNO-LAS: 27/156 Occ | 117/636 Vir | 144/792 MOs
LNO-MP2 Fragment Energy:  -0.11763126
LNO-CCSD Fragment Energy: -0.11812779
LNO-CPU time (s):         104.63 (LAS 24.00 | MP2 30.42 | CCSD 50.21)
LNO-CPU wait time (s):    0.00 (100.0% hidden)
Find Density Fit Teonsers in MF object
Integrals will be built by DF Tensors
Calculating Effective Active Space One-electron Integrals
*** Correlation Space Size ***
N Occupied Orbitals: 27
N Active Orbitals:   144
Build effective h0 and h1 time: 9.007771 s
Composing CDERIs from DF
Build CDERI in cLAS time: 6.136369 s
Raw CDERI in LAS shape: (3912, 10440)
Compress CDERI 2 Chol: 1e-05
Compress CDERI time: 1.304610 s
Finished calculating Integrals
LAS Cholesky shape: (1158, 144, 144)
AFQMC script: /u/yzhang65/myprojects/software/afqmc/afqmc/lno_afqmc/script/run_lno_afqmc_pt2ccsd.py

LNO-AFQMC Started
Hostname:     gpue04.delta.ncsa.illinois.edu
System:       Linux
Node:         gpue04.delta.ncsa.illinois.edu
Release:      5.14.0-570.131.1.el9_6.x86_64
Machine:      x86_64
Processor:    x86_64
JAX backend:  GPU
JAX devices:  [CudaDevice(id=0)]
Device kind:  NVIDIA H200
Platform:     gpu

QMC Parameters
eql_time        -         30
n_prop_steps    -         50
n_blocks        -        840
n_walkers       -        300
max_memory      -     200000
mix_precision   -       True
seed            -       3509
walker_type     -        rhf
trial           -    pt2ccsd
max_error       -    7.2e-05
dt              -      0.005
n_exp_terms     -          6
n_batch         -          1
nchol_chunk     -        100
free_projection -      False

QMC System
Number of Occ. Orbitals:      27
Number of Act. Orbitals:      144
Number of Chol. Vectors:      1158
Mean-Field Energy:            -1832.00523770
Maximum memory per walker:            666.67 MB
Maximum number of Cholesky per chunk: 2106
Number of Cholesky chunks:            1
Number of Cholesky per chunk:         1158
Number of padding Cholesky:           0
Trial:   pt2ccsd(norb=144, nelec=(27, 27), n_batch=1, nchol_chunk=1158, mix_precision=True)
Sampler: sampler_pt2(n_prop_steps=50, n_blocks=840, n_chol=1158, frozen_vir=0)

Initalize QMC walkers by HF

Equilibration
Initial Orbital energy: -0.11812
inv_T  nodes      weight      energy     error   runTime
 0.00      0   300.00000  -1832.00447   0.00000     32.46
 3.00      0   306.00796  -1833.15008   0.02224     38.32
 6.00      0   300.94213  -1833.19166   0.02357     40.22
 9.00      0   299.30156  -1833.17922   0.02095     42.13
12.00      0   298.08497  -1833.10285   0.01913     44.04
15.00      0   298.40212  -1833.18279   0.02246     45.94
18.00      0   299.13078  -1833.23545   0.02422     47.85
21.00      0   297.89166  -1833.17667   0.02242     49.76
24.00      0   298.14757  -1833.15893   0.02282     51.66
27.00      0   299.17867  -1833.24871   0.02400     53.56
30.00      0   297.67164  -1833.17709   0.02182     55.47

Sampling Blocks
Target Final Error ~ 0.000072
   N  nodes      weight      E(Guide)     Error     weightp    E_frag     Error      Time
  20      0   297.52252   -1833.18468   0.00581   303.54225  -0.12375   0.00020     74.54
  40      0   299.12435   -1833.17936   0.00336   303.68391  -0.12366   0.00016     88.16
  60      0   297.20440   -1833.17958   0.00268   303.64113  -0.12381   0.00015    101.59
  80      0   298.34223   -1833.18279   0.00246   303.49339  -0.12387   0.00012    115.05
 100      0   297.71231   -1833.17931   0.00230   303.44653  -0.12382   0.00011    128.49
 120      0   299.96050   -1833.18254   0.00229   303.45896  -0.12417   0.00024    141.96
 140      0   298.10108   -1833.18203   0.00202   303.42061  -0.12422   0.00021    155.38
 160      0   299.25775   -1833.18302   0.00189   303.46444  -0.12424   0.00019    168.82
 180      0   298.19852   -1833.18495   0.00176   303.39692  -0.12421   0.00017    182.26
 200      0   298.19528   -1833.18606   0.00168   303.40078  -0.12427   0.00015    195.70
 220      0   298.61897   -1833.18509   0.00162   303.38010  -0.12427   0.00014    209.12
 240      0   298.86085   -1833.18547   0.00157   303.37736  -0.12424   0.00013    222.57
 260      0   298.52937   -1833.18733   0.00157   303.37627  -0.12427   0.00013    236.02
 280      0   298.28516   -1833.18752   0.00149   303.36774  -0.12424   0.00012    249.45
 300      0   298.23175   -1833.18795   0.00141   303.35838  -0.12419   0.00011    262.89
 320      0   298.20327   -1833.18845   0.00136   303.33440  -0.12421   0.00011    276.34
 340      0   298.50958   -1833.18747   0.00131   303.28470  -0.12419   0.00010    289.79
 360      0   298.74691   -1833.18749   0.00132   303.27162  -0.12422   0.00010    303.24
 380      0   299.65562   -1833.18797   0.00129   303.26636  -0.12419   0.00010    316.68
 400      0   298.19679   -1833.18783   0.00124   303.29880  -0.12421   0.00009    330.14
 420      0   298.28644   -1833.18774   0.00121   303.31002  -0.12421   0.00009    343.60
 440      0   299.41917   -1833.18811   0.00120   303.29209  -0.12422   0.00009    357.06
 460      0   298.06712   -1833.18847   0.00117   303.29337  -0.12421   0.00009    370.53
 480      0   298.68875   -1833.18858   0.00114   303.30770  -0.12423   0.00009    383.99
 500      0   297.88967   -1833.18836   0.00112   303.30683  -0.12423   0.00008    397.42
 520      0   298.75769   -1833.18846   0.00111   303.30350  -0.12423   0.00008    410.85
 540      0   299.71563   -1833.18829   0.00108   303.29631  -0.12423   0.00008    424.28
 560      0   297.29599   -1833.18816   0.00106   303.29749  -0.12426   0.00008    437.70
 580      0   298.60739   -1833.18838   0.00105   303.29791  -0.12426   0.00008    451.13
 600      0   298.24720   -1833.18842   0.00104   303.29132  -0.12427   0.00007    464.56
 620      0   298.58374   -1833.18860   0.00104   303.29021  -0.12425   0.00007    478.00
 640      0   297.59762   -1833.18857   0.00101   303.28944  -0.12424   0.00007    491.44
 660      0   297.79307   -1833.18894   0.00099   303.28958  -0.12422   0.00007    504.86
 680      0   298.73918   -1833.18907   0.00098   303.27558  -0.12421   0.00007    518.28
 700      0   297.76716   -1833.18882   0.00097   303.27483  -0.12424   0.00007    531.71
 720      0   298.64062   -1833.18794   0.00098   303.28601  -0.12422   0.00007    545.13
 740      0   298.61619   -1833.18786   0.00097   303.28380  -0.12420   0.00006    558.56
 760      0   298.24166   -1833.18844   0.00098   303.28249  -0.12422   0.00006    572.00
 780      0   298.08143   -1833.18849   0.00096   303.27454  -0.12423   0.00006    585.57
 800      0   298.39860   -1833.18869   0.00094   303.26335  -0.12425   0.00006    601.83
 820      0   298.69042   -1833.18870   0.00092   303.26582  -0.12424   0.00006    617.27
 840      0   299.18998   -1833.18820   0.00092   303.27546  -0.12422   0.00006    630.70

Post Propagation
Total number of samples 840
Remove Outliers
Remove samples outside Zeta > 30
Outlier bound [-0.16165, -0.08636]
Removed 0 Outliers
Outliers Energy []
nsample = 840, max_block_size = 42, min_nblocks = 20
   B    NB    NS  Observable     Error    dError
   1   840   840  -1833.18817   0.00092   0.00002
   2   420   840  -1833.18818   0.00115   0.00004
   3   280   840  -1833.18818   0.00127   0.00005
   4   210   840  -1833.18818   0.00138   0.00007
   5   168   840  -1833.18819   0.00141   0.00008
   6   140   840  -1833.18819   0.00146   0.00009
   7   120   840  -1833.18819   0.00147   0.00010
   8   105   840  -1833.18819   0.00152   0.00011
   9    93   837  -1833.18815   0.00160   0.00012
  10    84   840  -1833.18819   0.00160   0.00012
  11    76   836  -1833.18811   0.00151   0.00012
  12    70   840  -1833.18819   0.00148   0.00013
  13    64   832  -1833.18820   0.00165   0.00015
  14    60   840  -1833.18820   0.00153   0.00014
  15    56   840  -1833.18820   0.00154   0.00015
  16    52   832  -1833.18820   0.00167   0.00017
  17    49   833  -1833.18817   0.00176   0.00018
  18    46   828  -1833.18830   0.00160   0.00017
  19    44   836  -1833.18811   0.00167   0.00018
  20    42   840  -1833.18820   0.00166   0.00018
  21    40   840  -1833.18820   0.00181   0.00021
  22    38   836  -1833.18811   0.00160   0.00019
  23    36   828  -1833.18830   0.00178   0.00021
  24    35   840  -1833.18820   0.00168   0.00020
  25    33   825  -1833.18853   0.00169   0.00021
  26    32   832  -1833.18820   0.00176   0.00022
  27    31   837  -1833.18815   0.00171   0.00022
  28    30   840  -1833.18820   0.00163   0.00021
  29    28   812  -1833.18865   0.00188   0.00026
  30    28   840  -1833.18820   0.00167   0.00023
  31    27   837  -1833.18815   0.00168   0.00023
  32    26   832  -1833.18820   0.00187   0.00027
  33    25   825  -1833.18853   0.00177   0.00026
  34    24   816  -1833.18869   0.00173   0.00026
  35    24   840  -1833.18820   0.00164   0.00024
  36    23   828  -1833.18830   0.00176   0.00027
  37    22   814  -1833.18869   0.00163   0.00025
  38    22   836  -1833.18811   0.00192   0.00030
  39    21   819  -1833.18869   0.00185   0.00029
  40    21   840  -1833.18820   0.00174   0.00027
  41    20   820  -1833.18870   0.00149   0.00024
  42    20   840  -1833.18820   0.00158   0.00026
Fit (variance): plateau_var = 2.734e-06 ± 1.263e-07
Fit (error):    plateau = 0.00165 ± 0.00004
     autocorrelation length ~ 4.1 blocks
     plateau reached at block size ~ 19
nsample = 840, max_block_size = 42, min_nblocks = 20
Blk_SZ   NBlk   NSmp      Energy     Error    dError
     1    840    840    -0.12419   0.00006   0.00000
     2    420    840    -0.12419   0.00007   0.00000
     3    280    840    -0.12420   0.00007   0.00000
     4    210    840    -0.12420   0.00007   0.00000
     5    168    840    -0.12420   0.00008   0.00000
     6    140    840    -0.12421   0.00008   0.00000
     7    120    840    -0.12421   0.00008   0.00001
     8    105    840    -0.12421   0.00008   0.00001
     9     93    837    -0.12421   0.00008   0.00001
    10     84    840    -0.12421   0.00008   0.00001
    11     76    836    -0.12421   0.00008   0.00001
    12     70    840    -0.12421   0.00008   0.00001
    13     64    832    -0.12421   0.00008   0.00001
    14     60    840    -0.12421   0.00008   0.00001
    15     56    840    -0.12421   0.00008   0.00001
    16     52    832    -0.12422   0.00008   0.00001
    17     49    833    -0.12422   0.00009   0.00001
    18     46    828    -0.12423   0.00008   0.00001
    19     44    836    -0.12421   0.00008   0.00001
    20     42    840    -0.12421   0.00008   0.00001
    21     40    840    -0.12421   0.00008   0.00001
    22     38    836    -0.12422   0.00007   0.00001
    23     36    828    -0.12422   0.00008   0.00001
    24     35    840    -0.12421   0.00009   0.00001
    25     33    825    -0.12423   0.00009   0.00001
    26     32    832    -0.12422   0.00008   0.00001
    27     31    837    -0.12422   0.00008   0.00001
    28     30    840    -0.12422   0.00008   0.00001
    29     28    812    -0.12424   0.00009   0.00001
    30     28    840    -0.12422   0.00008   0.00001
    31     27    837    -0.12422   0.00007   0.00001
    32     26    832    -0.12422   0.00008   0.00001
    33     25    825    -0.12423   0.00008   0.00001
    34     24    816    -0.12424   0.00009   0.00001
    35     24    840    -0.12422   0.00009   0.00001
    36     23    828    -0.12423   0.00007   0.00001
    37     22    814    -0.12424   0.00008   0.00001
    38     22    836    -0.12422   0.00008   0.00001
    39     21    819    -0.12424   0.00009   0.00001
    40     21    840    -0.12422   0.00007   0.00001
    41     20    820    -0.12424   0.00008   0.00001
    42     20    840    -0.12422   0.00007   0.00001
Fit (variance): plateau_var = 6.45593e-09 ± 2.55012e-10
Fit (error):    plateau = 0.00008 ± 0.00000
     autocorrelation length ~ 2.5 blocks
     plateau reached at block size ~ 11
Final AFQMC/HF Guiding Energy:      -1833.1882 +/- 0.0017
Final AFQMC/pt2CCSD Orbital Energy: -0.12422 +/- 0.00008
<t1> = weightp/weight = 1.01580
Total run time: 633.16

AFQMC Sampling Finished

LNO-Integral time (s):    18.28
LNO-AFQMC time (s):       666.81


======================= LNO-FRAGMENT [C58H70] 47/(48,48) =======================
Fragment Num.  47
Fragment Idx.  47
Fragment Name  C58H70
LNO THRESHOLD  [0.00030000000000000003, 3e-05]
PySCF Threads  12
LNO-LAS: 23/156 Occ | 99/636 Vir | 122/792 MOs
LNO-MP2 Fragment Energy:  -0.13191241
LNO-CCSD Fragment Energy: -0.13774917
LNO-CPU time (s):         65.40 (LAS 30.77 | MP2 9.06 | CCSD 25.58)
LNO-CPU wait time (s):    0.00 (100.0% hidden)
Find Density Fit Teonsers in MF object
Integrals will be built by DF Tensors
Calculating Effective Active Space One-electron Integrals
*** Correlation Space Size ***
N Occupied Orbitals: 23
N Active Orbitals:   122
Build effective h0 and h1 time: 72.927775 s
Composing CDERIs from DF
Build CDERI in cLAS time: 6.896678 s
Raw CDERI in LAS shape: (3912, 7503)
Compress CDERI 2 Chol: 1e-05
Compress CDERI time: 2.658905 s
Finished calculating Integrals
LAS Cholesky shape: (984, 122, 122)
AFQMC script: /u/yzhang65/myprojects/software/afqmc/afqmc/lno_afqmc/script/run_lno_afqmc_pt2ccsd.py

LNO-AFQMC Started
Hostname:     gpue04.delta.ncsa.illinois.edu
System:       Linux
Node:         gpue04.delta.ncsa.illinois.edu
Release:      5.14.0-570.131.1.el9_6.x86_64
Machine:      x86_64
Processor:    x86_64
JAX backend:  GPU
JAX devices:  [CudaDevice(id=0)]
Device kind:  NVIDIA H200
Platform:     gpu

QMC Parameters
eql_time        -         30
n_prop_steps    -         50
n_blocks        -        840
n_walkers       -        300
max_memory      -     200000
mix_precision   -       True
seed            -       3181
walker_type     -        rhf
trial           -    pt2ccsd
max_error       -    7.2e-05
dt              -      0.005
n_exp_terms     -          6
n_batch         -          1
nchol_chunk     -        100
free_projection -      False

QMC System
Number of Occ. Orbitals:      23
Number of Act. Orbitals:      122
Number of Chol. Vectors:      984
Mean-Field Energy:            -1832.00523770
Maximum memory per walker:            666.67 MB
Maximum number of Cholesky per chunk: 2935
Number of Cholesky chunks:            1
Number of Cholesky per chunk:         984
Number of padding Cholesky:           0
Trial:   pt2ccsd(norb=122, nelec=(23, 23), n_batch=1, nchol_chunk=984, mix_precision=True)
Sampler: sampler_pt2(n_prop_steps=50, n_blocks=840, n_chol=984, frozen_vir=0)

Initalize QMC walkers by HF

Equilibration
Initial Orbital energy: -0.13775
inv_T  nodes      weight      energy     error   runTime
 0.00      0   300.00000  -1832.00457   0.00000     31.94
 3.00      0   305.00578  -1832.98652   0.02348     38.53
 6.00      0   301.13009  -1833.00151   0.02154     39.95
 9.00      0   298.34850  -1832.97336   0.02077     41.38
12.00      0   299.12561  -1833.02120   0.02105     42.81
15.00      0   298.63720  -1832.98397   0.02113     44.23
18.00      0   299.04583  -1832.95768   0.01993     45.66
21.00      0   299.22483  -1832.99621   0.02506     47.09
24.00      0   298.41570  -1832.96081   0.01981     48.51
27.00      0   299.00181  -1833.01268   0.02185     49.94
30.00      0   299.10190  -1833.01818   0.02408     51.36

Sampling Blocks
Target Final Error ~ 0.000072
   N  nodes      weight      E(Guide)     Error     weightp    E_frag     Error      Time
  20      0   298.34781   -1833.00264   0.00555   302.41153  -0.14446   0.00040     64.50
  40      0   298.85727   -1832.99618   0.00419   302.51536  -0.14423   0.00028     72.52
  60      0   298.49795   -1832.99704   0.00335   302.57321  -0.14423   0.00022     79.86
  80      0   299.30628   -1832.99666   0.00284   302.63939  -0.14415   0.00019     87.21
 100      0   298.04328   -1832.99585   0.00246   302.64835  -0.14410   0.00016     94.56
 120      0   299.09065   -1832.99273   0.00226   302.76125  -0.14404   0.00014    101.89
 140      0   298.63429   -1832.99683   0.00229   302.84543  -0.14407   0.00013    109.25
 160      0   297.96156   -1832.99817   0.00212   302.80828  -0.14408   0.00013    116.64
 180      0   297.60140   -1832.99827   0.00226   302.80423  -0.14434   0.00020    123.99
 200      0   298.34382   -1832.99759   0.00211   302.79423  -0.14433   0.00018    131.36
 220      0   298.67615   -1832.99639   0.00196   302.73410  -0.14423   0.00017    138.71
 240      0   299.28822   -1832.99541   0.00185   302.71262  -0.14416   0.00016    146.06
 260      0   298.99236   -1832.99551   0.00175   302.75221  -0.14412   0.00015    153.42
 280      0   299.66998   -1832.99511   0.00166   302.74347  -0.14417   0.00014    160.76
 300      0   298.33685   -1832.99475   0.00156   302.74085  -0.14420   0.00014    168.13
 320      0   298.71744   -1832.99499   0.00148   302.73450  -0.14436   0.00018    175.53
 340      0   298.38414   -1832.99595   0.00145   302.73980  -0.14445   0.00018    182.88
 360      0   298.96453   -1832.99570   0.00139   302.75983  -0.14444   0.00017    190.22
 380      0   299.21005   -1832.99582   0.00135   302.77633  -0.14441   0.00016    197.57
 400      0   299.09857   -1832.99618   0.00132   302.76445  -0.14440   0.00015    204.92
 420      0   298.23589   -1832.99579   0.00127   302.73060  -0.14436   0.00015    212.30
 440      0   298.89429   -1832.99486   0.00124   302.72469  -0.14432   0.00014    219.65
 460      0   299.03589   -1832.99480   0.00120   302.74115  -0.14431   0.00014    227.02
 480      0   298.38066   -1832.99491   0.00116   302.74218  -0.14430   0.00013    234.38
 500      0   297.77164   -1832.99467   0.00113   302.73134  -0.14428   0.00013    241.76
 520      0   298.94685   -1832.99456   0.00111   302.73546  -0.14427   0.00012    249.12
 540      0   299.51340   -1832.99454   0.00108   302.73455  -0.14425   0.00012    256.47
 560      0   298.27697   -1832.99439   0.00105   302.72358  -0.14424   0.00012    263.83
 580      0   298.89974   -1832.99457   0.00102   302.73268  -0.14425   0.00011    271.20
 600      0   297.94067   -1832.99430   0.00100   302.75805  -0.14423   0.00011    278.56
 620      0   297.95806   -1832.99382   0.00098   302.76728  -0.14420   0.00011    285.92
 640      0   299.05736   -1832.99333   0.00096   302.77623  -0.14419   0.00010    293.28
 660      0   298.08619   -1832.99396   0.00095   302.78649  -0.14423   0.00010    300.69
 680      0   298.41615   -1832.99387   0.00095   302.78569  -0.14421   0.00010    308.05
 700      0   298.81093   -1832.99334   0.00094   302.80716  -0.14419   0.00010    315.39
 720      0   298.43530   -1832.99334   0.00093   302.81513  -0.14416   0.00010    322.75
 740      0   298.77187   -1832.99340   0.00092   302.82031  -0.14415   0.00009    330.11
 760      0   298.46274   -1832.99343   0.00090   302.82108  -0.14415   0.00009    337.47
 780      0   297.88298   -1832.99337   0.00089   302.82460  -0.14415   0.00009    344.82
 800      0   298.25046   -1832.99283   0.00088   302.84291  -0.14414   0.00009    352.18
 820      0   299.09568   -1832.99266   0.00087   302.84635  -0.14414   0.00009    359.56
 840      0   298.13126   -1832.99321   0.00087   302.84673  -0.14414   0.00008    366.91

Post Propagation
Total number of samples 840
Remove Outliers
Remove samples outside Zeta > 30
Outlier bound [-0.18440, -0.10305]
Removed 0 Outliers
Outliers Energy []
nsample = 840, max_block_size = 42, min_nblocks = 20
   B    NB    NS  Observable     Error    dError
   1   840   840  -1832.99319   0.00087   0.00002
   2   420   840  -1832.99319   0.00110   0.00004
   3   280   840  -1832.99319   0.00124   0.00005
   4   210   840  -1832.99320   0.00134   0.00007
   5   168   840  -1832.99320   0.00141   0.00008
   6   140   840  -1832.99320   0.00145   0.00009
   7   120   840  -1832.99320   0.00152   0.00010
   8   105   840  -1832.99320   0.00156   0.00011
   9    93   837  -1832.99326   0.00160   0.00012
  10    84   840  -1832.99320   0.00162   0.00013
  11    76   836  -1832.99326   0.00166   0.00014
  12    70   840  -1832.99320   0.00169   0.00014
  13    64   832  -1832.99310   0.00165   0.00015
  14    60   840  -1832.99320   0.00174   0.00016
  15    56   840  -1832.99321   0.00167   0.00016
  16    52   832  -1832.99310   0.00177   0.00017
  17    49   833  -1832.99314   0.00176   0.00018
  18    46   828  -1832.99297   0.00166   0.00017
  19    44   836  -1832.99326   0.00180   0.00019
  20    42   840  -1832.99321   0.00167   0.00018
  21    40   840  -1832.99321   0.00194   0.00022
  22    38   836  -1832.99326   0.00186   0.00022
  23    36   828  -1832.99297   0.00155   0.00019
  24    35   840  -1832.99321   0.00202   0.00025
  25    33   825  -1832.99288   0.00189   0.00024
  26    32   832  -1832.99310   0.00173   0.00022
  27    31   837  -1832.99327   0.00163   0.00021
  28    30   840  -1832.99321   0.00207   0.00027
  29    28   812  -1832.99257   0.00193   0.00026
  30    28   840  -1832.99321   0.00185   0.00025
  31    27   837  -1832.99327   0.00173   0.00024
  32    26   832  -1832.99310   0.00206   0.00029
  33    25   825  -1832.99288   0.00187   0.00027
  34    24   816  -1832.99259   0.00174   0.00026
  35    24   840  -1832.99321   0.00176   0.00026
  36    23   828  -1832.99297   0.00130   0.00020
  37    22   814  -1832.99253   0.00184   0.00028
  38    22   836  -1832.99327   0.00150   0.00023
  39    21   819  -1832.99264   0.00182   0.00029
  40    21   840  -1832.99321   0.00187   0.00030
  41    20   820  -1832.99266   0.00195   0.00032
  42    20   840  -1832.99321   0.00219   0.00035
Fit (variance): plateau_var = 3.007e-06 ± 1.470e-07
Fit (error):    plateau = 0.00173 ± 0.00004
     autocorrelation length ~ 4.8 blocks
     plateau reached at block size ~ 22
nsample = 840, max_block_size = 42, min_nblocks = 20
Blk_SZ   NBlk   NSmp      Energy     Error    dError
     1    840    840    -0.14409   0.00008   0.00000
     2    420    840    -0.14409   0.00009   0.00000
     3    280    840    -0.14410   0.00010   0.00000
     4    210    840    -0.14410   0.00011   0.00001
     5    168    840    -0.14411   0.00011   0.00001
     6    140    840    -0.14411   0.00012   0.00001
     7    120    840    -0.14411   0.00010   0.00001
     8    105    840    -0.14411   0.00012   0.00001
     9     93    837    -0.14412   0.00012   0.00001
    10     84    840    -0.14412   0.00011   0.00001
    11     76    836    -0.14412   0.00012   0.00001
    12     70    840    -0.14412   0.00012   0.00001
    13     64    832    -0.14412   0.00012   0.00001
    14     60    840    -0.14412   0.00012   0.00001
    15     56    840    -0.14412   0.00012   0.00001
    16     52    832    -0.14412   0.00013   0.00001
    17     49    833    -0.14413   0.00013   0.00001
    18     46    828    -0.14413   0.00013   0.00001
    19     44    836    -0.14413   0.00013   0.00001
    20     42    840    -0.14412   0.00012   0.00001
    21     40    840    -0.14412   0.00012   0.00001
    22     38    836    -0.14413   0.00013   0.00002
    23     36    828    -0.14413   0.00012   0.00001
    24     35    840    -0.14412   0.00013   0.00002
    25     33    825    -0.14414   0.00013   0.00002
    26     32    832    -0.14413   0.00013   0.00002
    27     31    837    -0.14413   0.00013   0.00002
    28     30    840    -0.14413   0.00012   0.00002
    29     28    812    -0.14412   0.00013   0.00002
    30     28    840    -0.14413   0.00013   0.00002
    31     27    837    -0.14414   0.00013   0.00002
    32     26    832    -0.14413   0.00013   0.00002
    33     25    825    -0.14414   0.00013   0.00002
    34     24    816    -0.14413   0.00013   0.00002
    35     24    840    -0.14413   0.00013   0.00002
    36     23    828    -0.14414   0.00014   0.00002
    37     22    814    -0.14413   0.00013   0.00002
    38     22    836    -0.14414   0.00012   0.00002
    39     21    819    -0.14414   0.00014   0.00002
    40     21    840    -0.14413   0.00013   0.00002
    41     20    820    -0.14413   0.00014   0.00002
    42     20    840    -0.14412   0.00015   0.00002
Fit (variance): plateau_var = 1.60872e-08 ± 8.33844e-10
Fit (error):    plateau = 0.00013 ± 0.00000
     autocorrelation length ~ 5.2 blocks
     plateau reached at block size ~ 23
Final AFQMC/HF Guiding Energy:      -1832.9932 +/- 0.0017
Final AFQMC/pt2CCSD Orbital Energy: -0.14414 +/- 0.00013
<t1> = weightp/weight = 1.01399
Total run time: 366.92

AFQMC Sampling Finished

LNO-Integral time (s):    85.59
LNO-AFQMC time (s):       432.92


======================= LNO-FRAGMENT [C59H71] 48/(48,48) =======================
Fragment Num.  48
Fragment Idx.  48
Fragment Name  C59H71
LNO THRESHOLD  [0.00030000000000000003, 3e-05]
PySCF Threads  12
LNO-LAS: 23/156 Occ | 101/636 Vir | 124/792 MOs
LNO-MP2 Fragment Energy:  -0.13206027
LNO-CCSD Fragment Energy: -0.13786079
LNO-CPU time (s):         53.54 (LAS 24.18 | MP2 4.44 | CCSD 24.92)
LNO-CPU wait time (s):    0.00 (100.0% hidden)
Find Density Fit Teonsers in MF object
Integrals will be built by DF Tensors
Calculating Effective Active Space One-electron Integrals
*** Correlation Space Size ***
N Occupied Orbitals: 23
N Active Orbitals:   124
Build effective h0 and h1 time: 8.671973 s
Composing CDERIs from DF
Build CDERI in cLAS time: 5.259339 s
Raw CDERI in LAS shape: (3912, 7750)
Compress CDERI 2 Chol: 1e-05
Compress CDERI time: 1.131594 s
Finished calculating Integrals
LAS Cholesky shape: (1004, 124, 124)
AFQMC script: /u/yzhang65/myprojects/software/afqmc/afqmc/lno_afqmc/script/run_lno_afqmc_pt2ccsd.py

LNO-AFQMC Started
Hostname:     gpue04.delta.ncsa.illinois.edu
System:       Linux
Node:         gpue04.delta.ncsa.illinois.edu
Release:      5.14.0-570.131.1.el9_6.x86_64
Machine:      x86_64
Processor:    x86_64
JAX backend:  GPU
JAX devices:  [CudaDevice(id=0)]
Device kind:  NVIDIA H200
Platform:     gpu

QMC Parameters
eql_time        -         30
n_prop_steps    -         50
n_blocks        -        840
n_walkers       -        300
max_memory      -     200000
mix_precision   -       True
seed            -        353
walker_type     -        rhf
trial           -    pt2ccsd
max_error       -    7.2e-05
dt              -      0.005
n_exp_terms     -          6
n_batch         -          1
nchol_chunk     -        100
free_projection -      False

QMC System
Number of Occ. Orbitals:      23
Number of Act. Orbitals:      124
Number of Chol. Vectors:      1004
Mean-Field Energy:            -1832.00523770
Maximum memory per walker:            666.67 MB
Maximum number of Cholesky per chunk: 2841
Number of Cholesky chunks:            1
Number of Cholesky per chunk:         1004
Number of padding Cholesky:           0
Trial:   pt2ccsd(norb=124, nelec=(23, 23), n_batch=1, nchol_chunk=1004, mix_precision=True)
Sampler: sampler_pt2(n_prop_steps=50, n_blocks=840, n_chol=1004, frozen_vir=0)

Initalize QMC walkers by HF

Equilibration
Initial Orbital energy: -0.13785
inv_T  nodes      weight      energy     error   runTime
 0.00      0   300.00000  -1832.00453   0.00000     22.98
 3.00      0   304.74107  -1832.94038   0.01796     29.04
 6.00      0   300.32123  -1832.99872   0.02069     30.47
 9.00      0   298.71461  -1832.99418   0.02163     31.89
12.00      0   299.63099  -1832.99280   0.01939     33.32
15.00      0   298.65921  -1833.03184   0.02397     34.75
18.00      0   297.33372  -1832.95485   0.01919     36.17
21.00      0   299.01867  -1833.03834   0.02155     37.60
24.00      0   298.69571  -1833.00296   0.02189     39.03
27.00      0   298.44785  -1832.98522   0.02313     40.46
30.00      0   298.83130  -1833.02189   0.02501     41.89

Sampling Blocks
Target Final Error ~ 0.000072
   N  nodes      weight      E(Guide)     Error     weightp    E_frag     Error      Time
  20      0   299.06005   -1833.01125   0.00445   303.04613  -0.14455   0.00030     55.29
  40      0   298.78321   -1833.00575   0.00313   302.92427  -0.14427   0.00022     63.25
  60      0   298.79867   -1833.00018   0.00324   302.85316  -0.14410   0.00020     70.90
  80      0   299.21784   -1833.00019   0.00284   302.94650  -0.14402   0.00016     78.53
 100      0   298.38156   -1833.00437   0.00257   302.94568  -0.14408   0.00014     86.16
 120      0   298.69330   -1833.00453   0.00222   302.93889  -0.14413   0.00013     93.79
 140      0   298.73478   -1833.00218   0.00207   302.97874  -0.14410   0.00012    101.43
 160      0   298.65201   -1833.00129   0.00188   303.04182  -0.14409   0.00011    109.07
 180      0   299.27348   -1833.00089   0.00177   303.07695  -0.14410   0.00011    116.70
 200      0   298.96383   -1833.00016   0.00163   303.11657  -0.14406   0.00010    124.33
 220      0   298.49285   -1832.99978   0.00164   303.13939  -0.14397   0.00009    131.97
 240      0   299.04588   -1832.99840   0.00161   303.14823  -0.14394   0.00009    139.61
 260      0   299.27700   -1832.99771   0.00153   303.21074  -0.14390   0.00008    147.24
 280      0   298.13350   -1832.99611   0.00148   303.22670  -0.14389   0.00008    154.88
 300      0   298.36861   -1832.99786   0.00150   303.24294  -0.14395   0.00011    162.51
 320      0   298.70756   -1832.99702   0.00144   303.22693  -0.14399   0.00011    170.16
 340      0   299.77045   -1832.99636   0.00138   303.20101  -0.14397   0.00010    177.79
 360      0   299.34117   -1832.99692   0.00135   303.18534  -0.14394   0.00010    185.43
 380      0   298.81432   -1832.99715   0.00133   303.13551  -0.14398   0.00010    193.06
 400      0   299.51872   -1832.99716   0.00130   303.14477  -0.14398   0.00009    200.70
 420      0   298.39054   -1832.99643   0.00127   303.14370  -0.14396   0.00009    208.35
 440      0   298.66668   -1832.99695   0.00123   303.14236  -0.14396   0.00009    215.98
 460      0   297.81298   -1832.99757   0.00123   303.12688  -0.14398   0.00009    223.61
 480      0   298.39447   -1832.99811   0.00120   303.13014  -0.14397   0.00008    231.25
 500      0   299.14446   -1832.99795   0.00117   303.12472  -0.14396   0.00008    238.89
 520      0   298.30142   -1832.99753   0.00114   303.12798  -0.14398   0.00008    246.53
 540      0   298.77494   -1832.99762   0.00111   303.12722  -0.14397   0.00008    254.19
 560      0   298.07972   -1832.99668   0.00111   303.12902  -0.14394   0.00007    261.84
 580      0   297.67231   -1832.99700   0.00109   303.15045  -0.14395   0.00007    269.49
 600      0   299.22501   -1832.99701   0.00107   303.16662  -0.14394   0.00007    277.13
 620      0   298.62245   -1832.99707   0.00104   303.17435  -0.14395   0.00007    284.76
 640      0   297.81465   -1832.99703   0.00102   303.17687  -0.14396   0.00007    292.39
 660      0   298.28743   -1832.99679   0.00100   303.17730  -0.14396   0.00007    300.06
 680      0   298.81473   -1832.99705   0.00098   303.16675  -0.14397   0.00006    307.70
 700      0   298.06524   -1832.99647   0.00097   303.16470  -0.14395   0.00006    315.35
 720      0   299.22116   -1832.99627   0.00096   303.16549  -0.14395   0.00006    322.98
 740      0   298.70555   -1832.99627   0.00095   303.16258  -0.14395   0.00006    330.62
 760      0   299.02907   -1832.99616   0.00093   303.16580  -0.14395   0.00006    338.25
 780      0   298.39609   -1832.99595   0.00091   303.17180  -0.14394   0.00006    345.87
 800      0   297.78912   -1832.99571   0.00090   303.16939  -0.14396   0.00006    353.50
 820      0   297.94659   -1832.99554   0.00089   303.16270  -0.14395   0.00006    361.12
 840      0   299.62600   -1832.99552   0.00088   303.16516  -0.14393   0.00006    368.75

Post Propagation
Total number of samples 840
Remove Outliers
Remove samples outside Zeta > 30
Outlier bound [-0.17894, -0.10847]
Removed 0 Outliers
Outliers Energy []
nsample = 840, max_block_size = 42, min_nblocks = 20
   B    NB    NS  Observable     Error    dError
   1   840   840  -1832.99550   0.00088   0.00002
   2   420   840  -1832.99550   0.00110   0.00004
   3   280   840  -1832.99550   0.00122   0.00005
   4   210   840  -1832.99551   0.00135   0.00007
   5   168   840  -1832.99551   0.00141   0.00008
   6   140   840  -1832.99551   0.00148   0.00009
   7   120   840  -1832.99551   0.00155   0.00010
   8   105   840  -1832.99551   0.00162   0.00011
   9    93   837  -1832.99544   0.00155   0.00011
  10    84   840  -1832.99551   0.00173   0.00013
  11    76   836  -1832.99542   0.00161   0.00013
  12    70   840  -1832.99551   0.00182   0.00016
  13    64   832  -1832.99534   0.00173   0.00015
  14    60   840  -1832.99551   0.00176   0.00016
  15    56   840  -1832.99552   0.00167   0.00016
  16    52   832  -1832.99534   0.00175   0.00017
  17    49   833  -1832.99537   0.00180   0.00018
  18    46   828  -1832.99543   0.00152   0.00016
  19    44   836  -1832.99542   0.00173   0.00019
  20    42   840  -1832.99552   0.00174   0.00019
  21    40   840  -1832.99552   0.00182   0.00021
  22    38   836  -1832.99542   0.00163   0.00019
  23    36   828  -1832.99543   0.00185   0.00022
  24    35   840  -1832.99552   0.00149   0.00018
  25    33   825  -1832.99553   0.00186   0.00023
  26    32   832  -1832.99535   0.00179   0.00023
  27    31   837  -1832.99545   0.00164   0.00021
  28    30   840  -1832.99552   0.00181   0.00024
  29    28   812  -1832.99581   0.00154   0.00021
  30    28   840  -1832.99552   0.00163   0.00022
  31    27   837  -1832.99545   0.00187   0.00026
  32    26   832  -1832.99535   0.00170   0.00024
  33    25   825  -1832.99553   0.00169   0.00024
  34    24   816  -1832.99573   0.00185   0.00027
  35    24   840  -1832.99552   0.00184   0.00027
  36    23   828  -1832.99543   0.00153   0.00023
  37    22   814  -1832.99576   0.00163   0.00025
  38    22   836  -1832.99542   0.00188   0.00029
  39    21   819  -1832.99561   0.00164   0.00026
  40    21   840  -1832.99552   0.00180   0.00028
  41    20   820  -1832.99554   0.00167   0.00027
  42    20   840  -1832.99552   0.00180   0.00029
Fit (variance): plateau_var = 2.929e-06 ± 1.365e-07
Fit (error):    plateau = 0.00171 ± 0.00004
     autocorrelation length ~ 4.5 blocks
     plateau reached at block size ~ 21
nsample = 840, max_block_size = 42, min_nblocks = 20
Blk_SZ   NBlk   NSmp      Energy     Error    dError
     1    840    840    -0.14388   0.00006   0.00000
     2    420    840    -0.14389   0.00006   0.00000
     3    280    840    -0.14390   0.00007   0.00000
     4    210    840    -0.14390   0.00007   0.00000
     5    168    840    -0.14391   0.00007   0.00000
     6    140    840    -0.14391   0.00007   0.00000
     7    120    840    -0.14391   0.00007   0.00000
     8    105    840    -0.14391   0.00007   0.00000
     9     93    837    -0.14392   0.00007   0.00001
    10     84    840    -0.14391   0.00007   0.00001
    11     76    836    -0.14392   0.00007   0.00001
    12     70    840    -0.14391   0.00007   0.00001
    13     64    832    -0.14392   0.00006   0.00001
    14     60    840    -0.14392   0.00007   0.00001
    15     56    840    -0.14392   0.00007   0.00001
    16     52    832    -0.14392   0.00007   0.00001
    17     49    833    -0.14392   0.00006   0.00001
    18     46    828    -0.14393   0.00007   0.00001
    19     44    836    -0.14392   0.00007   0.00001
    20     42    840    -0.14392   0.00007   0.00001
    21     40    840    -0.14392   0.00007   0.00001
    22     38    836    -0.14393   0.00007   0.00001
    23     36    828    -0.14393   0.00007   0.00001
    24     35    840    -0.14392   0.00007   0.00001
    25     33    825    -0.14393   0.00008   0.00001
    26     32    832    -0.14393   0.00007   0.00001
    27     31    837    -0.14393   0.00007   0.00001
    28     30    840    -0.14392   0.00007   0.00001
    29     28    812    -0.14395   0.00007   0.00001
    30     28    840    -0.14392   0.00007   0.00001
    31     27    837    -0.14393   0.00008   0.00001
    32     26    832    -0.14393   0.00007   0.00001
    33     25    825    -0.14394   0.00007   0.00001
    34     24    816    -0.14395   0.00006   0.00001
    35     24    840    -0.14392   0.00008   0.00001
    36     23    828    -0.14394   0.00007   0.00001
    37     22    814    -0.14395   0.00006   0.00001
    38     22    836    -0.14393   0.00007   0.00001
    39     21    819    -0.14394   0.00006   0.00001
    40     21    840    -0.14393   0.00008   0.00001
    41     20    820    -0.14395   0.00006   0.00001
    42     20    840    -0.14393   0.00008   0.00001
Fit (variance): plateau_var = 4.67807e-09 ± 1.67442e-10
Fit (error):    plateau = 0.00007 ± 0.00000
     autocorrelation length ~ 1.6 blocks
     plateau reached at block size ~ 7
Final AFQMC/HF Guiding Energy:      -1832.9955 +/- 0.0017
Final AFQMC/pt2CCSD Orbital Energy: -0.14393 +/- 0.00007
<t1> = weightp/weight = 1.01504
Total run time: 368.76

AFQMC Sampling Finished

LNO-Integral time (s):    30.86
LNO-AFQMC time (s):       371.79

================================================================================
Loop wall time:              29145.55 s
Serial equivalent (CPU+GPU): 32968.15 s
CPU time hidden behind GPU:  3869.67 s of 3948.72 s
================================================================================
