#INFO: **** input file is /work/hdd/bdka/yzhang65/l7_dataset/lno_afqmc/c3/iao2/run_lno_afqmc.py ****
import numpy as np
from pyscf import gto, scf, lo

lno_num = 2
lno_list = [3e-5,1e-5,3e-6,1e-6]
lno_thresh = lno_list[lno_num-1]

geofile = "../../../geometry/c3a/B.xyz"
with open(geofile, 'r') as file:
    atoms = file.read()

mol = gto.M(atom=atoms,
            basis="ccpvdz",
            verbose=4,
            unit='angstrom',
            symmetry=0,
            charge=0,
            spin=0,
            max_memory=40000,
            )

mf = scf.RHF(mol).density_fit()
mf.chkfile = '../../../pyscf/c3/mf.chk'
mf.init_guess = 'chk'
mf.kernel()

from afqmc.lno_afqmc import lno_afqmc, tools
from pyscf.data import elements
lo_coeff, frag_lolist, atm_center = tools.iao_localization(mf)

options = {
           'n_eql': 50,
           'n_blocks': 600,
           'n_walkers': 300,
           'max_memory': 20000,
           'mix_precision': True,
           'n_batch': 1,
           'seed': 17,
           'walker_type': 'rhf',
           'trial': 'pt2ccsd',
           }

lno_afqmc.run_afqmc(
              mf,
              lo_coeff = lo_coeff,
              frag_lolist = frag_lolist,
              nfrozen = elements.chemcore(mol),
              thresh = lno_thresh,
              qmc_options = options,
              chol_cut = 1e-5,
              target_sto_error = 5e-4,
              atom_group = atm_center,
              run_frg_list = None,
              )
#INFO: ******************** input file end ********************


System: uname_result(system='Linux', node='gpua043.delta.ncsa.illinois.edu', release='5.14.0-427.91.1.el9_4.x86_64', version='#1 SMP PREEMPT_DYNAMIC Wed Sep 17 10:08:59 EDT 2025', machine='x86_64')  Threads 16
Python 3.11.14 (main, Oct 21 2025, 18:31:21) [GCC 11.2.0]
numpy 2.3.5  scipy 1.16.3  h5py 3.15.1
Date: Mon May 25 15:57:27 2026
PySCF version 2.11.0
PySCF path  /u/yzhang65/myprojects/software/pyscf
GIT HEAD (branch master) f520f5381c0b41f716d847009817cbc64e52c0d5

[ENV] PYSCF_TMPDIR /projects/bdka/yzhang65/scratch/pyscf
[ENV] PYSCF_EXT_PATH /u/yzhang65/myprojects/software/pyscf-forge
[CONFIG] conf_file None
[INPUT] verbose = 4
[INPUT] num. atoms = 72
[INPUT] num. electrons = 342
[INPUT] charge = 0
[INPUT] spin (= nelec alpha-beta = 2S) = 0
[INPUT] symmetry 0 subgroup None
[INPUT] Mole.unit = angstrom
[INPUT] Symbol           X                Y                Z      unit          X                Y                Z       unit  Magmom
[INPUT]  1 C      6.220000000000  -1.272000000000  -0.103000000000 AA   11.754096494795  -2.403731630447  -0.194641790830 Bohr   0.0
[INPUT]  2 C      6.356000000000   0.086000000000  -0.067000000000 AA   12.011099247736   0.162516446713  -0.126611650346 Bohr   0.0
[INPUT]  3 C      5.220000000000   0.956000000000  -0.165000000000 AA    9.864370370230   1.806578175084  -0.311804810553 Bohr   0.0
[INPUT]  4 C      3.923000000000   0.366000000000  -0.304000000000 AA    7.413395586669   0.691639761591  -0.574476741868 Bohr   0.0
[INPUT]  5 C      3.782000000000  -1.049000000000  -0.351000000000 AA    7.146944203105  -1.982322704669  -0.663293869722 Bohr   0.0
[INPUT]  6 C      4.934000000000  -1.892000000000  -0.240000000000 AA    9.323908698604  -3.575361827677  -0.453534269896 Bohr   0.0
[INPUT]  7 C      2.493000000000  -1.631000000000  -0.480000000000 AA    4.711087228541  -3.082143309166  -0.907068539791 Bohr   0.0
[INPUT]  8 C      4.770000000000  -3.283000000000  -0.265000000000 AA    9.013993614175  -6.203970866947  -0.500777423010 Bohr   0.0
[INPUT]  9 C      3.506000000000  -3.877000000000  -0.385000000000 AA    6.625379792725  -7.326468184939  -0.727544557958 Bohr   0.0
[INPUT] 10 C      2.348000000000  -3.043000000000  -0.500000000000 AA    4.437076940479  -5.750436597051  -0.944863062283 Bohr   0.0
[INPUT] 11 C      3.325000000000  -5.299000000000  -0.390000000000 AA    6.283339364179 -10.013658734070  -0.736993188580 Bohr   0.0
[INPUT] 12 C      2.082000000000  -5.857000000000  -0.476000000000 AA    3.934409791344 -11.068125911578  -0.899509635293 Bohr   0.0
[INPUT] 13 C      0.902000000000  -5.047000000000  -0.564000000000 AA    1.704532964358  -9.537447750680  -1.065805534255 Bohr   0.0
[INPUT] 14 C      1.053000000000  -3.625000000000  -0.579000000000 AA    1.989881609167  -6.850257201548  -1.094151426123 Bohr   0.0
[INPUT] 15 C     -0.094000000000  -2.794000000000  -0.668000000000 AA   -0.177634255709  -5.279894792035  -1.262337051209 Bohr   0.0
[INPUT] 16 C      0.051000000000  -1.376000000000  -0.669000000000 AA    0.096376032353  -2.600263147402  -1.264226777334 Bohr   0.0
[INPUT] 17 C      1.342000000000  -0.795000000000  -0.596000000000 AA    2.536012459166  -1.502332269029  -1.126276770241 Bohr   0.0
[INPUT] 18 C      2.777000000000   1.198000000000  -0.411000000000 AA    5.247769447917   2.263891897229  -0.776677437196 Bohr   0.0
[INPUT] 19 C      1.483000000000   0.616000000000  -0.539000000000 AA    2.802463842730   1.164071292732  -1.018562381141 Bohr   0.0
[INPUT] 20 C      0.335000000000   1.447000000000  -0.612000000000 AA    0.633058251729   2.734433702246  -1.156512388234 Bohr   0.0
[INPUT] 21 C     -0.954000000000   0.866000000000  -0.706000000000 AA   -1.802798722835   1.636502823873  -1.334146643943 Bohr   0.0
[INPUT] 22 C     -1.098000000000  -0.545000000000  -0.714000000000 AA   -2.074919284772  -1.029900737888  -1.349264452939 Bohr   0.0
[INPUT] 23 C     -1.388000000000  -3.374000000000  -0.698000000000 AA   -2.622939860896  -6.375935944283  -1.319028834946 Bohr   0.0
[INPUT] 24 C     -2.540000000000  -2.541000000000  -0.725000000000 AA   -4.799904356395  -4.801794082520  -1.370051440310 Bohr   0.0
[INPUT] 25 C     -2.397000000000  -1.129000000000  -0.764000000000 AA   -4.529673520582  -2.133500794634  -1.443750759168 Bohr   0.0
[INPUT] 26 C     -0.384000000000  -5.600000000000  -0.613000000000 AA   -0.725654831833 -10.582466297564  -1.158402114358 Bohr   0.0
[INPUT] 27 C     -1.531000000000  -4.796000000000  -0.667000000000 AA   -2.893170696709  -9.063126493414  -1.260447325085 Bohr   0.0
[INPUT] 28 C     -3.848000000000  -3.122000000000  -0.735000000000 AA   -7.271666127326  -5.899724960892  -1.388948701555 Bohr   0.0
[INPUT] 29 C     -4.970000000000  -2.283000000000  -0.758000000000 AA   -9.391938839088  -4.314244742382  -1.432412402420 Bohr   0.0
[INPUT] 30 C     -4.850000000000  -0.887000000000  -0.776000000000 AA   -9.165171704141  -1.676187072489  -1.466427472662 Bohr   0.0
[INPUT] 31 C     -3.547000000000  -0.297000000000  -0.768000000000 AA   -6.702858563832  -0.561248658996  -1.451309663666 Bohr   0.0
[INPUT] 32 C     -2.110000000000   1.699000000000  -0.715000000000 AA   -3.987322122832   3.210644685636  -1.351154179064 Bohr   0.0
[INPUT] 33 C     -3.403000000000   1.117000000000  -0.763000000000 AA   -6.430738001895   2.110824081139  -1.441861033043 Bohr   0.0
[INPUT] 34 C     -2.853000000000  -5.350000000000  -0.684000000000 AA   -5.391388633384 -10.110034766423  -1.292572669203 Bohr   0.0
[INPUT] 35 C     -3.959000000000  -4.551000000000  -0.713000000000 AA   -7.481425727153  -8.600143592896  -1.347374726815 Bohr   0.0
[INPUT] 36 C     -4.561000000000   1.957000000000  -0.756000000000 AA   -8.619040854141   3.698194025774  -1.428632950171 Bohr   0.0
[INPUT] 37 C     -5.853000000000   1.338000000000  -0.775000000000 AA  -11.060567007079   2.528453554668  -1.464537746538 Bohr   0.0
[INPUT] 38 C     -5.992000000000  -0.020000000000  -0.782000000000 AA  -11.323238938394  -0.037794522491  -1.477765829410 Bohr   0.0
[INPUT] 39 C     -4.398000000000   3.348000000000  -0.723000000000 AA   -8.311015495837   6.326803065044  -1.366271988061 Bohr   0.0
[INPUT] 40 C     -3.131000000000   3.942000000000  -0.678000000000 AA   -5.916732496013   7.449300383035  -1.281234312455 Bohr   0.0
[INPUT] 41 C     -1.967000000000   3.110000000000  -0.676000000000 AA   -3.717091287019   5.877048247397  -1.277454860206 Bohr   0.0
[INPUT] 42 C     -0.674000000000   3.692000000000  -0.579000000000 AA   -1.273675407957   6.976868851894  -1.094151426123 Bohr   0.0
[INPUT] 43 C      0.478000000000   2.863000000000  -0.555000000000 AA    0.903289087542   5.410285894630  -1.048797999134 Bohr   0.0
[INPUT] 44 C      1.768000000000   3.443000000000  -0.435000000000 AA    3.341035788231   6.506327046878  -0.822030864186 Bohr   0.0
[INPUT] 45 C      2.916000000000   2.610000000000  -0.345000000000 AA    5.510441379232   4.932185185115  -0.651955512975 Bohr   0.0
[INPUT] 46 C      4.218000000000   3.190000000000  -0.215000000000 AA    7.970864793415   6.028226337363  -0.406291116781 Bohr   0.0
[INPUT] 47 C      5.337000000000   2.351000000000  -0.126000000000 AA   10.085468326804   4.442746118852  -0.238105491695 Bohr   0.0
[INPUT] 48 C      4.325000000000   4.619000000000  -0.169000000000 AA    8.173065488744   8.728644969366  -0.319363715051 Bohr   0.0
[INPUT] 49 C      1.904000000000   4.865000000000  -0.368000000000 AA    3.598038541172   9.193517596009  -0.695419213840 Bohr   0.0
[INPUT] 50 C      3.221000000000   5.418000000000  -0.243000000000 AA    6.086807847224  10.238536142894  -0.459203448269 Bohr   0.0
[INPUT] 51 C     -0.527000000000   5.114000000000  -0.521000000000 AA   -0.995885667646   9.664059401026  -0.984547310898 Bohr   0.0
[INPUT] 52 C      0.756000000000   5.667000000000  -0.421000000000 AA    1.428632950171  10.709077947910  -0.795574698442 Bohr   0.0
[INPUT] 53 C     -2.953000000000   5.364000000000  -0.625000000000 AA   -5.580361245841  10.136490932167  -1.181078827853 Bohr   0.0
[INPUT] 54 C     -1.710000000000   5.923000000000  -0.552000000000 AA   -3.231431673006  11.192847835799  -1.043128820760 Bohr   0.0
[INPUT] 55 H      7.095000000000  -1.912000000000  -0.024000000000 AA   13.407606853789  -3.613156350168  -0.045353426990 Bohr   0.0
[INPUT] 56 H      7.340000000000   0.535000000000   0.037000000000 AA   13.870589754308   1.011003476642   0.069919866609 Bohr   0.0
[INPUT] 57 H      5.648000000000  -3.920000000000  -0.181000000000 AA   10.673173151543  -7.407726408295  -0.342040428546 Bohr   0.0
[INPUT] 58 H      4.205000000000  -5.932000000000  -0.315000000000 AA    7.946298353796 -11.209855370920  -0.595263729238 Bohr   0.0
[INPUT] 59 H      1.965000000000  -6.939000000000  -0.470000000000 AA    3.713311834770 -13.112809578357  -0.888171278546 Bohr   0.0
[INPUT] 60 H     -0.497000000000  -6.682000000000  -0.594000000000 AA   -0.939193883909 -12.627149964344  -1.122497317992 Bohr   0.0
[INPUT] 61 H     -5.963000000000  -2.729000000000  -0.763000000000 AA  -11.268436880781  -5.157062593938  -1.441861033043 Bohr   0.0
[INPUT] 62 H     -2.959000000000  -6.432000000000  -0.666000000000 AA   -5.591699602588 -12.154718433202  -1.258557598960 Bohr   0.0
[INPUT] 63 H     -4.953000000000  -4.992000000000  -0.720000000000 AA   -9.359813494971  -9.433512813829  -1.360602809687 Bohr   0.0
[INPUT] 64 H     -6.732000000000   1.979000000000  -0.778000000000 AA  -12.721636270572   3.739768000514  -1.470206924912 Bohr   0.0
[INPUT] 65 H     -6.982000000000  -0.432000000000  -0.790000000000 AA  -13.194067801713  -0.816361685812  -1.492883638406 Bohr   0.0
[INPUT] 66 H     -5.281000000000   3.984000000000  -0.719000000000 AA   -9.979643663828   7.528668880267  -1.358713083562 Bohr   0.0
[INPUT] 67 H      6.324000000000   2.797000000000  -0.023000000000 AA   11.950628011749   5.285563970408  -0.043463700865 Bohr   0.0
[INPUT] 68 H      5.314000000000   5.059000000000  -0.070000000000 AA   10.042004625939   9.560124464175  -0.132280828720 Bohr   0.0
[INPUT] 69 H      3.324000000000   6.500000000000  -0.201000000000 AA    6.281449638054  12.283219809673  -0.379834951038 Bohr   0.0
[INPUT] 70 H      0.865000000000   6.749000000000  -0.375000000000 AA    1.634613097749  12.753761614690  -0.708647296712 Bohr   0.0
[INPUT] 71 H     -3.838000000000   5.995000000000  -0.639000000000 AA   -7.252768866081  11.328908116768  -1.207534993597 Bohr   0.0
[INPUT] 72 H     -1.596000000000   7.004000000000  -0.509000000000 AA   -3.016002894806  13.235641776454  -0.961870597404 Bohr   0.0

nuclear repulsion = 6437.6302254056
number of shells = 324
number of NR pGTOs = 1530
number of NR cGTOs = 846
basis = ccpvdz
ecp = {}
CPU time:         3.75


******** <class 'pyscf.df.df_jk.DFRHF'> ********
method = DFRHF
initial guess = chk
damping factor = 0
level_shift factor = 0
DIIS = <class 'pyscf.scf.diis.CDIIS'>
diis_start_cycle = 1
diis_space = 8
diis_damp = 0
SCF conv_tol = 1e-09
SCF conv_tol_grad = None
SCF max_cycles = 50
direct_scf = False
chkfile to save SCF result = ../../../pyscf/c3/mf.chk
max_memory 40000 MB (current use 81 MB)
Set gradient conv threshold to 3.16228e-05
******** <class 'pyscf.df.df.DF'> ********
auxbasis = cc-pvdz-jkfit
max_memory = 40000
init E= -2055.86510029461
  HOMO = -0.223006379572849  LUMO = 0.0160570980553626
cycle= 1 E= -2055.8651002946  delta_E= 1.09e-11  |g|= 3.28e-06  |ddm|= 1.91e-05
  HOMO = -0.223006459470922  LUMO = 0.0160570215833184
Extra cycle  E= -2055.8651002946  delta_E= 1.82e-12  |g|= 3.4e-06  |ddm|= 1.98e-05
converged SCF energy = -2055.8651002946


========================= restricted LNO-FRAGMENT 1/72 =========================
Center Atom C
AOs with contribution > 0.01
        AO Label     Amp
      0 C 1s      0.8753
      0 C 2py     0.4783
      0 C 2px     0.4773
      0 C 2pz     0.4595
      0 C 2s      0.3759
      0 C 3pz     0.2922
      0 C 3s      0.1905
      0 C 3py     0.1549
      0 C 3px     0.1517
     54 H 2px     0.1474
     54 H 2py     0.1005
     1 C 3dx2-y2  0.0954
      1 C 3py     0.0847
      5 C 3px     0.0778
     54 H 1s      0.0704
      1 C 3s      0.0664
      5 C 3dxy    0.0657
     54 H 2s      0.0630
      5 C 3s      0.0594
     5 C 3dx2-y2  0.0571
      1 C 3dyz    0.0553
      1 C 3dxy    0.0527
      1 C 3pz     0.0514
     54 H 2pz     0.0488
      5 C 3pz     0.0440
      5 C 3py     0.0392
      5 C 3dxz    0.0351
      1 C 3px     0.0350
      1 C 3dz^2   0.0253
      1 C 2s      0.0228
      5 C 3dz^2   0.0221
      4 C 3px     0.0191
     55 H 2s      0.0182
      1 C 2py     0.0170
      5 C 2s      0.0169
      2 C 3py     0.0157
      7 C 3py     0.0154
      0 C 3dz^2   0.0118
     0 C 3dx2-y2  0.0111
      5 C 2px     0.0106
LAS occupied orbitals: 32
LAS virtual orbitals: 138
CCSD time: 135.052402 s
LNO-MP2 Orbital Energy: -0.11429901
LNO-CCSD Orbital Energy: -0.11811006
Calculating Effective Active Space One-electron Integrals
number of active occupied orbitals 32
number of active virtual orbitals 138
build JK time: 6.750762 s
build ecore time: 0.414011 s
build h1eff time: 7.625272 s
Generating Cholesky Integrals
Composing AO ERIs from DF basis
Raw CDERI in LAS shape: (4194, 14535)
Compress CDERI into LAS Cholesky Vectors by SVD
Cholesky cutoff: 1e-05
Build effective h0 and h1 time: 11.868270 s
Build CDERI in LAS time: 6.319867 s
Compress CDERI to LAS Choleskey Vectors time: 6.065851 s
Build Integral total time: 24.255352 s
Finished calculating Cholesky integrals
Size of the correlation space
Number of electrons: (32,32)
Number of basis functions: 170
Cholesky shape: (1500, 170, 170)
AFQMC script: /u/yzhang65/myprojects/software/afqmc/afqmc/lno_afqmc/script/run_afqmc_pt2.py

AFQMC Started
Hostname:     gpua043.delta.ncsa.illinois.edu
System:       Linux
Node:         gpua043.delta.ncsa.illinois.edu
Release:      5.14.0-427.91.1.el9_4.x86_64
Machine:      x86_64
Processor:    x86_64
JAX backend:  GPU
JAX devices:  [CudaDevice(id=0)]
Device kind:  NVIDIA A100-SXM4-40GB
Platform:     gpu

QMC System
Number of electrons:       (32, 32)
Number of orbitals:         170
Number of Cholesky Vectors: 1500
Maximum memory per walker:            66.67 MB
Maximum number of Cholesky per chunk: 151
Number of Cholesky chunks:            10
Number of Cholesky per chunk:         150
Number of padding Cholesky:           0

QMC Parameters
n_eql           -              50
n_blocks        -             600
n_walkers       -             300
max_memory      -           20000
mix_precision   -            True
n_batch         -               1
seed            -            6789
walker_type     -             rhf
trial           -         pt2ccsd
max_error       -       5.893e-05
dt              -           0.005
n_prop_steps    -              50
eql_time        -              50
nchol_chunk     -             150
n_exp_terms     -               6
Trial: pt2ccsd(norb=170, nelec=(32, 32), n_batch=1, nchol_chunk=150, mix_precision=True)
Sampler: sampler_pt2(n_prop_steps=50, n_blocks=600, n_chol=1500)

Equilibration
Initial Orbital energy: -0.118099
inv_T        energy   runTime
 0.00  -2055.865059     18.83
 5.00  -2057.282686     36.42
10.00  -2057.338295     48.97
15.00  -2057.281929     61.53
20.00  -2057.308621     74.08
25.00  -2057.303184     86.63
30.00  -2057.312888     99.18
35.00  -2057.374528    111.73
40.00  -2057.342945    124.28
45.00  -2057.275563    136.83
50.00  -2057.289906    149.38

Sampling Blocks
Target Final Error ~ 0.000059
   N      E(Guide)     Error      E(Orb)     Error  Kill_WK      Time
  20  -2057.304368  0.005081   -0.123479  0.000272        0    215.80
  40  -2057.317838  0.004474   -0.123666  0.000261        0    272.89
  60  -2057.318876  0.003539   -0.123684  0.000208        0    329.94
  80  -2057.316585  0.002941   -0.123752  0.000187        0    386.96
 100  -2057.314910  0.002663   -0.123677  0.000162        0    444.01
 120  -2057.318897  0.002573   -0.123759  0.000148        0    501.08
 140  -2057.318561  0.002405   -0.123805  0.000138        0    558.13
 160  -2057.319801  0.002233   -0.123772  0.000127        0    615.12
 180  -2057.322236  0.002179   -0.123745  0.000119        0    672.15
 200  -2057.320640  0.002081   -0.123693  0.000112        0    729.20
 220  -2057.319577  0.001980   -0.123745  0.000117        0    786.26
 240  -2057.318524  0.001885   -0.123736  0.000114        0    843.31
 260  -2057.317881  0.001835   -0.123707  0.000110        0    900.32
 280  -2057.318673  0.001791   -0.123707  0.000106        0    957.39
 300  -2057.318235  0.001705   -0.123678  0.000101        0   1014.48
 320  -2057.319311  0.001653   -0.123667  0.000097        0   1071.54
 340  -2057.320615  0.001610   -0.123650  0.000094        0   1128.55
 360  -2057.321432  0.001550   -0.123675  0.000092        0   1185.58
 380  -2057.321315  0.001525   -0.123733  0.000092        0   1242.63
 400  -2057.321884  0.001504   -0.123780  0.000093        0   1299.67
 420  -2057.321237  0.001472   -0.123809  0.000093        0   1356.65
 440  -2057.320895  0.001443   -0.123789  0.000090        0   1413.67
 460  -2057.320927  0.001400   -0.123758  0.000087        0   1470.75
 480  -2057.321072  0.001364   -0.123732  0.000085        0   1527.80
 500  -2057.321029  0.001330   -0.123771  0.000084        0   1584.80
 520  -2057.321183  0.001300   -0.123798  0.000082        0   1641.81
 540  -2057.321409  0.001264   -0.123790  0.000081        0   1698.90
 560  -2057.321749  0.001242   -0.123782  0.000078        0   1755.98
 580  -2057.321630  0.001227   -0.123786  0.000077        0   1812.98
 600  -2057.322223  0.001233   -0.123805  0.000076        0   1869.98

Post Propagation
Total number of samples 600
Raw AFQMC/HF Energy: -2057.322223 +/- 0.001233
Raw AFQMC/pt2CCSD Orbital Energy (covariance): -0.123805 +/- 0.000076
Raw AFQMC/pt2CCSD Orbital Energy (direct obs): -0.123805 +/- 0.000064

Remove Outliers
Energy bound [-0.151234, -0.095961]
Removed 0 Outliers
Outliers Orbital Energy []
Clean AFQMC/pt2CCSD Orbital Energy (covariance): -0.123805 +/- 0.000076
Clean AFQMC/pt2CCSD Orbital Energy (direct obs): -0.123805 +/- 0.000064

Blocking Analysis
nsample = 600, max_block_size = 30, min_nblocks = 20
Blk_SZ   NBlk   NSmp      Energy     Error    dError
     1    600    600   -0.123771  0.000064  0.000002
     2    300    600   -0.123778  0.000073  0.000003
     3    200    600   -0.123784  0.000081  0.000004
     4    150    600   -0.123784  0.000086  0.000005
     5    120    600   -0.123787  0.000091  0.000006
     6    100    600   -0.123788  0.000094  0.000007
     7     85    595   -0.123790  0.000097  0.000007
     8     75    600   -0.123791  0.000092  0.000008
     9     66    594   -0.123795  0.000096  0.000008
    10     60    600   -0.123794  0.000099  0.000009
    11     54    594   -0.123799  0.000097  0.000009
    12     50    600   -0.123797  0.000107  0.000011
    13     46    598   -0.123797  0.000097  0.000010
    14     42    588   -0.123800  0.000106  0.000012
    15     40    600   -0.123800  0.000095  0.000011
    16     37    592   -0.123806  0.000093  0.000011
    17     35    595   -0.123799  0.000110  0.000013
    18     33    594   -0.123802  0.000107  0.000013
    19     31    589   -0.123802  0.000098  0.000013
    20     30    600   -0.123801  0.000090  0.000012
    21     28    588   -0.123805  0.000100  0.000014
    22     27    594   -0.123806  0.000115  0.000016
    23     26    598   -0.123804  0.000113  0.000016
    24     25    600   -0.123802  0.000102  0.000015
    25     24    600   -0.123802  0.000103  0.000015
    26     23    598   -0.123804  0.000110  0.000017
    27     22    594   -0.123805  0.000116  0.000018
    28     21    588   -0.123807  0.000109  0.000017
    29     20    580   -0.123785  0.000121  0.000020
    30     20    600   -0.123806  0.000102  0.000017
Fit: plateau = 0.000103 ± 0.000003
     autocorrelation length ~ 3.7 blocks
     plateau reached at block size ~ 15
Blocked AFQMC/pt2CCSD Orbital Energy: -0.123805 +/- 0.000103
total run time: 1870.19

AFQMC Sampling Finished



========================= restricted LNO-FRAGMENT 2/72 =========================
Center Atom C
AOs with contribution > 0.01
        AO Label     Amp
      1 C 1s      0.8752
      1 C 2py     0.4805
      1 C 2px     0.4752
      1 C 2pz     0.4594
      1 C 2s      0.3758
      1 C 3pz     0.2920
      1 C 3s      0.1904
     55 H 2px     0.1729
      1 C 3py     0.1593
      1 C 3px     0.1475
     0 C 3dx2-y2  0.0982
      0 C 3py     0.0841
      2 C 3dxy    0.0806
     55 H 2py     0.0742
     55 H 1s      0.0700
      2 C 3px     0.0683
      0 C 3s      0.0667
     55 H 2s      0.0628
      2 C 3s      0.0595
      0 C 3dyz    0.0554
      0 C 3pz     0.0514
      0 C 3dxy    0.0499
     55 H 2pz     0.0493
      2 C 3py     0.0490
      2 C 3pz     0.0438
     2 C 3dx2-y2  0.0429
      0 C 3px     0.0353
      2 C 3dxz    0.0269
      0 C 3dz^2   0.0254
      0 C 2s      0.0229
      2 C 3dz^2   0.0222
      3 C 3px     0.0196
     46 C 3py     0.0187
     54 H 2s      0.0184
      0 C 2py     0.0172
      2 C 2s      0.0169
      2 C 3dyz    0.0160
      5 C 3py     0.0119
      1 C 3dz^2   0.0118
      5 C 3px     0.0109
LAS occupied orbitals: 32
LAS virtual orbitals: 138
CCSD time: 181.684378 s
LNO-MP2 Orbital Energy: -0.11429744
LNO-CCSD Orbital Energy: -0.11810768
Calculating Effective Active Space One-electron Integrals
number of active occupied orbitals 32
number of active virtual orbitals 138
build JK time: 5.609345 s
build ecore time: 0.176322 s
build h1eff time: 5.865294 s
Generating Cholesky Integrals
Composing AO ERIs from DF basis
Raw CDERI in LAS shape: (4194, 14535)
Compress CDERI into LAS Cholesky Vectors by SVD
Cholesky cutoff: 1e-05
Build effective h0 and h1 time: 6.290666 s
Build CDERI in LAS time: 5.348781 s
Compress CDERI to LAS Choleskey Vectors time: 2.689613 s
Build Integral total time: 14.329629 s
Finished calculating Cholesky integrals
Size of the correlation space
Number of electrons: (32,32)
Number of basis functions: 170
Cholesky shape: (1498, 170, 170)
AFQMC script: /u/yzhang65/myprojects/software/afqmc/afqmc/lno_afqmc/script/run_afqmc_pt2.py

AFQMC Started
Hostname:     gpua043.delta.ncsa.illinois.edu
System:       Linux
Node:         gpua043.delta.ncsa.illinois.edu
Release:      5.14.0-427.91.1.el9_4.x86_64
Machine:      x86_64
Processor:    x86_64
JAX backend:  GPU
JAX devices:  [CudaDevice(id=0)]
Device kind:  NVIDIA A100-SXM4-40GB
Platform:     gpu

QMC System
Number of electrons:       (32, 32)
Number of orbitals:         170
Number of Cholesky Vectors: 1498
Maximum memory per walker:            66.67 MB
Maximum number of Cholesky per chunk: 151
Number of Cholesky chunks:            10
Number of Cholesky per chunk:         150
Number of padding Cholesky:           2

QMC Parameters
n_eql           -              50
n_blocks        -             600
n_walkers       -             300
max_memory      -           20000
mix_precision   -            True
n_batch         -               1
seed            -            4052
walker_type     -             rhf
trial           -         pt2ccsd
max_error       -       5.893e-05
dt              -           0.005
n_prop_steps    -              50
eql_time        -              50
nchol_chunk     -             150
n_exp_terms     -               6
Trial: pt2ccsd(norb=170, nelec=(32, 32), n_batch=1, nchol_chunk=150, mix_precision=True)
Sampler: sampler_pt2(n_prop_steps=50, n_blocks=600, n_chol=1498)

Equilibration
Initial Orbital energy: -0.118096
inv_T        energy   runTime
 0.00  -2055.865058     12.93
 5.00  -2057.336864     30.05
10.00  -2057.325238     42.62
15.00  -2057.335908     55.19
20.00  -2057.344468     67.77
25.00  -2057.305195     80.34
30.00  -2057.344923     92.93
35.00  -2057.348545    105.50
40.00  -2057.339158    118.06
45.00  -2057.364005    130.63
50.00  -2057.371906    143.20

Sampling Blocks
Target Final Error ~ 0.000059
   N      E(Guide)     Error      E(Orb)     Error  Kill_WK      Time
  20  -2057.361435  0.005645   -0.124087  0.000423        0    209.17
  40  -2057.352824  0.004512   -0.124134  0.000301        0    266.25
  60  -2057.335967  0.004603   -0.124207  0.000241        0    323.39
  80  -2057.328724  0.004124   -0.124067  0.000194        0    380.51
 100  -2057.325669  0.003553   -0.123956  0.000167        0    437.58
 120  -2057.324730  0.003168   -0.123883  0.000158        0    494.73
 140  -2057.324629  0.002859   -0.123898  0.000143        0    551.89
 160  -2057.327256  0.002675   -0.123938  0.000136        0    609.06
 180  -2057.329899  0.002479   -0.123913  0.000127        0    666.14
 200  -2057.330001  0.002313   -0.123867  0.000124        0    723.23
 220  -2057.327785  0.002232   -0.123831  0.000115        0    780.34
 240  -2057.328161  0.002078   -0.123842  0.000109        0    837.47
 260  -2057.329334  0.001973   -0.123876  0.000104        0    894.55
 280  -2057.329956  0.001883   -0.123910  0.000103        0    951.63
 300  -2057.329580  0.001818   -0.123884  0.000098        0   1008.74
 320  -2057.330114  0.001765   -0.123889  0.000094        0   1065.87
 340  -2057.330785  0.001707   -0.123951  0.000095        0   1122.96
 360  -2057.331352  0.001658   -0.123961  0.000092        0   1180.03
 380  -2057.331369  0.001584   -0.124021  0.000095        0   1237.13
 400  -2057.330379  0.001545   -0.123995  0.000092        0   1294.26
 420  -2057.331028  0.001511   -0.124034  0.000093        0   1351.39
 440  -2057.332555  0.001525   -0.124043  0.000095        0   1411.37
 460  -2057.332424  0.001469   -0.124031  0.000093        0   1470.85
 480  -2057.332417  0.001425   -0.124019  0.000090        0   1527.98
 500  -2057.331591  0.001404   -0.124010  0.000087        0   1585.12
 520  -2057.330519  0.001380   -0.123997  0.000084        0   1642.20
 540  -2057.330406  0.001356   -0.123980  0.000082        0   1699.28
 560  -2057.330737  0.001330   -0.123999  0.000082        0   1756.41
 580  -2057.330250  0.001298   -0.123993  0.000081        0   1813.54
 600  -2057.330168  0.001283   -0.123980  0.000079        0   1870.67

Post Propagation
Total number of samples 600
Raw AFQMC/HF Energy: -2057.330168 +/- 0.001283
Raw AFQMC/pt2CCSD Orbital Energy (covariance): -0.123980 +/- 0.000079
Raw AFQMC/pt2CCSD Orbital Energy (direct obs): -0.123980 +/- 0.000066

Remove Outliers
Energy bound [-0.151268, -0.096118]
Removed 0 Outliers
Outliers Orbital Energy []
Clean AFQMC/pt2CCSD Orbital Energy (covariance): -0.123980 +/- 0.000079
Clean AFQMC/pt2CCSD Orbital Energy (direct obs): -0.123980 +/- 0.000066

Blocking Analysis
nsample = 600, max_block_size = 30, min_nblocks = 20
Blk_SZ   NBlk   NSmp      Energy     Error    dError
     1    600    600   -0.123925  0.000066  0.000002
     2    300    600   -0.123939  0.000074  0.000003
     3    200    600   -0.123940  0.000081  0.000004
     4    150    600   -0.123950  0.000084  0.000005
     5    120    600   -0.123952  0.000084  0.000005
     6    100    600   -0.123956  0.000084  0.000006
     7     85    595   -0.123969  0.000097  0.000007
     8     75    600   -0.123958  0.000090  0.000007
     9     66    594   -0.123967  0.000083  0.000007
    10     60    600   -0.123957  0.000091  0.000008
    11     54    594   -0.123973  0.000075  0.000007
    12     50    600   -0.123963  0.000089  0.000009
    13     46    598   -0.123964  0.000082  0.000009
    14     42    588   -0.123965  0.000079  0.000009
    15     40    600   -0.123962  0.000075  0.000008
    16     37    592   -0.123978  0.000092  0.000011
    17     35    595   -0.123978  0.000081  0.000010
    18     33    594   -0.123976  0.000079  0.000010
    19     31    589   -0.123968  0.000082  0.000011
    20     30    600   -0.123960  0.000082  0.000011
    21     28    588   -0.123966  0.000089  0.000012
    22     27    594   -0.123977  0.000080  0.000011
    23     26    598   -0.123971  0.000076  0.000011
    24     25    600   -0.123968  0.000081  0.000012
    25     24    600   -0.123968  0.000082  0.000012
    26     23    598   -0.123975  0.000071  0.000011
    27     22    594   -0.123980  0.000081  0.000012
    28     21    588   -0.123972  0.000087  0.000014
    29     20    580   -0.123980  0.000078  0.000013
    30     20    600   -0.123970  0.000084  0.000014
Fit: plateau = 0.000084 ± 0.000002
     autocorrelation length ~ 1.2 blocks
     plateau reached at block size ~ 5
Blocked AFQMC/pt2CCSD Orbital Energy: -0.123980 +/- 0.000084
total run time: 1872.59

AFQMC Sampling Finished



========================= restricted LNO-FRAGMENT 3/72 =========================
Center Atom C
AOs with contribution > 0.01
        AO Label     Amp
      2 C 1s      0.8755
      2 C 2px     0.4884
      2 C 2py     0.4816
      2 C 2pz     0.4673
      2 C 2s      0.3711
      2 C 3pz     0.2601
      2 C 3s      0.1881
      2 C 3px     0.1506
      2 C 3py     0.1442
    46 C 3dx2-y2  0.0922
      1 C 3dxy    0.0847
     46 C 3py     0.0823
      3 C 3px     0.0748
      3 C 3dxy    0.0660
     46 C 3s      0.0626
      1 C 3px     0.0620
      1 C 3s      0.0601
      3 C 3s      0.0593
     3 C 3dx2-y2  0.0593
     46 C 3dyz    0.0487
      1 C 3py     0.0485
     46 C 3dxy    0.0472
     46 C 3pz     0.0454
     1 C 3dx2-y2  0.0443
      3 C 3pz     0.0428
      1 C 3pz     0.0419
      3 C 3py     0.0375
      3 C 3dxz    0.0366
     46 C 3px     0.0318
      1 C 3dxz    0.0279
     46 C 3dz^2   0.0241
      1 C 3dz^2   0.0229
      3 C 3dz^2   0.0225
     46 C 2s      0.0204
      0 C 3py     0.0199
     17 C 3px     0.0191
      3 C 2s      0.0180
      1 C 2s      0.0178
     66 H 2s      0.0166
     55 H 2s      0.0163
     46 C 2py     0.0159
      1 C 3dyz    0.0158
     45 C 3py     0.0156
      4 C 3py     0.0151
      2 C 3dz^2   0.0135
      3 C 2px     0.0117
LAS occupied orbitals: 40
LAS virtual orbitals: 174
CCSD time: 430.703905 s
LNO-MP2 Orbital Energy: -0.11925085
LNO-CCSD Orbital Energy: -0.11921520
Calculating Effective Active Space One-electron Integrals
number of active occupied orbitals 40
number of active virtual orbitals 174
build JK time: 6.675440 s
build ecore time: 0.178414 s
build h1eff time: 7.178611 s
Generating Cholesky Integrals
Composing AO ERIs from DF basis
Raw CDERI in LAS shape: (4194, 23005)
Compress CDERI into LAS Cholesky Vectors by SVD
Cholesky cutoff: 1e-05
Build effective h0 and h1 time: 9.667409 s
Build CDERI in LAS time: 6.716117 s
Compress CDERI to LAS Choleskey Vectors time: 3.647168 s
Build Integral total time: 20.031103 s
Finished calculating Cholesky integrals
Size of the correlation space
Number of electrons: (40,40)
Number of basis functions: 214
Cholesky shape: (1847, 214, 214)
AFQMC script: /u/yzhang65/myprojects/software/afqmc/afqmc/lno_afqmc/script/run_afqmc_pt2.py

AFQMC Started
Hostname:     gpua043.delta.ncsa.illinois.edu
System:       Linux
Node:         gpua043.delta.ncsa.illinois.edu
Release:      5.14.0-427.91.1.el9_4.x86_64
Machine:      x86_64
Processor:    x86_64
JAX backend:  GPU
JAX devices:  [CudaDevice(id=0)]
Device kind:  NVIDIA A100-SXM4-40GB
Platform:     gpu

QMC System
Number of electrons:       (40, 40)
Number of orbitals:         214
Number of Cholesky Vectors: 1847
Maximum memory per walker:            66.67 MB
Maximum number of Cholesky per chunk: 95
Number of Cholesky chunks:            20
Number of Cholesky per chunk:         93
Number of padding Cholesky:           13

QMC Parameters
n_eql           -              50
n_blocks        -             600
n_walkers       -             300
max_memory      -           20000
mix_precision   -            True
n_batch         -               1
seed            -            5176
walker_type     -             rhf
trial           -         pt2ccsd
max_error       -       5.893e-05
dt              -           0.005
n_prop_steps    -              50
eql_time        -              50
nchol_chunk     -              93
n_exp_terms     -               6
Trial: pt2ccsd(norb=214, nelec=(40, 40), n_batch=1, nchol_chunk=93, mix_precision=True)
Sampler: sampler_pt2(n_prop_steps=50, n_blocks=600, n_chol=1847)

Equilibration
Initial Orbital energy: -0.119216
inv_T        energy   runTime
 0.00  -2055.865054     24.81
 5.00  -2057.762443     53.73
10.00  -2057.749044     77.72
15.00  -2057.693208    101.72
20.00  -2057.679812    125.70
25.00  -2057.768246    149.69
30.00  -2057.728716    173.67
35.00  -2057.719733    197.66
40.00  -2057.748110    221.64
45.00  -2057.751684    245.62
50.00  -2057.722659    269.61

Sampling Blocks
Target Final Error ~ 0.000059
   N      E(Guide)     Error      E(Orb)     Error  Kill_WK      Time
  20  -2057.749234  0.005503   -0.125954  0.000446        0    425.30
  40  -2057.739449  0.004049   -0.125912  0.000285        0    570.73
  60  -2057.743903  0.003653   -0.126177  0.000402        0    716.08
  80  -2057.739686  0.003496   -0.126068  0.000313        0    861.49
 100  -2057.737952  0.003116   -0.125867  0.000264        0   1006.87
 120  -2057.733820  0.002941   -0.125723  0.000227        0   1152.26
 140  -2057.734992  0.002803   -0.125759  0.000203        0   1297.67
 160  -2057.735881  0.002542   -0.125699  0.000181        0   1443.08
 180  -2057.737123  0.002421   -0.125843  0.000170        0   1588.43
 200  -2057.737481  0.002396   -0.125817  0.000155        0   1733.87
 220  -2057.739920  0.002280   -0.125837  0.000144        0   1879.22
 240  -2057.740592  0.002141   -0.125827  0.000134        0   2024.63
 260  -2057.740869  0.002041   -0.125879  0.000129        0   2169.99
 280  -2057.740612  0.002034   -0.125929  0.000126        0   2315.34
 300  -2057.741574  0.001974   -0.125887  0.000119        0   2460.80
 320  -2057.741034  0.001908   -0.125900  0.000114        0   2606.13
 340  -2057.742236  0.001889   -0.125914  0.000111        0   2751.46
 360  -2057.742526  0.001827   -0.125905  0.000109        0   2896.80
 380  -2057.741525  0.001805   -0.125889  0.000104        0   3042.09
 400  -2057.739775  0.001784   -0.125910  0.000101        0   3187.45
 420  -2057.739898  0.001721   -0.125942  0.000099        0   3332.88
 440  -2057.740357  0.001675   -0.125984  0.000096        0   3478.28
 460  -2057.739080  0.001662   -0.125969  0.000093        0   3623.71
 480  -2057.739111  0.001610   -0.125956  0.000091        0   3769.18
 500  -2057.738762  0.001563   -0.125955  0.000088        0   3921.81
 520  -2057.738478  0.001528   -0.125958  0.000086        0   4067.16
 540  -2057.738571  0.001509   -0.125948  0.000084        0   4212.61
 560  -2057.738665  0.001487   -0.125958  0.000082        0   4357.91
 580  -2057.737494  0.001479   -0.125954  0.000080        0   4503.29
 600  -2057.737123  0.001448   -0.125943  0.000079        0   4648.70

Post Propagation
Total number of samples 600
Raw AFQMC/HF Energy: -2057.737123 +/- 0.001448
Raw AFQMC/pt2CCSD Orbital Energy (covariance): -0.125943 +/- 0.000079
Raw AFQMC/pt2CCSD Orbital Energy (direct obs): -0.125943 +/- 0.000066

Remove Outliers
Energy bound [-0.155951, -0.095587]
Removed 0 Outliers
Outliers Orbital Energy []
Clean AFQMC/pt2CCSD Orbital Energy (covariance): -0.125943 +/- 0.000079
Clean AFQMC/pt2CCSD Orbital Energy (direct obs): -0.125943 +/- 0.000066

Blocking Analysis
nsample = 600, max_block_size = 30, min_nblocks = 20
Blk_SZ   NBlk   NSmp      Energy     Error    dError
     1    600    600   -0.125912  0.000066  0.000002
     2    300    600   -0.125918  0.000079  0.000003
     3    200    600   -0.125925  0.000084  0.000004
     4    150    600   -0.125927  0.000086  0.000005
     5    120    600   -0.125928  0.000091  0.000006
     6    100    600   -0.125928  0.000095  0.000007
     7     85    595   -0.125940  0.000094  0.000007
     8     75    600   -0.125932  0.000099  0.000008
     9     66    594   -0.125943  0.000097  0.000009
    10     60    600   -0.125934  0.000099  0.000009
    11     54    594   -0.125945  0.000105  0.000010
    12     50    600   -0.125934  0.000110  0.000011
    13     46    598   -0.125941  0.000110  0.000012
    14     42    588   -0.125941  0.000106  0.000012
    15     40    600   -0.125936  0.000104  0.000012
    16     37    592   -0.125949  0.000110  0.000013
    17     35    595   -0.125943  0.000101  0.000012
    18     33    594   -0.125946  0.000108  0.000014
    19     31    589   -0.125942  0.000108  0.000014
    20     30    600   -0.125937  0.000092  0.000012
    21     28    588   -0.125940  0.000100  0.000014
    22     27    594   -0.125947  0.000103  0.000014
    23     26    598   -0.125946  0.000114  0.000016
    24     25    600   -0.125939  0.000098  0.000014
    25     24    600   -0.125939  0.000117  0.000017
    26     23    598   -0.125946  0.000102  0.000015
    27     22    594   -0.125951  0.000115  0.000018
    28     21    588   -0.125941  0.000102  0.000016
    29     20    580   -0.125948  0.000087  0.000014
    30     20    600   -0.125939  0.000101  0.000016
Fit: plateau = 0.000104 ± 0.000003
     autocorrelation length ~ 3.3 blocks
     plateau reached at block size ~ 13
Blocked AFQMC/pt2CCSD Orbital Energy: -0.125943 +/- 0.000104
total run time: 4650.88

AFQMC Sampling Finished



========================= restricted LNO-FRAGMENT 4/72 =========================
Center Atom C
AOs with contribution > 0.01
        AO Label     Amp
      3 C 1s      0.8760
      3 C 2py     0.4810
      3 C 2px     0.4807
      3 C 2pz     0.4678
      3 C 2s      0.3696
      3 C 3pz     0.2600
      3 C 3s      0.1883
      3 C 3px     0.1461
      3 C 3py     0.1447
     4 C 3dx2-y2  0.0865
      4 C 3py     0.0844
     17 C 3dxy    0.0834
      2 C 3px     0.0737
      2 C 3dxy    0.0658
     17 C 3px     0.0656
     17 C 3s      0.0600
     2 C 3dx2-y2  0.0600
      4 C 3s      0.0599
      2 C 3s      0.0594
     17 C 3py     0.0480
    17 C 3dx2-y2  0.0452
      4 C 3dyz    0.0443
     17 C 3pz     0.0435
      4 C 3pz     0.0429
      2 C 3pz     0.0427
      4 C 3dxy    0.0423
      2 C 3py     0.0376
      2 C 3dxz    0.0370
     17 C 3dxz    0.0300
      4 C 3px     0.0294
      4 C 3dz^2   0.0230
     17 C 3dz^2   0.0230
      2 C 3dz^2   0.0225
     18 C 3px     0.0199
      1 C 3px     0.0194
     17 C 2s      0.0186
      4 C 2s      0.0185
     44 C 3py     0.0183
      2 C 2s      0.0176
     46 C 3py     0.0166
     17 C 3dyz    0.0162
      5 C 3py     0.0152
      4 C 2py     0.0142
      3 C 3dz^2   0.0135
      6 C 3py     0.0121
      2 C 2px     0.0117
LAS occupied orbitals: 46
LAS virtual orbitals: 185
CCSD time: 656.934846 s
LNO-MP2 Orbital Energy: -0.12340077
LNO-CCSD Orbital Energy: -0.12197084
Calculating Effective Active Space One-electron Integrals
number of active occupied orbitals 46
number of active virtual orbitals 185
build JK time: 6.377955 s
build ecore time: 0.178478 s
build h1eff time: 6.753610 s
Generating Cholesky Integrals
Composing AO ERIs from DF basis
Raw CDERI in LAS shape: (4194, 26796)
Compress CDERI into LAS Cholesky Vectors by SVD
Cholesky cutoff: 1e-05
Build effective h0 and h1 time: 9.191758 s
Build CDERI in LAS time: 6.996306 s
Compress CDERI to LAS Choleskey Vectors time: 3.979886 s
Build Integral total time: 20.168319 s
Finished calculating Cholesky integrals
Size of the correlation space
Number of electrons: (46,46)
Number of basis functions: 231
Cholesky shape: (1997, 231, 231)
AFQMC script: /u/yzhang65/myprojects/software/afqmc/afqmc/lno_afqmc/script/run_afqmc_pt2.py

AFQMC Started
Hostname:     gpua043.delta.ncsa.illinois.edu
System:       Linux
Node:         gpua043.delta.ncsa.illinois.edu
Release:      5.14.0-427.91.1.el9_4.x86_64
Machine:      x86_64
Processor:    x86_64
JAX backend:  GPU
JAX devices:  [CudaDevice(id=0)]
Device kind:  NVIDIA A100-SXM4-40GB
Platform:     gpu

QMC System
Number of electrons:       (46, 46)
Number of orbitals:         231
Number of Cholesky Vectors: 1997
Maximum memory per walker:            66.67 MB
Maximum number of Cholesky per chunk: 81
Number of Cholesky chunks:            25
Number of Cholesky per chunk:         80
Number of padding Cholesky:           3

QMC Parameters
n_eql           -              50
n_blocks        -             600
n_walkers       -             300
max_memory      -           20000
mix_precision   -            True
n_batch         -               1
seed            -            4684
walker_type     -             rhf
trial           -         pt2ccsd
max_error       -       5.893e-05
dt              -           0.005
n_prop_steps    -              50
eql_time        -              50
nchol_chunk     -              80
n_exp_terms     -               6
Trial: pt2ccsd(norb=231, nelec=(46, 46), n_batch=1, nchol_chunk=80, mix_precision=True)
Sampler: sampler_pt2(n_prop_steps=50, n_blocks=600, n_chol=1997)

Equilibration
Initial Orbital energy: -0.121971
inv_T        energy   runTime
 0.00  -2055.865052     28.74
 5.00  -2058.115935     64.27
10.00  -2058.038947     95.16
15.00  -2058.071941    126.06
20.00  -2058.065016    156.95
25.00  -2058.038605    187.82
30.00  -2058.055820    218.68
35.00  -2058.075223    249.53
40.00  -2058.058352    280.40
45.00  -2058.047109    311.29
50.00  -2058.021517    342.18

Sampling Blocks
Target Final Error ~ 0.000059
   N      E(Guide)     Error      E(Orb)     Error  Kill_WK      Time
  20  -2058.029142  0.004910   -0.128996  0.000281        0    571.40
  40  -2058.051180  0.006764   -0.129125  0.000254        0    789.78
  60  -2058.052210  0.005466   -0.129026  0.000198        0   1008.17
  80  -2058.049779  0.005016   -0.129129  0.000180        0   1226.57
 100  -2058.048027  0.004262   -0.129166  0.000167        0   1445.01
 120  -2058.046366  0.003794   -0.129218  0.000170        0   1663.54
 140  -2058.044786  0.003357   -0.129127  0.000165        0   1881.91
 160  -2058.043093  0.003113   -0.129150  0.000149        0   2100.25
 180  -2058.040836  0.002930   -0.129139  0.000138        0   2318.66
 200  -2058.043822  0.002905   -0.129173  0.000138        0   2537.07
 220  -2058.044035  0.002786   -0.129188  0.000149        0   2755.50
 240  -2058.044303  0.002587   -0.129185  0.000141        0   2974.01
 260  -2058.044177  0.002480   -0.129088  0.000136        0   3192.46
 280  -2058.047934  0.002493   -0.129075  0.000131        0   3410.84
 300  -2058.048392  0.002373   -0.129044  0.000124        0   3629.20
 320  -2058.048967  0.002269   -0.128977  0.000119        0   3848.91
 340  -2058.048198  0.002184   -0.128931  0.000114        0   4069.12
 360  -2058.047333  0.002127   -0.128842  0.000111        0   4287.54
 380  -2058.048298  0.002084   -0.128888  0.000108        0   4505.96
 400  -2058.049812  0.002046   -0.128879  0.000104        0   4724.35
 420  -2058.050767  0.001990   -0.128842  0.000101        0   4942.76
 440  -2058.051498  0.001922   -0.128877  0.000098        0   5161.20
 460  -2058.051639  0.001869   -0.128897  0.000096        0   5379.59
 480  -2058.051319  0.001825   -0.128902  0.000093        0   5597.97
 500  -2058.052374  0.001810   -0.128888  0.000091        0   5816.33
 520  -2058.051494  0.001778   -0.128894  0.000088        0   6034.71
 540  -2058.051703  0.001742   -0.128905  0.000087        0   6253.15
 560  -2058.052984  0.001724   -0.128962  0.000086        0   6471.52
 580  -2058.053164  0.001677   -0.128942  0.000084        0   6689.92
 600  -2058.053993  0.001661   -0.128957  0.000082        0   6908.33

Post Propagation
Total number of samples 600
Raw AFQMC/HF Energy: -2058.053993 +/- 0.001661
Raw AFQMC/pt2CCSD Orbital Energy (covariance): -0.128957 +/- 0.000082
Raw AFQMC/pt2CCSD Orbital Energy (direct obs): -0.128957 +/- 0.000071

Remove Outliers
Energy bound [-0.160314, -0.097325]
Removed 0 Outliers
Outliers Orbital Energy []
Clean AFQMC/pt2CCSD Orbital Energy (covariance): -0.128957 +/- 0.000082
Clean AFQMC/pt2CCSD Orbital Energy (direct obs): -0.128957 +/- 0.000071

Blocking Analysis
nsample = 600, max_block_size = 30, min_nblocks = 20
Blk_SZ   NBlk   NSmp      Energy     Error    dError
     1    600    600   -0.128915  0.000071  0.000002
     2    300    600   -0.128921  0.000084  0.000003
     3    200    600   -0.128925  0.000093  0.000005
     4    150    600   -0.128931  0.000094  0.000005
     5    120    600   -0.128933  0.000101  0.000007
     6    100    600   -0.128933  0.000106  0.000008
     7     85    595   -0.128940  0.000109  0.000008
     8     75    600   -0.128940  0.000106  0.000009
     9     66    594   -0.128938  0.000112  0.000010
    10     60    600   -0.128937  0.000112  0.000010
    11     54    594   -0.128947  0.000121  0.000012
    12     50    600   -0.128941  0.000114  0.000012
    13     46    598   -0.128941  0.000116  0.000012
    14     42    588   -0.128950  0.000123  0.000014
    15     40    600   -0.128947  0.000108  0.000012
    16     37    592   -0.128950  0.000119  0.000014
    17     35    595   -0.128952  0.000115  0.000014
    18     33    594   -0.128947  0.000124  0.000015
    19     31    589   -0.128954  0.000117  0.000015
    20     30    600   -0.128948  0.000116  0.000015
    21     28    588   -0.128955  0.000118  0.000016
    22     27    594   -0.128951  0.000109  0.000015
    23     26    598   -0.128949  0.000116  0.000016
    24     25    600   -0.128951  0.000117  0.000017
    25     24    600   -0.128953  0.000118  0.000017
    26     23    598   -0.128946  0.000125  0.000019
    27     22    594   -0.128958  0.000104  0.000016
    28     21    588   -0.128958  0.000127  0.000020
    29     20    580   -0.128941  0.000116  0.000019
    30     20    600   -0.128952  0.000131  0.000021
Fit: plateau = 0.000117 ± 0.000004
     autocorrelation length ~ 3.6 blocks
     plateau reached at block size ~ 15
Blocked AFQMC/pt2CCSD Orbital Energy: -0.128957 +/- 0.000117
total run time: 6908.87

AFQMC Sampling Finished



========================= restricted LNO-FRAGMENT 5/72 =========================
Center Atom C
AOs with contribution > 0.01
        AO Label     Amp
      4 C 1s      0.8760
      4 C 2py     0.4809
      4 C 2px     0.4808
      4 C 2pz     0.4677
      4 C 2s      0.3696
      4 C 3pz     0.2601
      4 C 3s      0.1883
      4 C 3px     0.1461
      4 C 3py     0.1446
     3 C 3dx2-y2  0.0864
      3 C 3py     0.0845
      5 C 3dxy    0.0827
      6 C 3px     0.0753
      6 C 3dxy    0.0671
      5 C 3px     0.0640
     6 C 3dx2-y2  0.0612
      6 C 3s      0.0600
      3 C 3s      0.0599
      5 C 3s      0.0594
      5 C 3py     0.0475
      3 C 3dyz    0.0443
      6 C 3pz     0.0437
     5 C 3dx2-y2  0.0436
      3 C 3pz     0.0429
      5 C 3pz     0.0425
      3 C 3dxy    0.0425
      6 C 3dxz    0.0384
      6 C 3py     0.0382
      3 C 3px     0.0294
      5 C 3dxz    0.0288
      3 C 3dz^2   0.0230
      6 C 3dz^2   0.0229
      5 C 3dz^2   0.0226
      0 C 3px     0.0203
      7 C 3py     0.0194
     16 C 3px     0.0191
      6 C 2s      0.0186
      3 C 2s      0.0185
      5 C 2s      0.0176
     17 C 3py     0.0156
      9 C 3py     0.0155
      5 C 3dyz    0.0155
      3 C 2py     0.0142
      4 C 3dz^2   0.0136
      6 C 2px     0.0120
      2 C 3py     0.0118
LAS occupied orbitals: 46
LAS virtual orbitals: 185
CCSD time: 655.666810 s
LNO-MP2 Orbital Energy: -0.12341437
LNO-CCSD Orbital Energy: -0.12198443
Calculating Effective Active Space One-electron Integrals
number of active occupied orbitals 46
number of active virtual orbitals 185
build JK time: 6.349139 s
build ecore time: 0.178129 s
build h1eff time: 6.608378 s
Generating Cholesky Integrals
Composing AO ERIs from DF basis
Raw CDERI in LAS shape: (4194, 26796)
Compress CDERI into LAS Cholesky Vectors by SVD
Cholesky cutoff: 1e-05
Build effective h0 and h1 time: 7.465196 s
Build CDERI in LAS time: 6.027218 s
Compress CDERI to LAS Choleskey Vectors time: 3.451353 s
Build Integral total time: 16.944105 s
Finished calculating Cholesky integrals
Size of the correlation space
Number of electrons: (46,46)
Number of basis functions: 231
Cholesky shape: (1995, 231, 231)
AFQMC script: /u/yzhang65/myprojects/software/afqmc/afqmc/lno_afqmc/script/run_afqmc_pt2.py

AFQMC Started
Hostname:     gpua043.delta.ncsa.illinois.edu
System:       Linux
Node:         gpua043.delta.ncsa.illinois.edu
Release:      5.14.0-427.91.1.el9_4.x86_64
Machine:      x86_64
Processor:    x86_64
JAX backend:  GPU
JAX devices:  [CudaDevice(id=0)]
Device kind:  NVIDIA A100-SXM4-40GB
Platform:     gpu

QMC System
Number of electrons:       (46, 46)
Number of orbitals:         231
Number of Cholesky Vectors: 1995
Maximum memory per walker:            66.67 MB
Maximum number of Cholesky per chunk: 81
Number of Cholesky chunks:            25
Number of Cholesky per chunk:         80
Number of padding Cholesky:           5

QMC Parameters
n_eql           -              50
n_blocks        -             600
n_walkers       -             300
max_memory      -           20000
mix_precision   -            True
n_batch         -               1
seed            -            3372
walker_type     -             rhf
trial           -         pt2ccsd
max_error       -       5.893e-05
dt              -           0.005
n_prop_steps    -              50
eql_time        -              50
nchol_chunk     -              80
n_exp_terms     -               6
Trial: pt2ccsd(norb=231, nelec=(46, 46), n_batch=1, nchol_chunk=80, mix_precision=True)
Sampler: sampler_pt2(n_prop_steps=50, n_blocks=600, n_chol=1995)

Equilibration
Initial Orbital energy: -0.121984
inv_T        energy   runTime
 0.00  -2055.865051     26.52
 5.00  -2058.122067     61.88
10.00  -2058.029696     92.77
15.00  -2058.057635    123.65
20.00  -2058.020799    154.53
25.00  -2058.037512    185.38
30.00  -2058.078831    216.23
35.00  -2058.098554    247.08
40.00  -2058.037404    277.95
45.00  -2058.029538    308.86
50.00  -2058.110963    339.75

Sampling Blocks
Target Final Error ~ 0.000059
   N      E(Guide)     Error      E(Orb)     Error  Kill_WK      Time
  20  -2058.048790  0.007193   -0.129432  0.000404        0    569.02
  40  -2058.038940  0.005794   -0.129285  0.000312        0    787.46
  60  -2058.039329  0.004985   -0.129362  0.000239        0   1005.85
  80  -2058.050682  0.005193   -0.129419  0.000199        0   1224.29
 100  -2058.049514  0.004311   -0.129216  0.000177        0   1442.71
 120  -2058.049804  0.003746   -0.129258  0.000164        0   1661.09
 140  -2058.047975  0.003484   -0.129324  0.000154        0   1879.56
 160  -2058.046848  0.003169   -0.129209  0.000142        0   2098.05
 180  -2058.046329  0.002899   -0.129157  0.000131        0   2316.45
 200  -2058.048534  0.002809   -0.129111  0.000123        0   2534.88
 220  -2058.049539  0.002660   -0.129025  0.000116        0   2753.30
 240  -2058.050408  0.002491   -0.129072  0.000115        0   2971.78
 260  -2058.050280  0.002353   -0.129094  0.000112        0   3190.18
 280  -2058.049605  0.002242   -0.129051  0.000106        0   3408.59
 300  -2058.049771  0.002208   -0.129109  0.000117        0   3627.01
 320  -2058.051899  0.002179   -0.129144  0.000111        0   3845.36
 340  -2058.050432  0.002142   -0.129048  0.000123        0   4069.30
 360  -2058.051282  0.002122   -0.129067  0.000119        0   4287.79
 380  -2058.052765  0.002093   -0.129105  0.000115        0   4506.26
 400  -2058.052146  0.002032   -0.129091  0.000111        0   4724.72
 420  -2058.051621  0.001969   -0.129081  0.000106        0   4943.15
 440  -2058.051023  0.001917   -0.129066  0.000103        0   5161.52
 460  -2058.051097  0.001849   -0.129038  0.000099        0   5379.97
 480  -2058.050952  0.001786   -0.129024  0.000096        0   5598.33
 500  -2058.050500  0.001736   -0.129001  0.000093        0   5816.76
 520  -2058.050515  0.001702   -0.128985  0.000090        0   6035.19
 540  -2058.050242  0.001666   -0.128964  0.000088        0   6253.57
 560  -2058.050174  0.001644   -0.128964  0.000085        0   6471.89
 580  -2058.050632  0.001614   -0.128964  0.000083        0   6690.23
 600  -2058.051463  0.001585   -0.128958  0.000082        0   6908.69

Post Propagation
Total number of samples 600
Raw AFQMC/HF Energy: -2058.051463 +/- 0.001585
Raw AFQMC/pt2CCSD Orbital Energy (covariance): -0.128958 +/- 0.000082
Raw AFQMC/pt2CCSD Orbital Energy (direct obs): -0.128958 +/- 0.000072

Remove Outliers
Energy bound [-0.156690, -0.100778]
Removed 0 Outliers
Outliers Orbital Energy []
Clean AFQMC/pt2CCSD Orbital Energy (covariance): -0.128958 +/- 0.000082
Clean AFQMC/pt2CCSD Orbital Energy (direct obs): -0.128958 +/- 0.000072

Blocking Analysis
nsample = 600, max_block_size = 30, min_nblocks = 20
Blk_SZ   NBlk   NSmp      Energy     Error    dError
     1    600    600   -0.128919  0.000072  0.000002
     2    300    600   -0.128926  0.000080  0.000003
     3    200    600   -0.128931  0.000087  0.000004
     4    150    600   -0.128932  0.000090  0.000005
     5    120    600   -0.128938  0.000095  0.000006
     6    100    600   -0.128942  0.000088  0.000006
     7     85    595   -0.128948  0.000089  0.000007
     8     75    600   -0.128940  0.000095  0.000008
     9     66    594   -0.128947  0.000090  0.000008
    10     60    600   -0.128944  0.000098  0.000009
    11     54    594   -0.128948  0.000104  0.000010
    12     50    600   -0.128947  0.000095  0.000010
    13     46    598   -0.128951  0.000099  0.000010
    14     42    588   -0.128951  0.000095  0.000010
    15     40    600   -0.128945  0.000089  0.000010
    16     37    592   -0.128948  0.000104  0.000012
    17     35    595   -0.128955  0.000107  0.000013
    18     33    594   -0.128953  0.000097  0.000012
    19     31    589   -0.128954  0.000102  0.000013
    20     30    600   -0.128953  0.000103  0.000014
    21     28    588   -0.128950  0.000083  0.000011
    22     27    594   -0.128952  0.000092  0.000013
    23     26    598   -0.128958  0.000092  0.000013
    24     25    600   -0.128948  0.000096  0.000014
    25     24    600   -0.128952  0.000082  0.000012
    26     23    598   -0.128955  0.000085  0.000013
    27     22    594   -0.128956  0.000090  0.000014
    28     21    588   -0.128954  0.000100  0.000016
    29     20    580   -0.128955  0.000098  0.000016
    30     20    600   -0.128953  0.000084  0.000014
Fit: plateau = 0.000094 ± 0.000002
     autocorrelation length ~ 2.0 blocks
     plateau reached at block size ~ 8
Blocked AFQMC/pt2CCSD Orbital Energy: -0.128958 +/- 0.000094
total run time: 6910.36

AFQMC Sampling Finished



========================= restricted LNO-FRAGMENT 6/72 =========================
Center Atom C
AOs with contribution > 0.01
        AO Label     Amp
      5 C 1s      0.8756
      5 C 2px     0.4865
      5 C 2py     0.4836
      5 C 2pz     0.4673
      5 C 2s      0.3711
      5 C 3pz     0.2601
      5 C 3s      0.1882
      5 C 3px     0.1494
      5 C 3py     0.1455
     7 C 3dx2-y2  0.0934
      4 C 3dxy    0.0823
      7 C 3py     0.0819
      0 C 3px     0.0714
      0 C 3dxy    0.0668
      4 C 3px     0.0651
      7 C 3s      0.0627
     0 C 3dx2-y2  0.0617
      0 C 3s      0.0601
      4 C 3s      0.0592
      7 C 3dyz    0.0485
      4 C 3py     0.0476
      7 C 3dxy    0.0460
      7 C 3pz     0.0454
     4 C 3dx2-y2  0.0434
      4 C 3pz     0.0425
      0 C 3pz     0.0422
      0 C 3py     0.0390
      0 C 3dxz    0.0363
      7 C 3px     0.0321
      4 C 3dxz    0.0284
      7 C 3dz^2   0.0242
      0 C 3dz^2   0.0228
      4 C 3dz^2   0.0225
      7 C 2s      0.0204
      6 C 3px     0.0198
      4 C 2s      0.0179
      3 C 3py     0.0178
      0 C 2s      0.0178
      1 C 3py     0.0172
     56 H 2s      0.0167
     54 H 2s      0.0163
      4 C 3dyz    0.0157
      7 C 2py     0.0157
      5 C 3dz^2   0.0134
      8 C 3py     0.0118
      0 C 2px     0.0116
      8 C 3px     0.0107
LAS occupied orbitals: 40
LAS virtual orbitals: 174
CCSD time: 369.820559 s
LNO-MP2 Orbital Energy: -0.11924807
LNO-CCSD Orbital Energy: -0.11921365
Calculating Effective Active Space One-electron Integrals
number of active occupied orbitals 40
number of active virtual orbitals 174
build JK time: 7.345022 s
build ecore time: 0.186429 s
build h1eff time: 7.617888 s
Generating Cholesky Integrals
Composing AO ERIs from DF basis
Raw CDERI in LAS shape: (4194, 23005)
Compress CDERI into LAS Cholesky Vectors by SVD
Cholesky cutoff: 1e-05
Build effective h0 and h1 time: 9.277713 s
Build CDERI in LAS time: 6.312418 s
Compress CDERI to LAS Choleskey Vectors time: 3.549702 s
Build Integral total time: 19.140823 s
Finished calculating Cholesky integrals
Size of the correlation space
Number of electrons: (40,40)
Number of basis functions: 214
Cholesky shape: (1847, 214, 214)
AFQMC script: /u/yzhang65/myprojects/software/afqmc/afqmc/lno_afqmc/script/run_afqmc_pt2.py

AFQMC Started
Hostname:     gpua043.delta.ncsa.illinois.edu
System:       Linux
Node:         gpua043.delta.ncsa.illinois.edu
Release:      5.14.0-427.91.1.el9_4.x86_64
Machine:      x86_64
Processor:    x86_64
JAX backend:  GPU
JAX devices:  [CudaDevice(id=0)]
Device kind:  NVIDIA A100-SXM4-40GB
Platform:     gpu

QMC System
Number of electrons:       (40, 40)
Number of orbitals:         214
Number of Cholesky Vectors: 1847
Maximum memory per walker:            66.67 MB
Maximum number of Cholesky per chunk: 95
Number of Cholesky chunks:            20
Number of Cholesky per chunk:         93
Number of padding Cholesky:           13

QMC Parameters
n_eql           -              50
n_blocks        -             600
n_walkers       -             300
max_memory      -           20000
mix_precision   -            True
n_batch         -               1
seed            -            4038
walker_type     -             rhf
trial           -         pt2ccsd
max_error       -       5.893e-05
dt              -           0.005
n_prop_steps    -              50
eql_time        -              50
nchol_chunk     -              93
n_exp_terms     -               6
Trial: pt2ccsd(norb=214, nelec=(40, 40), n_batch=1, nchol_chunk=93, mix_precision=True)
Sampler: sampler_pt2(n_prop_steps=50, n_blocks=600, n_chol=1847)

Equilibration
Initial Orbital energy: -0.119214
inv_T        energy   runTime
 0.00  -2055.865054     23.86
 5.00  -2057.783025     52.69
10.00  -2057.718338     76.67
15.00  -2057.767952    100.67
20.00  -2057.738890    124.66
25.00  -2057.732013    148.65
30.00  -2057.763868    172.64
35.00  -2057.705294    196.62
40.00  -2057.671328    220.60
45.00  -2057.721900    244.58
50.00  -2057.745449    268.58

Sampling Blocks
Target Final Error ~ 0.000059
   N      E(Guide)     Error      E(Orb)     Error  Kill_WK      Time
  20  -2057.731496  0.004383   -0.125765  0.000411        0    424.30
  40  -2057.722316  0.003953   -0.125723  0.000268        0    569.70
  60  -2057.723878  0.004287   -0.125586  0.000230        0    715.12
  80  -2057.726281  0.003777   -0.125630  0.000191        0    860.53
 100  -2057.728835  0.003400   -0.125526  0.000163        0   1005.92
 120  -2057.729523  0.002995   -0.125573  0.000155        0   1151.24
 140  -2057.734233  0.002923   -0.125573  0.000140        0   1296.63
 160  -2057.734583  0.002752   -0.125646  0.000135        0   1441.91
 180  -2057.735226  0.002547   -0.125627  0.000126        0   1587.28
 200  -2057.737711  0.002449   -0.125772  0.000126        0   1732.58
 220  -2057.737379  0.002372   -0.125836  0.000125        0   1877.89
 240  -2057.735731  0.002286   -0.125779  0.000118        0   2023.17
 260  -2057.733382  0.002210   -0.125782  0.000112        0   2168.43
 280  -2057.729954  0.002224   -0.125761  0.000106        0   2313.71
 300  -2057.729061  0.002128   -0.125719  0.000102        0   2459.02
 320  -2057.728221  0.002039   -0.125681  0.000098        0   2604.29
 340  -2057.727567  0.001953   -0.125692  0.000094        0   2749.61
 360  -2057.727916  0.001878   -0.125701  0.000094        0   2894.91
 380  -2057.726471  0.001842   -0.125687  0.000090        0   3040.21
 400  -2057.725843  0.001775   -0.125678  0.000087        0   3185.54
 420  -2057.725723  0.001727   -0.125692  0.000085        0   3330.83
 440  -2057.725877  0.001666   -0.125705  0.000082        0   3476.20
 460  -2057.726590  0.001649   -0.125714  0.000080        0   3621.57
 480  -2057.725965  0.001628   -0.125733  0.000079        0   3766.94
 500  -2057.725787  0.001582   -0.125755  0.000078        0   3918.28
 520  -2057.725831  0.001558   -0.125794  0.000079        0   4063.68
 540  -2057.726002  0.001513   -0.125806  0.000077        0   4209.02
 560  -2057.726201  0.001472   -0.125814  0.000076        0   4354.47
 580  -2057.726449  0.001448   -0.125799  0.000074        0   4499.80
 600  -2057.726100  0.001423   -0.125788  0.000073        0   4645.24

Post Propagation
Total number of samples 600
Raw AFQMC/HF Energy: -2057.726100 +/- 0.001423
Raw AFQMC/pt2CCSD Orbital Energy (covariance): -0.125788 +/- 0.000073
Raw AFQMC/pt2CCSD Orbital Energy (direct obs): -0.125788 +/- 0.000062

Remove Outliers
Energy bound [-0.152351, -0.098998]
Removed 0 Outliers
Outliers Orbital Energy []
Clean AFQMC/pt2CCSD Orbital Energy (covariance): -0.125788 +/- 0.000073
Clean AFQMC/pt2CCSD Orbital Energy (direct obs): -0.125788 +/- 0.000062

Blocking Analysis
nsample = 600, max_block_size = 30, min_nblocks = 20
Blk_SZ   NBlk   NSmp      Energy     Error    dError
     1    600    600   -0.125757  0.000062  0.000002
     2    300    600   -0.125765  0.000074  0.000003
     3    200    600   -0.125768  0.000078  0.000004
     4    150    600   -0.125772  0.000079  0.000005
     5    120    600   -0.125775  0.000086  0.000006
     6    100    600   -0.125775  0.000081  0.000006
     7     85    595   -0.125781  0.000091  0.000007
     8     75    600   -0.125778  0.000083  0.000007
     9     66    594   -0.125785  0.000090  0.000008
    10     60    600   -0.125779  0.000084  0.000008
    11     54    594   -0.125784  0.000089  0.000009
    12     50    600   -0.125779  0.000081  0.000008
    13     46    598   -0.125779  0.000085  0.000009
    14     42    588   -0.125792  0.000090  0.000010
    15     40    600   -0.125779  0.000084  0.000010
    16     37    592   -0.125792  0.000076  0.000009
    17     35    595   -0.125786  0.000076  0.000009
    18     33    594   -0.125788  0.000096  0.000012
    19     31    589   -0.125789  0.000086  0.000011
    20     30    600   -0.125782  0.000087  0.000011
    21     28    588   -0.125792  0.000084  0.000011
    22     27    594   -0.125788  0.000088  0.000012
    23     26    598   -0.125782  0.000093  0.000013
    24     25    600   -0.125781  0.000095  0.000014
    25     24    600   -0.125783  0.000087  0.000013
    26     23    598   -0.125780  0.000096  0.000014
    27     22    594   -0.125791  0.000105  0.000016
    28     21    588   -0.125794  0.000085  0.000013
    29     20    580   -0.125793  0.000089  0.000014
    30     20    600   -0.125780  0.000098  0.000016
Fit: plateau = 0.000086 ± 0.000002
     autocorrelation length ~ 1.8 blocks
     plateau reached at block size ~ 7
Blocked AFQMC/pt2CCSD Orbital Energy: -0.125788 +/- 0.000086
total run time: 4646.70

AFQMC Sampling Finished



========================= restricted LNO-FRAGMENT 7/72 =========================
Center Atom C
AOs with contribution > 0.01
        AO Label     Amp
      6 C 1s      0.8755
      6 C 2py     0.4806
      6 C 2px     0.4805
      6 C 2pz     0.4676
      6 C 2s      0.3691
      6 C 3pz     0.2591
      6 C 3s      0.1877
      6 C 3px     0.1456
      6 C 3py     0.1446
     9 C 3dx2-y2  0.0870
      9 C 3py     0.0842
     16 C 3dxy    0.0824
      4 C 3px     0.0751
      4 C 3dxy    0.0670
     16 C 3px     0.0652
     4 C 3dx2-y2  0.0615
      9 C 3s      0.0601
      4 C 3s      0.0600
     16 C 3s      0.0593
     16 C 3py     0.0477
      9 C 3dyz    0.0446
    16 C 3dx2-y2  0.0441
      4 C 3pz     0.0437
      9 C 3pz     0.0433
      9 C 3dxy    0.0429
     16 C 3pz     0.0426
      4 C 3dxz    0.0382
      4 C 3py     0.0381
      9 C 3px     0.0294
     16 C 3dxz    0.0293
      9 C 3dz^2   0.0231
      4 C 3dz^2   0.0229
     16 C 3dz^2   0.0227
     15 C 3px     0.0200
      5 C 3px     0.0189
      9 C 2s      0.0187
      4 C 2s      0.0186
     18 C 3py     0.0181
     16 C 2s      0.0181
     16 C 3dyz    0.0158
      3 C 3py     0.0155
      8 C 3py     0.0154
      9 C 2py     0.0143
      6 C 3dz^2   0.0137
     13 C 3py     0.0121
      4 C 2px     0.0120
LAS occupied orbitals: 50
LAS virtual orbitals: 188
CCSD time: 876.810311 s
LNO-MP2 Orbital Energy: -0.12335626
LNO-CCSD Orbital Energy: -0.12179838
Calculating Effective Active Space One-electron Integrals
number of active occupied orbitals 50
number of active virtual orbitals 188
build JK time: 6.683200 s
build ecore time: 0.178846 s
build h1eff time: 7.187396 s
Generating Cholesky Integrals
Composing AO ERIs from DF basis
Raw CDERI in LAS shape: (4194, 28441)
Compress CDERI into LAS Cholesky Vectors by SVD
Cholesky cutoff: 1e-05
Build effective h0 and h1 time: 9.702316 s
Build CDERI in LAS time: 6.958887 s
Compress CDERI to LAS Choleskey Vectors time: 3.818311 s
Build Integral total time: 20.479948 s
Finished calculating Cholesky integrals
Size of the correlation space
Number of electrons: (50,50)
Number of basis functions: 238
Cholesky shape: (2101, 238, 238)
AFQMC script: /u/yzhang65/myprojects/software/afqmc/afqmc/lno_afqmc/script/run_afqmc_pt2.py

AFQMC Started
Hostname:     gpua043.delta.ncsa.illinois.edu
System:       Linux
Node:         gpua043.delta.ncsa.illinois.edu
Release:      5.14.0-427.91.1.el9_4.x86_64
Machine:      x86_64
Processor:    x86_64
JAX backend:  GPU
JAX devices:  [CudaDevice(id=0)]
Device kind:  NVIDIA A100-SXM4-40GB
Platform:     gpu

QMC System
Number of electrons:       (50, 50)
Number of orbitals:         238
Number of Cholesky Vectors: 2101
Maximum memory per walker:            66.67 MB
Maximum number of Cholesky per chunk: 77
Number of Cholesky chunks:            28
Number of Cholesky per chunk:         76
Number of padding Cholesky:           27

QMC Parameters
n_eql           -              50
n_blocks        -             600
n_walkers       -             300
max_memory      -           20000
mix_precision   -            True
n_batch         -               1
seed            -            4792
walker_type     -             rhf
trial           -         pt2ccsd
max_error       -       5.893e-05
dt              -           0.005
n_prop_steps    -              50
eql_time        -              50
nchol_chunk     -              76
n_exp_terms     -               6
Trial: pt2ccsd(norb=238, nelec=(50, 50), n_batch=1, nchol_chunk=76, mix_precision=True)
Sampler: sampler_pt2(n_prop_steps=50, n_blocks=600, n_chol=2101)

Equilibration
Initial Orbital energy: -0.121799
inv_T        energy   runTime
 0.00  -2055.865041     32.02
 5.00  -2058.174845     72.20
10.00  -2058.198168    107.86
15.00  -2058.173971    143.51
20.00  -2058.139281    179.17
25.00  -2058.078868    214.82
30.00  -2058.083841    250.46
35.00  -2058.220542    286.10
40.00  -2058.151050    321.73
45.00  -2058.122714    357.37
50.00  -2058.150199    393.03

Sampling Blocks
Target Final Error ~ 0.000059
   N      E(Guide)     Error      E(Orb)     Error  Kill_WK      Time
  20  -2058.236910  0.026422   -0.129490  0.000531        0    676.13
  40  -2058.208724  0.014622   -0.128818  0.000336        0    948.30
  60  -2058.198252  0.010452   -0.128623  0.000260        0   1220.64
  80  -2058.189137  0.008192   -0.128430  0.000211        0   1492.78
 100  -2058.186368  0.006702   -0.128570  0.000182        0   1764.79
 120  -2058.181774  0.005777   -0.128619  0.000179        0   2036.70
 140  -2058.178690  0.005233   -0.128460  0.000160        0   2308.91
 160  -2058.176702  0.004703   -0.128411  0.000145        0   2580.73
 180  -2058.176096  0.004454   -0.128503  0.000136        0   2852.65
 200  -2058.173680  0.004100   -0.128597  0.000130        0   3124.47
 220  -2058.174111  0.003777   -0.128660  0.000124        0   3396.25
 240  -2058.172499  0.003558   -0.128668  0.000118        0   3668.01
 260  -2058.171243  0.003341   -0.128616  0.000112        0   3944.70
 280  -2058.170490  0.003144   -0.128569  0.000106        0   4216.48
 300  -2058.169117  0.002998   -0.128573  0.000105        0   4488.16
 320  -2058.168305  0.002848   -0.128540  0.000100        0   4759.86
 340  -2058.168475  0.002715   -0.128543  0.000096        0   5031.67
 360  -2058.168916  0.002595   -0.128600  0.000095        0   5303.30
 380  -2058.168451  0.002513   -0.128616  0.000092        0   5574.99
 400  -2058.167605  0.002425   -0.128631  0.000089        0   5846.86
 420  -2058.166590  0.002359   -0.128633  0.000086        0   6118.59
 440  -2058.165022  0.002309   -0.128620  0.000084        0   6390.33
 460  -2058.164809  0.002248   -0.128638  0.000082        0   6662.09
 480  -2058.164257  0.002187   -0.128593  0.000081        0   6933.88
 500  -2058.163499  0.002119   -0.128568  0.000079        0   7205.68
 520  -2058.162284  0.002076   -0.128561  0.000076        0   7477.47
 540  -2058.161947  0.002012   -0.128555  0.000074        0   7749.14
 560  -2058.161498  0.001961   -0.128571  0.000073        0   8022.97
 580  -2058.162255  0.001908   -0.128571  0.000071        0   8296.90
 600  -2058.162492  0.001864   -0.128574  0.000070        0   8568.69

Post Propagation
Total number of samples 600
Raw AFQMC/HF Energy: -2058.162492 +/- 0.001864
Raw AFQMC/pt2CCSD Orbital Energy (covariance): -0.128574 +/- 0.000070
Raw AFQMC/pt2CCSD Orbital Energy (direct obs): -0.128574 +/- 0.000060

Remove Outliers
Energy bound [-0.156525, -0.100120]
Removed 0 Outliers
Outliers Orbital Energy []
Clean AFQMC/pt2CCSD Orbital Energy (covariance): -0.128574 +/- 0.000070
Clean AFQMC/pt2CCSD Orbital Energy (direct obs): -0.128574 +/- 0.000060

Blocking Analysis
nsample = 600, max_block_size = 30, min_nblocks = 20
Blk_SZ   NBlk   NSmp      Energy     Error    dError
     1    600    600   -0.128535  0.000060  0.000002
     2    300    600   -0.128543  0.000070  0.000003
     3    200    600   -0.128548  0.000075  0.000004
     4    150    600   -0.128550  0.000081  0.000005
     5    120    600   -0.128551  0.000084  0.000005
     6    100    600   -0.128556  0.000089  0.000006
     7     85    595   -0.128560  0.000089  0.000007
     8     75    600   -0.128557  0.000097  0.000008
     9     66    594   -0.128559  0.000094  0.000008
    10     60    600   -0.128560  0.000095  0.000009
    11     54    594   -0.128564  0.000096  0.000009
    12     50    600   -0.128558  0.000102  0.000010
    13     46    598   -0.128566  0.000091  0.000010
    14     42    588   -0.128568  0.000105  0.000012
    15     40    600   -0.128562  0.000104  0.000012
    16     37    592   -0.128570  0.000103  0.000012
    17     35    595   -0.128566  0.000111  0.000014
    18     33    594   -0.128564  0.000110  0.000014
    19     31    589   -0.128569  0.000100  0.000013
    20     30    600   -0.128568  0.000105  0.000014
    21     28    588   -0.128569  0.000118  0.000016
    22     27    594   -0.128569  0.000110  0.000015
    23     26    598   -0.128567  0.000113  0.000016
    24     25    600   -0.128566  0.000118  0.000017
    25     24    600   -0.128566  0.000106  0.000016
    26     23    598   -0.128569  0.000112  0.000017
    27     22    594   -0.128566  0.000119  0.000018
    28     21    588   -0.128570  0.000110  0.000017
    29     20    580   -0.128562  0.000117  0.000019
    30     20    600   -0.128569  0.000115  0.000019
Fit: plateau = 0.000110 ± 0.000005
     autocorrelation length ~ 6.1 blocks
     plateau reached at block size ~ 25
Blocked AFQMC/pt2CCSD Orbital Energy: -0.128574 +/- 0.000110
total run time: 8570.88

AFQMC Sampling Finished



========================= restricted LNO-FRAGMENT 8/72 =========================
Center Atom C
AOs with contribution > 0.01
        AO Label     Amp
      7 C 1s      0.8760
      7 C 2py     0.4770
      7 C 2px     0.4749
      7 C 2pz     0.4587
      7 C 2s      0.3754
      7 C 3pz     0.2935
      7 C 3s      0.1908
      7 C 3py     0.1547
      7 C 3px     0.1496
     56 H 2px     0.1470
     56 H 2py     0.0996
     5 C 3dx2-y2  0.0874
      5 C 3py     0.0873
      8 C 3px     0.0788
      8 C 3dxy    0.0700
     56 H 1s      0.0695
     56 H 2s      0.0634
      5 C 3s      0.0625
     8 C 3dx2-y2  0.0622
      8 C 3s      0.0621
     56 H 2pz     0.0490
      5 C 3dyz    0.0478
      8 C 3pz     0.0475
      5 C 3pz     0.0472
      5 C 3dxy    0.0462
      8 C 3py     0.0406
      8 C 3dxz    0.0403
      5 C 3px     0.0322
      5 C 3dz^2   0.0236
      8 C 3dz^2   0.0234
      9 C 3px     0.0197
      5 C 2s      0.0196
      8 C 2s      0.0193
      4 C 3py     0.0161
     10 C 3py     0.0154
      5 C 2py     0.0146
      0 C 3py     0.0133
      8 C 2px     0.0119
      7 C 3dz^2   0.0119
     7 C 3dx2-y2  0.0102
LAS occupied orbitals: 44
LAS virtual orbitals: 176
CCSD time: 494.753661 s
LNO-MP2 Orbital Energy: -0.11849241
LNO-CCSD Orbital Energy: -0.12041763
Calculating Effective Active Space One-electron Integrals
number of active occupied orbitals 44
number of active virtual orbitals 176
build JK time: 12.183122 s
build ecore time: 0.218843 s
build h1eff time: 12.963256 s
Generating Cholesky Integrals
Composing AO ERIs from DF basis
Raw CDERI in LAS shape: (4194, 24310)
Compress CDERI into LAS Cholesky Vectors by SVD
Cholesky cutoff: 1e-05
Build effective h0 and h1 time: 19.669912 s
Build CDERI in LAS time: 9.219999 s
Compress CDERI to LAS Choleskey Vectors time: 6.159694 s
Build Integral total time: 35.050930 s
Finished calculating Cholesky integrals
Size of the correlation space
Number of electrons: (44,44)
Number of basis functions: 220
Cholesky shape: (1922, 220, 220)
AFQMC script: /u/yzhang65/myprojects/software/afqmc/afqmc/lno_afqmc/script/run_afqmc_pt2.py

AFQMC Started
Hostname:     gpua043.delta.ncsa.illinois.edu
System:       Linux
Node:         gpua043.delta.ncsa.illinois.edu
Release:      5.14.0-427.91.1.el9_4.x86_64
Machine:      x86_64
Processor:    x86_64
JAX backend:  GPU
JAX devices:  [CudaDevice(id=0)]
Device kind:  NVIDIA A100-SXM4-40GB
Platform:     gpu

QMC System
Number of electrons:       (44, 44)
Number of orbitals:         220
Number of Cholesky Vectors: 1922
Maximum memory per walker:            66.67 MB
Maximum number of Cholesky per chunk: 90
Number of Cholesky chunks:            22
Number of Cholesky per chunk:         88
Number of padding Cholesky:           14

QMC Parameters
n_eql           -              50
n_blocks        -             600
n_walkers       -             300
max_memory      -           20000
mix_precision   -            True
n_batch         -               1
seed            -            1185
walker_type     -             rhf
trial           -         pt2ccsd
max_error       -       5.893e-05
dt              -           0.005
n_prop_steps    -              50
eql_time        -              50
nchol_chunk     -              88
n_exp_terms     -               6
Trial: pt2ccsd(norb=220, nelec=(44, 44), n_batch=1, nchol_chunk=88, mix_precision=True)
Sampler: sampler_pt2(n_prop_steps=50, n_blocks=600, n_chol=1922)

Equilibration
Initial Orbital energy: -0.120410
inv_T        energy   runTime
 0.00  -2055.865044     63.12
 5.00  -2057.777125     97.34
10.00  -2057.799863    124.12
15.00  -2057.837241    150.87
20.00  -2057.788747    177.63
25.00  -2057.861141    204.39
30.00  -2057.837645    231.14
35.00  -2057.777997    257.89
40.00  -2057.825169    284.64
45.00  -2057.766116    311.40
50.00  -2057.760282    338.15

Sampling Blocks
Target Final Error ~ 0.000059
   N      E(Guide)     Error      E(Orb)     Error  Kill_WK      Time
  20  -2057.800842  0.004721   -0.125922  0.000274        0    527.90
  40  -2057.795855  0.004798   -0.126323  0.000208        0    704.57
  60  -2057.790468  0.004027   -0.126867  0.000264        0    881.57
  80  -2057.794978  0.003887   -0.126886  0.000235        0   1058.44
 100  -2057.790377  0.003428   -0.126917  0.000203        0   1235.41
 120  -2057.791478  0.002973   -0.126906  0.000179        0   1412.47
 140  -2057.790910  0.002658   -0.126913  0.000164        0   1589.15
 160  -2057.791978  0.002549   -0.126923  0.000151        0   1765.91
 180  -2057.795349  0.002455   -0.126958  0.000140        0   1942.73
 200  -2057.795095  0.002252   -0.126982  0.000130        0   2119.42
 220  -2057.796897  0.002127   -0.127017  0.000125        0   2296.15
 240  -2057.796583  0.002006   -0.126985  0.000119        0   2472.79
 260  -2057.798283  0.001952   -0.126996  0.000112        0   2649.51
 280  -2057.798919  0.001863   -0.127042  0.000108        0   2826.39
 300  -2057.799651  0.001778   -0.127084  0.000115        0   3003.03
 320  -2057.799186  0.001734   -0.127105  0.000110        0   3179.91
 340  -2057.798506  0.001680   -0.127155  0.000107        0   3356.73
 360  -2057.799554  0.001660   -0.127136  0.000103        0   3533.71
 380  -2057.799440  0.001600   -0.127135  0.000102        0   3740.68
 400  -2057.800788  0.001616   -0.127160  0.000099        0   3918.46
 420  -2057.801133  0.001560   -0.127188  0.000097        0   4095.46
 440  -2057.802147  0.001544   -0.127182  0.000095        0   4272.25
 460  -2057.803370  0.001531   -0.127167  0.000096        0   4449.00
 480  -2057.803858  0.001502   -0.127212  0.000101        0   4625.86
 500  -2057.804232  0.001476   -0.127175  0.000099        0   4802.58
 520  -2057.804645  0.001457   -0.127175  0.000096        0   4980.05
 540  -2057.804493  0.001442   -0.127183  0.000094        0   5156.79
 560  -2057.804314  0.001406   -0.127153  0.000092        0   5333.59
 580  -2057.804348  0.001378   -0.127119  0.000090        0   5510.37
 600  -2057.803967  0.001362   -0.127107  0.000088        0   5687.36

Post Propagation
Total number of samples 600
Raw AFQMC/HF Energy: -2057.803967 +/- 0.001362
Raw AFQMC/pt2CCSD Orbital Energy (covariance): -0.127107 +/- 0.000088
Raw AFQMC/pt2CCSD Orbital Energy (direct obs): -0.127107 +/- 0.000071

Remove Outliers
Energy bound [-0.158812, -0.095130]
Removed 0 Outliers
Outliers Orbital Energy []
Clean AFQMC/pt2CCSD Orbital Energy (covariance): -0.127107 +/- 0.000088
Clean AFQMC/pt2CCSD Orbital Energy (direct obs): -0.127107 +/- 0.000071

Blocking Analysis
nsample = 600, max_block_size = 30, min_nblocks = 20
Blk_SZ   NBlk   NSmp      Energy     Error    dError
     1    600    600   -0.127083  0.000071  0.000002
     2    300    600   -0.127089  0.000084  0.000003
     3    200    600   -0.127093  0.000091  0.000005
     4    150    600   -0.127098  0.000096  0.000006
     5    120    600   -0.127100  0.000094  0.000006
     6    100    600   -0.127100  0.000097  0.000007
     7     85    595   -0.127094  0.000102  0.000008
     8     75    600   -0.127101  0.000106  0.000009
     9     66    594   -0.127088  0.000100  0.000009
    10     60    600   -0.127103  0.000093  0.000009
    11     54    594   -0.127092  0.000104  0.000010
    12     50    600   -0.127105  0.000099  0.000010
    13     46    598   -0.127104  0.000102  0.000011
    14     42    588   -0.127106  0.000102  0.000011
    15     40    600   -0.127104  0.000096  0.000011
    16     37    592   -0.127097  0.000093  0.000011
    17     35    595   -0.127098  0.000096  0.000012
    18     33    594   -0.127091  0.000108  0.000013
    19     31    589   -0.127106  0.000111  0.000014
    20     30    600   -0.127105  0.000100  0.000013
    21     28    588   -0.127109  0.000096  0.000013
    22     27    594   -0.127094  0.000101  0.000014
    23     26    598   -0.127104  0.000099  0.000014
    24     25    600   -0.127105  0.000108  0.000016
    25     24    600   -0.127107  0.000104  0.000015
    26     23    598   -0.127103  0.000101  0.000015
    27     22    594   -0.127093  0.000104  0.000016
    28     21    588   -0.127108  0.000112  0.000018
    29     20    580   -0.127115  0.000102  0.000017
    30     20    600   -0.127106  0.000113  0.000018
Fit: plateau = 0.000101 ± 0.000002
     autocorrelation length ~ 1.8 blocks
     plateau reached at block size ~ 8
Blocked AFQMC/pt2CCSD Orbital Energy: -0.127107 +/- 0.000101
total run time: 5703.43

AFQMC Sampling Finished



========================= restricted LNO-FRAGMENT 9/72 =========================
Center Atom C
AOs with contribution > 0.01
        AO Label     Amp
      8 C 1s      0.8756
      8 C 2px     0.4867
      8 C 2py     0.4833
      8 C 2pz     0.4673
      8 C 2s      0.3711
      8 C 3pz     0.2603
      8 C 3s      0.1881
      8 C 3px     0.1489
      8 C 3py     0.1458
    10 C 3dx2-y2  0.0886
      9 C 3dxy    0.0820
     10 C 3py     0.0806
      7 C 3px     0.0730
      7 C 3dxy    0.0707
     7 C 3dx2-y2  0.0672
      9 C 3px     0.0651
      7 C 3s      0.0627
     10 C 3s      0.0599
      9 C 3s      0.0593
      9 C 3py     0.0475
      7 C 3pz     0.0457
     9 C 3dx2-y2  0.0437
      9 C 3pz     0.0426
     10 C 3dyz    0.0424
     10 C 3pz     0.0418
     10 C 3dxy    0.0415
      7 C 3dxz    0.0414
      7 C 3py     0.0404
     10 C 3px     0.0303
      9 C 3dxz    0.0291
      7 C 3dz^2   0.0241
     10 C 3dz^2   0.0229
      9 C 3dz^2   0.0225
      7 C 2s      0.0204
     13 C 3px     0.0197
      6 C 3py     0.0181
      9 C 2s      0.0179
     10 C 2s      0.0177
     56 H 2s      0.0167
      5 C 3py     0.0166
     57 H 2s      0.0162
      9 C 3dyz    0.0151
     10 C 2py     0.0143
      8 C 3dz^2   0.0135
      7 C 2px     0.0130
     11 C 3py     0.0122
     11 C 3px     0.0112
LAS occupied orbitals: 40
LAS virtual orbitals: 175
CCSD time: 428.348712 s
LNO-MP2 Orbital Energy: -0.11926959
LNO-CCSD Orbital Energy: -0.11922728
Calculating Effective Active Space One-electron Integrals
number of active occupied orbitals 40
number of active virtual orbitals 175
build JK time: 16.314338 s
build ecore time: 0.796562 s
build h1eff time: 18.222532 s
Generating Cholesky Integrals
Composing AO ERIs from DF basis
Raw CDERI in LAS shape: (4194, 23220)
Compress CDERI into LAS Cholesky Vectors by SVD
Cholesky cutoff: 1e-05
Build effective h0 and h1 time: 24.343010 s
Build CDERI in LAS time: 12.571060 s
Compress CDERI to LAS Choleskey Vectors time: 7.648051 s
Build Integral total time: 44.562763 s
Finished calculating Cholesky integrals
Size of the correlation space
Number of electrons: (40,40)
Number of basis functions: 215
Cholesky shape: (1857, 215, 215)
AFQMC script: /u/yzhang65/myprojects/software/afqmc/afqmc/lno_afqmc/script/run_afqmc_pt2.py

AFQMC Started
Hostname:     gpua043.delta.ncsa.illinois.edu
System:       Linux
Node:         gpua043.delta.ncsa.illinois.edu
Release:      5.14.0-427.91.1.el9_4.x86_64
Machine:      x86_64
Processor:    x86_64
JAX backend:  GPU
JAX devices:  [CudaDevice(id=0)]
Device kind:  NVIDIA A100-SXM4-40GB
Platform:     gpu

QMC System
Number of electrons:       (40, 40)
Number of orbitals:         215
Number of Cholesky Vectors: 1857
Maximum memory per walker:            66.67 MB
Maximum number of Cholesky per chunk: 94
Number of Cholesky chunks:            20
Number of Cholesky per chunk:         93
Number of padding Cholesky:           3

QMC Parameters
n_eql           -              50
n_blocks        -             600
n_walkers       -             300
max_memory      -           20000
mix_precision   -            True
n_batch         -               1
seed            -            5772
walker_type     -             rhf
trial           -         pt2ccsd
max_error       -       5.893e-05
dt              -           0.005
n_prop_steps    -              50
eql_time        -              50
nchol_chunk     -              93
n_exp_terms     -               6
Trial: pt2ccsd(norb=215, nelec=(40, 40), n_batch=1, nchol_chunk=93, mix_precision=True)
Sampler: sampler_pt2(n_prop_steps=50, n_blocks=600, n_chol=1857)

Equilibration
Initial Orbital energy: -0.119228
inv_T        energy   runTime
 0.00  -2055.865055     59.05
 5.00  -2057.705933     92.34
10.00  -2057.735086    116.60
15.00  -2057.715519    140.86
20.00  -2057.644123    165.11
25.00  -2057.724478    189.37
30.00  -2057.683106    213.64
35.00  -2057.678322    237.89
40.00  -2057.664023    262.14
45.00  -2057.667749    286.39
50.00  -2057.691589    310.64

Sampling Blocks
Target Final Error ~ 0.000059
   N      E(Guide)     Error      E(Orb)     Error  Kill_WK      Time
  20  -2057.731721  0.006670   -0.126261  0.000383        0    472.29
  40  -2057.731572  0.004540   -0.126072  0.000265        0    620.27
  60  -2057.725347  0.003817   -0.125670  0.000299        0    767.97
  80  -2057.726337  0.003502   -0.125807  0.000245        0    915.63
 100  -2057.727228  0.003078   -0.125813  0.000211        0   1063.36
 120  -2057.731153  0.002850   -0.125870  0.000187        0   1211.37
 140  -2057.729138  0.002587   -0.125717  0.000166        0   1359.02
 160  -2057.726900  0.002488   -0.125721  0.000151        0   1506.87
 180  -2057.727843  0.002330   -0.125685  0.000137        0   1654.47
 200  -2057.726859  0.002211   -0.125634  0.000128        0   1802.12
 220  -2057.725241  0.002123   -0.125711  0.000127        0   1949.77
 240  -2057.724767  0.002037   -0.125677  0.000120        0   2097.31
 260  -2057.725855  0.001991   -0.125628  0.000125        0   2244.91
 280  -2057.726774  0.001946   -0.125697  0.000122        0   2392.80
 300  -2057.727343  0.001856   -0.125699  0.000116        0   2540.61
 320  -2057.729691  0.001860   -0.125729  0.000111        0   2688.07
 340  -2057.729300  0.001809   -0.125790  0.000108        0   2835.70
 360  -2057.729698  0.001763   -0.125792  0.000104        0   2983.64
 380  -2057.729227  0.001696   -0.125756  0.000100        0   3131.19
 400  -2057.730055  0.001661   -0.125763  0.000096        0   3278.78
 420  -2057.730254  0.001622   -0.125761  0.000093        0   3426.30
 440  -2057.730412  0.001568   -0.125750  0.000091        0   3588.60
 460  -2057.730426  0.001555   -0.125773  0.000089        0   3751.87
 480  -2057.729219  0.001523   -0.125792  0.000086        0   3899.47
 500  -2057.728714  0.001496   -0.125816  0.000084        0   4047.71
 520  -2057.728663  0.001455   -0.125831  0.000084        0   4195.31
 540  -2057.728338  0.001406   -0.125837  0.000083        0   4342.81
 560  -2057.728826  0.001380   -0.125837  0.000080        0   4490.45
 580  -2057.729265  0.001351   -0.125839  0.000078        0   4638.14
 600  -2057.728989  0.001338   -0.125830  0.000077        0   4786.06

Post Propagation
Total number of samples 600
Raw AFQMC/HF Energy: -2057.728989 +/- 0.001338
Raw AFQMC/pt2CCSD Orbital Energy (covariance): -0.125830 +/- 0.000077
Raw AFQMC/pt2CCSD Orbital Energy (direct obs): -0.125830 +/- 0.000067

Remove Outliers
Energy bound [-0.152870, -0.098553]
Removed 0 Outliers
Outliers Orbital Energy []
Clean AFQMC/pt2CCSD Orbital Energy (covariance): -0.125830 +/- 0.000077
Clean AFQMC/pt2CCSD Orbital Energy (direct obs): -0.125830 +/- 0.000067

Blocking Analysis
nsample = 600, max_block_size = 30, min_nblocks = 20
Blk_SZ   NBlk   NSmp      Energy     Error    dError
     1    600    600   -0.125795  0.000067  0.000002
     2    300    600   -0.125803  0.000075  0.000003
     3    200    600   -0.125809  0.000085  0.000004
     4    150    600   -0.125813  0.000086  0.000005
     5    120    600   -0.125815  0.000088  0.000006
     6    100    600   -0.125819  0.000088  0.000006
     7     85    595   -0.125814  0.000095  0.000007
     8     75    600   -0.125822  0.000089  0.000007
     9     66    594   -0.125825  0.000087  0.000008
    10     60    600   -0.125821  0.000093  0.000009
    11     54    594   -0.125825  0.000090  0.000009
    12     50    600   -0.125825  0.000096  0.000010
    13     46    598   -0.125823  0.000092  0.000010
    14     42    588   -0.125824  0.000106  0.000012
    15     40    600   -0.125827  0.000091  0.000010
    16     37    592   -0.125820  0.000104  0.000012
    17     35    595   -0.125824  0.000096  0.000012
    18     33    594   -0.125826  0.000095  0.000012
    19     31    589   -0.125827  0.000100  0.000013
    20     30    600   -0.125826  0.000094  0.000012
    21     28    588   -0.125825  0.000089  0.000012
    22     27    594   -0.125827  0.000092  0.000013
    23     26    598   -0.125824  0.000087  0.000012
    24     25    600   -0.125825  0.000109  0.000016
    25     24    600   -0.125827  0.000111  0.000016
    26     23    598   -0.125825  0.000098  0.000015
    27     22    594   -0.125826  0.000101  0.000016
    28     21    588   -0.125826  0.000100  0.000016
    29     20    580   -0.125836  0.000118  0.000019
    30     20    600   -0.125826  0.000105  0.000017
Fit: plateau = 0.000096 ± 0.000003
     autocorrelation length ~ 3.0 blocks
     plateau reached at block size ~ 12
Blocked AFQMC/pt2CCSD Orbital Energy: -0.125830 +/- 0.000096
total run time: 4800.13

AFQMC Sampling Finished



======================== restricted LNO-FRAGMENT 10/72 =========================
Center Atom C
AOs with contribution > 0.01
        AO Label     Amp
      9 C 1s      0.8759
      9 C 2py     0.4810
      9 C 2px     0.4805
      9 C 2pz     0.4676
      9 C 2s      0.3695
      9 C 3pz     0.2604
      9 C 3s      0.1882
      9 C 3px     0.1453
      9 C 3py     0.1449
     6 C 3dx2-y2  0.0868
      6 C 3py     0.0844
      8 C 3dxy    0.0826
     13 C 3px     0.0756
     13 C 3dxy    0.0673
      8 C 3px     0.0645
    13 C 3dx2-y2  0.0615
      6 C 3s      0.0601
     13 C 3s      0.0599
      8 C 3s      0.0594
      8 C 3py     0.0467
      6 C 3dyz    0.0448
     8 C 3dx2-y2  0.0436
      6 C 3pz     0.0433
     13 C 3pz     0.0431
      6 C 3dxy    0.0429
      8 C 3pz     0.0426
     13 C 3py     0.0381
     13 C 3dxz    0.0374
      6 C 3px     0.0294
      8 C 3dxz    0.0289
      6 C 3dz^2   0.0231
     13 C 3dz^2   0.0230
      8 C 3dz^2   0.0226
      7 C 3px     0.0209
     14 C 3px     0.0194
     10 C 3py     0.0189
      6 C 2s      0.0187
     13 C 2s      0.0185
      8 C 2s      0.0176
     16 C 3py     0.0155
      8 C 3dyz    0.0154
     12 C 3py     0.0151
      6 C 2py     0.0143
      9 C 3dz^2   0.0137
      4 C 3py     0.0121
     13 C 2px     0.0121
LAS occupied orbitals: 46
LAS virtual orbitals: 185
CCSD time: 713.728876 s
LNO-MP2 Orbital Energy: -0.12339051
LNO-CCSD Orbital Energy: -0.12196302
Calculating Effective Active Space One-electron Integrals
number of active occupied orbitals 46
number of active virtual orbitals 185
build JK time: 14.670678 s
build ecore time: 0.720283 s
build h1eff time: 15.502120 s
Generating Cholesky Integrals
Composing AO ERIs from DF basis
Raw CDERI in LAS shape: (4194, 26796)
Compress CDERI into LAS Cholesky Vectors by SVD
Cholesky cutoff: 1e-05
Build effective h0 and h1 time: 20.633992 s
Build CDERI in LAS time: 11.147768 s
Compress CDERI to LAS Choleskey Vectors time: 5.498041 s
Build Integral total time: 37.280133 s
Finished calculating Cholesky integrals
Size of the correlation space
Number of electrons: (46,46)
Number of basis functions: 231
Cholesky shape: (1994, 231, 231)
AFQMC script: /u/yzhang65/myprojects/software/afqmc/afqmc/lno_afqmc/script/run_afqmc_pt2.py

AFQMC Started
Hostname:     gpua043.delta.ncsa.illinois.edu
System:       Linux
Node:         gpua043.delta.ncsa.illinois.edu
Release:      5.14.0-427.91.1.el9_4.x86_64
Machine:      x86_64
Processor:    x86_64
JAX backend:  GPU
JAX devices:  [CudaDevice(id=0)]
Device kind:  NVIDIA A100-SXM4-40GB
Platform:     gpu

QMC System
Number of electrons:       (46, 46)
Number of orbitals:         231
Number of Cholesky Vectors: 1994
Maximum memory per walker:            66.67 MB
Maximum number of Cholesky per chunk: 81
Number of Cholesky chunks:            25
Number of Cholesky per chunk:         80
Number of padding Cholesky:           6

QMC Parameters
n_eql           -              50
n_blocks        -             600
n_walkers       -             300
max_memory      -           20000
mix_precision   -            True
n_batch         -               1
seed            -             479
walker_type     -             rhf
trial           -         pt2ccsd
max_error       -       5.893e-05
dt              -           0.005
n_prop_steps    -              50
eql_time        -              50
nchol_chunk     -              80
n_exp_terms     -               6
Trial: pt2ccsd(norb=231, nelec=(46, 46), n_batch=1, nchol_chunk=80, mix_precision=True)
Sampler: sampler_pt2(n_prop_steps=50, n_blocks=600, n_chol=1994)

Equilibration
Initial Orbital energy: -0.121963
inv_T        energy   runTime
 0.00  -2055.865052     63.74
 5.00  -2058.064874    103.60
10.00  -2057.989936    134.34
15.00  -2058.022528    165.08
20.00  -2058.074520    195.83
25.00  -2058.064735    226.54
30.00  -2058.120277    257.23
35.00  -2057.984704    287.91
40.00  -2058.074328    318.62
45.00  -2058.077946    349.35
50.00  -2058.045960    380.12

Sampling Blocks
Target Final Error ~ 0.000059
   N      E(Guide)     Error      E(Orb)     Error  Kill_WK      Time
  20  -2058.043695  0.009262   -0.129252  0.000539        0    610.69
  40  -2058.053862  0.006411   -0.129220  0.000333        0    828.98
  60  -2058.047458  0.005097   -0.128906  0.000247        0   1047.55
  80  -2058.049293  0.004185   -0.128910  0.000217        0   1266.02
 100  -2058.050374  0.003570   -0.128816  0.000185        0   1484.33
 120  -2058.054967  0.003322   -0.128767  0.000163        0   1702.72
 140  -2058.053296  0.003043   -0.128809  0.000150        0   1921.09
 160  -2058.053416  0.002749   -0.128862  0.000138        0   2139.54
 180  -2058.053142  0.002603   -0.128875  0.000127        0   2357.93
 200  -2058.054005  0.002466   -0.128938  0.000127        0   2576.28
 220  -2058.053352  0.002304   -0.128969  0.000126        0   2794.60
 240  -2058.050957  0.002272   -0.128914  0.000120        0   3013.60
 260  -2058.051606  0.002176   -0.128978  0.000117        0   3232.39
 280  -2058.053164  0.002096   -0.129007  0.000114        0   3450.80
 300  -2058.052015  0.002053   -0.128999  0.000109        0   3679.37
 320  -2058.051981  0.001992   -0.128999  0.000105        0   3901.39
 340  -2058.050837  0.001929   -0.128984  0.000101        0   4119.83
 360  -2058.051125  0.001866   -0.128985  0.000099        0   4338.46
 380  -2058.051930  0.001815   -0.128968  0.000095        0   4557.13
 400  -2058.051645  0.001791   -0.128898  0.000094        0   4776.11
 420  -2058.051221  0.001743   -0.128855  0.000091        0   4994.86
 440  -2058.052307  0.001764   -0.128830  0.000089        0   5213.52
 460  -2058.053153  0.001727   -0.128875  0.000089        0   5432.07
 480  -2058.054407  0.001699   -0.128923  0.000093        0   5650.60
 500  -2058.055805  0.001725   -0.128936  0.000090        0   5868.91
 520  -2058.056504  0.001679   -0.128960  0.000088        0   6087.60
 540  -2058.056732  0.001677   -0.128978  0.000086        0   6306.48
 560  -2058.056194  0.001629   -0.128990  0.000084        0   6524.94
 580  -2058.055681  0.001620   -0.128972  0.000082        0   6743.34
 600  -2058.056207  0.001582   -0.128952  0.000081        0   6961.66

Post Propagation
Total number of samples 600
Raw AFQMC/HF Energy: -2058.056207 +/- 0.001582
Raw AFQMC/pt2CCSD Orbital Energy (covariance): -0.128952 +/- 0.000081
Raw AFQMC/pt2CCSD Orbital Energy (direct obs): -0.128952 +/- 0.000070

Remove Outliers
Energy bound [-0.158199, -0.099264]
Removed 0 Outliers
Outliers Orbital Energy []
Clean AFQMC/pt2CCSD Orbital Energy (covariance): -0.128952 +/- 0.000081
Clean AFQMC/pt2CCSD Orbital Energy (direct obs): -0.128952 +/- 0.000070

Blocking Analysis
nsample = 600, max_block_size = 30, min_nblocks = 20
Blk_SZ   NBlk   NSmp      Energy     Error    dError
     1    600    600   -0.128922  0.000070  0.000002
     2    300    600   -0.128929  0.000084  0.000003
     3    200    600   -0.128931  0.000093  0.000005
     4    150    600   -0.128934  0.000098  0.000006
     5    120    600   -0.128935  0.000103  0.000007
     6    100    600   -0.128936  0.000109  0.000008
     7     85    595   -0.128934  0.000111  0.000009
     8     75    600   -0.128938  0.000110  0.000009
     9     66    594   -0.128935  0.000116  0.000010
    10     60    600   -0.128940  0.000113  0.000010
    11     54    594   -0.128935  0.000113  0.000011
    12     50    600   -0.128942  0.000125  0.000013
    13     46    598   -0.128943  0.000133  0.000014
    14     42    588   -0.128955  0.000107  0.000012
    15     40    600   -0.128941  0.000106  0.000012
    16     37    592   -0.128938  0.000110  0.000013
    17     35    595   -0.128941  0.000119  0.000014
    18     33    594   -0.128938  0.000121  0.000015
    19     31    589   -0.128952  0.000125  0.000016
    20     30    600   -0.128946  0.000104  0.000014
    21     28    588   -0.128956  0.000112  0.000015
    22     27    594   -0.128942  0.000112  0.000016
    23     26    598   -0.128946  0.000105  0.000015
    24     25    600   -0.128944  0.000113  0.000016
    25     24    600   -0.128945  0.000118  0.000017
    26     23    598   -0.128947  0.000134  0.000020
    27     22    594   -0.128940  0.000108  0.000017
    28     21    588   -0.128959  0.000124  0.000020
    29     20    580   -0.128965  0.000126  0.000020
    30     20    600   -0.128945  0.000115  0.000019
Fit: plateau = 0.000115 ± 0.000003
     autocorrelation length ~ 2.9 blocks
     plateau reached at block size ~ 12
Blocked AFQMC/pt2CCSD Orbital Energy: -0.128952 +/- 0.000115
total run time: 6971.40

AFQMC Sampling Finished



======================== restricted LNO-FRAGMENT 11/72 =========================
Center Atom C
AOs with contribution > 0.01
        AO Label     Amp
     10 C 1s      0.8752
     10 C 2py     0.4809
     10 C 2px     0.4747
     10 C 2pz     0.4593
     10 C 2s      0.3758
     10 C 3pz     0.2926
     10 C 3s      0.1904
     10 C 3py     0.1576
     10 C 3px     0.1484
     57 H 2px     0.1482
     57 H 2py     0.0999
      8 C 3py     0.0868
     8 C 3dx2-y2  0.0827
     11 C 3dxy    0.0794
     11 C 3px     0.0776
     57 H 1s      0.0704
    11 C 3dx2-y2  0.0683
     11 C 3s      0.0659
     57 H 2s      0.0630
      8 C 3s      0.0599
     11 C 3pz     0.0516
     57 H 2pz     0.0487
     11 C 3dxz    0.0464
      8 C 3pz     0.0436
     11 C 3py     0.0423
      8 C 3dxy    0.0417
      8 C 3dyz    0.0415
      8 C 3px     0.0303
     11 C 3dz^2   0.0251
      8 C 3dz^2   0.0225
     11 C 2s      0.0225
     12 C 3px     0.0197
     58 H 2s      0.0181
      8 C 2s      0.0172
      9 C 3py     0.0158
     11 C 2px     0.0144
      7 C 3py     0.0136
      8 C 2py     0.0131
     10 C 3dz^2   0.0119
     11 C 3dyz    0.0101
LAS occupied orbitals: 32
LAS virtual orbitals: 137
CCSD time: 178.078902 s
LNO-MP2 Orbital Energy: -0.11428366
LNO-CCSD Orbital Energy: -0.11809036
Calculating Effective Active Space One-electron Integrals
number of active occupied orbitals 32
number of active virtual orbitals 137
build JK time: 11.799472 s
build ecore time: 0.568980 s
build h1eff time: 13.721178 s
Generating Cholesky Integrals
Composing AO ERIs from DF basis
Raw CDERI in LAS shape: (4194, 14365)
Compress CDERI into LAS Cholesky Vectors by SVD
Cholesky cutoff: 1e-05
Build effective h0 and h1 time: 18.235553 s
Build CDERI in LAS time: 8.465299 s
Compress CDERI to LAS Choleskey Vectors time: 4.571657 s
Build Integral total time: 31.272775 s
Finished calculating Cholesky integrals
Size of the correlation space
Number of electrons: (32,32)
Number of basis functions: 169
Cholesky shape: (1493, 169, 169)
AFQMC script: /u/yzhang65/myprojects/software/afqmc/afqmc/lno_afqmc/script/run_afqmc_pt2.py

AFQMC Started
Hostname:     gpua043.delta.ncsa.illinois.edu
System:       Linux
Node:         gpua043.delta.ncsa.illinois.edu
Release:      5.14.0-427.91.1.el9_4.x86_64
Machine:      x86_64
Processor:    x86_64
JAX backend:  GPU
JAX devices:  [CudaDevice(id=0)]
Device kind:  NVIDIA A100-SXM4-40GB
Platform:     gpu

QMC System
Number of electrons:       (32, 32)
Number of orbitals:         169
Number of Cholesky Vectors: 1493
Maximum memory per walker:            66.67 MB
Maximum number of Cholesky per chunk: 152
Number of Cholesky chunks:            10
Number of Cholesky per chunk:         150
Number of padding Cholesky:           7

QMC Parameters
n_eql           -              50
n_blocks        -             600
n_walkers       -             300
max_memory      -           20000
mix_precision   -            True
n_batch         -               1
seed            -            3380
walker_type     -             rhf
trial           -         pt2ccsd
max_error       -       5.893e-05
dt              -           0.005
n_prop_steps    -              50
eql_time        -              50
nchol_chunk     -             150
n_exp_terms     -               6
Trial: pt2ccsd(norb=169, nelec=(32, 32), n_batch=1, nchol_chunk=150, mix_precision=True)
Sampler: sampler_pt2(n_prop_steps=50, n_blocks=600, n_chol=1493)

Equilibration
Initial Orbital energy: -0.118079
inv_T        energy   runTime
 0.00  -2055.865058     51.30
 5.00  -2057.342067     71.55
10.00  -2057.319025     84.11
15.00  -2057.297003     96.67
20.00  -2057.337520    109.23
25.00  -2057.328672    121.79
30.00  -2057.314571    134.38
35.00  -2057.310989    146.93
40.00  -2057.326894    159.49
45.00  -2057.318247    172.05
50.00  -2057.371380    184.65

Sampling Blocks
Target Final Error ~ 0.000059
   N      E(Guide)     Error      E(Orb)     Error  Kill_WK      Time
  20  -2057.326894  0.005614   -0.124945  0.000583        0    252.84
  40  -2057.320342  0.005463   -0.124899  0.000379        0    309.64
  60  -2057.315294  0.004209   -0.124563  0.000289        0    366.37
  80  -2057.323236  0.003898   -0.124427  0.000246        0    423.13
 100  -2057.320031  0.003394   -0.124209  0.000208        0    480.45
 120  -2057.321391  0.003004   -0.124081  0.000182        0    537.33
 140  -2057.320433  0.002806   -0.124179  0.000185        0    594.11
 160  -2057.320499  0.002549   -0.124129  0.000172        0    650.90
 180  -2057.321189  0.002386   -0.124158  0.000158        0    707.70
 200  -2057.320554  0.002195   -0.124087  0.000147        0    764.53
 220  -2057.320653  0.002054   -0.124097  0.000145        0    821.31
 240  -2057.320441  0.001944   -0.124038  0.000135        0    878.06
 260  -2057.321837  0.001874   -0.124152  0.000153        0    934.87
 280  -2057.322533  0.001808   -0.124120  0.000145        0    992.02
 300  -2057.322680  0.001713   -0.124158  0.000137        0   1048.86
 320  -2057.323847  0.001671   -0.124215  0.000133        0   1105.97
 340  -2057.322770  0.001616   -0.124240  0.000127        0   1162.89
 360  -2057.322865  0.001569   -0.124224  0.000123        0   1219.86
 380  -2057.322672  0.001518   -0.124251  0.000121        0   1276.83
 400  -2057.323435  0.001477   -0.124333  0.000169        0   1333.65
 420  -2057.323887  0.001429   -0.124297  0.000162        0   1390.46
 440  -2057.323052  0.001408   -0.124262  0.000155        0   1447.31
 460  -2057.323101  0.001375   -0.124267  0.000149        0   1504.19
 480  -2057.322568  0.001346   -0.124240  0.000144        0   1561.04
 500  -2057.322231  0.001306   -0.124239  0.000138        0   1617.85
 520  -2057.322317  0.001269   -0.124231  0.000134        0   1674.66
 540  -2057.322537  0.001237   -0.124249  0.000130        0   1731.52
 560  -2057.322308  0.001212   -0.124228  0.000126        0   1788.77
 580  -2057.322365  0.001186   -0.124232  0.000123        0   1846.01
 600  -2057.322559  0.001170   -0.124216  0.000120        0   1903.02

Post Propagation
Total number of samples 600
Raw AFQMC/HF Energy: -2057.322559 +/- 0.001170
Raw AFQMC/pt2CCSD Orbital Energy (covariance): -0.124216 +/- 0.000120
Raw AFQMC/pt2CCSD Orbital Energy (direct obs): -0.124216 +/- 0.000089

Remove Outliers
Energy bound [-0.152578, -0.095111]
Removed 0 Outliers
Outliers Orbital Energy []
Clean AFQMC/pt2CCSD Orbital Energy (covariance): -0.124216 +/- 0.000120
Clean AFQMC/pt2CCSD Orbital Energy (direct obs): -0.124216 +/- 0.000089

Blocking Analysis
nsample = 600, max_block_size = 30, min_nblocks = 20
Blk_SZ   NBlk   NSmp      Energy     Error    dError
     1    600    600   -0.124185  0.000089  0.000003
     2    300    600   -0.124190  0.000105  0.000004
     3    200    600   -0.124195  0.000108  0.000005
     4    150    600   -0.124197  0.000117  0.000007
     5    120    600   -0.124201  0.000118  0.000008
     6    100    600   -0.124201  0.000126  0.000009
     7     85    595   -0.124216  0.000125  0.000010
     8     75    600   -0.124204  0.000124  0.000010
     9     66    594   -0.124222  0.000127  0.000011
    10     60    600   -0.124207  0.000125  0.000011
    11     54    594   -0.124223  0.000127  0.000012
    12     50    600   -0.124205  0.000135  0.000014
    13     46    598   -0.124221  0.000134  0.000014
    14     42    588   -0.124227  0.000134  0.000015
    15     40    600   -0.124208  0.000133  0.000015
    16     37    592   -0.124232  0.000141  0.000017
    17     35    595   -0.124223  0.000139  0.000017
    18     33    594   -0.124224  0.000117  0.000015
    19     31    589   -0.124230  0.000122  0.000016
    20     30    600   -0.124209  0.000119  0.000016
    21     28    588   -0.124232  0.000123  0.000017
    22     27    594   -0.124227  0.000118  0.000016
    23     26    598   -0.124222  0.000138  0.000019
    24     25    600   -0.124209  0.000123  0.000018
    25     24    600   -0.124210  0.000108  0.000016
    26     23    598   -0.124221  0.000137  0.000021
    27     22    594   -0.124225  0.000110  0.000017
    28     21    588   -0.124233  0.000130  0.000021
    29     20    580   -0.124226  0.000112  0.000018
    30     20    600   -0.124212  0.000142  0.000023
Fit: plateau = 0.000127 ± 0.000003
     autocorrelation length ~ 2.2 blocks
     plateau reached at block size ~ 9
Blocked AFQMC/pt2CCSD Orbital Energy: -0.124216 +/- 0.000127
total run time: 1903.03

AFQMC Sampling Finished



======================== restricted LNO-FRAGMENT 12/72 =========================
Center Atom C
AOs with contribution > 0.01
        AO Label     Amp
     11 C 1s      0.8754
     11 C 2px     0.4831
     11 C 2py     0.4728
     11 C 2pz     0.4595
     11 C 2s      0.3759
     11 C 3pz     0.2930
     58 H 2py     0.1951
     11 C 3s      0.1906
     11 C 3px     0.1645
     11 C 3py     0.1420
     12 C 3dxy    0.0801
     10 C 3px     0.0751
     10 C 3dxy    0.0745
    10 C 3dx2-y2  0.0730
     58 H 1s      0.0688
     10 C 3s      0.0668
     12 C 3px     0.0665
     58 H 2s      0.0625
     12 C 3s      0.0600
     10 C 3pz     0.0516
     58 H 2px     0.0516
     12 C 3py     0.0506
     58 H 2pz     0.0478
     10 C 3dxz    0.0473
     10 C 3py     0.0441
     12 C 3pz     0.0438
    12 C 3dx2-y2  0.0437
     12 C 3dxz    0.0290
     10 C 3dz^2   0.0254
     10 C 2s      0.0230
     12 C 3dz^2   0.0224
     25 C 3px     0.0215
     57 H 2s      0.0185
     13 C 3py     0.0179
     12 C 2s      0.0172
      8 C 3py     0.0168
     10 C 2px     0.0145
     12 C 3dyz    0.0138
     11 C 3dz^2   0.0119
     11 C 3dxy    0.0106
LAS occupied orbitals: 32
LAS virtual orbitals: 138
CCSD time: 150.245236 s
LNO-MP2 Orbital Energy: -0.11430394
LNO-CCSD Orbital Energy: -0.11810889
Calculating Effective Active Space One-electron Integrals
number of active occupied orbitals 32
number of active virtual orbitals 138
build JK time: 7.235823 s
build ecore time: 0.323578 s
build h1eff time: 7.639917 s
Generating Cholesky Integrals
Composing AO ERIs from DF basis
Raw CDERI in LAS shape: (4194, 14535)
Compress CDERI into LAS Cholesky Vectors by SVD
Cholesky cutoff: 1e-05
Build effective h0 and h1 time: 8.041567 s
Build CDERI in LAS time: 6.294274 s
Compress CDERI to LAS Choleskey Vectors time: 2.968733 s
Build Integral total time: 17.304879 s
Finished calculating Cholesky integrals
Size of the correlation space
Number of electrons: (32,32)
Number of basis functions: 170
Cholesky shape: (1500, 170, 170)
AFQMC script: /u/yzhang65/myprojects/software/afqmc/afqmc/lno_afqmc/script/run_afqmc_pt2.py

AFQMC Started
Hostname:     gpua043.delta.ncsa.illinois.edu
System:       Linux
Node:         gpua043.delta.ncsa.illinois.edu
Release:      5.14.0-427.91.1.el9_4.x86_64
Machine:      x86_64
Processor:    x86_64
JAX backend:  GPU
JAX devices:  [CudaDevice(id=0)]
Device kind:  NVIDIA A100-SXM4-40GB
Platform:     gpu

QMC System
Number of electrons:       (32, 32)
Number of orbitals:         170
Number of Cholesky Vectors: 1500
Maximum memory per walker:            66.67 MB
Maximum number of Cholesky per chunk: 151
Number of Cholesky chunks:            10
Number of Cholesky per chunk:         150
Number of padding Cholesky:           0

QMC Parameters
n_eql           -              50
n_blocks        -             600
n_walkers       -             300
max_memory      -           20000
mix_precision   -            True
n_batch         -               1
seed            -            4567
walker_type     -             rhf
trial           -         pt2ccsd
max_error       -       5.893e-05
dt              -           0.005
n_prop_steps    -              50
eql_time        -              50
nchol_chunk     -             150
n_exp_terms     -               6
Trial: pt2ccsd(norb=170, nelec=(32, 32), n_batch=1, nchol_chunk=150, mix_precision=True)
Sampler: sampler_pt2(n_prop_steps=50, n_blocks=600, n_chol=1500)

Equilibration
Initial Orbital energy: -0.118098
inv_T        energy   runTime
 0.00  -2055.865058     22.74
 5.00  -2057.259582     41.79
10.00  -2057.321065     54.37
15.00  -2057.318448     66.93
20.00  -2057.318031     79.49
25.00  -2057.376428     92.04
30.00  -2057.387819    104.62
35.00  -2057.297848    117.19
40.00  -2057.280426    129.74
45.00  -2057.352851    142.30
50.00  -2057.367234    154.86

Sampling Blocks
Target Final Error ~ 0.000059
   N      E(Guide)     Error      E(Orb)     Error  Kill_WK      Time
  20  -2057.331476  0.004254   -0.124301  0.000303        0    222.68
  40  -2057.339620  0.004567   -0.123805  0.000243        0    279.80
  60  -2057.336044  0.003535   -0.123826  0.000196        0    337.06
  80  -2057.331700  0.003138   -0.123825  0.000197        0    394.27
 100  -2057.330101  0.002760   -0.123711  0.000178        0    451.38
 120  -2057.328982  0.002565   -0.123570  0.000158        0    508.47
 140  -2057.328997  0.002369   -0.123615  0.000146        0    565.90
 160  -2057.325289  0.002438   -0.123598  0.000133        0    623.01
 180  -2057.326352  0.002274   -0.123653  0.000123        0    680.11
 200  -2057.326754  0.002100   -0.123691  0.000121        0    737.21
 220  -2057.325063  0.002119   -0.123712  0.000113        0    794.63
 240  -2057.323657  0.002015   -0.123809  0.000125        0    852.06
 260  -2057.324565  0.001963   -0.123981  0.000144        0    909.19
 280  -2057.323713  0.001863   -0.123925  0.000135        0    966.57
 300  -2057.322012  0.001800   -0.123887  0.000128        0   1023.69
 320  -2057.320556  0.001748   -0.123840  0.000122        0   1080.85
 340  -2057.319729  0.001705   -0.123914  0.000123        0   1137.93
 360  -2057.319488  0.001638   -0.123944  0.000118        0   1195.53
 380  -2057.319566  0.001584   -0.123964  0.000114        0   1252.65
 400  -2057.319922  0.001518   -0.123979  0.000110        0   1309.79
 420  -2057.319314  0.001474   -0.123960  0.000106        0   1367.15
 440  -2057.319305  0.001441   -0.123928  0.000103        0   1424.55
 460  -2057.318849  0.001406   -0.123932  0.000099        0   1481.70
 480  -2057.319399  0.001375   -0.123939  0.000096        0   1538.86
 500  -2057.319998  0.001354   -0.123928  0.000093        0   1596.49
 520  -2057.320576  0.001331   -0.123927  0.000092        0   1653.57
 540  -2057.321068  0.001296   -0.123941  0.000091        0   1710.69
 560  -2057.320597  0.001267   -0.123964  0.000089        0   1767.78
 580  -2057.320803  0.001245   -0.123966  0.000087        0   1824.84
 600  -2057.320580  0.001213   -0.123963  0.000086        0   1881.93

Post Propagation
Total number of samples 600
Raw AFQMC/HF Energy: -2057.320580 +/- 0.001213
Raw AFQMC/pt2CCSD Orbital Energy (covariance): -0.123963 +/- 0.000086
Raw AFQMC/pt2CCSD Orbital Energy (direct obs): -0.123963 +/- 0.000072

Remove Outliers
Energy bound [-0.153868, -0.093551]
Removed 0 Outliers
Outliers Orbital Energy []
Clean AFQMC/pt2CCSD Orbital Energy (covariance): -0.123963 +/- 0.000086
Clean AFQMC/pt2CCSD Orbital Energy (direct obs): -0.123963 +/- 0.000072

Blocking Analysis
nsample = 600, max_block_size = 30, min_nblocks = 20
Blk_SZ   NBlk   NSmp      Energy     Error    dError
     1    600    600   -0.123921  0.000072  0.000002
     2    300    600   -0.123927  0.000082  0.000003
     3    200    600   -0.123934  0.000089  0.000004
     4    150    600   -0.123937  0.000095  0.000006
     5    120    600   -0.123941  0.000101  0.000007
     6    100    600   -0.123946  0.000103  0.000007
     7     85    595   -0.123942  0.000108  0.000008
     8     75    600   -0.123946  0.000113  0.000009
     9     66    594   -0.123947  0.000111  0.000010
    10     60    600   -0.123950  0.000123  0.000011
    11     54    594   -0.123949  0.000122  0.000012
    12     50    600   -0.123953  0.000125  0.000013
    13     46    598   -0.123950  0.000119  0.000013
    14     42    588   -0.123957  0.000127  0.000014
    15     40    600   -0.123956  0.000120  0.000014
    16     37    592   -0.123950  0.000130  0.000015
    17     35    595   -0.123952  0.000120  0.000015
    18     33    594   -0.123952  0.000118  0.000015
    19     31    589   -0.123957  0.000136  0.000018
    20     30    600   -0.123956  0.000120  0.000016
    21     28    588   -0.123963  0.000134  0.000018
    22     27    594   -0.123957  0.000137  0.000019
    23     26    598   -0.123955  0.000133  0.000019
    24     25    600   -0.123959  0.000145  0.000021
    25     24    600   -0.123954  0.000129  0.000019
    26     23    598   -0.123956  0.000148  0.000022
    27     22    594   -0.123954  0.000116  0.000018
    28     21    588   -0.123962  0.000141  0.000022
    29     20    580   -0.123960  0.000155  0.000025
    30     20    600   -0.123957  0.000115  0.000019
Fit: plateau = 0.000132 ± 0.000006
     autocorrelation length ~ 6.2 blocks
     plateau reached at block size ~ 25
Blocked AFQMC/pt2CCSD Orbital Energy: -0.123963 +/- 0.000132
total run time: 1881.93

AFQMC Sampling Finished



======================== restricted LNO-FRAGMENT 13/72 =========================
Center Atom C
AOs with contribution > 0.01
        AO Label     Amp
     12 C 1s      0.8754
     12 C 2py     0.4904
     12 C 2px     0.4797
     12 C 2pz     0.4670
     12 C 2s      0.3710
     12 C 3pz     0.2606
     12 C 3s      0.1880
     12 C 3py     0.1506
     12 C 3px     0.1433
    13 C 3dx2-y2  0.0858
     11 C 3dxy    0.0851
     13 C 3py     0.0842
     25 C 3px     0.0747
     25 C 3dxy    0.0736
    25 C 3dx2-y2  0.0657
     11 C 3px     0.0648
     25 C 3s      0.0625
     11 C 3s      0.0599
     13 C 3s      0.0596
     11 C 3py     0.0458
     25 C 3pz     0.0455
    11 C 3dx2-y2  0.0442
     13 C 3dyz    0.0428
     13 C 3pz     0.0424
     11 C 3pz     0.0420
     13 C 3dxy    0.0414
     25 C 3dxz    0.0409
     25 C 3py     0.0391
     11 C 3dxz    0.0290
     13 C 3px     0.0285
     25 C 3dz^2   0.0240
     11 C 3dz^2   0.0228
     13 C 3dz^2   0.0228
     10 C 3px     0.0213
     25 C 2s      0.0203
     26 C 3px     0.0197
     13 C 2s      0.0181
     11 C 2s      0.0177
     59 H 2s      0.0166
     58 H 2s      0.0163
     14 C 3py     0.0155
     11 C 3dyz    0.0145
     13 C 2py     0.0140
     25 C 2px     0.0139
     12 C 3dz^2   0.0138
      9 C 3py     0.0118
     11 C 2px     0.0105
LAS occupied orbitals: 40
LAS virtual orbitals: 174
CCSD time: 416.937647 s
LNO-MP2 Orbital Energy: -0.11922708
LNO-CCSD Orbital Energy: -0.11919138
Calculating Effective Active Space One-electron Integrals
number of active occupied orbitals 40
number of active virtual orbitals 174
build JK time: 5.635419 s
build ecore time: 0.176510 s
build h1eff time: 5.889106 s
Generating Cholesky Integrals
Composing AO ERIs from DF basis
Raw CDERI in LAS shape: (4194, 23005)
Compress CDERI into LAS Cholesky Vectors by SVD
Cholesky cutoff: 1e-05
Build effective h0 and h1 time: 6.044355 s
Build CDERI in LAS time: 5.717425 s
Compress CDERI to LAS Choleskey Vectors time: 3.033639 s
Build Integral total time: 14.795722 s
Finished calculating Cholesky integrals
Size of the correlation space
Number of electrons: (40,40)
Number of basis functions: 214
Cholesky shape: (1844, 214, 214)
AFQMC script: /u/yzhang65/myprojects/software/afqmc/afqmc/lno_afqmc/script/run_afqmc_pt2.py

AFQMC Started
Hostname:     gpua043.delta.ncsa.illinois.edu
System:       Linux
Node:         gpua043.delta.ncsa.illinois.edu
Release:      5.14.0-427.91.1.el9_4.x86_64
Machine:      x86_64
Processor:    x86_64
JAX backend:  GPU
JAX devices:  [CudaDevice(id=0)]
Device kind:  NVIDIA A100-SXM4-40GB
Platform:     gpu

QMC System
Number of electrons:       (40, 40)
Number of orbitals:         214
Number of Cholesky Vectors: 1844
Maximum memory per walker:            66.67 MB
Maximum number of Cholesky per chunk: 95
Number of Cholesky chunks:            20
Number of Cholesky per chunk:         93
Number of padding Cholesky:           16

QMC Parameters
n_eql           -              50
n_blocks        -             600
n_walkers       -             300
max_memory      -           20000
mix_precision   -            True
n_batch         -               1
seed            -            3290
walker_type     -             rhf
trial           -         pt2ccsd
max_error       -       5.893e-05
dt              -           0.005
n_prop_steps    -              50
eql_time        -              50
nchol_chunk     -              93
n_exp_terms     -               6
Trial: pt2ccsd(norb=214, nelec=(40, 40), n_batch=1, nchol_chunk=93, mix_precision=True)
Sampler: sampler_pt2(n_prop_steps=50, n_blocks=600, n_chol=1844)

Equilibration
Initial Orbital energy: -0.119192
inv_T        energy   runTime
 0.00  -2055.865054     18.51
 5.00  -2057.745475     46.63
10.00  -2057.702608     70.54
15.00  -2057.727846     94.45
20.00  -2057.715542    118.35
25.00  -2057.711251    142.25
30.00  -2057.677527    166.15
35.00  -2057.738547    190.05
40.00  -2057.736197    213.95
45.00  -2057.780224    237.85
50.00  -2057.750339    261.74

Sampling Blocks
Target Final Error ~ 0.000059
   N      E(Guide)     Error      E(Orb)     Error  Kill_WK      Time
  20  -2057.757439  0.005841   -0.126274  0.000483        0    420.45
  40  -2057.726552  0.006944   -0.126275  0.000287        0    565.79
  60  -2057.737208  0.005868   -0.126512  0.000229        0    711.13
  80  -2057.740144  0.004732   -0.126283  0.000209        0    856.50
 100  -2057.742520  0.004007   -0.126342  0.000187        0   1001.88
 120  -2057.740777  0.003512   -0.126413  0.000188        0   1147.27
 140  -2057.738274  0.003155   -0.126209  0.000172        0   1292.65
 160  -2057.740114  0.002894   -0.126130  0.000158        0   1438.23
 180  -2057.741657  0.002674   -0.126149  0.000144        0   1583.83
 200  -2057.741036  0.002466   -0.126230  0.000146        0   1729.37
 220  -2057.739095  0.002359   -0.126225  0.000138        0   1874.69
 240  -2057.739169  0.002250   -0.126270  0.000130        0   2020.03
 260  -2057.738292  0.002130   -0.126172  0.000125        0   2165.70
 280  -2057.739157  0.002021   -0.126124  0.000119        0   2311.10
 300  -2057.737950  0.001927   -0.126073  0.000114        0   2456.65
 320  -2057.735957  0.001881   -0.126097  0.000110        0   2601.87
 340  -2057.734446  0.001845   -0.126038  0.000106        0   2747.12
 360  -2057.734077  0.001782   -0.126026  0.000102        0   2892.62
 380  -2057.734327  0.001709   -0.126020  0.000098        0   3037.82
 400  -2057.734078  0.001668   -0.126057  0.000101        0   3183.10
 420  -2057.735302  0.001663   -0.126048  0.000098        0   3328.33
 440  -2057.734400  0.001633   -0.126021  0.000096        0   3473.67
 460  -2057.734770  0.001580   -0.126059  0.000095        0   3619.06
 480  -2057.734907  0.001556   -0.126098  0.000094        0   3764.33
 500  -2057.733813  0.001527   -0.126082  0.000092        0   3938.77
 520  -2057.732467  0.001504   -0.126052  0.000089        0   4084.21
 540  -2057.732839  0.001476   -0.126012  0.000087        0   4229.53
 560  -2057.732236  0.001451   -0.125977  0.000085        0   4374.89
 580  -2057.732389  0.001419   -0.125961  0.000083        0   4520.10
 600  -2057.732293  0.001393   -0.125944  0.000082        0   4665.28

Post Propagation
Total number of samples 600
Raw AFQMC/HF Energy: -2057.732293 +/- 0.001393
Raw AFQMC/pt2CCSD Orbital Energy (covariance): -0.125944 +/- 0.000082
Raw AFQMC/pt2CCSD Orbital Energy (direct obs): -0.125944 +/- 0.000067

Remove Outliers
Energy bound [-0.155315, -0.096069]
Removed 0 Outliers
Outliers Orbital Energy []
Clean AFQMC/pt2CCSD Orbital Energy (covariance): -0.125944 +/- 0.000082
Clean AFQMC/pt2CCSD Orbital Energy (direct obs): -0.125944 +/- 0.000067

Blocking Analysis
nsample = 600, max_block_size = 30, min_nblocks = 20
Blk_SZ   NBlk   NSmp      Energy     Error    dError
     1    600    600   -0.125911  0.000067  0.000002
     2    300    600   -0.125916  0.000078  0.000003
     3    200    600   -0.125921  0.000084  0.000004
     4    150    600   -0.125923  0.000091  0.000005
     5    120    600   -0.125925  0.000095  0.000006
     6    100    600   -0.125926  0.000099  0.000007
     7     85    595   -0.125936  0.000104  0.000008
     8     75    600   -0.125927  0.000106  0.000009
     9     66    594   -0.125942  0.000110  0.000010
    10     60    600   -0.125929  0.000107  0.000010
    11     54    594   -0.125942  0.000117  0.000011
    12     50    600   -0.125930  0.000117  0.000012
    13     46    598   -0.125931  0.000122  0.000013
    14     42    588   -0.125947  0.000121  0.000013
    15     40    600   -0.125933  0.000116  0.000013
    16     37    592   -0.125945  0.000125  0.000015
    17     35    595   -0.125942  0.000117  0.000014
    18     33    594   -0.125945  0.000111  0.000014
    19     31    589   -0.125947  0.000120  0.000015
    20     30    600   -0.125936  0.000126  0.000017
    21     28    588   -0.125950  0.000132  0.000018
    22     27    594   -0.125946  0.000128  0.000018
    23     26    598   -0.125940  0.000128  0.000018
    24     25    600   -0.125938  0.000122  0.000018
    25     24    600   -0.125941  0.000119  0.000018
    26     23    598   -0.125942  0.000124  0.000019
    27     22    594   -0.125950  0.000135  0.000021
    28     21    588   -0.125952  0.000145  0.000023
    29     20    580   -0.125956  0.000139  0.000022
    30     20    600   -0.125938  0.000137  0.000022
Fit: plateau = 0.000127 ± 0.000006
     autocorrelation length ~ 6.4 blocks
     plateau reached at block size ~ 26
Blocked AFQMC/pt2CCSD Orbital Energy: -0.125944 +/- 0.000127
total run time: 4677.31

AFQMC Sampling Finished



======================== restricted LNO-FRAGMENT 14/72 =========================
Center Atom C
AOs with contribution > 0.01
        AO Label     Amp
     13 C 1s      0.8758
     13 C 2px     0.4809
     13 C 2py     0.4804
     13 C 2pz     0.4675
     13 C 2s      0.3693
     13 C 3pz     0.2604
     13 C 3s      0.1880
     13 C 3px     0.1451
     13 C 3py     0.1446
    12 C 3dx2-y2  0.0862
     14 C 3dxy    0.0838
     12 C 3py     0.0828
      9 C 3px     0.0753
      9 C 3dxy    0.0671
     14 C 3px     0.0655
     9 C 3dx2-y2  0.0617
     14 C 3s      0.0600
      9 C 3s      0.0599
     12 C 3s      0.0595
     14 C 3py     0.0481
    14 C 3dx2-y2  0.0454
     14 C 3pz     0.0435
      9 C 3pz     0.0431
     12 C 3dyz    0.0430
     12 C 3pz     0.0423
     12 C 3dxy    0.0414
      9 C 3py     0.0382
      9 C 3dxz    0.0375
     14 C 3dxz    0.0301
     12 C 3px     0.0289
      9 C 3dz^2   0.0230
     14 C 3dz^2   0.0230
     12 C 3dz^2   0.0227
     22 C 3px     0.0203
      8 C 3px     0.0188
     14 C 2s      0.0187
      9 C 2s      0.0185
     15 C 3py     0.0182
     12 C 2s      0.0177
     14 C 3dyz    0.0159
     11 C 3py     0.0155
      6 C 3py     0.0154
     12 C 2py     0.0140
     13 C 3dz^2   0.0138
     25 C 3py     0.0123
      9 C 2px     0.0120
     25 C 3px     0.0108
LAS occupied orbitals: 46
LAS virtual orbitals: 185
CCSD time: 709.164762 s
LNO-MP2 Orbital Energy: -0.12332010
LNO-CCSD Orbital Energy: -0.12189826
Calculating Effective Active Space One-electron Integrals
number of active occupied orbitals 46
number of active virtual orbitals 185
build JK time: 13.144603 s
build ecore time: 0.199385 s
build h1eff time: 13.689204 s
Generating Cholesky Integrals
Composing AO ERIs from DF basis
Raw CDERI in LAS shape: (4194, 26796)
Compress CDERI into LAS Cholesky Vectors by SVD
Cholesky cutoff: 1e-05
Build effective h0 and h1 time: 18.486268 s
Build CDERI in LAS time: 7.858682 s
Compress CDERI to LAS Choleskey Vectors time: 6.812651 s
Build Integral total time: 33.157929 s
Finished calculating Cholesky integrals
Size of the correlation space
Number of electrons: (46,46)
Number of basis functions: 231
Cholesky shape: (1991, 231, 231)
AFQMC script: /u/yzhang65/myprojects/software/afqmc/afqmc/lno_afqmc/script/run_afqmc_pt2.py

AFQMC Started
Hostname:     gpua043.delta.ncsa.illinois.edu
System:       Linux
Node:         gpua043.delta.ncsa.illinois.edu
Release:      5.14.0-427.91.1.el9_4.x86_64
Machine:      x86_64
Processor:    x86_64
JAX backend:  GPU
JAX devices:  [CudaDevice(id=0)]
Device kind:  NVIDIA A100-SXM4-40GB
Platform:     gpu

QMC System
Number of electrons:       (46, 46)
Number of orbitals:         231
Number of Cholesky Vectors: 1991
Maximum memory per walker:            66.67 MB
Maximum number of Cholesky per chunk: 81
Number of Cholesky chunks:            25
Number of Cholesky per chunk:         80
Number of padding Cholesky:           9

QMC Parameters
n_eql           -              50
n_blocks        -             600
n_walkers       -             300
max_memory      -           20000
mix_precision   -            True
n_batch         -               1
seed            -            5944
walker_type     -             rhf
trial           -         pt2ccsd
max_error       -       5.893e-05
dt              -           0.005
n_prop_steps    -              50
eql_time        -              50
nchol_chunk     -              80
n_exp_terms     -               6
Trial: pt2ccsd(norb=231, nelec=(46, 46), n_batch=1, nchol_chunk=80, mix_precision=True)
Sampler: sampler_pt2(n_prop_steps=50, n_blocks=600, n_chol=1991)

Equilibration
Initial Orbital energy: -0.121899
inv_T        energy   runTime
 0.00  -2055.865051     60.83
 5.00  -2057.999446     99.39
10.00  -2058.083553    130.22
15.00  -2058.116555    161.06
20.00  -2058.082927    191.91
25.00  -2058.062699    222.77
30.00  -2058.086598    253.63
35.00  -2058.105881    284.51
40.00  -2058.098952    315.37
45.00  -2058.011644    346.21
50.00  -2058.042161    377.05

Sampling Blocks
Target Final Error ~ 0.000059
   N      E(Guide)     Error      E(Orb)     Error  Kill_WK      Time
  20  -2058.048360  0.007812   -0.128667  0.000337        0    609.03
  40  -2058.052600  0.005825   -0.128870  0.000247        0    827.27
  60  -2058.054294  0.004771   -0.128998  0.000270        0   1045.74
  80  -2058.050923  0.004162   -0.128999  0.000219        0   1264.09
 100  -2058.047183  0.003871   -0.129096  0.000189        0   1482.36
 120  -2058.045023  0.003371   -0.129084  0.000173        0   1700.65
 140  -2058.045610  0.003062   -0.129068  0.000154        0   1918.90
 160  -2058.047744  0.002802   -0.128991  0.000143        0   2137.18
 180  -2058.049083  0.002589   -0.128940  0.000135        0   2355.46
 200  -2058.047826  0.002441   -0.128895  0.000127        0   2574.01
 220  -2058.050097  0.002439   -0.128927  0.000126        0   2792.32
 240  -2058.050911  0.002284   -0.128892  0.000120        0   3010.67
 260  -2058.050455  0.002164   -0.128902  0.000114        0   3228.96
 280  -2058.050417  0.002103   -0.128961  0.000121        0   3447.65
 300  -2058.050890  0.001999   -0.128948  0.000115        0   3677.46
 320  -2058.053469  0.002016   -0.128935  0.000111        0   3908.55
 340  -2058.052967  0.001947   -0.128895  0.000105        0   4127.01
 360  -2058.054774  0.001912   -0.128921  0.000102        0   4345.37
 380  -2058.053625  0.001850   -0.128899  0.000099        0   4563.92
 400  -2058.054218  0.001810   -0.128920  0.000097        0   4782.21
 420  -2058.053697  0.001769   -0.128902  0.000094        0   5000.81
 440  -2058.052481  0.001748   -0.128881  0.000091        0   5219.40
 460  -2058.053527  0.001720   -0.128879  0.000089        0   5437.66
 480  -2058.054577  0.001736   -0.128863  0.000087        0   5655.99
 500  -2058.054122  0.001701   -0.128875  0.000084        0   5874.48
 520  -2058.054256  0.001660   -0.128870  0.000083        0   6092.84
 540  -2058.054035  0.001621   -0.128849  0.000081        0   6311.26
 560  -2058.053849  0.001584   -0.128829  0.000080        0   6529.61
 580  -2058.053605  0.001543   -0.128851  0.000078        0   6747.91
 600  -2058.053682  0.001503   -0.128880  0.000076        0   6966.46

Post Propagation
Total number of samples 600
Raw AFQMC/HF Energy: -2058.053682 +/- 0.001503
Raw AFQMC/pt2CCSD Orbital Energy (covariance): -0.128880 +/- 0.000076
Raw AFQMC/pt2CCSD Orbital Energy (direct obs): -0.128880 +/- 0.000066

Remove Outliers
Energy bound [-0.158742, -0.098610]
Removed 0 Outliers
Outliers Orbital Energy []
Clean AFQMC/pt2CCSD Orbital Energy (covariance): -0.128880 +/- 0.000076
Clean AFQMC/pt2CCSD Orbital Energy (direct obs): -0.128880 +/- 0.000066

Blocking Analysis
nsample = 600, max_block_size = 30, min_nblocks = 20
Blk_SZ   NBlk   NSmp      Energy     Error    dError
     1    600    600   -0.128850  0.000066  0.000002
     2    300    600   -0.128855  0.000076  0.000003
     3    200    600   -0.128860  0.000079  0.000004
     4    150    600   -0.128862  0.000083  0.000005
     5    120    600   -0.128865  0.000079  0.000005
     6    100    600   -0.128867  0.000082  0.000006
     7     85    595   -0.128848  0.000081  0.000006
     8     75    600   -0.128870  0.000086  0.000007
     9     66    594   -0.128848  0.000081  0.000007
    10     60    600   -0.128873  0.000085  0.000008
    11     54    594   -0.128852  0.000080  0.000008
    12     50    600   -0.128873  0.000085  0.000009
    13     46    598   -0.128863  0.000079  0.000008
    14     42    588   -0.128842  0.000078  0.000009
    15     40    600   -0.128873  0.000089  0.000010
    16     37    592   -0.128848  0.000085  0.000010
    17     35    595   -0.128856  0.000086  0.000010
    18     33    594   -0.128856  0.000075  0.000009
    19     31    589   -0.128845  0.000086  0.000011
    20     30    600   -0.128876  0.000080  0.000010
    21     28    588   -0.128845  0.000079  0.000011
    22     27    594   -0.128858  0.000085  0.000012
    23     26    598   -0.128867  0.000079  0.000011
    24     25    600   -0.128877  0.000078  0.000011
    25     24    600   -0.128875  0.000087  0.000013
    26     23    598   -0.128870  0.000080  0.000012
    27     22    594   -0.128858  0.000076  0.000012
    28     21    588   -0.128846  0.000081  0.000013
    29     20    580   -0.128850  0.000075  0.000012
    30     20    600   -0.128879  0.000078  0.000013
Fit: plateau = 0.000082 ± 0.000002
     autocorrelation length ~ 1.0 blocks
     plateau reached at block size ~ 4
Blocked AFQMC/pt2CCSD Orbital Energy: -0.128880 +/- 0.000082
total run time: 6980.87

AFQMC Sampling Finished



======================== restricted LNO-FRAGMENT 15/72 =========================
Center Atom C
AOs with contribution > 0.01
        AO Label     Amp
     14 C 1s      0.8753
     14 C 2py     0.4805
     14 C 2px     0.4803
     14 C 2pz     0.4673
     14 C 2s      0.3689
     14 C 3pz     0.2594
     14 C 3s      0.1873
     14 C 3px     0.1447
     14 C 3py     0.1442
    15 C 3dx2-y2  0.0860
     15 C 3py     0.0841
     13 C 3dxy    0.0840
     22 C 3px     0.0752
     22 C 3dxy    0.0680
     13 C 3px     0.0652
    22 C 3dx2-y2  0.0622
     22 C 3s      0.0601
     13 C 3s      0.0600
     15 C 3s      0.0594
     13 C 3py     0.0480
    13 C 3dx2-y2  0.0454
     15 C 3dyz    0.0436
     13 C 3pz     0.0436
     22 C 3pz     0.0434
     15 C 3pz     0.0425
     15 C 3dxy    0.0421
     22 C 3py     0.0382
     22 C 3dxz    0.0377
     13 C 3dxz    0.0299
     15 C 3px     0.0291
     22 C 3dz^2   0.0231
     13 C 3dz^2   0.0230
     15 C 3dz^2   0.0228
      9 C 3px     0.0201
     23 C 3px     0.0195
     22 C 2s      0.0188
     13 C 2s      0.0187
     15 C 2s      0.0182
     12 C 3py     0.0180
     13 C 3dyz    0.0159
     21 C 3py     0.0156
     26 C 3py     0.0153
     14 C 3dz^2   0.0141
     15 C 2py     0.0141
     22 C 2px     0.0122
     16 C 3py     0.0121
LAS occupied orbitals: 50
LAS virtual orbitals: 188
CCSD time: 971.668636 s
LNO-MP2 Orbital Energy: -0.12325764
LNO-CCSD Orbital Energy: -0.12171193
Calculating Effective Active Space One-electron Integrals
number of active occupied orbitals 50
number of active virtual orbitals 188
build JK time: 16.118945 s
build ecore time: 0.870341 s
build h1eff time: 17.167771 s
Generating Cholesky Integrals
Composing AO ERIs from DF basis
Raw CDERI in LAS shape: (4194, 28441)
Compress CDERI into LAS Cholesky Vectors by SVD
Cholesky cutoff: 1e-05
Build effective h0 and h1 time: 25.471637 s
Build CDERI in LAS time: 10.943877 s
Compress CDERI to LAS Choleskey Vectors time: 5.277581 s
Build Integral total time: 41.694172 s
Finished calculating Cholesky integrals
Size of the correlation space
Number of electrons: (50,50)
Number of basis functions: 238
Cholesky shape: (2098, 238, 238)
AFQMC script: /u/yzhang65/myprojects/software/afqmc/afqmc/lno_afqmc/script/run_afqmc_pt2.py

AFQMC Started
Hostname:     gpua043.delta.ncsa.illinois.edu
System:       Linux
Node:         gpua043.delta.ncsa.illinois.edu
Release:      5.14.0-427.91.1.el9_4.x86_64
Machine:      x86_64
Processor:    x86_64
JAX backend:  GPU
JAX devices:  [CudaDevice(id=0)]
Device kind:  NVIDIA A100-SXM4-40GB
Platform:     gpu

QMC System
Number of electrons:       (50, 50)
Number of orbitals:         238
Number of Cholesky Vectors: 2098
Maximum memory per walker:            66.67 MB
Maximum number of Cholesky per chunk: 77
Number of Cholesky chunks:            28
Number of Cholesky per chunk:         75
Number of padding Cholesky:           2

QMC Parameters
n_eql           -              50
n_blocks        -             600
n_walkers       -             300
max_memory      -           20000
mix_precision   -            True
n_batch         -               1
seed            -            5371
walker_type     -             rhf
trial           -         pt2ccsd
max_error       -       5.893e-05
dt              -           0.005
n_prop_steps    -              50
eql_time        -              50
nchol_chunk     -              75
n_exp_terms     -               6
Trial: pt2ccsd(norb=238, nelec=(50, 50), n_batch=1, nchol_chunk=75, mix_precision=True)
Sampler: sampler_pt2(n_prop_steps=50, n_blocks=600, n_chol=2098)

Equilibration
Initial Orbital energy: -0.121713
inv_T        energy   runTime
 0.00  -2055.865043     72.92
 5.00  -2058.173399    114.46
10.00  -2058.211427    149.80
15.00  -2058.088895    185.16
20.00  -2058.146164    220.53
25.00  -2058.073964    255.90
30.00  -2058.192492    291.27
35.00  -2058.165892    326.63
40.00  -2058.245609    361.98
45.00  -2058.183429    397.31
50.00  -2058.145798    432.66

Sampling Blocks
Target Final Error ~ 0.000059
   N      E(Guide)     Error      E(Orb)     Error  Kill_WK      Time
  20  -2058.151282  0.006349   -0.128710  0.000336        0    720.74
  40  -2058.158324  0.004792   -0.128191  0.000277        0    991.46
  60  -2058.159764  0.004363   -0.128238  0.000224        0   1262.33
  80  -2058.164994  0.003780   -0.128139  0.000196        0   1533.17
 100  -2058.167750  0.003480   -0.128536  0.000207        0   1803.99
 120  -2058.167193  0.003345   -0.128592  0.000184        0   2074.76
 140  -2058.163794  0.003063   -0.128683  0.000172        0   2345.44
 160  -2058.162951  0.002801   -0.128626  0.000160        0   2616.08
 180  -2058.164059  0.002605   -0.128647  0.000147        0   2886.77
 200  -2058.163391  0.002397   -0.128672  0.000138        0   3160.77
 220  -2058.163960  0.002301   -0.128694  0.000131        0   3432.30
 240  -2058.163718  0.002297   -0.128665  0.000124        0   3724.35
 260  -2058.162729  0.002239   -0.128652  0.000119        0   3996.01
 280  -2058.163572  0.002150   -0.128619  0.000116        0   4266.75
 300  -2058.163801  0.002029   -0.128629  0.000110        0   4537.45
 320  -2058.164891  0.001964   -0.128578  0.000107        0   4808.01
 340  -2058.166198  0.001938   -0.128760  0.000181        0   5078.58
 360  -2058.167636  0.001894   -0.128747  0.000173        0   5349.10
 380  -2058.168346  0.001835   -0.128775  0.000165        0   5619.80
 400  -2058.169664  0.001798   -0.128840  0.000159        0   5890.49
 420  -2058.169336  0.001773   -0.128820  0.000152        0   6161.00
 440  -2058.169125  0.001712   -0.128817  0.000147        0   6431.49
 460  -2058.170247  0.001689   -0.128798  0.000142        0   6702.14
 480  -2058.169351  0.001658   -0.128767  0.000136        0   6972.64
 500  -2058.170375  0.001622   -0.128775  0.000132        0   7243.07
 520  -2058.169754  0.001599   -0.128791  0.000129        0   7514.88
 540  -2058.170817  0.001584   -0.128813  0.000125        0   7804.18
 560  -2058.171047  0.001550   -0.128811  0.000122        0   8074.81
 580  -2058.170177  0.001534   -0.128786  0.000118        0   8345.30
 600  -2058.169240  0.001513   -0.128744  0.000115        0   8615.81

Post Propagation
Total number of samples 600
Raw AFQMC/HF Energy: -2058.169240 +/- 0.001513
Raw AFQMC/pt2CCSD Orbital Energy (covariance): -0.128744 +/- 0.000115
Raw AFQMC/pt2CCSD Orbital Energy (direct obs): -0.128744 +/- 0.000104

Remove Outliers
Energy bound [-0.157172, -0.099755]
Removed 1 Outliers
Outliers Orbital Energy [-0.17464652]
Clean AFQMC/pt2CCSD Orbital Energy (covariance): -0.128667 +/- 0.000083
Clean AFQMC/pt2CCSD Orbital Energy (direct obs): -0.128667 +/- 0.000071

Blocking Analysis
nsample = 599, max_block_size = 29, min_nblocks = 20
Blk_SZ   NBlk   NSmp      Energy     Error    dError
     1    599    599   -0.128632  0.000071  0.000002
     2    299    598   -0.128639  0.000084  0.000003
     3    199    597   -0.128642  0.000094  0.000005
     4    149    596   -0.128648  0.000099  0.000006
     5    119    595   -0.128652  0.000096  0.000006
     6     99    594   -0.128656  0.000103  0.000007
     7     85    595   -0.128653  0.000110  0.000008
     8     74    592   -0.128669  0.000105  0.000009
     9     66    594   -0.128659  0.000101  0.000009
    10     59    590   -0.128676  0.000111  0.000010
    11     54    594   -0.128664  0.000111  0.000011
    12     49    588   -0.128680  0.000103  0.000011
    13     46    598   -0.128659  0.000114  0.000012
    14     42    588   -0.128684  0.000101  0.000011
    15     39    585   -0.128689  0.000103  0.000012
    16     37    592   -0.128672  0.000112  0.000013
    17     35    595   -0.128663  0.000110  0.000013
    18     33    594   -0.128667  0.000117  0.000015
    19     31    589   -0.128683  0.000099  0.000013
    20     29    580   -0.128697  0.000111  0.000015
    21     28    588   -0.128684  0.000108  0.000015
    22     27    594   -0.128667  0.000114  0.000016
    23     26    598   -0.128661  0.000111  0.000016
    24     24    576   -0.128713  0.000086  0.000013
    25     23    575   -0.128707  0.000104  0.000016
    26     23    598   -0.128660  0.000116  0.000017
    27     22    594   -0.128667  0.000122  0.000019
    28     21    588   -0.128686  0.000115  0.000018
    29     20    580   -0.128700  0.000102  0.000017
Fit: plateau = 0.000107 ± 0.000003
     autocorrelation length ~ 2.1 blocks
     plateau reached at block size ~ 9
Blocked AFQMC/pt2CCSD Orbital Energy: -0.128667 +/- 0.000107
total run time: 8628.41

AFQMC Sampling Finished



======================== restricted LNO-FRAGMENT 16/72 =========================
Center Atom C
AOs with contribution > 0.01
        AO Label     Amp
     15 C 1s      0.8752
     15 C 2px     0.4805
     15 C 2py     0.4803
     15 C 2pz     0.4667
     15 C 2s      0.3688
     15 C 3pz     0.2594
     15 C 3s      0.1872
     15 C 3px     0.1446
     15 C 3py     0.1441
    14 C 3dx2-y2  0.0861
     21 C 3dxy    0.0841
     14 C 3py     0.0840
     16 C 3px     0.0750
     16 C 3dxy    0.0678
     21 C 3px     0.0654
    16 C 3dx2-y2  0.0622
     16 C 3s      0.0601
     21 C 3s      0.0600
     14 C 3s      0.0594
     21 C 3py     0.0480
    21 C 3dx2-y2  0.0457
     16 C 3pz     0.0435
     14 C 3dyz    0.0435
     21 C 3pz     0.0433
     14 C 3pz     0.0425
     14 C 3dxy    0.0421
     16 C 3py     0.0383
     16 C 3dxz    0.0381
     21 C 3dxz    0.0299
     14 C 3px     0.0291
     16 C 3dz^2   0.0231
     21 C 3dz^2   0.0230
     14 C 3dz^2   0.0229
     24 C 3px     0.0201
      6 C 3px     0.0192
     16 C 2s      0.0188
     21 C 2s      0.0187
     20 C 3py     0.0184
     14 C 2s      0.0182
     21 C 3dyz    0.0156
     18 C 3py     0.0156
     13 C 3py     0.0156
     15 C 3dz^2   0.0141
     14 C 2py     0.0140
     16 C 2px     0.0122
     22 C 3py     0.0121
LAS occupied orbitals: 51
LAS virtual orbitals: 212
CCSD time: 1355.529351 s
LNO-MP2 Orbital Energy: -0.12355335
LNO-CCSD Orbital Energy: -0.12182601
Calculating Effective Active Space One-electron Integrals
number of active occupied orbitals 51
number of active virtual orbitals 212
build JK time: 10.398473 s
build ecore time: 0.182286 s
build h1eff time: 10.835394 s
Generating Cholesky Integrals
Composing AO ERIs from DF basis
Raw CDERI in LAS shape: (4194, 34716)
Compress CDERI into LAS Cholesky Vectors by SVD
Cholesky cutoff: 1e-05
Build effective h0 and h1 time: 20.339229 s
Build CDERI in LAS time: 10.358179 s
Compress CDERI to LAS Choleskey Vectors time: 6.230826 s
Build Integral total time: 36.928601 s
Finished calculating Cholesky integrals
Size of the correlation space
Number of electrons: (51,51)
Number of basis functions: 263
Cholesky shape: (2451, 263, 263)
AFQMC script: /u/yzhang65/myprojects/software/afqmc/afqmc/lno_afqmc/script/run_afqmc_pt2.py

AFQMC Started
Hostname:     gpua043.delta.ncsa.illinois.edu
System:       Linux
Node:         gpua043.delta.ncsa.illinois.edu
Release:      5.14.0-427.91.1.el9_4.x86_64
Machine:      x86_64
Processor:    x86_64
JAX backend:  GPU
JAX devices:  [CudaDevice(id=0)]
Device kind:  NVIDIA A100-SXM4-40GB
Platform:     gpu

QMC System
Number of electrons:       (51, 51)
Number of orbitals:         263
Number of Cholesky Vectors: 2451
Maximum memory per walker:            66.67 MB
Maximum number of Cholesky per chunk: 63
Number of Cholesky chunks:            39
Number of Cholesky per chunk:         63
Number of padding Cholesky:           6

QMC Parameters
n_eql           -              50
n_blocks        -             600
n_walkers       -             300
max_memory      -           20000
mix_precision   -            True
n_batch         -               1
seed            -            6940
walker_type     -             rhf
trial           -         pt2ccsd
max_error       -       5.893e-05
dt              -           0.005
n_prop_steps    -              50
eql_time        -              50
nchol_chunk     -              63
n_exp_terms     -               6
Trial: pt2ccsd(norb=263, nelec=(51, 51), n_batch=1, nchol_chunk=63, mix_precision=True)
Sampler: sampler_pt2(n_prop_steps=50, n_blocks=600, n_chol=2451)

Equilibration
Initial Orbital energy: -0.121828
inv_T        energy   runTime
 0.00  -2055.865060     46.02
 5.00  -2058.235315     97.85
10.00  -2058.203693    145.44
15.00  -2058.196961    193.04
20.00  -2058.224140    240.62
25.00  -2058.211657    288.22
30.00  -2058.228926    335.80
35.00  -2058.165739    383.41
40.00  -2058.213578    431.00
45.00  -2058.229838    478.58
50.00  -2058.228041    526.18

Sampling Blocks
Target Final Error ~ 0.000059
   N      E(Guide)     Error      E(Orb)     Error  Kill_WK      Time
  20  -2058.240903  0.008753   -0.128786  0.000362        0    943.58
  40  -2058.230776  0.005479   -0.128962  0.000249        0   1348.93
  60  -2058.226431  0.004647   -0.129166  0.000255        0   1754.06
  80  -2058.234421  0.004097   -0.129276  0.000230        0   2158.98
 100  -2058.230677  0.003634   -0.129184  0.000198        0   2563.88
 120  -2058.230751  0.003419   -0.129282  0.000179        0   2968.96
 140  -2058.231121  0.003092   -0.129175  0.000163        0   3373.73
 160  -2058.230593  0.002800   -0.129196  0.000156        0   3803.78
 180  -2058.226302  0.002722   -0.129150  0.000160        0   4208.97
 200  -2058.224940  0.002626   -0.129095  0.000151        0   4613.80
 220  -2058.223444  0.002619   -0.129120  0.000140        0   5018.55
 240  -2058.223530  0.002511   -0.129065  0.000132        0   5423.28
 260  -2058.222076  0.002420   -0.129068  0.000125        0   5828.13
 280  -2058.223014  0.002344   -0.129097  0.000122        0   6233.78
 300  -2058.223248  0.002251   -0.129065  0.000116        0   6638.65
 320  -2058.221717  0.002205   -0.129040  0.000111        0   7043.50
 340  -2058.220986  0.002127   -0.129016  0.000107        0   7448.36
 360  -2058.221717  0.002033   -0.128982  0.000103        0   7873.75
 380  -2058.221148  0.001966   -0.128961  0.000099        0   8278.76
 400  -2058.221862  0.001938   -0.128988  0.000096        0   8686.68
 420  -2058.222009  0.001866   -0.129006  0.000095        0   9091.43
 440  -2058.222957  0.001839   -0.129053  0.000093        0   9496.36
 460  -2058.222735  0.001787   -0.129036  0.000090        0   9901.21
 480  -2058.222306  0.001728   -0.129032  0.000087        0  10305.97
 500  -2058.221075  0.001722   -0.129035  0.000085        0  10710.67
 520  -2058.221640  0.001678   -0.128990  0.000083        0  11115.57
 540  -2058.222366  0.001647   -0.128983  0.000082        0  11521.92
 560  -2058.222516  0.001621   -0.128961  0.000079        0  11940.49
 580  -2058.222172  0.001584   -0.128938  0.000078        0  12348.64
 600  -2058.222635  0.001567   -0.128972  0.000077        0  12753.39

Post Propagation
Total number of samples 600
Raw AFQMC/HF Energy: -2058.222635 +/- 0.001567
Raw AFQMC/pt2CCSD Orbital Energy (covariance): -0.128972 +/- 0.000077
Raw AFQMC/pt2CCSD Orbital Energy (direct obs): -0.128972 +/- 0.000068

Remove Outliers
Energy bound [-0.157397, -0.100147]
Removed 0 Outliers
Outliers Orbital Energy []
Clean AFQMC/pt2CCSD Orbital Energy (covariance): -0.128972 +/- 0.000077
Clean AFQMC/pt2CCSD Orbital Energy (direct obs): -0.128972 +/- 0.000068

Blocking Analysis
nsample = 600, max_block_size = 30, min_nblocks = 20
Blk_SZ   NBlk   NSmp      Energy     Error    dError
     1    600    600   -0.128938  0.000068  0.000002
     2    300    600   -0.128946  0.000075  0.000003
     3    200    600   -0.128949  0.000080  0.000004
     4    150    600   -0.128952  0.000082  0.000005
     5    120    600   -0.128953  0.000082  0.000005
     6    100    600   -0.128957  0.000087  0.000006
     7     85    595   -0.128949  0.000087  0.000007
     8     75    600   -0.128958  0.000088  0.000007
     9     66    594   -0.128941  0.000088  0.000008
    10     60    600   -0.128959  0.000093  0.000009
    11     54    594   -0.128943  0.000096  0.000009
    12     50    600   -0.128961  0.000095  0.000010
    13     46    598   -0.128961  0.000092  0.000010
    14     42    588   -0.128941  0.000094  0.000010
    15     40    600   -0.128963  0.000101  0.000011
    16     37    592   -0.128939  0.000085  0.000010
    17     35    595   -0.128953  0.000102  0.000012
    18     33    594   -0.128945  0.000088  0.000011
    19     31    589   -0.128936  0.000093  0.000012
    20     30    600   -0.128965  0.000098  0.000013
    21     28    588   -0.128939  0.000112  0.000015
    22     27    594   -0.128947  0.000096  0.000013
    23     26    598   -0.128964  0.000091  0.000013
    24     25    600   -0.128964  0.000106  0.000015
    25     24    600   -0.128966  0.000102  0.000015
    26     23    598   -0.128961  0.000087  0.000013
    27     22    594   -0.128945  0.000086  0.000013
    28     21    588   -0.128942  0.000096  0.000015
    29     20    580   -0.128933  0.000104  0.000017
    30     20    600   -0.128969  0.000080  0.000013
Fit: plateau = 0.000094 ± 0.000003
     autocorrelation length ~ 3.9 blocks
     plateau reached at block size ~ 14
Blocked AFQMC/pt2CCSD Orbital Energy: -0.128972 +/- 0.000094
total run time: 12757.77

AFQMC Sampling Finished



======================== restricted LNO-FRAGMENT 17/72 =========================
Center Atom C
AOs with contribution > 0.01
        AO Label     Amp
     16 C 1s      0.8753
     16 C 2py     0.4805
     16 C 2px     0.4804
     16 C 2pz     0.4670
     16 C 2s      0.3689
     16 C 3pz     0.2592
     16 C 3s      0.1874
     16 C 3px     0.1451
     16 C 3py     0.1445
    18 C 3dx2-y2  0.0867
     18 C 3py     0.0841
      6 C 3dxy    0.0824
     15 C 3px     0.0754
     15 C 3dxy    0.0679
      6 C 3px     0.0650
    15 C 3dx2-y2  0.0621
     15 C 3s      0.0601
     18 C 3s      0.0600
      6 C 3s      0.0593
      6 C 3py     0.0477
     18 C 3dyz    0.0450
     6 C 3dx2-y2  0.0442
     15 C 3pz     0.0434
     18 C 3pz     0.0433
     18 C 3dxy    0.0428
      6 C 3pz     0.0427
     15 C 3py     0.0382
     15 C 3dxz    0.0381
     18 C 3px     0.0294
      6 C 3dxz    0.0292
     18 C 3dz^2   0.0231
     15 C 3dz^2   0.0231
      6 C 3dz^2   0.0227
      4 C 3px     0.0198
     21 C 3px     0.0196
     15 C 2s      0.0188
     18 C 2s      0.0187
      9 C 3py     0.0181
      6 C 2s      0.0181
      6 C 3dyz    0.0157
     19 C 3py     0.0157
     14 C 3py     0.0154
     18 C 2py     0.0143
     16 C 3dz^2   0.0139
     15 C 2px     0.0122
     17 C 3py     0.0120
LAS occupied orbitals: 51
LAS virtual orbitals: 213
CCSD time: 1461.550148 s
LNO-MP2 Orbital Energy: -0.12365313
LNO-CCSD Orbital Energy: -0.12191411
Calculating Effective Active Space One-electron Integrals
number of active occupied orbitals 51
number of active virtual orbitals 213
build JK time: 15.725004 s
build ecore time: 0.200911 s
build h1eff time: 17.034683 s
Generating Cholesky Integrals
Composing AO ERIs from DF basis
Raw CDERI in LAS shape: (4194, 34980)
Compress CDERI into LAS Cholesky Vectors by SVD
Cholesky cutoff: 1e-05
Build effective h0 and h1 time: 22.215530 s
Build CDERI in LAS time: 14.386920 s
Compress CDERI to LAS Choleskey Vectors time: 8.594028 s
Build Integral total time: 45.196840 s
Finished calculating Cholesky integrals
Size of the correlation space
Number of electrons: (51,51)
Number of basis functions: 264
Cholesky shape: (2458, 264, 264)
AFQMC script: /u/yzhang65/myprojects/software/afqmc/afqmc/lno_afqmc/script/run_afqmc_pt2.py

AFQMC Started
Hostname:     gpua043.delta.ncsa.illinois.edu
System:       Linux
Node:         gpua043.delta.ncsa.illinois.edu
Release:      5.14.0-427.91.1.el9_4.x86_64
Machine:      x86_64
Processor:    x86_64
JAX backend:  GPU
JAX devices:  [CudaDevice(id=0)]
Device kind:  NVIDIA A100-SXM4-40GB
Platform:     gpu

QMC System
Number of electrons:       (51, 51)
Number of orbitals:         264
Number of Cholesky Vectors: 2458
Maximum memory per walker:            66.67 MB
Maximum number of Cholesky per chunk: 62
Number of Cholesky chunks:            40
Number of Cholesky per chunk:         62
Number of padding Cholesky:           22

QMC Parameters
n_eql           -              50
n_blocks        -             600
n_walkers       -             300
max_memory      -           20000
mix_precision   -            True
n_batch         -               1
seed            -            2029
walker_type     -             rhf
trial           -         pt2ccsd
max_error       -       5.893e-05
dt              -           0.005
n_prop_steps    -              50
eql_time        -              50
nchol_chunk     -              62
n_exp_terms     -               6
Trial: pt2ccsd(norb=264, nelec=(51, 51), n_batch=1, nchol_chunk=62, mix_precision=True)
Sampler: sampler_pt2(n_prop_steps=50, n_blocks=600, n_chol=2458)

Equilibration
Initial Orbital energy: -0.121916
inv_T        energy   runTime
 0.00  -2055.865061     39.38
 5.00  -2058.283771     90.86
10.00  -2058.219890    138.25
15.00  -2058.273943    185.65
20.00  -2058.279644    233.05
25.00  -2058.183489    280.45
30.00  -2058.236578    327.84
35.00  -2058.208332    375.23
40.00  -2058.172291    422.63
45.00  -2058.231839    470.03
50.00  -2058.261639    517.43

Sampling Blocks
Target Final Error ~ 0.000059
   N      E(Guide)     Error      E(Orb)     Error  Kill_WK      Time
  20  -2058.219166  0.006360   -0.128878  0.000400        0    938.01
  40  -2058.224438  0.004717   -0.128795  0.000253        0   1347.07
  60  -2058.215429  0.004963   -0.128711  0.000201        0   1756.17
  80  -2058.216701  0.004023   -0.128773  0.000182        0   2165.22
 100  -2058.219626  0.003585   -0.128668  0.000157        0   2574.25
 120  -2058.216873  0.003367   -0.128711  0.000151        0   2983.54
 140  -2058.219735  0.003124   -0.128874  0.000172        0   3392.69
 160  -2058.220975  0.002867   -0.128950  0.000161        0   3801.74
 180  -2058.223366  0.002842   -0.128903  0.000148        0   4218.63
 200  -2058.223140  0.002672   -0.128964  0.000155        0   4627.76
 220  -2058.223998  0.002543   -0.128896  0.000150        0   5036.78
 240  -2058.223364  0.002461   -0.128834  0.000140        0   5445.87
 260  -2058.222868  0.002323   -0.128798  0.000131        0   5854.97
 280  -2058.222290  0.002248   -0.128841  0.000124        0   6264.20
 300  -2058.223370  0.002166   -0.128816  0.000118        0   6673.25
 320  -2058.225970  0.002155   -0.128843  0.000116        0   7082.30
 340  -2058.226694  0.002079   -0.128864  0.000113        0   7491.36
 360  -2058.225753  0.002035   -0.128817  0.000109        0   7903.43
 380  -2058.225446  0.001975   -0.128794  0.000104        0   8313.33
 400  -2058.225577  0.001912   -0.128779  0.000101        0   8725.53
 420  -2058.227150  0.001930   -0.128759  0.000098        0   9134.75
 440  -2058.227015  0.001884   -0.128733  0.000095        0   9544.07
 460  -2058.226822  0.001822   -0.128762  0.000092        0   9953.32
 480  -2058.227079  0.001772   -0.128802  0.000090        0  10362.86
 500  -2058.228152  0.001737   -0.128860  0.000090        0  10772.23
 520  -2058.227333  0.001710   -0.128835  0.000088        0  11181.67
 540  -2058.227080  0.001665   -0.128852  0.000085        0  11591.09
 560  -2058.226844  0.001627   -0.128826  0.000083        0  12004.13
 580  -2058.227496  0.001590   -0.128856  0.000081        0  12416.51
 600  -2058.226530  0.001562   -0.128839  0.000080        0  12825.76

Post Propagation
Total number of samples 600
Raw AFQMC/HF Energy: -2058.226530 +/- 0.001562
Raw AFQMC/pt2CCSD Orbital Energy (covariance): -0.128839 +/- 0.000080
Raw AFQMC/pt2CCSD Orbital Energy (direct obs): -0.128839 +/- 0.000068

Remove Outliers
Energy bound [-0.156618, -0.100553]
Removed 0 Outliers
Outliers Orbital Energy []
Clean AFQMC/pt2CCSD Orbital Energy (covariance): -0.128839 +/- 0.000080
Clean AFQMC/pt2CCSD Orbital Energy (direct obs): -0.128839 +/- 0.000068

Blocking Analysis
nsample = 600, max_block_size = 30, min_nblocks = 20
Blk_SZ   NBlk   NSmp      Energy     Error    dError
     1    600    600   -0.128812  0.000068  0.000002
     2    300    600   -0.128819  0.000077  0.000003
     3    200    600   -0.128824  0.000086  0.000004
     4    150    600   -0.128826  0.000086  0.000005
     5    120    600   -0.128828  0.000092  0.000006
     6    100    600   -0.128829  0.000092  0.000007
     7     85    595   -0.128843  0.000098  0.000008
     8     75    600   -0.128830  0.000100  0.000008
     9     66    594   -0.128849  0.000101  0.000009
    10     60    600   -0.128830  0.000104  0.000010
    11     54    594   -0.128846  0.000108  0.000010
    12     50    600   -0.128831  0.000109  0.000011
    13     46    598   -0.128836  0.000107  0.000011
    14     42    588   -0.128854  0.000112  0.000012
    15     40    600   -0.128832  0.000114  0.000013
    16     37    592   -0.128851  0.000111  0.000013
    17     35    595   -0.128843  0.000108  0.000013
    18     33    594   -0.128848  0.000106  0.000013
    19     31    589   -0.128854  0.000110  0.000014
    20     30    600   -0.128829  0.000113  0.000015
    21     28    588   -0.128853  0.000107  0.000015
    22     27    594   -0.128850  0.000115  0.000016
    23     26    598   -0.128835  0.000104  0.000015
    24     25    600   -0.128832  0.000103  0.000015
    25     24    600   -0.128832  0.000114  0.000017
    26     23    598   -0.128838  0.000124  0.000019
    27     22    594   -0.128851  0.000105  0.000016
    28     21    588   -0.128853  0.000126  0.000020
    29     20    580   -0.128850  0.000106  0.000017
    30     20    600   -0.128833  0.000112  0.000018
Fit: plateau = 0.000111 ± 0.000004
     autocorrelation length ~ 4.8 blocks
     plateau reached at block size ~ 19
Blocked AFQMC/pt2CCSD Orbital Energy: -0.128839 +/- 0.000111
total run time: 12828.05

AFQMC Sampling Finished



======================== restricted LNO-FRAGMENT 18/72 =========================
Center Atom C
AOs with contribution > 0.01
        AO Label     Amp
     17 C 1s      0.8754
     17 C 2px     0.4805
     17 C 2py     0.4804
     17 C 2pz     0.4675
     17 C 2s      0.3690
     17 C 3pz     0.2588
     17 C 3s      0.1875
     17 C 3px     0.1455
     17 C 3py     0.1446
    44 C 3dx2-y2  0.0866
     44 C 3py     0.0840
      3 C 3dxy    0.0835
     18 C 3px     0.0751
     18 C 3dxy    0.0664
      3 C 3px     0.0654
    18 C 3dx2-y2  0.0608
      3 C 3s      0.0600
     44 C 3s      0.0600
     18 C 3s      0.0595
      3 C 3py     0.0479
     3 C 3dx2-y2  0.0453
     44 C 3dyz    0.0447
      3 C 3pz     0.0435
     44 C 3pz     0.0433
     18 C 3pz     0.0429
     44 C 3dxy    0.0427
     18 C 3py     0.0379
     18 C 3dxz    0.0377
      3 C 3dxz    0.0299
     44 C 3px     0.0294
     44 C 3dz^2   0.0230
      3 C 3dz^2   0.0230
     18 C 3dz^2   0.0228
      2 C 3px     0.0196
     19 C 3px     0.0193
      3 C 2s      0.0186
     44 C 2s      0.0186
      4 C 3py     0.0183
     18 C 2s      0.0183
      3 C 3dyz    0.0160
     43 C 3py     0.0156
     16 C 3py     0.0154
     44 C 2py     0.0143
     17 C 3dz^2   0.0137
     18 C 2px     0.0119
     45 C 3py     0.0118
LAS occupied orbitals: 50
LAS virtual orbitals: 188
CCSD time: 883.792958 s
LNO-MP2 Orbital Energy: -0.12331875
LNO-CCSD Orbital Energy: -0.12176399
Calculating Effective Active Space One-electron Integrals
number of active occupied orbitals 50
number of active virtual orbitals 188
build JK time: 9.765555 s
build ecore time: 0.181693 s
build h1eff time: 10.026842 s
Generating Cholesky Integrals
Composing AO ERIs from DF basis
Raw CDERI in LAS shape: (4194, 28441)
Compress CDERI into LAS Cholesky Vectors by SVD
Cholesky cutoff: 1e-05
Build effective h0 and h1 time: 12.951012 s
Build CDERI in LAS time: 7.082136 s
Compress CDERI to LAS Choleskey Vectors time: 4.361760 s
Build Integral total time: 24.395268 s
Finished calculating Cholesky integrals
Size of the correlation space
Number of electrons: (50,50)
Number of basis functions: 238
Cholesky shape: (2100, 238, 238)
AFQMC script: /u/yzhang65/myprojects/software/afqmc/afqmc/lno_afqmc/script/run_afqmc_pt2.py

AFQMC Started
Hostname:     gpua043.delta.ncsa.illinois.edu
System:       Linux
Node:         gpua043.delta.ncsa.illinois.edu
Release:      5.14.0-427.91.1.el9_4.x86_64
Machine:      x86_64
Processor:    x86_64
JAX backend:  GPU
JAX devices:  [CudaDevice(id=0)]
Device kind:  NVIDIA A100-SXM4-40GB
Platform:     gpu

QMC System
Number of electrons:       (50, 50)
Number of orbitals:         238
Number of Cholesky Vectors: 2100
Maximum memory per walker:            66.67 MB
Maximum number of Cholesky per chunk: 77
Number of Cholesky chunks:            28
Number of Cholesky per chunk:         75
Number of padding Cholesky:           0

QMC Parameters
n_eql           -              50
n_blocks        -             600
n_walkers       -             300
max_memory      -           20000
mix_precision   -            True
n_batch         -               1
seed            -            3603
walker_type     -             rhf
trial           -         pt2ccsd
max_error       -       5.893e-05
dt              -           0.005
n_prop_steps    -              50
eql_time        -              50
nchol_chunk     -              75
n_exp_terms     -               6
Trial: pt2ccsd(norb=238, nelec=(50, 50), n_batch=1, nchol_chunk=75, mix_precision=True)
Sampler: sampler_pt2(n_prop_steps=50, n_blocks=600, n_chol=2100)

Equilibration
Initial Orbital energy: -0.121764
inv_T        energy   runTime
 0.00  -2055.865043     33.56
 5.00  -2058.179293     73.60
10.00  -2058.116811    109.06
15.00  -2058.215550    144.53
20.00  -2058.141216    180.00
25.00  -2058.140354    215.48
30.00  -2058.127171    250.96
35.00  -2058.114395    286.42
40.00  -2058.220063    321.89
45.00  -2058.116608    357.37
50.00  -2058.210372    392.86

Sampling Blocks
Target Final Error ~ 0.000059
   N      E(Guide)     Error      E(Orb)     Error  Kill_WK      Time
  20  -2058.143362  0.005552   -0.129057  0.000346        0    674.53
  40  -2058.161311  0.006110   -0.128752  0.000322        0    945.16
  60  -2058.160044  0.004779   -0.128545  0.000260        0   1215.73
  80  -2058.158956  0.004113   -0.128394  0.000209        0   1486.18
 100  -2058.158305  0.003617   -0.128459  0.000184        0   1756.77
 120  -2058.159207  0.003196   -0.128465  0.000174        0   2027.11
 140  -2058.164008  0.003125   -0.128626  0.000165        0   2297.49
 160  -2058.168138  0.002983   -0.128743  0.000156        0   2568.08
 180  -2058.166984  0.002750   -0.128761  0.000144        0   2838.73
 200  -2058.167831  0.002618   -0.128941  0.000147        0   3109.43
 220  -2058.168922  0.002603   -0.128976  0.000147        0   3380.07
 240  -2058.168319  0.002499   -0.128992  0.000140        0   3650.71
 260  -2058.168843  0.002414   -0.129065  0.000145        0   3928.47
 280  -2058.170013  0.002306   -0.129146  0.000141        0   4199.07
 300  -2058.170993  0.002235   -0.129131  0.000133        0   4469.74
 320  -2058.172616  0.002187   -0.129096  0.000128        0   4740.31
 340  -2058.171316  0.002110   -0.129034  0.000122        0   5010.83
 360  -2058.170144  0.002058   -0.129042  0.000118        0   5281.47
 380  -2058.170451  0.001986   -0.129033  0.000114        0   5552.04
 400  -2058.172395  0.001953   -0.129034  0.000111        0   5822.54
 420  -2058.173110  0.001896   -0.129027  0.000108        0   6093.23
 440  -2058.172564  0.001842   -0.128992  0.000105        0   6363.86
 460  -2058.173040  0.001847   -0.128975  0.000102        0   6634.34
 480  -2058.172603  0.001791   -0.128979  0.000099        0   6904.94
 500  -2058.173013  0.001778   -0.128983  0.000096        0   7175.58
 520  -2058.173327  0.001727   -0.128984  0.000093        0   7446.29
 540  -2058.172604  0.001696   -0.128988  0.000091        0   7716.79
 560  -2058.171885  0.001670   -0.129004  0.000089        0   7990.69
 580  -2058.171426  0.001628   -0.128987  0.000087        0   8261.51
 600  -2058.172312  0.001612   -0.129023  0.000087        0   8532.13

Post Propagation
Total number of samples 600
Raw AFQMC/HF Energy: -2058.172312 +/- 0.001612
Raw AFQMC/pt2CCSD Orbital Energy (covariance): -0.129023 +/- 0.000087
Raw AFQMC/pt2CCSD Orbital Energy (direct obs): -0.129023 +/- 0.000075

Remove Outliers
Energy bound [-0.161948, -0.095478]
Removed 0 Outliers
Outliers Orbital Energy []
Clean AFQMC/pt2CCSD Orbital Energy (covariance): -0.129023 +/- 0.000087
Clean AFQMC/pt2CCSD Orbital Energy (direct obs): -0.129023 +/- 0.000075

Blocking Analysis
nsample = 600, max_block_size = 30, min_nblocks = 20
Blk_SZ   NBlk   NSmp      Energy     Error    dError
     1    600    600   -0.128984  0.000075  0.000002
     2    300    600   -0.128993  0.000089  0.000004
     3    200    600   -0.128996  0.000091  0.000005
     4    150    600   -0.129002  0.000102  0.000006
     5    120    600   -0.129002  0.000102  0.000007
     6    100    600   -0.129003  0.000106  0.000008
     7     85    595   -0.128990  0.000113  0.000009
     8     75    600   -0.129006  0.000112  0.000009
     9     66    594   -0.128993  0.000106  0.000009
    10     60    600   -0.129008  0.000111  0.000010
    11     54    594   -0.128993  0.000114  0.000011
    12     50    600   -0.129009  0.000109  0.000011
    13     46    598   -0.129008  0.000108  0.000011
    14     42    588   -0.128977  0.000116  0.000013
    15     40    600   -0.129010  0.000110  0.000012
    16     37    592   -0.128994  0.000106  0.000013
    17     35    595   -0.128999  0.000109  0.000013
    18     33    594   -0.128997  0.000109  0.000014
    19     31    589   -0.128995  0.000125  0.000016
    20     30    600   -0.129013  0.000115  0.000015
    21     28    588   -0.128981  0.000121  0.000016
    22     27    594   -0.129000  0.000121  0.000017
    23     26    598   -0.129010  0.000129  0.000018
    24     25    600   -0.129016  0.000117  0.000017
    25     24    600   -0.129015  0.000116  0.000017
    26     23    598   -0.129013  0.000121  0.000018
    27     22    594   -0.129003  0.000120  0.000018
    28     21    588   -0.128981  0.000144  0.000023
    29     20    580   -0.128980  0.000120  0.000019
    30     20    600   -0.129015  0.000115  0.000019
Fit: plateau = 0.000115 ± 0.000003
     autocorrelation length ~ 3.2 blocks
     plateau reached at block size ~ 13
Blocked AFQMC/pt2CCSD Orbital Energy: -0.129023 +/- 0.000115
total run time: 8534.68

AFQMC Sampling Finished



======================== restricted LNO-FRAGMENT 19/72 =========================
Center Atom C
AOs with contribution > 0.01
        AO Label     Amp
     18 C 1s      0.8753
     18 C 2py     0.4804
     18 C 2px     0.4803
     18 C 2pz     0.4669
     18 C 2s      0.3688
     18 C 3pz     0.2589
     18 C 3s      0.1873
     18 C 3px     0.1450
     18 C 3py     0.1445
    16 C 3dx2-y2  0.0868
     16 C 3py     0.0840
     19 C 3dxy    0.0839
     17 C 3px     0.0749
     17 C 3dxy    0.0664
     19 C 3px     0.0656
    17 C 3dx2-y2  0.0608
     16 C 3s      0.0600
     19 C 3s      0.0599
     17 C 3s      0.0595
     19 C 3py     0.0479
    19 C 3dx2-y2  0.0455
     16 C 3dyz    0.0451
     19 C 3pz     0.0433
     16 C 3pz     0.0432
     17 C 3pz     0.0429
     16 C 3dxy    0.0428
     17 C 3py     0.0379
     17 C 3dxz    0.0376
     19 C 3dxz    0.0298
     16 C 3px     0.0294
     16 C 3dz^2   0.0230
     19 C 3dz^2   0.0230
     17 C 3dz^2   0.0228
     20 C 3px     0.0202
      3 C 3px     0.0192
     16 C 2s      0.0187
     19 C 2s      0.0186
     17 C 2s      0.0183
     42 C 3py     0.0183
     19 C 3dyz    0.0159
      6 C 3py     0.0155
     44 C 3py     0.0154
     16 C 2py     0.0143
     18 C 3dz^2   0.0139
     15 C 3py     0.0122
     17 C 2px     0.0119
LAS occupied orbitals: 52
LAS virtual orbitals: 213
CCSD time: 1174.830835 s
LNO-MP2 Orbital Energy: -0.12364385
LNO-CCSD Orbital Energy: -0.12190800
Calculating Effective Active Space One-electron Integrals
number of active occupied orbitals 52
number of active virtual orbitals 213
build JK time: 7.138657 s
build ecore time: 0.180313 s
build h1eff time: 7.498469 s
Generating Cholesky Integrals
Composing AO ERIs from DF basis
Raw CDERI in LAS shape: (4194, 35245)
Compress CDERI into LAS Cholesky Vectors by SVD
Cholesky cutoff: 1e-05
Build effective h0 and h1 time: 11.580590 s
Build CDERI in LAS time: 7.665133 s
Compress CDERI to LAS Choleskey Vectors time: 4.738311 s
Build Integral total time: 23.984905 s
Finished calculating Cholesky integrals
Size of the correlation space
Number of electrons: (52,52)
Number of basis functions: 265
Cholesky shape: (2459, 265, 265)
AFQMC script: /u/yzhang65/myprojects/software/afqmc/afqmc/lno_afqmc/script/run_afqmc_pt2.py

AFQMC Started
Hostname:     gpua043.delta.ncsa.illinois.edu
System:       Linux
Node:         gpua043.delta.ncsa.illinois.edu
Release:      5.14.0-427.91.1.el9_4.x86_64
Machine:      x86_64
Processor:    x86_64
JAX backend:  GPU
JAX devices:  [CudaDevice(id=0)]
Device kind:  NVIDIA A100-SXM4-40GB
Platform:     gpu

QMC System
Number of electrons:       (52, 52)
Number of orbitals:         265
Number of Cholesky Vectors: 2459
Maximum memory per walker:            66.67 MB
Maximum number of Cholesky per chunk: 62
Number of Cholesky chunks:            40
Number of Cholesky per chunk:         62
Number of padding Cholesky:           21

QMC Parameters
n_eql           -              50
n_blocks        -             600
n_walkers       -             300
max_memory      -           20000
mix_precision   -            True
n_batch         -               1
seed            -            4874
walker_type     -             rhf
trial           -         pt2ccsd
max_error       -       5.893e-05
dt              -           0.005
n_prop_steps    -              50
eql_time        -              50
nchol_chunk     -              62
n_exp_terms     -               6
Trial: pt2ccsd(norb=265, nelec=(52, 52), n_batch=1, nchol_chunk=62, mix_precision=True)
Sampler: sampler_pt2(n_prop_steps=50, n_blocks=600, n_chol=2459)

Equilibration
Initial Orbital energy: -0.121909
inv_T        energy   runTime
 0.00  -2055.865059     40.20
 5.00  -2058.289477     92.40
10.00  -2058.272516    140.81
15.00  -2058.298995    189.17
20.00  -2058.243858    237.53
25.00  -2058.213090    285.94
30.00  -2058.284679    334.30
35.00  -2058.236519    382.68
40.00  -2058.251368    431.07
45.00  -2058.224900    479.44
50.00  -2058.224857    527.83

Sampling Blocks
Target Final Error ~ 0.000059
   N      E(Guide)     Error      E(Orb)     Error  Kill_WK      Time
  20  -2058.295162  0.009338   -0.130289  0.000618        0    960.24
  40  -2058.279724  0.006847   -0.129637  0.000403        0   1380.89
  60  -2058.277644  0.005203   -0.129576  0.000306        0   1801.83
  80  -2058.272066  0.004351   -0.129311  0.000254        0   2222.67
 100  -2058.269957  0.003671   -0.129246  0.000221        0   2643.65
 120  -2058.267308  0.003393   -0.129147  0.000191        0   3064.49
 140  -2058.265659  0.002983   -0.129128  0.000169        0   3485.22
 160  -2058.263838  0.002816   -0.129064  0.000156        0   3913.49
 180  -2058.262768  0.002686   -0.129039  0.000143        0   4334.19
 200  -2058.264329  0.002515   -0.129111  0.000134        0   4754.89
 220  -2058.264459  0.002377   -0.129055  0.000125        0   5175.71
 240  -2058.263032  0.002286   -0.128998  0.000119        0   5596.53
 260  -2058.263405  0.002188   -0.128945  0.000112        0   6017.21
 280  -2058.264254  0.002085   -0.128924  0.000106        0   6437.89
 300  -2058.264285  0.002031   -0.128960  0.000105        0   6858.71
 320  -2058.265368  0.001979   -0.128938  0.000101        0   7279.35
 340  -2058.265625  0.001929   -0.128925  0.000097        0   7700.19
 360  -2058.264519  0.001903   -0.128867  0.000094        0   8125.13
 380  -2058.265135  0.001861   -0.128869  0.000091        0   8548.20
 400  -2058.264023  0.001805   -0.128842  0.000087        0   8968.99
 420  -2058.263857  0.001786   -0.128798  0.000085        0   9389.62
 440  -2058.264540  0.001749   -0.128816  0.000083        0   9810.41
 460  -2058.264638  0.001694   -0.128806  0.000080        0  10231.37
 480  -2058.264858  0.001658   -0.128834  0.000078        0  10652.12
 500  -2058.265060  0.001624   -0.128877  0.000077        0  11072.93
 520  -2058.264744  0.001588   -0.128873  0.000076        0  11493.69
 540  -2058.263484  0.001588   -0.128869  0.000074        0  11917.31
 560  -2058.263218  0.001562   -0.128870  0.000073        0  12339.17
 580  -2058.262742  0.001523   -0.128853  0.000072        0  12761.91
 600  -2058.262930  0.001490   -0.128837  0.000071        0  13182.61

Post Propagation
Total number of samples 600
Raw AFQMC/HF Energy: -2058.262930 +/- 0.001490
Raw AFQMC/pt2CCSD Orbital Energy (covariance): -0.128837 +/- 0.000071
Raw AFQMC/pt2CCSD Orbital Energy (direct obs): -0.128837 +/- 0.000061

Remove Outliers
Energy bound [-0.156622, -0.100552]
Removed 0 Outliers
Outliers Orbital Energy []
Clean AFQMC/pt2CCSD Orbital Energy (covariance): -0.128837 +/- 0.000071
Clean AFQMC/pt2CCSD Orbital Energy (direct obs): -0.128837 +/- 0.000061

Blocking Analysis
nsample = 600, max_block_size = 30, min_nblocks = 20
Blk_SZ   NBlk   NSmp      Energy     Error    dError
     1    600    600   -0.128797  0.000061  0.000002
     2    300    600   -0.128808  0.000072  0.000003
     3    200    600   -0.128812  0.000078  0.000004
     4    150    600   -0.128815  0.000078  0.000005
     5    120    600   -0.128814  0.000085  0.000006
     6    100    600   -0.128818  0.000085  0.000006
     7     85    595   -0.128824  0.000087  0.000007
     8     75    600   -0.128820  0.000092  0.000008
     9     66    594   -0.128825  0.000092  0.000008
    10     60    600   -0.128819  0.000098  0.000009
    11     54    594   -0.128828  0.000092  0.000009
    12     50    600   -0.128824  0.000098  0.000010
    13     46    598   -0.128823  0.000095  0.000010
    14     42    588   -0.128831  0.000099  0.000011
    15     40    600   -0.128825  0.000099  0.000011
    16     37    592   -0.128829  0.000112  0.000013
    17     35    595   -0.128827  0.000105  0.000013
    18     33    594   -0.128832  0.000105  0.000013
    19     31    589   -0.128835  0.000108  0.000014
    20     30    600   -0.128828  0.000102  0.000013
    21     28    588   -0.128836  0.000105  0.000014
    22     27    594   -0.128835  0.000109  0.000015
    23     26    598   -0.128826  0.000095  0.000013
    24     25    600   -0.128829  0.000110  0.000016
    25     24    600   -0.128827  0.000106  0.000016
    26     23    598   -0.128827  0.000100  0.000015
    27     22    594   -0.128832  0.000098  0.000015
    28     21    588   -0.128839  0.000112  0.000018
    29     20    580   -0.128846  0.000115  0.000019
    30     20    600   -0.128828  0.000108  0.000017
Fit: plateau = 0.000104 ± 0.000004
     autocorrelation length ~ 5.3 blocks
     plateau reached at block size ~ 21
Blocked AFQMC/pt2CCSD Orbital Energy: -0.128837 +/- 0.000104
total run time: 13184.88

AFQMC Sampling Finished



======================== restricted LNO-FRAGMENT 20/72 =========================
Center Atom C
AOs with contribution > 0.01
        AO Label     Amp
     19 C 1s      0.8751
     19 C 2px     0.4802
     19 C 2py     0.4802
     19 C 2pz     0.4668
     19 C 2s      0.3687
     19 C 3pz     0.2589
     19 C 3s      0.1871
     19 C 3px     0.1448
     19 C 3py     0.1441
    42 C 3dx2-y2  0.0861
     42 C 3py     0.0839
     18 C 3dxy    0.0839
     20 C 3px     0.0750
     20 C 3dxy    0.0678
     18 C 3px     0.0652
    20 C 3dx2-y2  0.0620
     20 C 3s      0.0601
     18 C 3s      0.0599
     42 C 3s      0.0595
     18 C 3py     0.0480
    18 C 3dx2-y2  0.0456
     42 C 3dyz    0.0439
     20 C 3pz     0.0435
     18 C 3pz     0.0433
     42 C 3pz     0.0426
     42 C 3dxy    0.0421
     20 C 3dxz    0.0385
     20 C 3py     0.0383
     18 C 3dxz    0.0299
     42 C 3px     0.0291
     20 C 3dz^2   0.0230
     18 C 3dz^2   0.0230
     42 C 3dz^2   0.0229
     17 C 3px     0.0199
     31 C 3px     0.0194
     20 C 2s      0.0188
     18 C 2s      0.0187
     16 C 3py     0.0183
     42 C 2s      0.0183
     18 C 3dyz    0.0158
     41 C 3py     0.0156
     21 C 3py     0.0156
     42 C 2py     0.0141
     19 C 3dz^2   0.0140
     20 C 2px     0.0122
     43 C 3py     0.0120
LAS occupied orbitals: 51
LAS virtual orbitals: 212
CCSD time: 1309.009016 s
LNO-MP2 Orbital Energy: -0.12351309
LNO-CCSD Orbital Energy: -0.12178969
Calculating Effective Active Space One-electron Integrals
number of active occupied orbitals 51
number of active virtual orbitals 212
build JK time: 9.735370 s
build ecore time: 0.183181 s
build h1eff time: 10.006490 s
Generating Cholesky Integrals
Composing AO ERIs from DF basis
Raw CDERI in LAS shape: (4194, 34716)
Compress CDERI into LAS Cholesky Vectors by SVD
Cholesky cutoff: 1e-05
Build effective h0 and h1 time: 12.869594 s
Build CDERI in LAS time: 7.445575 s
Compress CDERI to LAS Choleskey Vectors time: 4.680004 s
Build Integral total time: 24.995563 s
Finished calculating Cholesky integrals
Size of the correlation space
Number of electrons: (51,51)
Number of basis functions: 263
Cholesky shape: (2449, 263, 263)
AFQMC script: /u/yzhang65/myprojects/software/afqmc/afqmc/lno_afqmc/script/run_afqmc_pt2.py

AFQMC Started
Hostname:     gpua043.delta.ncsa.illinois.edu
System:       Linux
Node:         gpua043.delta.ncsa.illinois.edu
Release:      5.14.0-427.91.1.el9_4.x86_64
Machine:      x86_64
Processor:    x86_64
JAX backend:  GPU
JAX devices:  [CudaDevice(id=0)]
Device kind:  NVIDIA A100-SXM4-40GB
Platform:     gpu

QMC System
Number of electrons:       (51, 51)
Number of orbitals:         263
Number of Cholesky Vectors: 2449
Maximum memory per walker:            66.67 MB
Maximum number of Cholesky per chunk: 63
Number of Cholesky chunks:            39
Number of Cholesky per chunk:         63
Number of padding Cholesky:           8

QMC Parameters
n_eql           -              50
n_blocks        -             600
n_walkers       -             300
max_memory      -           20000
mix_precision   -            True
n_batch         -               1
seed            -            4731
walker_type     -             rhf
trial           -         pt2ccsd
max_error       -       5.893e-05
dt              -           0.005
n_prop_steps    -              50
eql_time        -              50
nchol_chunk     -              63
n_exp_terms     -               6
Trial: pt2ccsd(norb=263, nelec=(51, 51), n_batch=1, nchol_chunk=63, mix_precision=True)
Sampler: sampler_pt2(n_prop_steps=50, n_blocks=600, n_chol=2449)

Equilibration
Initial Orbital energy: -0.121791
inv_T        energy   runTime
 0.00  -2055.865060     40.71
 5.00  -2058.247852     92.25
10.00  -2058.188822    139.77
15.00  -2058.226134    187.28
20.00  -2058.246710    234.79
25.00  -2058.177042    282.33
30.00  -2058.307267    329.85
35.00  -2058.273618    377.36
40.00  -2058.224130    424.86
45.00  -2058.187502    472.38
50.00  -2058.296385    519.92

Sampling Blocks
Target Final Error ~ 0.000059
   N      E(Guide)     Error      E(Orb)     Error  Kill_WK      Time
  20  -2058.236470  0.013003   -0.129369  0.000666        0    936.28
  40  -2058.239132  0.007429   -0.128936  0.000378        0   1341.07
  60  -2058.230241  0.005636   -0.128931  0.000274        0   1745.69
  80  -2058.227483  0.004571   -0.128628  0.000223        0   2150.46
 100  -2058.226088  0.004014   -0.128623  0.000196        0   2555.20
 120  -2058.231225  0.003823   -0.128804  0.000186        0   2959.74
 140  -2058.234176  0.003594   -0.128902  0.000174        0   3364.32
 160  -2058.236219  0.003345   -0.129033  0.000162        0   3768.76
 180  -2058.235587  0.003089   -0.128981  0.000148        0   4181.13
 200  -2058.232679  0.002925   -0.128986  0.000139        0   4585.89
 220  -2058.233651  0.002757   -0.128933  0.000130        0   4990.70
 240  -2058.231601  0.002641   -0.128887  0.000125        0   5395.37
 260  -2058.231765  0.002474   -0.128945  0.000122        0   5800.05
 280  -2058.232023  0.002369   -0.129041  0.000125        0   6204.66
 300  -2058.232847  0.002259   -0.129085  0.000120        0   6609.26
 320  -2058.231048  0.002182   -0.129032  0.000115        0   7013.94
 340  -2058.230918  0.002088   -0.129038  0.000111        0   7418.45
 360  -2058.230597  0.002068   -0.129083  0.000115        0   7828.86
 380  -2058.231752  0.002007   -0.129065  0.000111        0   8234.93
 400  -2058.229098  0.002032   -0.129038  0.000107        0   8641.56
 420  -2058.228637  0.001962   -0.129019  0.000103        0   9045.98
 440  -2058.227885  0.001897   -0.128972  0.000100        0   9450.42
 460  -2058.227558  0.001836   -0.128950  0.000097        0   9854.71
 480  -2058.228047  0.001781   -0.128944  0.000094        0  10259.18
 500  -2058.228023  0.001744   -0.128913  0.000091        0  10663.60
 520  -2058.228635  0.001694   -0.128914  0.000088        0  11068.01
 540  -2058.228219  0.001653   -0.128906  0.000086        0  11472.18
 560  -2058.228050  0.001628   -0.128904  0.000084        0  11879.59
 580  -2058.227756  0.001589   -0.128920  0.000084        0  12284.55
 600  -2058.226797  0.001571   -0.128901  0.000082        0  12688.98

Post Propagation
Total number of samples 600
Raw AFQMC/HF Energy: -2058.226797 +/- 0.001571
Raw AFQMC/pt2CCSD Orbital Energy (covariance): -0.128901 +/- 0.000082
Raw AFQMC/pt2CCSD Orbital Energy (direct obs): -0.128901 +/- 0.000073

Remove Outliers
Energy bound [-0.156921, -0.100245]
Removed 0 Outliers
Outliers Orbital Energy []
Clean AFQMC/pt2CCSD Orbital Energy (covariance): -0.128901 +/- 0.000082
Clean AFQMC/pt2CCSD Orbital Energy (direct obs): -0.128901 +/- 0.000073

Blocking Analysis
nsample = 600, max_block_size = 30, min_nblocks = 20
Blk_SZ   NBlk   NSmp      Energy     Error    dError
     1    600    600   -0.128862  0.000073  0.000002
     2    300    600   -0.128868  0.000086  0.000004
     3    200    600   -0.128871  0.000090  0.000005
     4    150    600   -0.128875  0.000099  0.000006
     5    120    600   -0.128876  0.000103  0.000007
     6    100    600   -0.128878  0.000100  0.000007
     7     85    595   -0.128879  0.000106  0.000008
     8     75    600   -0.128881  0.000108  0.000009
     9     66    594   -0.128879  0.000118  0.000010
    10     60    600   -0.128881  0.000115  0.000011
    11     54    594   -0.128877  0.000114  0.000011
    12     50    600   -0.128882  0.000116  0.000012
    13     46    598   -0.128880  0.000117  0.000012
    14     42    588   -0.128894  0.000116  0.000013
    15     40    600   -0.128887  0.000115  0.000013
    16     37    592   -0.128888  0.000125  0.000015
    17     35    595   -0.128888  0.000126  0.000015
    18     33    594   -0.128884  0.000125  0.000016
    19     31    589   -0.128894  0.000109  0.000014
    20     30    600   -0.128889  0.000116  0.000015
    21     28    588   -0.128896  0.000125  0.000017
    22     27    594   -0.128884  0.000128  0.000018
    23     26    598   -0.128884  0.000135  0.000019
    24     25    600   -0.128891  0.000125  0.000018
    25     24    600   -0.128888  0.000129  0.000019
    26     23    598   -0.128889  0.000120  0.000018
    27     22    594   -0.128886  0.000151  0.000023
    28     21    588   -0.128901  0.000118  0.000019
    29     20    580   -0.128910  0.000128  0.000021
    30     20    600   -0.128892  0.000130  0.000021
Fit: plateau = 0.000123 ± 0.000004
     autocorrelation length ~ 4.8 blocks
     plateau reached at block size ~ 19
Blocked AFQMC/pt2CCSD Orbital Energy: -0.128901 +/- 0.000123
total run time: 12691.40

AFQMC Sampling Finished



======================== restricted LNO-FRAGMENT 21/72 =========================
Center Atom C
AOs with contribution > 0.01
        AO Label     Amp
     20 C 1s      0.8751
     20 C 2py     0.4803
     20 C 2px     0.4803
     20 C 2pz     0.4667
     20 C 2s      0.3687
     20 C 3pz     0.2592
     20 C 3s      0.1871
     20 C 3px     0.1444
     20 C 3py     0.1442
    21 C 3dx2-y2  0.0870
     21 C 3py     0.0841
     31 C 3dxy    0.0833
     19 C 3px     0.0750
     19 C 3dxy    0.0678
     31 C 3px     0.0654
    19 C 3dx2-y2  0.0620
     19 C 3s      0.0601
     21 C 3s      0.0600
     31 C 3s      0.0594
     31 C 3py     0.0476
    31 C 3dx2-y2  0.0450
     21 C 3dyz    0.0449
     19 C 3pz     0.0437
     21 C 3pz     0.0433
     21 C 3dxy    0.0431
     31 C 3pz     0.0425
     19 C 3dxz    0.0383
     19 C 3py     0.0382
     21 C 3px     0.0294
     31 C 3dxz    0.0290
     19 C 3dz^2   0.0231
     21 C 3dz^2   0.0230
     31 C 3dz^2   0.0229
     32 C 3px     0.0201
     18 C 3px     0.0195
     19 C 2s      0.0188
     21 C 2s      0.0187
     31 C 2s      0.0182
     40 C 3py     0.0182
     15 C 3py     0.0157
     42 C 3py     0.0154
     31 C 3dyz    0.0151
     21 C 2py     0.0144
     20 C 3dz^2   0.0141
     19 C 2px     0.0122
     24 C 3py     0.0120
LAS occupied orbitals: 51
LAS virtual orbitals: 213
CCSD time: 1386.440725 s
LNO-MP2 Orbital Energy: -0.12356441
LNO-CCSD Orbital Energy: -0.12183333
Calculating Effective Active Space One-electron Integrals
number of active occupied orbitals 51
number of active virtual orbitals 213
build JK time: 9.452026 s
build ecore time: 0.182283 s
build h1eff time: 9.756572 s
Generating Cholesky Integrals
Composing AO ERIs from DF basis
Raw CDERI in LAS shape: (4194, 34980)
Compress CDERI into LAS Cholesky Vectors by SVD
Cholesky cutoff: 1e-05
Build effective h0 and h1 time: 12.679501 s
Build CDERI in LAS time: 7.355241 s
Compress CDERI to LAS Choleskey Vectors time: 4.818526 s
Build Integral total time: 24.853664 s
Finished calculating Cholesky integrals
Size of the correlation space
Number of electrons: (51,51)
Number of basis functions: 264
Cholesky shape: (2456, 264, 264)
AFQMC script: /u/yzhang65/myprojects/software/afqmc/afqmc/lno_afqmc/script/run_afqmc_pt2.py

AFQMC Started
Hostname:     gpua043.delta.ncsa.illinois.edu
System:       Linux
Node:         gpua043.delta.ncsa.illinois.edu
Release:      5.14.0-427.91.1.el9_4.x86_64
Machine:      x86_64
Processor:    x86_64
JAX backend:  GPU
JAX devices:  [CudaDevice(id=0)]
Device kind:  NVIDIA A100-SXM4-40GB
Platform:     gpu

QMC System
Number of electrons:       (51, 51)
Number of orbitals:         264
Number of Cholesky Vectors: 2456
Maximum memory per walker:            66.67 MB
Maximum number of Cholesky per chunk: 62
Number of Cholesky chunks:            40
Number of Cholesky per chunk:         62
Number of padding Cholesky:           24

QMC Parameters
n_eql           -              50
n_blocks        -             600
n_walkers       -             300
max_memory      -           20000
mix_precision   -            True
n_batch         -               1
seed            -            6070
walker_type     -             rhf
trial           -         pt2ccsd
max_error       -       5.893e-05
dt              -           0.005
n_prop_steps    -              50
eql_time        -              50
nchol_chunk     -              62
n_exp_terms     -               6
Trial: pt2ccsd(norb=264, nelec=(51, 51), n_batch=1, nchol_chunk=62, mix_precision=True)
Sampler: sampler_pt2(n_prop_steps=50, n_blocks=600, n_chol=2456)

Equilibration
Initial Orbital energy: -0.121836
inv_T        energy   runTime
 0.00  -2055.865061     42.29
 5.00  -2058.252871     93.37
10.00  -2058.210873    140.38
15.00  -2058.250246    187.42
20.00  -2058.268280    234.49
25.00  -2058.288860    281.53
30.00  -2058.173270    328.54
35.00  -2058.233973    375.55
40.00  -2058.165337    422.59
45.00  -2058.276976    469.66
50.00  -2058.238584    516.69

Sampling Blocks
Target Final Error ~ 0.000059
   N      E(Guide)     Error      E(Orb)     Error  Kill_WK      Time
  20  -2058.210889  0.005910   -0.128496  0.000296        0    937.22
  40  -2058.214043  0.004900   -0.128686  0.000261        0   1345.96
  60  -2058.227204  0.004770   -0.128813  0.000221        0   1754.96
  80  -2058.222667  0.004088   -0.128711  0.000189        0   2163.77
 100  -2058.222870  0.003612   -0.128963  0.000183        0   2572.55
 120  -2058.226212  0.003378   -0.128861  0.000163        0   2981.26
 140  -2058.223817  0.003117   -0.128816  0.000149        0   3390.11
 160  -2058.223434  0.002875   -0.128792  0.000137        0   3798.84
 180  -2058.221945  0.002825   -0.128818  0.000131        0   4216.69
 200  -2058.222063  0.002648   -0.128810  0.000125        0   4625.50
 220  -2058.224970  0.002633   -0.128880  0.000119        0   5034.32
 240  -2058.223681  0.002467   -0.128881  0.000112        0   5443.24
 260  -2058.226289  0.002441   -0.128879  0.000115        0   5852.11
 280  -2058.226560  0.002343   -0.128905  0.000112        0   6261.09
 300  -2058.227387  0.002241   -0.128884  0.000110        0   6669.89
 320  -2058.226426  0.002183   -0.128894  0.000105        0   7078.80
 340  -2058.224770  0.002133   -0.128847  0.000100        0   7487.61
 360  -2058.223825  0.002065   -0.128816  0.000097        0   7899.72
 380  -2058.224732  0.002041   -0.128870  0.000099        0   8309.71
 400  -2058.223995  0.001966   -0.128847  0.000096        0   8721.19
 420  -2058.224999  0.001932   -0.128876  0.000094        0   9129.92
 440  -2058.224261  0.001873   -0.128873  0.000091        0   9538.76
 460  -2058.223517  0.001826   -0.128863  0.000089        0   9947.51
 480  -2058.223970  0.001768   -0.128849  0.000086        0  10356.40
 500  -2058.226004  0.001813   -0.128821  0.000084        0  10765.35
 520  -2058.226454  0.001780   -0.128815  0.000082        0  11174.31
 540  -2058.227010  0.001731   -0.128839  0.000082        0  11583.41
 560  -2058.226712  0.001691   -0.128833  0.000080        0  11995.58
 580  -2058.227049  0.001654   -0.128841  0.000078        0  12407.60
 600  -2058.227534  0.001618   -0.128816  0.000076        0  12816.36

Post Propagation
Total number of samples 600
Raw AFQMC/HF Energy: -2058.227534 +/- 0.001618
Raw AFQMC/pt2CCSD Orbital Energy (covariance): -0.128816 +/- 0.000076
Raw AFQMC/pt2CCSD Orbital Energy (direct obs): -0.128816 +/- 0.000066

Remove Outliers
Energy bound [-0.153950, -0.103170]
Removed 0 Outliers
Outliers Orbital Energy []
Clean AFQMC/pt2CCSD Orbital Energy (covariance): -0.128816 +/- 0.000076
Clean AFQMC/pt2CCSD Orbital Energy (direct obs): -0.128816 +/- 0.000066

Blocking Analysis
nsample = 600, max_block_size = 30, min_nblocks = 20
Blk_SZ   NBlk   NSmp      Energy     Error    dError
     1    600    600   -0.128775  0.000066  0.000002
     2    300    600   -0.128782  0.000075  0.000003
     3    200    600   -0.128787  0.000082  0.000004
     4    150    600   -0.128791  0.000086  0.000005
     5    120    600   -0.128791  0.000092  0.000006
     6    100    600   -0.128796  0.000090  0.000006
     7     85    595   -0.128807  0.000095  0.000007
     8     75    600   -0.128800  0.000096  0.000008
     9     66    594   -0.128811  0.000099  0.000009
    10     60    600   -0.128803  0.000087  0.000008
    11     54    594   -0.128810  0.000111  0.000011
    12     50    600   -0.128807  0.000087  0.000009
    13     46    598   -0.128804  0.000102  0.000011
    14     42    588   -0.128823  0.000106  0.000012
    15     40    600   -0.128806  0.000095  0.000011
    16     37    592   -0.128822  0.000086  0.000010
    17     35    595   -0.128814  0.000096  0.000012
    18     33    594   -0.128817  0.000099  0.000012
    19     31    589   -0.128824  0.000104  0.000013
    20     30    600   -0.128808  0.000090  0.000012
    21     28    588   -0.128829  0.000087  0.000012
    22     27    594   -0.128819  0.000098  0.000014
    23     26    598   -0.128813  0.000088  0.000012
    24     25    600   -0.128812  0.000085  0.000012
    25     24    600   -0.128815  0.000092  0.000014
    26     23    598   -0.128813  0.000081  0.000012
    27     22    594   -0.128824  0.000094  0.000014
    28     21    588   -0.128829  0.000088  0.000014
    29     20    580   -0.128836  0.000082  0.000013
    30     20    600   -0.128812  0.000085  0.000014
Fit: plateau = 0.000094 ± 0.000002
     autocorrelation length ~ 2.2 blocks
     plateau reached at block size ~ 9
Blocked AFQMC/pt2CCSD Orbital Energy: -0.128816 +/- 0.000094
total run time: 12818.77

AFQMC Sampling Finished



======================== restricted LNO-FRAGMENT 22/72 =========================
Center Atom C
AOs with contribution > 0.01
        AO Label     Amp
     21 C 1s      0.8752
     21 C 2py     0.4804
     21 C 2px     0.4803
     21 C 2pz     0.4668
     21 C 2s      0.3688
     21 C 3pz     0.2595
     21 C 3s      0.1872
     21 C 3px     0.1444
     21 C 3py     0.1443
    20 C 3dx2-y2  0.0871
     15 C 3dxy    0.0841
     20 C 3py     0.0841
     24 C 3px     0.0751
     24 C 3dxy    0.0669
     15 C 3px     0.0655
    24 C 3dx2-y2  0.0612
     20 C 3s      0.0600
     15 C 3s      0.0600
     24 C 3s      0.0595
     15 C 3py     0.0479
    15 C 3dx2-y2  0.0457
     20 C 3dyz    0.0449
     15 C 3pz     0.0434
     20 C 3pz     0.0433
     20 C 3dxy    0.0430
     24 C 3pz     0.0425
     24 C 3py     0.0379
     24 C 3dxz    0.0368
     15 C 3dxz    0.0298
     20 C 3px     0.0294
     20 C 3dz^2   0.0231
     15 C 3dz^2   0.0230
     24 C 3dz^2   0.0228
     16 C 3px     0.0203
     30 C 3px     0.0194
     20 C 2s      0.0187
     15 C 2s      0.0187
     24 C 2s      0.0182
     14 C 3py     0.0182
     15 C 3dyz    0.0157
     31 C 3py     0.0156
     23 C 3py     0.0154
     20 C 2py     0.0144
     21 C 3dz^2   0.0141
     19 C 3py     0.0122
     24 C 2px     0.0119
LAS occupied orbitals: 52
LAS virtual orbitals: 213
