#INFO: **** input file is /work/hdd/bdka/yzhang65/l7_dataset/system/c2c2pd/dz/c/lno3/run_lno.py ****
from pyscf import gto, scf

#### C2C2PD complex, L7 dataset ####
path2geo = '../../../C.xyz'
path2chk = '../mf.chk'
path2eri = '../cderi.h5'
path2lno = '../lno2/lno_result.out'
path2iao = '../iao.h5'

atoms = ''.join(open(path2geo).readlines()[2:])  # skip the atom count and comment lines
####################################

mol = gto.M(atom=atoms,
            basis='ccpvdz',
            verbose=4,
            unit='A',
            symmetry=0,
            charge=0,
            spin=0,
            max_memory=200000,
            )

# density fitting: 792 AOs, conventional 4-index ERIs would not fit
mf = scf.RHF(mol).density_fit()
# mf.with_df._cderi_to_save = path2eri
mf.with_df._cderi = path2eri
mf.chkfile = path2chk
mf.init_guess = 'chk'
mf.kernel()

stable = False
while not stable:
    print('mean-field stability test')
    mo_i, _, stable, _ = mf.stability(return_status=True)
    if stable:
        print(f'RHF Energy: {mf.e_tot}, stability {stable}')
        break
    dm = mf.make_rdm1(mo_i, mf.mo_occ)
    mf.kernel(dm0=dm)

from afqmc.lno_afqmc import lno_afqmc, tools

lo_coeff, frag_list, frag_name \
    = tools.iao_fragment(mf, 
                         frag_type='h2heavy', 
                         more_loc='pm',
                         save2=None,
                         read_from=path2iao,
                         )

frag_order = tools.sort_fragment(path2lno)

options = {'eql_time': 30,
           'n_prop_steps': 50,
           'n_blocks': 840,
           'n_walkers': 300,
           'max_memory': 400000,
           'mix_precision': True,
           'seed': 27,
           'walker_type': 'rhf',
           'trial': 'pt2ccsd_sto_chol',
           'chol_cost_ratio': 0.16,
           }

lno_afqmc.run_afqmc(
    mf,
    lo_coeff,
    frag_list,
    frag_name,
    lno_thresh = 3e-6,
    qmc_options = options,
    chol_cut = 1e-5,
    target_qmc_err = 5e-4,
    run_frag = None,
    nfrozen = None,
    run_mp = True,
    run_cc = True,
    run_qmc = True,
    plot_las = False,
    )
#INFO: ******************** input file end ********************


System: uname_result(system='Linux', node='gpue08.delta.ncsa.illinois.edu', release='5.14.0-570.131.1.el9_6.x86_64', version='#1 SMP PREEMPT_DYNAMIC Fri Jul 24 10:50:35 EDT 2026', machine='x86_64')  Threads 12
Python 3.11.14 (main, Oct 21 2025, 18:31:21) [GCC 11.2.0]
numpy 2.3.5  scipy 1.16.3  h5py 3.15.1
Date: Sun Sep  6 17:41:55 2026
PySCF version 2.14.0
PySCF path  /u/yzhang65/myprojects/software/pyscf
GIT HEAD      c63a953ba603a5ad8c1d65d88da72aaf05ede4d8

[ENV] PYSCF_TMPDIR /projects/bdka/yzhang65/scratch/pyscf
[ENV] PYSCF_EXT_PATH /u/yzhang65/myprojects/software/pyscf-forge
[CONFIG] conf_file None
[INPUT] verbose = 4
[INPUT] num. atoms = 72
[INPUT] num. electrons = 312
[INPUT] charge = 0
[INPUT] spin (= nelec alpha-beta = 2S) = 0
[INPUT] symmetry 0 subgroup None
[INPUT] Mole.unit = A
[INPUT] Symbol           X                Y                Z      unit          X                Y                Z       unit  Magmom
[INPUT]  1 C     -1.487532000000  -1.231543000000  -1.729000000000 AA   -2.811028081527  -2.327278980625  -3.267336469373 Bohr   0.0
[INPUT]  2 C     -0.065468000000  -1.231543000000  -1.729000000000 AA   -0.123716589923  -2.327278980625  -3.267336469373 Bohr   0.0
[INPUT]  3 C      0.645564000000   0.000000000000  -1.729000000000 AA    1.219939155879   0.000000000000  -3.267336469373 Bohr   0.0
[INPUT]  4 C     -0.065468000000   1.231543000000  -1.729000000000 AA   -0.123716589923   2.327278980625  -3.267336469373 Bohr   0.0
[INPUT]  5 C     -1.487532000000   1.231543000000  -1.729000000000 AA   -2.811028081527   2.327278980625  -3.267336469373 Bohr   0.0
[INPUT]  6 C     -2.198564000000   0.000000000000  -1.729000000000 AA   -4.154683827328   0.000000000000  -3.267336469373 Bohr   0.0
[INPUT]  7 C      0.642292000000  -2.457420000000  -1.729000000000 AA    1.213755971999  -4.643850773029  -3.267336469373 Bohr   0.0
[INPUT]  8 C     -0.093378000000  -3.670823000000  -1.729000000000 AA   -0.176458846060  -6.936850121754  -3.267336469373 Bohr   0.0
[INPUT]  9 C     -1.459622000000  -3.670823000000  -1.729000000000 AA   -2.758285825390  -6.936850121754  -3.267336469373 Bohr   0.0
[INPUT] 10 C     -2.195292000000  -2.457420000000  -1.729000000000 AA   -4.148500643449  -4.643850773029  -3.267336469373 Bohr   0.0
[INPUT] 11 C     -3.614084000000   0.000000000000  -1.729000000000 AA   -6.829628951173   0.000000000000  -3.267336469373 Bohr   0.0
[INPUT] 12 C     -4.297087000000  -1.243810000000  -1.729000000000 AA   -8.120317563429  -2.350460250995  -3.267336469373 Bohr   0.0
[INPUT] 13 C     -3.613965000000  -2.427013000000  -1.729000000000 AA   -6.829404073764  -4.586389870759  -3.267336469373 Bohr   0.0
[INPUT] 14 C     -4.297087000000   1.243810000000  -1.729000000000 AA   -8.120317563429   2.350460250995  -3.267336469373 Bohr   0.0
[INPUT] 15 C     -3.613965000000   2.427013000000  -1.729000000000 AA   -6.829404073764   4.586389870759  -3.267336469373 Bohr   0.0
[INPUT] 16 C     -2.195292000000   2.457420000000  -1.729000000000 AA   -4.148500643449   4.643850773029  -3.267336469373 Bohr   0.0
[INPUT] 17 C     -1.459622000000   3.670823000000  -1.729000000000 AA   -2.758285825390   6.936850121754  -3.267336469373 Bohr   0.0
[INPUT] 18 C     -0.093378000000   3.670823000000  -1.729000000000 AA   -0.176458846060   6.936850121754  -3.267336469373 Bohr   0.0
[INPUT] 19 C      0.642292000000   2.457420000000  -1.729000000000 AA    1.213755971999   4.643850773029  -3.267336469373 Bohr   0.0
[INPUT] 20 C      2.060965000000   2.427013000000  -1.729000000000 AA    3.894659402314   4.586389870759  -3.267336469373 Bohr   0.0
[INPUT] 21 C      2.744087000000   1.243810000000  -1.729000000000 AA    5.185572891979   2.350460250995  -3.267336469373 Bohr   0.0
[INPUT] 22 C      2.061084000000   0.000000000000  -1.729000000000 AA    3.894884279723   0.000000000000  -3.267336469373 Bohr   0.0
[INPUT] 23 C      2.744087000000  -1.243810000000  -1.729000000000 AA    5.185572891979  -2.350460250995  -3.267336469373 Bohr   0.0
[INPUT] 24 C      2.060965000000  -2.427013000000  -1.729000000000 AA    3.894659402314  -4.586389870759  -3.267336469373 Bohr   0.0
[INPUT] 25 H      0.449580000000  -4.607417000000  -1.729000000000 AA    0.849583071082  -8.706756271665  -3.267336469373 Bohr   0.0
[INPUT] 26 H     -2.002581000000  -4.607417000000  -1.729000000000 AA   -3.784329632258  -8.706756271665  -3.267336469373 Bohr   0.0
[INPUT] 27 H     -4.153600000000  -3.365525000000  -1.729000000000 AA   -7.849166430993  -6.359920515377  -3.267336469373 Bohr   0.0
[INPUT] 28 H     -5.379680000000  -1.241892000000  -1.729000000000 AA  -10.166121837800  -2.346835756288  -3.267336469373 Bohr   0.0
[INPUT] 29 H     -5.379680000000   1.241892000000  -1.729000000000 AA  -10.166121837800   2.346835756288  -3.267336469373 Bohr   0.0
[INPUT] 30 H     -4.153600000000   3.365525000000  -1.729000000000 AA   -7.849166430993   6.359920515377  -3.267336469373 Bohr   0.0
[INPUT] 31 H     -2.002581000000   4.607417000000  -1.729000000000 AA   -3.784329632258   8.706756271665  -3.267336469373 Bohr   0.0
[INPUT] 32 H      0.449580000000   4.607417000000  -1.729000000000 AA    0.849583071082   8.706756271665  -3.267336469373 Bohr   0.0
[INPUT] 33 H      2.600600000000   3.365525000000  -1.729000000000 AA    4.914421759544   6.359920515377  -3.267336469373 Bohr   0.0
[INPUT] 34 H      3.826680000000   1.241892000000  -1.729000000000 AA    7.231377166351   2.346835756288  -3.267336469373 Bohr   0.0
[INPUT] 35 H      3.826680000000  -1.241892000000  -1.729000000000 AA    7.231377166351  -2.346835756288  -3.267336469373 Bohr   0.0
[INPUT] 36 H      2.600600000000  -3.365525000000  -1.729000000000 AA    4.914421759544  -6.359920515377  -3.267336469373 Bohr   0.0
[INPUT] 37 C      0.065468000000  -1.231543000000   1.729000000000 AA    0.123716589923  -2.327278980625   3.267336469373 Bohr   0.0
[INPUT] 38 C      1.487532000000  -1.231543000000   1.729000000000 AA    2.811028081527  -2.327278980625   3.267336469373 Bohr   0.0
[INPUT] 39 C      2.198564000000   0.000000000000   1.729000000000 AA    4.154683827328   0.000000000000   3.267336469373 Bohr   0.0
[INPUT] 40 C      1.487532000000   1.231543000000   1.729000000000 AA    2.811028081527   2.327278980625   3.267336469373 Bohr   0.0
[INPUT] 41 C      0.065468000000   1.231543000000   1.729000000000 AA    0.123716589923   2.327278980625   3.267336469373 Bohr   0.0
[INPUT] 42 C     -0.645564000000   0.000000000000   1.729000000000 AA   -1.219939155879   0.000000000000   3.267336469373 Bohr   0.0
[INPUT] 43 C      2.195292000000  -2.457420000000   1.729000000000 AA    4.148500643449  -4.643850773029   3.267336469373 Bohr   0.0
[INPUT] 44 C      1.459622000000  -3.670823000000   1.729000000000 AA    2.758285825390  -6.936850121754   3.267336469373 Bohr   0.0
[INPUT] 45 C      0.093378000000  -3.670823000000   1.729000000000 AA    0.176458846060  -6.936850121754   3.267336469373 Bohr   0.0
[INPUT] 46 C     -0.642292000000  -2.457420000000   1.729000000000 AA   -1.213755971999  -4.643850773029   3.267336469373 Bohr   0.0
[INPUT] 47 C     -2.061084000000   0.000000000000   1.729000000000 AA   -3.894884279723   0.000000000000   3.267336469373 Bohr   0.0
[INPUT] 48 C     -2.744087000000  -1.243810000000   1.729000000000 AA   -5.185572891979  -2.350460250995   3.267336469373 Bohr   0.0
[INPUT] 49 C     -2.060965000000  -2.427013000000   1.729000000000 AA   -3.894659402314  -4.586389870759   3.267336469373 Bohr   0.0
[INPUT] 50 C     -2.744087000000   1.243810000000   1.729000000000 AA   -5.185572891979   2.350460250995   3.267336469373 Bohr   0.0
[INPUT] 51 C     -2.060965000000   2.427013000000   1.729000000000 AA   -3.894659402314   4.586389870759   3.267336469373 Bohr   0.0
[INPUT] 52 C     -0.642292000000   2.457420000000   1.729000000000 AA   -1.213755971999   4.643850773029   3.267336469373 Bohr   0.0
[INPUT] 53 C      0.093378000000   3.670823000000   1.729000000000 AA    0.176458846060   6.936850121754   3.267336469373 Bohr   0.0
[INPUT] 54 C      1.459622000000   3.670823000000   1.729000000000 AA    2.758285825390   6.936850121754   3.267336469373 Bohr   0.0
[INPUT] 55 C      2.195292000000   2.457420000000   1.729000000000 AA    4.148500643449   4.643850773029   3.267336469373 Bohr   0.0
[INPUT] 56 C      3.613965000000   2.427013000000   1.729000000000 AA    6.829404073764   4.586389870759   3.267336469373 Bohr   0.0
[INPUT] 57 C      4.297087000000   1.243810000000   1.729000000000 AA    8.120317563429   2.350460250995   3.267336469373 Bohr   0.0
[INPUT] 58 C      3.614084000000   0.000000000000   1.729000000000 AA    6.829628951173   0.000000000000   3.267336469373 Bohr   0.0
[INPUT] 59 C      4.297087000000  -1.243810000000   1.729000000000 AA    8.120317563429  -2.350460250995   3.267336469373 Bohr   0.0
[INPUT] 60 C      3.613965000000  -2.427013000000   1.729000000000 AA    6.829404073764  -4.586389870759   3.267336469373 Bohr   0.0
[INPUT] 61 H      2.002581000000  -4.607417000000   1.729000000000 AA    3.784329632258  -8.706756271665   3.267336469373 Bohr   0.0
[INPUT] 62 H     -0.449580000000  -4.607417000000   1.729000000000 AA   -0.849583071082  -8.706756271665   3.267336469373 Bohr   0.0
[INPUT] 63 H     -2.600600000000  -3.365525000000   1.729000000000 AA   -4.914421759544  -6.359920515377   3.267336469373 Bohr   0.0
[INPUT] 64 H     -3.826680000000  -1.241892000000   1.729000000000 AA   -7.231377166351  -2.346835756288   3.267336469373 Bohr   0.0
[INPUT] 65 H     -3.826680000000   1.241892000000   1.729000000000 AA   -7.231377166351   2.346835756288   3.267336469373 Bohr   0.0
[INPUT] 66 H     -2.600600000000   3.365525000000   1.729000000000 AA   -4.914421759544   6.359920515377   3.267336469373 Bohr   0.0
[INPUT] 67 H     -0.449580000000   4.607417000000   1.729000000000 AA   -0.849583071082   8.706756271665   3.267336469373 Bohr   0.0
[INPUT] 68 H      2.002581000000   4.607417000000   1.729000000000 AA    3.784329632258   8.706756271665   3.267336469373 Bohr   0.0
[INPUT] 69 H      4.153600000000   3.365525000000   1.729000000000 AA    7.849166430993   6.359920515377   3.267336469373 Bohr   0.0
[INPUT] 70 H      5.379680000000   1.241892000000   1.729000000000 AA   10.166121837800   2.346835756288   3.267336469373 Bohr   0.0
[INPUT] 71 H      5.379680000000  -1.241892000000   1.729000000000 AA   10.166121837800  -2.346835756288   3.267336469373 Bohr   0.0
[INPUT] 72 H      4.153600000000  -3.365525000000   1.729000000000 AA    7.849166430993  -6.359920515377   3.267336469373 Bohr   0.0

nuclear repulsion = 6088.17002359266
number of shells = 312
number of NR pGTOs = 1416
number of NR cGTOs = 792
basis = ccpvdz
ecp = {}
CPU time:         0.65


******** <class 'pyscf.df.df_jk.DFRHF'> ********
method = DFRHF
initial guess = chk
damping factor = 0
level_shift factor = 0
DIIS = <class 'pyscf.scf.diis.CDIIS'>
diis_start_cycle = 1
diis_space = 8
diis_damp = 0
SCF conv_tol = 1e-09
SCF conv_tol_grad = None
SCF max_cycles = 50
direct_scf = False
chkfile to save SCF result = ../mf.chk
max_memory 200000 MB (current use 70 MB)
Set gradient conv threshold to 3.16228e-05
init E= -1832.00523770281
  HOMO = -0.242484932636878  LUMO = 0.061411944056011  gap/eV = 8.26946
cycle= 1 E= -1832.00523770276  delta_E= 4.55e-11  |g|= 2.22e-05  |ddm|= 5.28e-05
  HOMO = -0.242483259632475  LUMO = 0.0614137266645392  gap/eV = 8.26946
Extra cycle  E= -1832.00523770273  delta_E= 2.91e-11  |g|= 2.55e-05  |ddm|= 6.05e-05
converged SCF energy = -1832.00523770273
mean-field stability test
rhf_internal: lowest eigs of H = [0.39533965 0.39963787 0.41856057]
<class 'pyscf.df.df_jk.DFRHF'> wavefunction is stable in the internal stability analysis
RHF Energy: -1832.0052377027341, stability True
Reading IAO fragments from ../iao.h5
Loaded 48 IAO fragments: ['C0', 'C1', 'C2', 'C3', 'C4', 'C5', 'C6', 'C7H24', 'C8H25', 'C9', 'C10', 'C11H27', 'C12H26', 'C13H28', 'C14H29', 'C15', 'C16H30', 'C17H31', 'C18', 'C19H32', 'C20H33', 'C21', 'C22H34', 'C23H35', 'C36', 'C37', 'C38', 'C39', 'C40', 'C41', 'C42', 'C43H60', 'C44H61', 'C45', 'C46', 'C47H63', 'C48H62', 'C49H64', 'C50H65', 'C51', 'C52H66', 'C53H67', 'C54', 'C55H68', 'C56H69', 'C57', 'C58H70', 'C59H71']

 ******* LNO-CALCULATION ******* 

LNO THRESHOLD = 3e-06
LNO freezes at least the chemcore orbitals for each element!
LO occ span the occupied MO occ space - True.
MO occ span the occupied LO occ space - False.
Run Fragment range(0, 48)

CPU/GPU pipeline: ON (prefetch depth 1)
  the LNO-MP2/CCSD of the next fragment(s) run on the CPU while the current fragment's AFQMC occupies the GPU


========================= LNO-FRAGMENT [C0] 1/(48,48) ==========================
Fragment Num.  1
Fragment Idx.  1
Fragment Name  C0
LNO THRESHOLD  [3e-05, 3e-06]
PySCF Threads  12
LNO-LAS: 66/156 Occ | 258/636 Vir | 324/792 MOs
LNO-MP2 Fragment Energy:  -0.12448450
LNO-CCSD Fragment Energy: -0.12270029
LNO-CPU time (s):         2305.20 (LAS 20.56 | MP2 52.49 | CCSD 2232.15)
LNO-CPU wait time (s):    2305.20 (0.0% hidden)
Find Density Fit Teonsers in MF object
Integrals will be built by DF Tensors
Calculating Effective Active Space One-electron Integrals
*** Correlation Space Size ***
N Occupied Orbitals: 66
N Active Orbitals:   324
Build effective h0 and h1 time: 57.921893 s
Composing CDERIs from DF
Build CDERI in cLAS time: 19.811004 s
Raw CDERI in LAS shape: (3912, 52650)
Compress CDERI 2 Chol: 1e-05
Compress CDERI time: 10.083470 s
Finished calculating Integrals
LAS Cholesky shape: (2090, 324, 324)
AFQMC script: /u/yzhang65/myprojects/software/afqmc/afqmc/lno_afqmc/script/run_lno_afqmc_pt2ccsd.py

LNO-AFQMC Started
Hostname:     gpue08.delta.ncsa.illinois.edu
System:       Linux
Node:         gpue08.delta.ncsa.illinois.edu
Release:      5.14.0-570.131.1.el9_6.x86_64
Machine:      x86_64
Processor:    x86_64
JAX backend:  GPU
JAX devices:  [CudaDevice(id=0)]
Device kind:  NVIDIA H200
Platform:     gpu

QMC Parameters
eql_time        -         30
n_prop_steps    -         50
n_blocks        -        840
n_walkers       -        300
max_memory      -     400000
mix_precision   -       True
seed            -       2375
walker_type     -        rhf
trial           - pt2ccsd_sto_chol
chol_cost_ratio -       0.16
max_error       -    7.2e-05
dt              -      0.005
n_exp_terms     -          6
n_batch         -          1
nchol_chunk     -        100
free_projection -      False

QMC System
Number of Occ. Orbitals:      66
Number of Act. Orbitals:      324
Number of Chol. Vectors:      2090
Mean-Field Energy:            -1832.00523770
Maximum memory per walker:            1333.33 MB
Maximum number of Cholesky per chunk: 832
Number of Cholesky chunks:            3
Number of Cholesky per chunk:         697
Number of padding Cholesky:           1
Trial:   pt2ccsd_sto_chol(norb=324, nelec=(66, 66), n_batch=1, nchol_chunk=697, mix_precision=True, n_chol_head=0, head_chol_ratio=None, n_chol_samples=None, chol_cost_ratio=0.16, head_sample_ratio=3.0, chol_score_floor=1e-06, chol_uniform_mix=0.01, head_from_guide=False)
Sampler: sampler_pt2_sto_chol(n_prop_steps=50, n_blocks=840, n_chol=2090, frozen_vir=0)

Initalize QMC walkers by HF

Equilibration
Initial Orbital energy: -0.12274
inv_T  nodes      weight      energy     error   runTime
 0.00      0   300.00000  -1832.00150   0.00000     49.86
 3.00      0   317.34172  -1835.06881   0.04120     71.91
 6.00      0   301.91072  -1835.12343   0.03935     88.88
 9.00      0   297.64053  -1835.08404   0.03671    105.10
12.00      0   295.74922  -1835.06390   0.03739    122.00
15.00      0   295.76093  -1835.07530   0.03855    138.50
18.00      0   297.15639  -1835.11892   0.04137    154.70
21.00      0   297.62538  -1835.08306   0.03895    170.95
24.00      0   296.38632  -1835.05495   0.03594    187.17
27.00      0   295.61805  -1835.02237   0.03637    203.47
30.00      0   298.32801  -1835.14721   0.04516    219.80

Sampling Blocks
Target Final Error ~ 0.000072
   N  nodes      weight      E(Guide)     Error     weightp    E_frag     Error      Time
  20      0   297.34545   -1835.08456   0.00924   307.68836  -0.12955   0.00032    365.79
  40      0   297.53797   -1835.08712   0.00800   307.68533  -0.12991   0.00033    482.16
  60      0   296.13938   -1835.08632   0.00648   307.59371  -0.13022   0.00029    597.16
  80      0   297.13489   -1835.08814   0.00547   307.67486  -0.13010   0.00024    710.59
 100      0   299.06674   -1835.08006   0.00519   307.54279  -0.12983   0.00021    826.74
 120      0   296.25534   -1835.08048   0.00465   307.53304  -0.12989   0.00018    939.70
 140      0   295.59530   -1835.08188   0.00405   307.50084  -0.12988   0.00016   1052.85
 160      0   295.01650   -1835.08286   0.00367   307.56291  -0.12993   0.00016   1167.31
 180      0   297.12850   -1835.08202   0.00349   307.69693  -0.12995   0.00016   1282.98
 200      0   295.89379   -1835.07684   0.00343   307.71124  -0.12994   0.00015   1396.02
 220      0   297.55688   -1835.07510   0.00322   307.70315  -0.12988   0.00014   1510.14
 240      0   296.48487   -1835.07624   0.00309   307.69522  -0.12990   0.00013   1623.48
 260      0   297.59892   -1835.07374   0.00297   307.66642  -0.12986   0.00012   1736.71
 280      0   296.55640   -1835.07230   0.00282   307.56877  -0.12991   0.00012   1849.76
 300      0   296.75793   -1835.07227   0.00268   307.48787  -0.12996   0.00012   1964.21
 320      0   295.66679   -1835.07355   0.00258   307.46333  -0.12993   0.00011   2077.79
 340      0   296.73305   -1835.07533   0.00249   307.49491  -0.12994   0.00011   2191.33
 360      0   296.81787   -1835.07625   0.00238   307.50289  -0.12993   0.00010   2306.10
 380      0   297.10765   -1835.07466   0.00231   307.49462  -0.12992   0.00010   2420.64
 400      0   296.49708   -1835.07248   0.00228   307.50722  -0.12987   0.00009   2534.21
 420      0   297.18235   -1835.07331   0.00222   307.55008  -0.12983   0.00009   2647.83
 440      0   295.28239   -1835.07457   0.00220   307.52640  -0.12978   0.00009   2760.84
 460      0   295.29851   -1835.07481   0.00215   307.47295  -0.12979   0.00009   2874.70
 480      0   296.12643   -1835.07491   0.00210   307.46949  -0.12984   0.00009   2987.96
 500      0   296.50070   -1835.07388   0.00205   307.48086  -0.12982   0.00008   3100.96
 520      0   296.92047   -1835.07366   0.00198   307.46978  -0.12981   0.00008   3213.37
 540      0   296.74943   -1835.07413   0.00193   307.48241  -0.12978   0.00008   3329.22
 560      0   295.38975   -1835.07289   0.00192   307.46649  -0.12979   0.00008   3442.47
 580      0   296.74939   -1835.07238   0.00192   307.48639  -0.12978   0.00008   3557.02
 600      0   296.43142   -1835.07205   0.00187   307.49637  -0.12979   0.00008   3670.97
 620      0   295.17701   -1835.07049   0.00187   307.47189  -0.12978   0.00007   3784.18
 640      0   296.54836   -1835.06951   0.00186   307.48062  -0.12976   0.00007   3896.93
 660      0   296.43421   -1835.06879   0.00182   307.49294  -0.12975   0.00007   4010.61
 680      0   296.89129   -1835.06897   0.00180   307.50651  -0.12976   0.00007   4123.76
 700      0   296.24990   -1835.06826   0.00177   307.49505  -0.12978   0.00007   4237.07
 720      0   295.65646   -1835.06939   0.00175   307.48682  -0.12980   0.00007   4352.50
 740      0   296.79047   -1835.07006   0.00173   307.47595  -0.12983   0.00007   4465.78
 760      0   296.79852   -1835.07039   0.00170   307.46978  -0.12983   0.00007   4580.80
 780      0   298.66759   -1835.07007   0.00167   307.45370  -0.12982   0.00007   4695.16
 800      0   296.08046   -1835.07074   0.00166   307.44794  -0.12984   0.00007   4808.39
 820      0   295.96334   -1835.07130   0.00164   307.44240  -0.12983   0.00007   4922.00
 840      0   296.81877   -1835.07194   0.00162   307.43041  -0.12982   0.00006   5035.52

Post Propagation
Total number of samples 840
Remove Outliers
Remove samples outside Zeta > 30
Outlier bound [-0.17937, -0.07980]
Removed 0 Outliers
Outliers Energy []
nsample = 840, max_block_size = 42, min_nblocks = 20
   B    NB    NS  Observable     Error    dError
   1   840   840  -1835.07187   0.00162   0.00004
   2   420   840  -1835.07188   0.00204   0.00007
   3   280   840  -1835.07189   0.00235   0.00010
   4   210   840  -1835.07191   0.00248   0.00012
   5   168   840  -1835.07191   0.00267   0.00015
   6   140   840  -1835.07192   0.00269   0.00016
   7   120   840  -1835.07192   0.00294   0.00019
   8   105   840  -1835.07192   0.00300   0.00021
   9    93   837  -1835.07178   0.00302   0.00022
  10    84   840  -1835.07192   0.00306   0.00024
  11    76   836  -1835.07166   0.00291   0.00024
  12    70   840  -1835.07193   0.00305   0.00026
  13    64   832  -1835.07134   0.00312   0.00028
  14    60   840  -1835.07193   0.00330   0.00030
  15    56   840  -1835.07194   0.00301   0.00029
  16    52   832  -1835.07134   0.00314   0.00031
  17    49   833  -1835.07137   0.00317   0.00032
  18    46   828  -1835.07127   0.00316   0.00033
  19    44   836  -1835.07166   0.00340   0.00037
  20    42   840  -1835.07193   0.00359   0.00040
  21    40   840  -1835.07194   0.00347   0.00039
  22    38   836  -1835.07167   0.00330   0.00038
  23    36   828  -1835.07127   0.00334   0.00040
  24    35   840  -1835.07194   0.00360   0.00044
  25    33   825  -1835.07127   0.00364   0.00045
  26    32   832  -1835.07135   0.00348   0.00044
  27    31   837  -1835.07179   0.00378   0.00049
  28    30   840  -1835.07194   0.00337   0.00044
  29    28   812  -1835.07105   0.00364   0.00050
  30    28   840  -1835.07194   0.00373   0.00051
  31    27   837  -1835.07179   0.00381   0.00053
  32    26   832  -1835.07135   0.00372   0.00053
  33    25   825  -1835.07127   0.00368   0.00053
  34    24   816  -1835.07102   0.00355   0.00052
  35    24   840  -1835.07194   0.00384   0.00057
  36    23   828  -1835.07127   0.00385   0.00058
  37    22   814  -1835.07103   0.00404   0.00062
  38    22   836  -1835.07167   0.00354   0.00055
  39    21   819  -1835.07126   0.00392   0.00062
  40    21   840  -1835.07194   0.00419   0.00066
  41    20   820  -1835.07130   0.00418   0.00068
  42    20   840  -1835.07194   0.00388   0.00063
Fit (variance): plateau_var = 1.235e-05 ± 7.468e-07
Fit (error):    plateau = 0.00351 ± 0.00011
     autocorrelation length ~ 7.0 blocks
     plateau reached at block size ~ 32
nsample = 840, max_block_size = 42, min_nblocks = 20
Blk_SZ   NBlk   NSmp      Energy     Error    dError
     1    840    840    -0.12979   0.00006   0.00000
     2    420    840    -0.12979   0.00007   0.00000
     3    280    840    -0.12980   0.00008   0.00000
     4    210    840    -0.12980   0.00008   0.00000
     5    168    840    -0.12980   0.00009   0.00000
     6    140    840    -0.12980   0.00009   0.00001
     7    120    840    -0.12981   0.00009   0.00001
     8    105    840    -0.12981   0.00009   0.00001
     9     93    837    -0.12981   0.00009   0.00001
    10     84    840    -0.12981   0.00009   0.00001
    11     76    836    -0.12981   0.00009   0.00001
    12     70    840    -0.12981   0.00009   0.00001
    13     64    832    -0.12981   0.00009   0.00001
    14     60    840    -0.12981   0.00009   0.00001
    15     56    840    -0.12982   0.00008   0.00001
    16     52    832    -0.12981   0.00009   0.00001
    17     49    833    -0.12981   0.00010   0.00001
    18     46    828    -0.12982   0.00008   0.00001
    19     44    836    -0.12982   0.00010   0.00001
    20     42    840    -0.12982   0.00009   0.00001
    21     40    840    -0.12982   0.00009   0.00001
    22     38    836    -0.12982   0.00010   0.00001
    23     36    828    -0.12982   0.00009   0.00001
    24     35    840    -0.12981   0.00009   0.00001
    25     33    825    -0.12983   0.00010   0.00001
    26     32    832    -0.12981   0.00010   0.00001
    27     31    837    -0.12982   0.00009   0.00001
    28     30    840    -0.12982   0.00010   0.00001
    29     28    812    -0.12982   0.00010   0.00001
    30     28    840    -0.12982   0.00010   0.00001
    31     27    837    -0.12982   0.00008   0.00001
    32     26    832    -0.12982   0.00010   0.00001
    33     25    825    -0.12983   0.00009   0.00001
    34     24    816    -0.12982   0.00011   0.00002
    35     24    840    -0.12982   0.00009   0.00001
    36     23    828    -0.12982   0.00008   0.00001
    37     22    814    -0.12982   0.00011   0.00002
    38     22    836    -0.12982   0.00009   0.00001
    39     21    819    -0.12982   0.00010   0.00002
    40     21    840    -0.12982   0.00009   0.00001
    41     20    820    -0.12982   0.00009   0.00001
    42     20    840    -0.12982   0.00008   0.00001
Fit (variance): plateau_var = 8.19064e-09 ± 3.21156e-10
Fit (error):    plateau = 0.00009 ± 0.00000
     autocorrelation length ~ 2.4 blocks
     plateau reached at block size ~ 11
Final AFQMC/HF Guiding Energy:      -1835.0719 +/- 0.0035
Final AFQMC/pt2CCSD Orbital Energy: -0.12982 +/- 0.00009
<t1> = weightp/weight = 1.03694
Total run time: 5037.20

AFQMC Sampling Finished

LNO-Integral time (s):    102.74
LNO-AFQMC time (s):       5137.76


========================= LNO-FRAGMENT [C1] 2/(48,48) ==========================
Fragment Num.  2
Fragment Idx.  2
Fragment Name  C1
LNO THRESHOLD  [3e-05, 3e-06]
PySCF Threads  12
LNO-LAS: 70/156 Occ | 265/636 Vir | 335/792 MOs
LNO-MP2 Fragment Energy:  -0.12435291
LNO-CCSD Fragment Energy: -0.12251897
LNO-CPU time (s):         3162.53 (LAS 23.60 | MP2 86.50 | CCSD 3052.42)
LNO-CPU wait time (s):    0.00 (100.0% hidden)
Find Density Fit Teonsers in MF object
Integrals will be built by DF Tensors
Calculating Effective Active Space One-electron Integrals
*** Correlation Space Size ***
N Occupied Orbitals: 70
N Active Orbitals:   335
Build effective h0 and h1 time: 58.251425 s
Composing CDERIs from DF
Build CDERI in cLAS time: 14.511492 s
Raw CDERI in LAS shape: (3912, 56280)
Compress CDERI 2 Chol: 1e-05
Compress CDERI time: 7.724962 s
Finished calculating Integrals
LAS Cholesky shape: (2188, 335, 335)
AFQMC script: /u/yzhang65/myprojects/software/afqmc/afqmc/lno_afqmc/script/run_lno_afqmc_pt2ccsd.py

LNO-AFQMC Started
Hostname:     gpue08.delta.ncsa.illinois.edu
System:       Linux
Node:         gpue08.delta.ncsa.illinois.edu
Release:      5.14.0-570.131.1.el9_6.x86_64
Machine:      x86_64
Processor:    x86_64
JAX backend:  GPU
JAX devices:  [CudaDevice(id=0)]
Device kind:  NVIDIA H200
Platform:     gpu

QMC Parameters
eql_time        -         30
n_prop_steps    -         50
n_blocks        -        840
n_walkers       -        300
max_memory      -     400000
mix_precision   -       True
seed            -       4158
walker_type     -        rhf
trial           - pt2ccsd_sto_chol
chol_cost_ratio -       0.16
max_error       -    7.2e-05
dt              -      0.005
n_exp_terms     -          6
n_batch         -          1
nchol_chunk     -        100
free_projection -      False

QMC System
Number of Occ. Orbitals:      70
Number of Act. Orbitals:      335
Number of Chol. Vectors:      2188
Mean-Field Energy:            -1832.00523770
Maximum memory per walker:            1333.33 MB
Maximum number of Cholesky per chunk: 778
Number of Cholesky chunks:            3
Number of Cholesky per chunk:         730
Number of padding Cholesky:           2
Trial:   pt2ccsd_sto_chol(norb=335, nelec=(70, 70), n_batch=1, nchol_chunk=730, mix_precision=True, n_chol_head=0, head_chol_ratio=None, n_chol_samples=None, chol_cost_ratio=0.16, head_sample_ratio=3.0, chol_score_floor=1e-06, chol_uniform_mix=0.01, head_from_guide=False)
Sampler: sampler_pt2_sto_chol(n_prop_steps=50, n_blocks=840, n_chol=2188, frozen_vir=0)

Initalize QMC walkers by HF

Equilibration
Initial Orbital energy: -0.12254
inv_T  nodes      weight      energy     error   runTime
 0.00      0   300.00000  -1832.00066   0.00000     49.85
 3.00      0   317.49761  -1835.17083   0.04053     75.84
 6.00      0   301.73619  -1835.13308   0.04055     95.42
 9.00      0   298.65929  -1835.20559   0.04055    115.12
12.00      0   297.12229  -1835.26307   0.04365    134.64
15.00      0   297.79180  -1835.29691   0.05723    154.10
18.00      0   297.84616  -1835.12656   0.03730    174.15
21.00      0   296.34173  -1835.19515   0.03740    193.74
24.00      0   297.06303  -1835.19597   0.04137    213.89
27.00      0   296.47615  -1835.15845   0.03817    233.91
30.00      0   296.83315  -1835.11743   0.04043    253.57

Sampling Blocks
Target Final Error ~ 0.000072
   N  nodes      weight      E(Guide)     Error     weightp    E_frag     Error      Time
  20      0   295.41368   -1835.12869   0.00726   307.25673  -0.12956   0.00036    409.59
  40      0   294.99251   -1835.14625   0.00609   307.38237  -0.12971   0.00027    548.74
  60      0   296.45027   -1835.15598   0.00513   307.23782  -0.12979   0.00019    686.57
  80      0   295.39772   -1835.14802   0.00463   307.09668  -0.12997   0.00018    823.73
 100      0   296.10267   -1835.14341   0.00418   307.10516  -0.13007   0.00019    960.91
 120      0   296.75233   -1835.14114   0.00377   307.26037  -0.13004   0.00016   1102.26
 140      0   296.63266   -1835.14375   0.00338   307.29448  -0.13010   0.00015   1239.62
 160      0   296.51273   -1835.14847   0.00348   307.26134  -0.13000   0.00014   1377.56
 180      0   297.17731   -1835.15027   0.00341   307.26174  -0.13004   0.00014   1515.19
 200      0   296.43854   -1835.15491   0.00348   307.26868  -0.13015   0.00013   1653.86
 220      0   296.35966   -1835.15499   0.00326   307.25711  -0.13004   0.00012   1792.04
 240      0   296.38233   -1835.15572   0.00307   307.26936  -0.13002   0.00011   1930.26
 260      0   296.14391   -1835.15571   0.00286   307.25798  -0.13005   0.00011   2068.06
 280      0   295.70680   -1835.15492   0.00271   307.23272  -0.13008   0.00010   2207.96
 300      0   296.66661   -1835.15063   0.00275   307.26156  -0.13000   0.00010   2346.88
 320      0   296.13424   -1835.14996   0.00264   307.28698  -0.13004   0.00010   2484.42
 340      0   296.36715   -1835.15127   0.00255   307.29077  -0.13003   0.00009   2624.98
 360      0   296.04868   -1835.15004   0.00244   307.30138  -0.13001   0.00009   2764.91
 380      0   297.62073   -1835.14834   0.00240   307.30628  -0.13000   0.00009   2902.84
 400      0   296.28270   -1835.14840   0.00233   307.29443  -0.12998   0.00009   3042.31
 420      0   296.38544   -1835.14918   0.00229   307.26137  -0.12995   0.00008   3179.92
 440      0   296.66639   -1835.15012   0.00222   307.26744  -0.12997   0.00008   3318.36
 460      0   295.41247   -1835.15104   0.00216   307.24436  -0.12994   0.00008   3456.11
 480      0   297.05699   -1835.15072   0.00210   307.23385  -0.12995   0.00008   3596.82
 500      0   298.72526   -1835.15073   0.00206   307.24598  -0.12995   0.00008   3736.91
 520      0   296.43470   -1835.15216   0.00204   307.25183  -0.12996   0.00007   3874.63
 540      0   295.50615   -1835.15206   0.00198   307.25108  -0.12999   0.00007   4013.22
 560      0   295.23052   -1835.15177   0.00197   307.23160  -0.13000   0.00008   4152.43
 580      0   296.93878   -1835.15174   0.00195   307.21457  -0.12999   0.00007   4290.93
 600      0   294.56919   -1835.15223   0.00191   307.20119  -0.13001   0.00007   4428.41
 620      0   295.77010   -1835.15110   0.00189   307.21019  -0.13001   0.00007   4567.10
 640      0   297.01494   -1835.14969   0.00188   307.22579  -0.13000   0.00007   4706.45
 660      0   295.61766   -1835.15026   0.00183   307.25251  -0.13000   0.00007   4843.63
 680      0   296.06610   -1835.15021   0.00180   307.26485  -0.13001   0.00007   4980.51
 700      0   296.47159   -1835.14957   0.00178   307.26330  -0.13000   0.00007   5119.23
 720      0   295.30125   -1835.15014   0.00174   307.26080  -0.12999   0.00007   5257.60
 740      0   296.82783   -1835.15038   0.00172   307.25636  -0.13002   0.00007   5396.26
 760      0   297.04736   -1835.15018   0.00168   307.25652  -0.13000   0.00007   5532.80
 780      0   296.70971   -1835.15029   0.00165   307.26938  -0.13001   0.00007   5669.48
 800      0   297.11854   -1835.15035   0.00163   307.25977  -0.12998   0.00007   5807.94
 820      0   296.13393   -1835.15011   0.00161   307.26614  -0.12999   0.00007   5945.89
 840      0   295.50564   -1835.15023   0.00159   307.27532  -0.13000   0.00007   6082.84

Post Propagation
Total number of samples 840
Remove Outliers
Remove samples outside Zeta > 30
Outlier bound [-0.17683, -0.08274]
Removed 0 Outliers
Outliers Energy []
nsample = 840, max_block_size = 42, min_nblocks = 20
   B    NB    NS  Observable     Error    dError
   1   840   840  -1835.15016   0.00159   0.00004
   2   420   840  -1835.15017   0.00198   0.00007
   3   280   840  -1835.15018   0.00225   0.00010
   4   210   840  -1835.15019   0.00240   0.00012
   5   168   840  -1835.15020   0.00251   0.00014
   6   140   840  -1835.15021   0.00257   0.00015
   7   120   840  -1835.15021   0.00262   0.00017
   8   105   840  -1835.15021   0.00271   0.00019
   9    93   837  -1835.15036   0.00279   0.00021
  10    84   840  -1835.15022   0.00280   0.00022
  11    76   836  -1835.15029   0.00293   0.00024
  12    70   840  -1835.15022   0.00294   0.00025
  13    64   832  -1835.15019   0.00289   0.00026
  14    60   840  -1835.15022   0.00303   0.00028
  15    56   840  -1835.15022   0.00303   0.00029
  16    52   832  -1835.15019   0.00308   0.00031
  17    49   833  -1835.15027   0.00318   0.00032
  18    46   828  -1835.15001   0.00309   0.00033
  19    44   836  -1835.15030   0.00325   0.00035
  20    42   840  -1835.15022   0.00339   0.00037
  21    40   840  -1835.15023   0.00309   0.00035
  22    38   836  -1835.15030   0.00337   0.00039
  23    36   828  -1835.15001   0.00322   0.00038
  24    35   840  -1835.15022   0.00341   0.00041
  25    33   825  -1835.15000   0.00341   0.00043
  26    32   832  -1835.15019   0.00345   0.00044
  27    31   837  -1835.15037   0.00328   0.00042
  28    30   840  -1835.15022   0.00355   0.00047
  29    28   812  -1835.15031   0.00365   0.00050
  30    28   840  -1835.15022   0.00342   0.00047
  31    27   837  -1835.15037   0.00378   0.00052
  32    26   832  -1835.15019   0.00348   0.00049
  33    25   825  -1835.15000   0.00364   0.00052
  34    24   816  -1835.15005   0.00388   0.00057
  35    24   840  -1835.15023   0.00385   0.00057
  36    23   828  -1835.15001   0.00332   0.00050
  37    22   814  -1835.15021   0.00339   0.00052
  38    22   836  -1835.15030   0.00380   0.00059
  39    21   819  -1835.15012   0.00370   0.00059
  40    21   840  -1835.15023   0.00373   0.00059
  41    20   820  -1835.15011   0.00344   0.00056
  42    20   840  -1835.15023   0.00333   0.00054
Fit (variance): plateau_var = 1.153e-05 ± 7.529e-07
Fit (error):    plateau = 0.00340 ± 0.00011
     autocorrelation length ~ 7.9 blocks
     plateau reached at block size ~ 36
nsample = 840, max_block_size = 42, min_nblocks = 20
Blk_SZ   NBlk   NSmp      Energy     Error    dError
     1    840    840    -0.12995   0.00006   0.00000
     2    420    840    -0.12996   0.00007   0.00000
     3    280    840    -0.12997   0.00008   0.00000
     4    210    840    -0.12997   0.00008   0.00000
     5    168    840    -0.12998   0.00008   0.00000
     6    140    840    -0.12998   0.00009   0.00001
     7    120    840    -0.12998   0.00008   0.00001
     8    105    840    -0.12998   0.00009   0.00001
     9     93    837    -0.12998   0.00009   0.00001
    10     84    840    -0.12999   0.00009   0.00001
    11     76    836    -0.12998   0.00009   0.00001
    12     70    840    -0.12998   0.00009   0.00001
    13     64    832    -0.12998   0.00009   0.00001
    14     60    840    -0.12999   0.00009   0.00001
    15     56    840    -0.12999   0.00008   0.00001
    16     52    832    -0.12998   0.00009   0.00001
    17     49    833    -0.12998   0.00008   0.00001
    18     46    828    -0.12998   0.00009   0.00001
    19     44    836    -0.12999   0.00009   0.00001
    20     42    840    -0.12999   0.00008   0.00001
    21     40    840    -0.12999   0.00008   0.00001
    22     38    836    -0.12999   0.00009   0.00001
    23     36    828    -0.12998   0.00010   0.00001
    24     35    840    -0.12999   0.00008   0.00001
    25     33    825    -0.12998   0.00009   0.00001
    26     32    832    -0.12999   0.00007   0.00001
    27     31    837    -0.12999   0.00007   0.00001
    28     30    840    -0.12999   0.00010   0.00001
    29     28    812    -0.12998   0.00009   0.00001
    30     28    840    -0.12999   0.00008   0.00001
    31     27    837    -0.12999   0.00009   0.00001
    32     26    832    -0.12999   0.00007   0.00001
    33     25    825    -0.12998   0.00008   0.00001
    34     24    816    -0.12998   0.00009   0.00001
    35     24    840    -0.12999   0.00007   0.00001
    36     23    828    -0.12999   0.00006   0.00001
    37     22    814    -0.12998   0.00006   0.00001
    38     22    836    -0.12999   0.00006   0.00001
    39     21    819    -0.12998   0.00007   0.00001
    40     21    840    -0.12999   0.00007   0.00001
    41     20    820    -0.12998   0.00007   0.00001
    42     20    840    -0.12999   0.00006   0.00001
Fit (variance): plateau_var = 6.57189e-09 ± 2.22201e-10
Fit (error):    plateau = 0.00008 ± 0.00000
     autocorrelation length ~ 1.1 blocks
     plateau reached at block size ~ 5
Final AFQMC/HF Guiding Energy:      -1835.1502 +/- 0.0034
Final AFQMC/pt2CCSD Orbital Energy: -0.13000 +/- 0.00008
<t1> = weightp/weight = 1.03664
Total run time: 6085.27

AFQMC Sampling Finished

LNO-Integral time (s):    95.58
LNO-AFQMC time (s):       6191.92


========================= LNO-FRAGMENT [C2] 3/(48,48) ==========================
Fragment Num.  3
Fragment Idx.  3
Fragment Name  C2
LNO THRESHOLD  [3e-05, 3e-06]
PySCF Threads  12
LNO-LAS: 72/156 Occ | 271/636 Vir | 343/792 MOs
LNO-MP2 Fragment Energy:  -0.12488922
LNO-CCSD Fragment Energy: -0.12297524
LNO-CPU time (s):         3854.84 (LAS 20.05 | MP2 94.40 | CCSD 3740.38)
LNO-CPU wait time (s):    0.00 (100.0% hidden)
Find Density Fit Teonsers in MF object
Integrals will be built by DF Tensors
Calculating Effective Active Space One-electron Integrals
*** Correlation Space Size ***
N Occupied Orbitals: 72
N Active Orbitals:   343
Build effective h0 and h1 time: 65.071781 s
Composing CDERIs from DF
Build CDERI in cLAS time: 17.140159 s
Raw CDERI in LAS shape: (3912, 58996)
Compress CDERI 2 Chol: 1e-05
Compress CDERI time: 8.254260 s
Finished calculating Integrals
LAS Cholesky shape: (2265, 343, 343)
AFQMC script: /u/yzhang65/myprojects/software/afqmc/afqmc/lno_afqmc/script/run_lno_afqmc_pt2ccsd.py

LNO-AFQMC Started
Hostname:     gpue08.delta.ncsa.illinois.edu
System:       Linux
Node:         gpue08.delta.ncsa.illinois.edu
Release:      5.14.0-570.131.1.el9_6.x86_64
Machine:      x86_64
Processor:    x86_64
JAX backend:  GPU
JAX devices:  [CudaDevice(id=0)]
Device kind:  NVIDIA H200
Platform:     gpu

QMC Parameters
eql_time        -         30
n_prop_steps    -         50
n_blocks        -        840
n_walkers       -        300
max_memory      -     400000
mix_precision   -       True
seed            -        727
walker_type     -        rhf
trial           - pt2ccsd_sto_chol
chol_cost_ratio -       0.16
max_error       -    7.2e-05
dt              -      0.005
n_exp_terms     -          6
n_batch         -          1
nchol_chunk     -        100
free_projection -      False

QMC System
Number of Occ. Orbitals:      72
Number of Act. Orbitals:      343
Number of Chol. Vectors:      2265
Mean-Field Energy:            -1832.00523770
Maximum memory per walker:            1333.33 MB
Maximum number of Cholesky per chunk: 742
Number of Cholesky chunks:            4
Number of Cholesky per chunk:         567
Number of padding Cholesky:           3
Trial:   pt2ccsd_sto_chol(norb=343, nelec=(72, 72), n_batch=1, nchol_chunk=567, mix_precision=True, n_chol_head=0, head_chol_ratio=None, n_chol_samples=None, chol_cost_ratio=0.16, head_sample_ratio=3.0, chol_score_floor=1e-06, chol_uniform_mix=0.01, head_from_guide=False)
Sampler: sampler_pt2_sto_chol(n_prop_steps=50, n_blocks=840, n_chol=2265, frozen_vir=0)

Initalize QMC walkers by HF

Equilibration
Initial Orbital energy: -0.12295
inv_T  nodes      weight      energy     error   runTime
 0.00      0   300.00000  -1832.00232   0.00000     53.00
 3.00      0   316.38942  -1835.19027   0.03765     76.67
 6.00      0   300.92989  -1835.14858   0.03620     97.29
 9.00      0   297.03935  -1835.21520   0.04073    118.12
12.00      0   297.69843  -1835.23939   0.03703    138.98
15.00      0   296.39890  -1835.25946   0.03849    159.95
18.00      0   295.16210  -1835.23551   0.04153    180.72
21.00      0   294.92434  -1835.24751   0.04154    202.33
24.00      0   297.15551  -1835.24491   0.03716    223.07
27.00      0   297.81002  -1835.30826   0.04317    243.63
30.00      0   295.77610  -1835.21551   0.03782    264.24

Sampling Blocks
Target Final Error ~ 0.000072
   N  nodes      weight      E(Guide)     Error     weightp    E_frag     Error      Time
  20      0   296.15671   -1835.21847   0.01042   307.86809  -0.13030   0.00038    436.01
  40      0   296.23805   -1835.20732   0.00676   307.97279  -0.13022   0.00026    613.50
  60      0   294.15852   -1835.21693   0.00523   308.07920  -0.13019   0.00020    770.37
  80      0   297.13000   -1835.21785   0.00450   307.99145  -0.13014   0.00017    925.66
 100      0   296.53926   -1835.22150   0.00414   307.96363  -0.13022   0.00016   1082.56
 120      0   297.41685   -1835.21919   0.00419   307.79821  -0.13013   0.00014   1240.20
 140      0   297.12715   -1835.21623   0.00398   307.77286  -0.13006   0.00013   1395.42
 160      0   295.63146   -1835.21711   0.00379   307.78165  -0.13000   0.00012   1550.34
 180      0   296.39570   -1835.22076   0.00355   307.83684  -0.13008   0.00012   1709.84
 200      0   296.99160   -1835.22101   0.00331   307.75807  -0.13005   0.00011   1865.25
 220      0   296.64263   -1835.22091   0.00313   307.72546  -0.13019   0.00012   2019.87
 240      0   295.61795   -1835.22549   0.00319   307.75810  -0.13017   0.00012   2179.38
 260      0   296.84577   -1835.22704   0.00299   307.76190  -0.13013   0.00011   2337.22
 280      0   296.56724   -1835.22799   0.00284   307.78051  -0.13035   0.00013   2492.48
 300      0   294.73366   -1835.22786   0.00270   307.78524  -0.13036   0.00012   2648.30
 320      0   296.40516   -1835.22760   0.00256   307.79763  -0.13039   0.00011   2803.21
 340      0   296.13612   -1835.22845   0.00247   307.80736  -0.13044   0.00011   2960.91
 360      0   296.51880   -1835.23075   0.00247   307.83632  -0.13046   0.00011   3115.58
 380      0   295.76379   -1835.22993   0.00237   307.79149  -0.13047   0.00010   3270.66
 400      0   295.23248   -1835.22875   0.00232   307.80430  -0.13046   0.00010   3425.39
 420      0   296.85297   -1835.22923   0.00226   307.82609  -0.13045   0.00010   3584.46
 440      0   295.02797   -1835.23020   0.00221   307.84153  -0.13043   0.00009   3739.26
 460      0   295.54745   -1835.22965   0.00215   307.84038  -0.13046   0.00009   3894.50
 480      0   296.58444   -1835.22984   0.00213   307.87883  -0.13044   0.00009   4049.29
 500      0   295.11818   -1835.23185   0.00212   307.89250  -0.13044   0.00009   4208.59
 520      0   295.07060   -1835.23306   0.00212   307.89019  -0.13044   0.00009   4363.40
 540      0   295.74792   -1835.23211   0.00207   307.90812  -0.13044   0.00008   4518.53
 560      0   296.30250   -1835.23197   0.00201   307.92169  -0.13043   0.00008   4673.24
 580      0   295.98303   -1835.23166   0.00195   307.89903  -0.13043   0.00008   4832.63
 600      0   296.04515   -1835.23208   0.00192   307.90557  -0.13044   0.00008   4987.42
 620      0   296.77118   -1835.23172   0.00189   307.87746  -0.13044   0.00008   5142.56
 640      0   296.89192   -1835.23128   0.00184   307.85326  -0.13044   0.00008   5297.19
 660      0   296.71344   -1835.23118   0.00181   307.85078  -0.13042   0.00007   5456.53
 680      0   296.68761   -1835.23163   0.00178   307.83544  -0.13041   0.00007   5610.71
 700      0   296.42790   -1835.23188   0.00178   307.80742  -0.13042   0.00007   5765.29
 720      0   295.49544   -1835.23195   0.00176   307.80839  -0.13042   0.00007   5919.36
 740      0   297.75387   -1835.23175   0.00176   307.82323  -0.13046   0.00007   6076.25
 760      0   296.86172   -1835.23142   0.00173   307.83774  -0.13047   0.00007   6231.58
 780      0   296.72598   -1835.23139   0.00170   307.86265  -0.13046   0.00007   6385.96
 800      0   296.02752   -1835.23073   0.00168   307.86872  -0.13046   0.00007   6540.02
 820      0   297.36146   -1835.22993   0.00165   307.87563  -0.13046   0.00007   6696.54
 840      0   298.10590   -1835.22944   0.00164   307.88196  -0.13046   0.00007   6850.67

Post Propagation
Total number of samples 840
Remove Outliers
Remove samples outside Zeta > 30
Outlier bound [-0.18102, -0.07952]
Removed 0 Outliers
Outliers Energy []
nsample = 840, max_block_size = 42, min_nblocks = 20
   B    NB    NS  Observable     Error    dError
   1   840   840  -1835.22937   0.00164   0.00004
   2   420   840  -1835.22938   0.00210   0.00007
   3   280   840  -1835.22940   0.00238   0.00010
   4   210   840  -1835.22940   0.00255   0.00012
   5   168   840  -1835.22941   0.00261   0.00014
   6   140   840  -1835.22941   0.00286   0.00017
   7   120   840  -1835.22942   0.00293   0.00019
   8   105   840  -1835.22943   0.00282   0.00020
   9    93   837  -1835.22942   0.00314   0.00023
  10    84   840  -1835.22943   0.00297   0.00023
  11    76   836  -1835.22948   0.00303   0.00025
  12    70   840  -1835.22943   0.00316   0.00027
  13    64   832  -1835.22979   0.00295   0.00026
  14    60   840  -1835.22943   0.00301   0.00028
  15    56   840  -1835.22943   0.00322   0.00031
  16    52   832  -1835.22979   0.00301   0.00030
  17    49   833  -1835.22972   0.00308   0.00031
  18    46   828  -1835.23007   0.00329   0.00035
  19    44   836  -1835.22949   0.00314   0.00034
  20    42   840  -1835.22944   0.00309   0.00034
  21    40   840  -1835.22944   0.00348   0.00039
  22    38   836  -1835.22949   0.00317   0.00037
  23    36   828  -1835.23007   0.00337   0.00040
  24    35   840  -1835.22944   0.00331   0.00040
  25    33   825  -1835.23006   0.00301   0.00038
  26    32   832  -1835.22979   0.00327   0.00041
  27    31   837  -1835.22944   0.00344   0.00044
  28    30   840  -1835.22944   0.00330   0.00043
  29    28   812  -1835.23016   0.00299   0.00041
  30    28   840  -1835.22944   0.00323   0.00044
  31    27   837  -1835.22944   0.00342   0.00047
  32    26   832  -1835.22980   0.00319   0.00045
  33    25   825  -1835.23006   0.00324   0.00047
  34    24   816  -1835.23002   0.00341   0.00050
  35    24   840  -1835.22944   0.00350   0.00052
  36    23   828  -1835.23007   0.00372   0.00056
  37    22   814  -1835.23007   0.00354   0.00055
  38    22   836  -1835.22949   0.00298   0.00046
  39    21   819  -1835.22993   0.00284   0.00045
  40    21   840  -1835.22944   0.00372   0.00059
  41    20   820  -1835.22993   0.00338   0.00055
  42    20   840  -1835.22944   0.00300   0.00049
Fit (variance): plateau_var = 1.015e-05 ± 4.677e-07
Fit (error):    plateau = 0.00319 ± 0.00007
     autocorrelation length ~ 4.2 blocks
     plateau reached at block size ~ 20
nsample = 840, max_block_size = 42, min_nblocks = 20
Blk_SZ   NBlk   NSmp      Energy     Error    dError
     1    840    840    -0.13042   0.00007   0.00000
     2    420    840    -0.13043   0.00008   0.00000
     3    280    840    -0.13043   0.00009   0.00000
     4    210    840    -0.13044   0.00009   0.00000
     5    168    840    -0.13044   0.00010   0.00001
     6    140    840    -0.13044   0.00010   0.00001
     7    120    840    -0.13044   0.00010   0.00001
     8    105    840    -0.13044   0.00010   0.00001
     9     93    837    -0.13044   0.00011   0.00001
    10     84    840    -0.13045   0.00011   0.00001
    11     76    836    -0.13045   0.00011   0.00001
    12     70    840    -0.13045   0.00010   0.00001
    13     64    832    -0.13045   0.00012   0.00001
    14     60    840    -0.13045   0.00010   0.00001
    15     56    840    -0.13045   0.00010   0.00001
    16     52    832    -0.13045   0.00011   0.00001
    17     49    833    -0.13045   0.00010   0.00001
    18     46    828    -0.13045   0.00010   0.00001
    19     44    836    -0.13046   0.00010   0.00001
    20     42    840    -0.13046   0.00010   0.00001
    21     40    840    -0.13045   0.00011   0.00001
    22     38    836    -0.13045   0.00011   0.00001
    23     36    828    -0.13045   0.00010   0.00001
    24     35    840    -0.13045   0.00010   0.00001
    25     33    825    -0.13046   0.00010   0.00001
    26     32    832    -0.13045   0.00012   0.00002
    27     31    837    -0.13045   0.00011   0.00001
    28     30    840    -0.13045   0.00012   0.00002
    29     28    812    -0.13045   0.00012   0.00002
    30     28    840    -0.13045   0.00008   0.00001
    31     27    837    -0.13046   0.00009   0.00001
    32     26    832    -0.13045   0.00012   0.00002
    33     25    825    -0.13046   0.00012   0.00002
    34     24    816    -0.13046   0.00009   0.00001
    35     24    840    -0.13045   0.00010   0.00001
    36     23    828    -0.13045   0.00011   0.00002
    37     22    814    -0.13046   0.00012   0.00002
    38     22    836    -0.13046   0.00011   0.00002
    39     21    819    -0.13046   0.00010   0.00002
    40     21    840    -0.13045   0.00010   0.00002
    41     20    820    -0.13046   0.00010   0.00002
    42     20    840    -0.13046   0.00011   0.00002
Fit (variance): plateau_var = 1.07168e-08 ± 4.25248e-10
Fit (error):    plateau = 0.00010 ± 0.00000
     autocorrelation length ~ 2.6 blocks
     plateau reached at block size ~ 12
Final AFQMC/HF Guiding Energy:      -1835.2294 +/- 0.0032
Final AFQMC/pt2CCSD Orbital Energy: -0.13046 +/- 0.00010
<t1> = weightp/weight = 1.03930
Total run time: 6853.84

AFQMC Sampling Finished

LNO-Integral time (s):    167.56
LNO-AFQMC time (s):       6965.98


========================= LNO-FRAGMENT [C3] 4/(48,48) ==========================
Fragment Num.  4
Fragment Idx.  4
Fragment Name  C3
LNO THRESHOLD  [3e-05, 3e-06]
PySCF Threads  12
LNO-LAS: 70/156 Occ | 265/636 Vir | 335/792 MOs
LNO-MP2 Fragment Energy:  -0.12435291
LNO-CCSD Fragment Energy: -0.12251897
LNO-CPU time (s):         3145.80 (LAS 19.82 | MP2 87.92 | CCSD 3038.05)
LNO-CPU wait time (s):    0.00 (100.0% hidden)
Find Density Fit Teonsers in MF object
Integrals will be built by DF Tensors
Calculating Effective Active Space One-electron Integrals
*** Correlation Space Size ***
N Occupied Orbitals: 70
N Active Orbitals:   335
Build effective h0 and h1 time: 41.431703 s
Composing CDERIs from DF
Build CDERI in cLAS time: 25.801713 s
Raw CDERI in LAS shape: (3912, 56280)
Compress CDERI 2 Chol: 1e-05
Compress CDERI time: 6.259814 s
Finished calculating Integrals
LAS Cholesky shape: (2188, 335, 335)
AFQMC script: /u/yzhang65/myprojects/software/afqmc/afqmc/lno_afqmc/script/run_lno_afqmc_pt2ccsd.py

LNO-AFQMC Started
Hostname:     gpue08.delta.ncsa.illinois.edu
System:       Linux
Node:         gpue08.delta.ncsa.illinois.edu
Release:      5.14.0-570.131.1.el9_6.x86_64
Machine:      x86_64
Processor:    x86_64
JAX backend:  GPU
JAX devices:  [CudaDevice(id=0)]
Device kind:  NVIDIA H200
Platform:     gpu

QMC Parameters
eql_time        -         30
n_prop_steps    -         50
n_blocks        -        840
n_walkers       -        300
max_memory      -     400000
mix_precision   -       True
seed            -       1752
walker_type     -        rhf
trial           - pt2ccsd_sto_chol
chol_cost_ratio -       0.16
max_error       -    7.2e-05
dt              -      0.005
n_exp_terms     -          6
n_batch         -          1
nchol_chunk     -        100
free_projection -      False

QMC System
Number of Occ. Orbitals:      70
Number of Act. Orbitals:      335
Number of Chol. Vectors:      2188
Mean-Field Energy:            -1832.00523770
Maximum memory per walker:            1333.33 MB
Maximum number of Cholesky per chunk: 778
Number of Cholesky chunks:            3
Number of Cholesky per chunk:         730
Number of padding Cholesky:           2
Trial:   pt2ccsd_sto_chol(norb=335, nelec=(70, 70), n_batch=1, nchol_chunk=730, mix_precision=True, n_chol_head=0, head_chol_ratio=None, n_chol_samples=None, chol_cost_ratio=0.16, head_sample_ratio=3.0, chol_score_floor=1e-06, chol_uniform_mix=0.01, head_from_guide=False)
Sampler: sampler_pt2_sto_chol(n_prop_steps=50, n_blocks=840, n_chol=2188, frozen_vir=0)

Initalize QMC walkers by HF

Equilibration
Initial Orbital energy: -0.12254
inv_T  nodes      weight      energy     error   runTime
 0.00      0   300.00000  -1832.00066   0.00000     56.66
 3.00      0   317.04850  -1835.19417   0.03753     79.89
 6.00      0   303.82826  -1835.23983   0.04650     99.40
 9.00      0   298.40576  -1835.16736   0.03925    119.12
12.00      0   297.68043  -1835.17462   0.03780    140.29
15.00      0   296.89598  -1835.26095   0.04535    159.97
18.00      0   296.32586  -1835.18787   0.03960    179.64
21.00      0   295.63557  -1835.09312   0.03441    199.17
24.00      0   296.73760  -1835.14382   0.04022    218.75
27.00      0   296.60646  -1835.17412   0.03990    238.16
30.00      0   295.45962  -1835.16453   0.03816    257.66

Sampling Blocks
Target Final Error ~ 0.000072
   N  nodes      weight      E(Guide)     Error     weightp    E_frag     Error      Time
  20      0   296.25949   -1835.11352   0.00870   307.26838  -0.12972   0.00026    407.93
  40      0   297.69295   -1835.12589   0.00622   307.78558  -0.12983   0.00025    549.12
  60      0   296.50641   -1835.13843   0.00555   307.82276  -0.13035   0.00028    686.15
  80      0   294.62197   -1835.14493   0.00462   307.59961  -0.13013   0.00023    823.27
 100      0   298.26887   -1835.14543   0.00432   307.54763  -0.13005   0.00021    960.11
 120      0   294.91646   -1835.14935   0.00412   307.34506  -0.13015   0.00018   1102.07
 140      0   296.20374   -1835.15085   0.00400   307.29546  -0.13016   0.00017   1239.34
 160      0   296.73290   -1835.15158   0.00379   307.17579  -0.13025   0.00016   1376.21
 180      0   296.38831   -1835.15246   0.00352   307.16073  -0.13029   0.00015   1514.80
 200      0   296.55205   -1835.15235   0.00322   307.23672  -0.13024   0.00015   1653.67
 220      0   296.70499   -1835.14981   0.00319   307.30853  -0.13027   0.00014   1792.03
 240      0   295.00177   -1835.15033   0.00304   307.31486  -0.13029   0.00013   1929.24
 260      0   296.16984   -1835.14956   0.00294   307.36522  -0.13025   0.00013   2067.48
 280      0   296.59100   -1835.14726   0.00283   307.42502  -0.13018   0.00012   2204.75
 300      0   296.18950   -1835.14279   0.00290   307.40645  -0.13014   0.00012   2344.31
 320      0   296.20523   -1835.14439   0.00282   307.44977  -0.13007   0.00011   2481.07
 340      0   297.95024   -1835.14582   0.00275   307.46395  -0.13007   0.00011   2619.57
 360      0   298.42638   -1835.14738   0.00268   307.45782  -0.13010   0.00010   2756.00
 380      0   295.92532   -1835.14633   0.00257   307.40614  -0.13006   0.00010   2892.37
 400      0   296.16036   -1835.14511   0.00250   307.39517  -0.13006   0.00010   3031.58
 420      0   296.83344   -1835.14371   0.00242   307.37059  -0.13003   0.00010   3168.04
 440      0   297.40682   -1835.14289   0.00233   307.33870  -0.13002   0.00009   3305.74
 460      0   294.54605   -1835.14331   0.00227   307.32705  -0.12999   0.00009   3442.14
 480      0   297.34552   -1835.14304   0.00221   307.33162  -0.13000   0.00009   3581.55
 500      0   297.13060   -1835.14373   0.00216   307.31556  -0.13001   0.00009   3718.42
 520      0   295.86424   -1835.14340   0.00211   307.33220  -0.13000   0.00009   3854.79
 540      0   295.33094   -1835.14394   0.00206   307.35042  -0.13003   0.00008   3991.17
 560      0   296.81548   -1835.14234   0.00204   307.34447  -0.12999   0.00008   4127.46
 580      0   295.68811   -1835.14273   0.00201   307.35336  -0.12999   0.00008   4268.21
 600      0   296.26658   -1835.14313   0.00198   307.34062  -0.12997   0.00008   4404.64
 620      0   295.65301   -1835.14485   0.00196   307.33367  -0.12998   0.00008   4542.24
 640      0   296.70027   -1835.14575   0.00193   307.32574  -0.12996   0.00008   4678.64
 660      0   296.67736   -1835.14535   0.00188   307.30940  -0.12993   0.00007   4816.86
 680      0   295.60527   -1835.14531   0.00184   307.29752  -0.12996   0.00007   4955.23
 700      0   295.21952   -1835.14503   0.00182   307.29013  -0.12994   0.00007   5091.73
 720      0   294.36969   -1835.14579   0.00180   307.30287  -0.12996   0.00007   5228.07
 740      0   296.83335   -1835.14598   0.00176   307.31991  -0.12999   0.00007   5364.54
 760      0   295.53753   -1835.14648   0.00173   307.30085  -0.12998   0.00007   5503.19
 780      0   295.27446   -1835.14655   0.00170   307.29284  -0.12998   0.00007   5639.69
 800      0   295.91217   -1835.14708   0.00169   307.31149  -0.12997   0.00007   5777.93
 820      0   296.85306   -1835.14712   0.00166   307.31136  -0.12997   0.00007   5914.37
 840      0   295.64549   -1835.14717   0.00163   307.30486  -0.12995   0.00006   6052.85

Post Propagation
Total number of samples 840
Remove Outliers
Remove samples outside Zeta > 30
Outlier bound [-0.17962, -0.07970]
Removed 0 Outliers
Outliers Energy []
nsample = 840, max_block_size = 42, min_nblocks = 20
   B    NB    NS  Observable     Error    dError
   1   840   840  -1835.14709   0.00163   0.00004
   2   420   840  -1835.14711   0.00207   0.00007
   3   280   840  -1835.14712   0.00234   0.00010
   4   210   840  -1835.14713   0.00251   0.00012
   5   168   840  -1835.14714   0.00269   0.00015
   6   140   840  -1835.14714   0.00281   0.00017
   7   120   840  -1835.14714   0.00290   0.00019
   8   105   840  -1835.14715   0.00289   0.00020
   9    93   837  -1835.14704   0.00306   0.00023
  10    84   840  -1835.14716   0.00305   0.00024
  11    76   836  -1835.14702   0.00326   0.00027
  12    70   840  -1835.14716   0.00328   0.00028
  13    64   832  -1835.14696   0.00329   0.00029
  14    60   840  -1835.14716   0.00308   0.00028
  15    56   840  -1835.14716   0.00338   0.00032
  16    52   832  -1835.14697   0.00334   0.00033
  17    49   833  -1835.14705   0.00314   0.00032
  18    46   828  -1835.14689   0.00328   0.00035
  19    44   836  -1835.14703   0.00350   0.00038
  20    42   840  -1835.14717   0.00346   0.00038
  21    40   840  -1835.14717   0.00314   0.00036
  22    38   836  -1835.14704   0.00327   0.00038
  23    36   828  -1835.14690   0.00337   0.00040
  24    35   840  -1835.14717   0.00330   0.00040
  25    33   825  -1835.14702   0.00366   0.00046
  26    32   832  -1835.14697   0.00360   0.00046
  27    31   837  -1835.14706   0.00359   0.00046
  28    30   840  -1835.14717   0.00363   0.00048
  29    28   812  -1835.14740   0.00331   0.00045
  30    28   840  -1835.14717   0.00385   0.00052
  31    27   837  -1835.14706   0.00355   0.00049
  32    26   832  -1835.14698   0.00329   0.00047
  33    25   825  -1835.14702   0.00380   0.00055
  34    24   816  -1835.14730   0.00352   0.00052
  35    24   840  -1835.14717   0.00347   0.00051
  36    23   828  -1835.14690   0.00346   0.00052
  37    22   814  -1835.14740   0.00379   0.00059
  38    22   836  -1835.14704   0.00376   0.00058
  39    21   819  -1835.14711   0.00398   0.00063
  40    21   840  -1835.14717   0.00377   0.00060
  41    20   820  -1835.14712   0.00309   0.00050
  42    20   840  -1835.14717   0.00354   0.00057
Fit (variance): plateau_var = 1.183e-05 ± 6.319e-07
Fit (error):    plateau = 0.00344 ± 0.00009
     autocorrelation length ~ 5.9 blocks
     plateau reached at block size ~ 27
nsample = 840, max_block_size = 42, min_nblocks = 20
Blk_SZ   NBlk   NSmp      Energy     Error    dError
     1    840    840    -0.12991   0.00006   0.00000
     2    420    840    -0.12992   0.00007   0.00000
     3    280    840    -0.12992   0.00008   0.00000
     4    210    840    -0.12993   0.00008   0.00000
     5    168    840    -0.12993   0.00008   0.00000
     6    140    840    -0.12993   0.00008   0.00000
     7    120    840    -0.12993   0.00008   0.00001
     8    105    840    -0.12994   0.00009   0.00001
     9     93    837    -0.12994   0.00009   0.00001
    10     84    840    -0.12994   0.00009   0.00001
    11     76    836    -0.12994   0.00009   0.00001
    12     70    840    -0.12994   0.00009   0.00001
    13     64    832    -0.12994   0.00009   0.00001
    14     60    840    -0.12994   0.00009   0.00001
    15     56    840    -0.12994   0.00009   0.00001
    16     52    832    -0.12994   0.00008   0.00001
    17     49    833    -0.12994   0.00010   0.00001
    18     46    828    -0.12995   0.00009   0.00001
    19     44    836    -0.12994   0.00009   0.00001
    20     42    840    -0.12994   0.00009   0.00001
    21     40    840    -0.12994   0.00008   0.00001
    22     38    836    -0.12994   0.00008   0.00001
    23     36    828    -0.12995   0.00009   0.00001
    24     35    840    -0.12995   0.00008   0.00001
    25     33    825    -0.12996   0.00008   0.00001
    26     32    832    -0.12994   0.00009   0.00001
    27     31    837    -0.12995   0.00009   0.00001
    28     30    840    -0.12994   0.00009   0.00001
    29     28    812    -0.12997   0.00009   0.00001
    30     28    840    -0.12995   0.00009   0.00001
    31     27    837    -0.12995   0.00010   0.00001
    32     26    832    -0.12995   0.00009   0.00001
    33     25    825    -0.12996   0.00008   0.00001
    34     24    816    -0.12996   0.00010   0.00001
    35     24    840    -0.12995   0.00009   0.00001
    36     23    828    -0.12996   0.00010   0.00001
    37     22    814    -0.12996   0.00009   0.00001
    38     22    836    -0.12995   0.00007   0.00001
    39     21    819    -0.12996   0.00009   0.00001
    40     21    840    -0.12995   0.00008   0.00001
    41     20    820    -0.12996   0.00009   0.00002
    42     20    840    -0.12995   0.00009   0.00001
Fit (variance): plateau_var = 7.65654e-09 ± 3.00840e-10
Fit (error):    plateau = 0.00009 ± 0.00000
     autocorrelation length ~ 2.4 blocks
     plateau reached at block size ~ 11
Final AFQMC/HF Guiding Energy:      -1835.1472 +/- 0.0034
Final AFQMC/pt2CCSD Orbital Energy: -0.12995 +/- 0.00009
<t1> = weightp/weight = 1.03683
Total run time: 6055.20

AFQMC Sampling Finished

LNO-Integral time (s):    134.46
LNO-AFQMC time (s):       6156.74


========================= LNO-FRAGMENT [C4] 5/(48,48) ==========================
Fragment Num.  5
Fragment Idx.  5
Fragment Name  C4
LNO THRESHOLD  [3e-05, 3e-06]
PySCF Threads  12
LNO-LAS: 66/156 Occ | 258/636 Vir | 324/792 MOs
LNO-MP2 Fragment Energy:  -0.12448450
LNO-CCSD Fragment Energy: -0.12270029
LNO-CPU time (s):         2937.40 (LAS 22.19 | MP2 145.88 | CCSD 2769.32)
LNO-CPU wait time (s):    0.00 (100.0% hidden)
Find Density Fit Teonsers in MF object
Integrals will be built by DF Tensors
Calculating Effective Active Space One-electron Integrals
*** Correlation Space Size ***
N Occupied Orbitals: 66
N Active Orbitals:   324
Build effective h0 and h1 time: 55.229199 s
Composing CDERIs from DF
Build CDERI in cLAS time: 26.416961 s
Raw CDERI in LAS shape: (3912, 52650)
Compress CDERI 2 Chol: 1e-05
Compress CDERI time: 6.644068 s
Finished calculating Integrals
LAS Cholesky shape: (2090, 324, 324)
AFQMC script: /u/yzhang65/myprojects/software/afqmc/afqmc/lno_afqmc/script/run_lno_afqmc_pt2ccsd.py

LNO-AFQMC Started
Hostname:     gpue08.delta.ncsa.illinois.edu
System:       Linux
Node:         gpue08.delta.ncsa.illinois.edu
Release:      5.14.0-570.131.1.el9_6.x86_64
Machine:      x86_64
Processor:    x86_64
JAX backend:  GPU
JAX devices:  [CudaDevice(id=0)]
Device kind:  NVIDIA H200
Platform:     gpu

QMC Parameters
eql_time        -         30
n_prop_steps    -         50
n_blocks        -        840
n_walkers       -        300
max_memory      -     400000
mix_precision   -       True
seed            -       4155
walker_type     -        rhf
trial           - pt2ccsd_sto_chol
chol_cost_ratio -       0.16
max_error       -    7.2e-05
dt              -      0.005
n_exp_terms     -          6
n_batch         -          1
nchol_chunk     -        100
free_projection -      False

QMC System
Number of Occ. Orbitals:      66
Number of Act. Orbitals:      324
Number of Chol. Vectors:      2090
Mean-Field Energy:            -1832.00523770
Maximum memory per walker:            1333.33 MB
Maximum number of Cholesky per chunk: 832
Number of Cholesky chunks:            3
Number of Cholesky per chunk:         697
Number of padding Cholesky:           1
Trial:   pt2ccsd_sto_chol(norb=324, nelec=(66, 66), n_batch=1, nchol_chunk=697, mix_precision=True, n_chol_head=0, head_chol_ratio=None, n_chol_samples=None, chol_cost_ratio=0.16, head_sample_ratio=3.0, chol_score_floor=1e-06, chol_uniform_mix=0.01, head_from_guide=False)
Sampler: sampler_pt2_sto_chol(n_prop_steps=50, n_blocks=840, n_chol=2090, frozen_vir=0)

Initalize QMC walkers by HF

Equilibration
Initial Orbital energy: -0.12274
inv_T  nodes      weight      energy     error   runTime
 0.00      0   300.00000  -1832.00150   0.00000     63.14
 3.00      0   315.41446  -1835.00194   0.03647     83.87
 6.00      0   303.45516  -1835.07050   0.03819    100.31
 9.00      0   298.09718  -1835.09426   0.03854    116.64
12.00      0   295.43259  -1835.06602   0.03850    133.15
15.00      0   297.82838  -1835.09411   0.03724    151.89
18.00      0   296.94425  -1835.10281   0.04297    168.17
21.00      0   296.57053  -1835.05138   0.03909    184.75
24.00      0   296.80385  -1835.04724   0.04115    201.36
27.00      0   296.74235  -1835.05327   0.03697    217.55
30.00      0   297.87397  -1835.14295   0.04044    233.98

Sampling Blocks
Target Final Error ~ 0.000072
   N  nodes      weight      E(Guide)     Error     weightp    E_frag     Error      Time
  20      0   296.56372   -1835.06294   0.00923   306.77398  -0.12945   0.00032    384.76
  40      0   296.59921   -1835.08175   0.00670   307.09950  -0.12978   0.00025    499.83
  60      0   298.10393   -1835.07704   0.00518   307.10366  -0.12973   0.00021    615.41
  80      0   298.19164   -1835.07914   0.00449   307.10813  -0.12972   0.00019    728.18
 100      0   296.27601   -1835.08137   0.00404   307.14146  -0.12957   0.00017    841.00
 120      0   297.82994   -1835.08150   0.00394   307.20134  -0.12944   0.00016    953.94
 140      0   296.86051   -1835.08596   0.00367   307.24393  -0.12959   0.00015   1068.58
 160      0   295.59424   -1835.08504   0.00334   307.23312  -0.12982   0.00015   1182.66
 180      0   296.05822   -1835.08393   0.00312   307.26504  -0.12978   0.00014   1295.14
 200      0   297.65739   -1835.08313   0.00290   307.26445  -0.12974   0.00013   1409.53
 220      0   296.04892   -1835.08207   0.00271   307.27810  -0.12974   0.00012   1522.13
 240      0   296.62712   -1835.07842   0.00269   307.31548  -0.12979   0.00012   1635.07
 260      0   296.68272   -1835.07894   0.00255   307.37442  -0.12969   0.00011   1749.08
 280      0   296.25143   -1835.07993   0.00247   307.35965  -0.12970   0.00011   1862.14
 300      0   297.74456   -1835.07613   0.00259   307.38093  -0.12967   0.00010   1976.73
 320      0   296.94423   -1835.07581   0.00253   307.36643  -0.12969   0.00010   2090.06
 340      0   296.85381   -1835.07496   0.00243   307.31824  -0.12969   0.00010   2203.11
 360      0   295.48323   -1835.07409   0.00234   307.31512  -0.12966   0.00010   2315.65
 380      0   297.11938   -1835.07331   0.00234   307.27716  -0.12963   0.00010   2428.62
 400      0   295.55746   -1835.07245   0.00227   307.26814  -0.12960   0.00010   2543.31
 420      0   298.62452   -1835.07175   0.00221   307.27908  -0.12959   0.00009   2655.85
 440      0   295.69972   -1835.07242   0.00216   307.29330  -0.12962   0.00009   2768.57
 460      0   295.84407   -1835.07274   0.00210   307.27841  -0.12958   0.00009   2881.35
 480      0   296.93730   -1835.07192   0.00207   307.24613  -0.12958   0.00009   2993.51
 500      0   297.20078   -1835.07209   0.00201   307.21702  -0.12956   0.00008   3106.74
 520      0   295.41535   -1835.07155   0.00196   307.21494  -0.12956   0.00008   3221.97
 540      0   297.04922   -1835.07070   0.00191   307.20618  -0.12960   0.00008   3333.94
 560      0   294.54215   -1835.07089   0.00187   307.21738  -0.12961   0.00008   3446.04
 580      0   296.74145   -1835.06925   0.00187   307.22760  -0.12960   0.00008   3558.15
 600      0   295.33578   -1835.06898   0.00185   307.22819  -0.12958   0.00008   3670.09
 620      0   296.84348   -1835.06950   0.00181   307.21988  -0.12959   0.00007   3785.70
 640      0   296.10631   -1835.06943   0.00178   307.22582  -0.12960   0.00007   3899.48
 660      0   295.79584   -1835.06977   0.00175   307.20217  -0.12962   0.00007   4011.74
 680      0   296.13010   -1835.07017   0.00173   307.19003  -0.12962   0.00007   4123.64
 700      0   294.43065   -1835.07049   0.00170   307.16390  -0.12964   0.00007   4235.66
 720      0   296.28138   -1835.07143   0.00170   307.16204  -0.12964   0.00007   4348.98
 740      0   296.51299   -1835.07152   0.00167   307.13997  -0.12967   0.00007   4464.27
 760      0   295.39503   -1835.07109   0.00166   307.12669  -0.12968   0.00007   4576.56
 780      0   296.11283   -1835.07084   0.00164   307.12207  -0.12968   0.00007   4688.64
 800      0   296.08674   -1835.07110   0.00162   307.12390  -0.12967   0.00006   4800.59
 820      0   295.60879   -1835.07080   0.00159   307.14347  -0.12965   0.00006   4912.53
 840      0   297.06914   -1835.07130   0.00157   307.18984  -0.12968   0.00006   5027.75

Post Propagation
Total number of samples 840
Remove Outliers
Remove samples outside Zeta > 30
Outlier bound [-0.17851, -0.08051]
Removed 0 Outliers
Outliers Energy []
nsample = 840, max_block_size = 42, min_nblocks = 20
   B    NB    NS  Observable     Error    dError
   1   840   840  -1835.07123   0.00157   0.00004
   2   420   840  -1835.07125   0.00198   0.00007
   3   280   840  -1835.07126   0.00223   0.00009
   4   210   840  -1835.07126   0.00244   0.00012
   5   168   840  -1835.07127   0.00254   0.00014
   6   140   840  -1835.07127   0.00271   0.00016
   7   120   840  -1835.07128   0.00277   0.00018
   8   105   840  -1835.07128   0.00275   0.00019
   9    93   837  -1835.07125   0.00295   0.00022
  10    84   840  -1835.07128   0.00295   0.00023
  11    76   836  -1835.07121   0.00289   0.00024
  12    70   840  -1835.07129   0.00298   0.00025
  13    64   832  -1835.07121   0.00303   0.00027
  14    60   840  -1835.07129   0.00318   0.00029
  15    56   840  -1835.07129   0.00301   0.00029
  16    52   832  -1835.07121   0.00313   0.00031
  17    49   833  -1835.07125   0.00299   0.00031
  18    46   828  -1835.07095   0.00300   0.00032
  19    44   836  -1835.07122   0.00306   0.00033
  20    42   840  -1835.07130   0.00293   0.00032
  21    40   840  -1835.07130   0.00300   0.00034
  22    38   836  -1835.07122   0.00318   0.00037
  23    36   828  -1835.07096   0.00317   0.00038
  24    35   840  -1835.07130   0.00292   0.00035
  25    33   825  -1835.07082   0.00320   0.00040
  26    32   832  -1835.07122   0.00280   0.00036
  27    31   837  -1835.07127   0.00311   0.00040
  28    30   840  -1835.07130   0.00344   0.00045
  29    28   812  -1835.07094   0.00303   0.00041
  30    28   840  -1835.07130   0.00304   0.00041
  31    27   837  -1835.07127   0.00372   0.00052
  32    26   832  -1835.07123   0.00275   0.00039
  33    25   825  -1835.07082   0.00299   0.00043
  34    24   816  -1835.07102   0.00317   0.00047
  35    24   840  -1835.07130   0.00358   0.00053
  36    23   828  -1835.07096   0.00282   0.00042
  37    22   814  -1835.07108   0.00323   0.00050
  38    22   836  -1835.07123   0.00299   0.00046
  39    21   819  -1835.07084   0.00341   0.00054
  40    21   840  -1835.07130   0.00311   0.00049
  41    20   820  -1835.07080   0.00290   0.00047
  42    20   840  -1835.07130   0.00295   0.00048
Fit (variance): plateau_var = 9.381e-06 ± 4.339e-07
Fit (error):    plateau = 0.00306 ± 0.00007
     autocorrelation length ~ 4.4 blocks
     plateau reached at block size ~ 20
nsample = 840, max_block_size = 42, min_nblocks = 20
Blk_SZ   NBlk   NSmp      Energy     Error    dError
     1    840    840    -0.12965   0.00006   0.00000
     2    420    840    -0.12966   0.00007   0.00000
     3    280    840    -0.12966   0.00008   0.00000
     4    210    840    -0.12966   0.00008   0.00000
     5    168    840    -0.12967   0.00009   0.00000
     6    140    840    -0.12967   0.00009   0.00001
     7    120    840    -0.12967   0.00009   0.00001
     8    105    840    -0.12967   0.00010   0.00001
     9     93    837    -0.12967   0.00009   0.00001
    10     84    840    -0.12968   0.00010   0.00001
    11     76    836    -0.12968   0.00010   0.00001
    12     70    840    -0.12968   0.00010   0.00001
    13     64    832    -0.12967   0.00010   0.00001
    14     60    840    -0.12967   0.00010   0.00001
    15     56    840    -0.12968   0.00009   0.00001
    16     52    832    -0.12967   0.00010   0.00001
    17     49    833    -0.12967   0.00010   0.00001
    18     46    828    -0.12966   0.00008   0.00001
    19     44    836    -0.12968   0.00011   0.00001
    20     42    840    -0.12968   0.00010   0.00001
    21     40    840    -0.12968   0.00010   0.00001
    22     38    836    -0.12968   0.00011   0.00001
    23     36    828    -0.12966   0.00011   0.00001
    24     35    840    -0.12968   0.00010   0.00001
    25     33    825    -0.12965   0.00010   0.00001
    26     32    832    -0.12967   0.00012   0.00001
    27     31    837    -0.12968   0.00010   0.00001
    28     30    840    -0.12968   0.00010   0.00001
    29     28    812    -0.12965   0.00010   0.00001
    30     28    840    -0.12968   0.00010   0.00001
    31     27    837    -0.12968   0.00010   0.00001
    32     26    832    -0.12967   0.00010   0.00001
    33     25    825    -0.12966   0.00010   0.00002
    34     24    816    -0.12965   0.00011   0.00002
    35     24    840    -0.12968   0.00008   0.00001
    36     23    828    -0.12966   0.00008   0.00001
    37     22    814    -0.12965   0.00011   0.00002
    38     22    836    -0.12968   0.00011   0.00002
    39     21    819    -0.12965   0.00012   0.00002
    40     21    840    -0.12968   0.00011   0.00002
    41     20    820    -0.12965   0.00011   0.00002
    42     20    840    -0.12968   0.00010   0.00002
Fit (variance): plateau_var = 9.70771e-09 ± 4.29855e-10
Fit (error):    plateau = 0.00010 ± 0.00000
     autocorrelation length ~ 3.7 blocks
     plateau reached at block size ~ 16
Final AFQMC/HF Guiding Energy:      -1835.0713 +/- 0.0031
Final AFQMC/pt2CCSD Orbital Energy: -0.12968 +/- 0.00010
<t1> = weightp/weight = 1.03626
Total run time: 5030.59

AFQMC Sampling Finished

LNO-Integral time (s):    138.29
LNO-AFQMC time (s):       5147.65


========================= LNO-FRAGMENT [C5] 6/(48,48) ==========================
Fragment Num.  6
Fragment Idx.  6
Fragment Name  C5
LNO THRESHOLD  [3e-05, 3e-06]
PySCF Threads  12
LNO-LAS: 66/156 Occ | 252/636 Vir | 318/792 MOs
LNO-MP2 Fragment Energy:  -0.12405562
LNO-CCSD Fragment Energy: -0.12235517
LNO-CPU time (s):         2842.68 (LAS 20.46 | MP2 108.13 | CCSD 2714.09)
LNO-CPU wait time (s):    0.00 (100.0% hidden)
Find Density Fit Teonsers in MF object
Integrals will be built by DF Tensors
Calculating Effective Active Space One-electron Integrals
*** Correlation Space Size ***
N Occupied Orbitals: 66
N Active Orbitals:   318
Build effective h0 and h1 time: 45.972203 s
Composing CDERIs from DF
Build CDERI in cLAS time: 19.348383 s
Raw CDERI in LAS shape: (3912, 50721)
Compress CDERI 2 Chol: 1e-05
Compress CDERI time: 7.491847 s
Finished calculating Integrals
LAS Cholesky shape: (2058, 318, 318)
AFQMC script: /u/yzhang65/myprojects/software/afqmc/afqmc/lno_afqmc/script/run_lno_afqmc_pt2ccsd.py

LNO-AFQMC Started
Hostname:     gpue08.delta.ncsa.illinois.edu
System:       Linux
Node:         gpue08.delta.ncsa.illinois.edu
Release:      5.14.0-570.131.1.el9_6.x86_64
Machine:      x86_64
Processor:    x86_64
JAX backend:  GPU
JAX devices:  [CudaDevice(id=0)]
Device kind:  NVIDIA H200
Platform:     gpu

QMC Parameters
eql_time        -         30
n_prop_steps    -         50
n_blocks        -        840
n_walkers       -        300
max_memory      -     400000
mix_precision   -       True
seed            -        687
walker_type     -        rhf
trial           - pt2ccsd_sto_chol
chol_cost_ratio -       0.16
max_error       -    7.2e-05
dt              -      0.005
n_exp_terms     -          6
n_batch         -          1
nchol_chunk     -        100
free_projection -      False

QMC System
Number of Occ. Orbitals:      66
Number of Act. Orbitals:      318
Number of Chol. Vectors:      2058
Mean-Field Energy:            -1832.00523770
Maximum memory per walker:            1333.33 MB
Maximum number of Cholesky per chunk: 864
Number of Cholesky chunks:            3
Number of Cholesky per chunk:         686
Number of padding Cholesky:           0
Trial:   pt2ccsd_sto_chol(norb=318, nelec=(66, 66), n_batch=1, nchol_chunk=686, mix_precision=True, n_chol_head=0, head_chol_ratio=None, n_chol_samples=None, chol_cost_ratio=0.16, head_sample_ratio=3.0, chol_score_floor=1e-06, chol_uniform_mix=0.01, head_from_guide=False)
Sampler: sampler_pt2_sto_chol(n_prop_steps=50, n_blocks=840, n_chol=2058, frozen_vir=0)

Initalize QMC walkers by HF

Equilibration
Initial Orbital energy: -0.12234
inv_T  nodes      weight      energy     error   runTime
 0.00      0   300.00000  -1832.00257   0.00000     51.16
 3.00      0   316.38048  -1835.01520   0.05634     73.07
 6.00      0   302.27709  -1835.03765   0.04006     88.50
 9.00      0   296.54734  -1834.99348   0.03482    103.90
12.00      0   297.41309  -1835.04475   0.04117    119.81
15.00      0   295.88712  -1835.01795   0.04452    135.31
18.00      0   296.97160  -1835.00112   0.03803    150.95
21.00      0   298.49413  -1835.08443   0.04148    166.61
24.00      0   293.68540  -1835.00770   0.03957    182.49
27.00      0   296.04287  -1835.08565   0.04619    197.87
30.00      0   297.80109  -1835.05565   0.04044    213.74

Sampling Blocks
Target Final Error ~ 0.000072
   N  nodes      weight      E(Guide)     Error     weightp    E_frag     Error      Time
  20      0   297.00901   -1835.04795   0.00734   306.81544  -0.13083   0.00048    328.33
  40      0   295.73487   -1835.01949   0.00722   306.02780  -0.13005   0.00030    434.59
  60      0   296.03268   -1835.02881   0.00571   305.97195  -0.12968   0.00028    543.63
  80      0   298.26219   -1835.03209   0.00491   306.03375  -0.12954   0.00023    650.75
 100      0   296.47031   -1835.03057   0.00433   306.03192  -0.12948   0.00020    756.44
 120      0   296.89111   -1835.02979   0.00391   306.09162  -0.12968   0.00018    861.69
 140      0   296.51802   -1835.03435   0.00359   306.09348  -0.12966   0.00017    967.84
 160      0   295.49705   -1835.04111   0.00364   306.14323  -0.12977   0.00016   1074.67
 180      0   295.27827   -1835.04064   0.00332   306.14929  -0.12976   0.00015   1181.86
 200      0   296.52953   -1835.03858   0.00315   306.24266  -0.12974   0.00014   1287.33
 220      0   296.98982   -1835.03911   0.00298   306.29030  -0.12969   0.00013   1394.13
 240      0   295.73549   -1835.03706   0.00283   306.32204  -0.12970   0.00013   1499.05
 260      0   296.35904   -1835.03368   0.00279   306.35388  -0.12965   0.00012   1604.06
 280      0   296.85410   -1835.03361   0.00264   306.35925  -0.12960   0.00011   1709.05
 300      0   296.67700   -1835.03282   0.00253   306.36477  -0.12953   0.00011   1815.53
 320      0   296.09632   -1835.03149   0.00244   306.40058  -0.12954   0.00010   1920.55
 340      0   294.88575   -1835.03038   0.00239   306.44242  -0.12942   0.00010   2029.66
 360      0   298.09037   -1835.03036   0.00234   306.48868  -0.12945   0.00010   2134.56
 380      0   297.69359   -1835.03149   0.00226   306.51445  -0.12947   0.00010   2240.04
 400      0   297.06626   -1835.03035   0.00218   306.50574  -0.12942   0.00010   2345.26
 420      0   296.19823   -1835.02889   0.00212   306.50711  -0.12939   0.00009   2451.49
 440      0   298.20490   -1835.02933   0.00204   306.52946  -0.12943   0.00010   2558.46
 460      0   296.23447   -1835.02885   0.00198   306.54885  -0.12942   0.00009   2664.92
 480      0   297.12087   -1835.02973   0.00198   306.55564  -0.12940   0.00009   2769.84
 500      0   296.78345   -1835.02952   0.00197   306.51579  -0.12938   0.00009   2874.90
 520      0   297.82311   -1835.03053   0.00195   306.54068  -0.12942   0.00009   2979.97
 540      0   295.39821   -1835.03190   0.00194   306.52285  -0.12955   0.00010   3086.34
 560      0   296.26390   -1835.03133   0.00191   306.51043  -0.12951   0.00010   3192.57
 580      0   296.48339   -1835.03134   0.00186   306.51791  -0.12948   0.00010   3299.11
 600      0   297.46362   -1835.03193   0.00184   306.50280  -0.12952   0.00009   3404.11
 620      0   297.98781   -1835.03231   0.00181   306.51032  -0.12955   0.00009   3509.41
 640      0   294.62197   -1835.03247   0.00178   306.50302  -0.12954   0.00009   3616.12
 660      0   297.85241   -1835.03283   0.00176   306.52102  -0.12954   0.00009   3721.03
 680      0   296.28244   -1835.03282   0.00172   306.51504  -0.12953   0.00009   3829.12
 700      0   295.80052   -1835.03214   0.00170   306.51446  -0.12952   0.00008   3934.09
 720      0   295.28532   -1835.03153   0.00168   306.51599  -0.12949   0.00008   4039.04
 740      0   297.20143   -1835.03146   0.00164   306.51031  -0.12951   0.00008   4144.07
 760      0   296.08907   -1835.03150   0.00163   306.49385  -0.12950   0.00008   4250.42
 780      0   297.89425   -1835.03300   0.00165   306.48940  -0.12954   0.00008   4355.47
 800      0   297.11465   -1835.03374   0.00164   306.47818  -0.12958   0.00008   4462.66
 820      0   297.48694   -1835.03504   0.00164   306.48358  -0.12956   0.00008   4567.60
 840      0   296.71779   -1835.03493   0.00163   306.47875  -0.12954   0.00008   4672.58

Post Propagation
Total number of samples 840
Remove Outliers
Remove samples outside Zeta > 30
Outlier bound [-0.18418, -0.07419]
Removed 0 Outliers
Outliers Energy []
nsample = 840, max_block_size = 42, min_nblocks = 20
   B    NB    NS  Observable     Error    dError
   1   840   840  -1835.03485   0.00163   0.00004
   2   420   840  -1835.03487   0.00206   0.00007
   3   280   840  -1835.03488   0.00232   0.00010
   4   210   840  -1835.03489   0.00250   0.00012
   5   168   840  -1835.03489   0.00267   0.00015
   6   140   840  -1835.03490   0.00277   0.00017
   7   120   840  -1835.03491   0.00285   0.00018
   8   105   840  -1835.03491   0.00302   0.00021
   9    93   837  -1835.03493   0.00299   0.00022
  10    84   840  -1835.03491   0.00324   0.00025
  11    76   836  -1835.03502   0.00318   0.00026
  12    70   840  -1835.03492   0.00313   0.00027
  13    64   832  -1835.03531   0.00313   0.00028
  14    60   840  -1835.03492   0.00343   0.00032
  15    56   840  -1835.03492   0.00335   0.00032
  16    52   832  -1835.03531   0.00318   0.00031
  17    49   833  -1835.03528   0.00338   0.00034
  18    46   828  -1835.03540   0.00362   0.00038
  19    44   836  -1835.03503   0.00368   0.00040
  20    42   840  -1835.03492   0.00363   0.00040
  21    40   840  -1835.03492   0.00376   0.00043
  22    38   836  -1835.03503   0.00377   0.00044
  23    36   828  -1835.03540   0.00386   0.00046
  24    35   840  -1835.03493   0.00351   0.00043
  25    33   825  -1835.03536   0.00341   0.00043
  26    32   832  -1835.03531   0.00358   0.00045
  27    31   837  -1835.03494   0.00378   0.00049
  28    30   840  -1835.03492   0.00380   0.00050
  29    28   812  -1835.03435   0.00350   0.00048
  30    28   840  -1835.03493   0.00375   0.00051
  31    27   837  -1835.03495   0.00325   0.00045
  32    26   832  -1835.03531   0.00388   0.00055
  33    25   825  -1835.03536   0.00397   0.00057
  34    24   816  -1835.03461   0.00382   0.00056
  35    24   840  -1835.03493   0.00362   0.00053
  36    23   828  -1835.03541   0.00418   0.00063
  37    22   814  -1835.03453   0.00375   0.00058
  38    22   836  -1835.03503   0.00416   0.00064
  39    21   819  -1835.03492   0.00421   0.00067
  40    21   840  -1835.03493   0.00392   0.00062
  41    20   820  -1835.03504   0.00418   0.00068
  42    20   840  -1835.03493   0.00414   0.00067
Fit (variance): plateau_var = 1.373e-05 ± 8.838e-07
Fit (error):    plateau = 0.00371 ± 0.00012
     autocorrelation length ~ 8.0 blocks
     plateau reached at block size ~ 37
nsample = 840, max_block_size = 42, min_nblocks = 20
Blk_SZ   NBlk   NSmp      Energy     Error    dError
     1    840    840    -0.12948   0.00008   0.00000
     2    420    840    -0.12949   0.00010   0.00000
     3    280    840    -0.12950   0.00011   0.00000
     4    210    840    -0.12950   0.00012   0.00001
     5    168    840    -0.12950   0.00012   0.00001
     6    140    840    -0.12950   0.00013   0.00001
     7    120    840    -0.12951   0.00013   0.00001
     8    105    840    -0.12951   0.00014   0.00001
     9     93    837    -0.12951   0.00013   0.00001
    10     84    840    -0.12951   0.00013   0.00001
    11     76    836    -0.12951   0.00015   0.00001
    12     70    840    -0.12952   0.00014   0.00001
    13     64    832    -0.12953   0.00013   0.00001
    14     60    840    -0.12952   0.00012   0.00001
    15     56    840    -0.12952   0.00013   0.00001
    16     52    832    -0.12953   0.00014   0.00001
    17     49    833    -0.12952   0.00014   0.00001
    18     46    828    -0.12954   0.00014   0.00001
    19     44    836    -0.12952   0.00014   0.00002
    20     42    840    -0.12952   0.00015   0.00002
    21     40    840    -0.12952   0.00014   0.00002
    22     38    836    -0.12952   0.00013   0.00002
    23     36    828    -0.12954   0.00013   0.00002
    24     35    840    -0.12953   0.00014   0.00002
    25     33    825    -0.12955   0.00014   0.00002
    26     32    832    -0.12953   0.00015   0.00002
    27     31    837    -0.12952   0.00017   0.00002
    28     30    840    -0.12952   0.00014   0.00002
    29     28    812    -0.12955   0.00014   0.00002
    30     28    840    -0.12952   0.00015   0.00002
    31     27    837    -0.12953   0.00013   0.00002
    32     26    832    -0.12953   0.00016   0.00002
    33     25    825    -0.12955   0.00014   0.00002
    34     24    816    -0.12955   0.00016   0.00002
    35     24    840    -0.12953   0.00013   0.00002
    36     23    828    -0.12954   0.00017   0.00003
    37     22    814    -0.12955   0.00012   0.00002
    38     22    836    -0.12953   0.00015   0.00002
    39     21    819    -0.12955   0.00014   0.00002
    40     21    840    -0.12953   0.00013   0.00002
    41     20    820    -0.12955   0.00013   0.00002
    42     20    840    -0.12953   0.00016   0.00003
Fit (variance): plateau_var = 1.91324e-08 ± 8.56791e-10
Fit (error):    plateau = 0.00014 ± 0.00000
     autocorrelation length ~ 3.8 blocks
     plateau reached at block size ~ 18
Final AFQMC/HF Guiding Energy:      -1835.0349 +/- 0.0037
Final AFQMC/pt2CCSD Orbital Energy: -0.12954 +/- 0.00014
<t1> = weightp/weight = 1.03393
Total run time: 4675.01

AFQMC Sampling Finished

LNO-Integral time (s):    84.77
LNO-AFQMC time (s):       4782.30


========================= LNO-FRAGMENT [C6] 7/(48,48) ==========================
Fragment Num.  7
Fragment Idx.  7
Fragment Name  C6
LNO THRESHOLD  [3e-05, 3e-06]
PySCF Threads  12
LNO-LAS: 68/156 Occ | 258/636 Vir | 326/792 MOs
LNO-MP2 Fragment Energy:  -0.12164523
LNO-CCSD Fragment Energy: -0.12080933
LNO-CPU time (s):         3176.28 (LAS 21.14 | MP2 115.03 | CCSD 3040.11)
LNO-CPU wait time (s):    0.00 (100.0% hidden)
Find Density Fit Teonsers in MF object
Integrals will be built by DF Tensors
Calculating Effective Active Space One-electron Integrals
*** Correlation Space Size ***
N Occupied Orbitals: 68
N Active Orbitals:   326
Build effective h0 and h1 time: 45.187585 s
Composing CDERIs from DF
Build CDERI in cLAS time: 15.515227 s
Raw CDERI in LAS shape: (3912, 53301)
Compress CDERI 2 Chol: 1e-05
Compress CDERI time: 7.787760 s
Finished calculating Integrals
LAS Cholesky shape: (2158, 326, 326)
AFQMC script: /u/yzhang65/myprojects/software/afqmc/afqmc/lno_afqmc/script/run_lno_afqmc_pt2ccsd.py

LNO-AFQMC Started
Hostname:     gpue08.delta.ncsa.illinois.edu
System:       Linux
Node:         gpue08.delta.ncsa.illinois.edu
Release:      5.14.0-570.131.1.el9_6.x86_64
Machine:      x86_64
Processor:    x86_64
JAX backend:  GPU
JAX devices:  [CudaDevice(id=0)]
Device kind:  NVIDIA H200
Platform:     gpu

QMC Parameters
eql_time        -         30
n_prop_steps    -         50
n_blocks        -        840
n_walkers       -        300
max_memory      -     400000
mix_precision   -       True
seed            -       3309
walker_type     -        rhf
trial           - pt2ccsd_sto_chol
chol_cost_ratio -       0.16
max_error       -    7.2e-05
dt              -      0.005
n_exp_terms     -          6
n_batch         -          1
nchol_chunk     -        100
free_projection -      False

QMC System
Number of Occ. Orbitals:      68
Number of Act. Orbitals:      326
Number of Chol. Vectors:      2158
Mean-Field Energy:            -1832.00523770
Maximum memory per walker:            1333.33 MB
Maximum number of Cholesky per chunk: 822
Number of Cholesky chunks:            3
Number of Cholesky per chunk:         720
Number of padding Cholesky:           2
Trial:   pt2ccsd_sto_chol(norb=326, nelec=(68, 68), n_batch=1, nchol_chunk=720, mix_precision=True, n_chol_head=0, head_chol_ratio=None, n_chol_samples=None, chol_cost_ratio=0.16, head_sample_ratio=3.0, chol_score_floor=1e-06, chol_uniform_mix=0.01, head_from_guide=False)
Sampler: sampler_pt2_sto_chol(n_prop_steps=50, n_blocks=840, n_chol=2158, frozen_vir=0)

Initalize QMC walkers by HF

Equilibration
Initial Orbital energy: -0.12078
inv_T  nodes      weight      energy     error   runTime
 0.00      0   300.00000  -1832.00120   0.00000     51.11
 3.00      0   315.96702  -1835.01073   0.03392     74.78
 6.00      0   303.61961  -1835.05009   0.03876     91.83
 9.00      0   297.66799  -1835.10864   0.04368    108.93
12.00      0   296.70335  -1835.07612   0.03678    126.22
15.00      0   296.55875  -1835.02396   0.03971    143.35
18.00      0   297.10387  -1835.03876   0.03415    160.51
21.00      0   296.84546  -1835.12255   0.04143    177.86
24.00      0   296.77289  -1835.05725   0.03776    195.03
27.00      0   297.51338  -1835.06603   0.03870    214.54
30.00      0   296.04641  -1835.07482   0.04238    231.61

Sampling Blocks
Target Final Error ~ 0.000072
   N  nodes      weight      E(Guide)     Error     weightp    E_frag     Error      Time
  20      0   297.67585   -1835.08867   0.00784   307.95935  -0.12802   0.00041    380.13
  40      0   294.93393   -1835.09570   0.00701   307.43649  -0.12817   0.00026    502.52
  60      0   296.25083   -1835.08728   0.00617   307.79017  -0.12788   0.00021    625.31
  80      0   296.44729   -1835.09389   0.00508   308.15480  -0.12802   0.00019    746.92
 100      0   297.20909   -1835.09016   0.00437   308.17824  -0.12788   0.00017    870.58
 120      0   296.25809   -1835.08842   0.00381   308.19175  -0.12796   0.00016    992.36
 140      0   296.10089   -1835.08210   0.00369   308.21377  -0.12811   0.00017   1115.97
 160      0   296.08872   -1835.07891   0.00340   308.28317  -0.12801   0.00015   1238.11
 180      0   296.00313   -1835.07560   0.00319   308.26545  -0.12804   0.00014   1359.50
 200      0   294.72090   -1835.07557   0.00316   308.28755  -0.12801   0.00014   1482.99
 220      0   295.49905   -1835.07114   0.00308   308.29599  -0.12801   0.00013   1604.28
 240      0   295.14599   -1835.07104   0.00323   308.30134  -0.12811   0.00013   1725.62
 260      0   296.89305   -1835.07080   0.00304   308.33181  -0.12808   0.00012   1846.97
 280      0   296.39299   -1835.07265   0.00296   308.37861  -0.12808   0.00012   1968.31
 300      0   296.29000   -1835.07177   0.00281   308.38614  -0.12804   0.00011   2091.73
 320      0   294.99571   -1835.07097   0.00270   308.37436  -0.12805   0.00011   2212.92
 340      0   295.83381   -1835.07265   0.00265   308.40413  -0.12805   0.00010   2335.47
 360      0   294.67697   -1835.07340   0.00255   308.43863  -0.12806   0.00010   2457.14
 380      0   296.00563   -1835.07599   0.00252   308.46503  -0.12810   0.00010   2578.32
 400      0   296.12667   -1835.07524   0.00242   308.45777  -0.12809   0.00009   2702.85
 420      0   295.51186   -1835.07447   0.00235   308.46204  -0.12805   0.00009   2824.06
 440      0   296.63624   -1835.07351   0.00228   308.45362  -0.12800   0.00009   2946.90
 460      0   296.71209   -1835.07318   0.00219   308.46582  -0.12800   0.00009   3068.91
 480      0   297.20689   -1835.07280   0.00213   308.50502  -0.12800   0.00008   3190.18
 500      0   297.65998   -1835.07096   0.00212   308.55226  -0.12797   0.00008   3313.17
 520      0   296.90883   -1835.07018   0.00208   308.54595  -0.12795   0.00008   3434.41
 540      0   296.29407   -1835.07082   0.00205   308.53013  -0.12790   0.00008   3559.37
 560      0   296.23511   -1835.07087   0.00200   308.48894  -0.12787   0.00008   3681.27
 580      0   297.57880   -1835.06942   0.00198   308.47027  -0.12785   0.00008   3802.63
 600      0   295.27962   -1835.06902   0.00196   308.47232  -0.12785   0.00007   3925.43
 620      0   296.75754   -1835.06842   0.00193   308.48413  -0.12785   0.00007   4046.72
 640      0   296.60568   -1835.06762   0.00188   308.48657  -0.12783   0.00007   4171.53
 660      0   297.27831   -1835.06734   0.00185   308.49686  -0.12781   0.00007   4292.85
 680      0   295.83181   -1835.06770   0.00181   308.48819  -0.12781   0.00007   4414.02
 700      0   296.51810   -1835.06777   0.00177   308.48114  -0.12783   0.00007   4536.74
 720      0   296.75162   -1835.06840   0.00173   308.47997  -0.12785   0.00007   4658.42
 740      0   295.94229   -1835.06878   0.00171   308.45238  -0.12784   0.00007   4783.50
 760      0   295.96924   -1835.06908   0.00168   308.41204  -0.12786   0.00007   4904.81
 780      0   296.80378   -1835.07021   0.00167   308.39802  -0.12783   0.00006   5026.09
 800      0   294.32742   -1835.06993   0.00164   308.39719  -0.12781   0.00006   5148.89
 820      0   298.80058   -1835.07001   0.00163   308.42172  -0.12781   0.00006   5271.34
 840      0   296.36742   -1835.07089   0.00162   308.44405  -0.12780   0.00006   5392.88

Post Propagation
Total number of samples 840
Remove Outliers
Remove samples outside Zeta > 30
Outlier bound [-0.17764, -0.07745]
Removed 0 Outliers
Outliers Energy []
nsample = 840, max_block_size = 42, min_nblocks = 20
   B    NB    NS  Observable     Error    dError
   1   840   840  -1835.07081   0.00162   0.00004
   2   420   840  -1835.07083   0.00204   0.00007
   3   280   840  -1835.07084   0.00231   0.00010
   4   210   840  -1835.07085   0.00247   0.00012
   5   168   840  -1835.07086   0.00261   0.00014
   6   140   840  -1835.07086   0.00279   0.00017
   7   120   840  -1835.07087   0.00275   0.00018
   8   105   840  -1835.07086   0.00295   0.00020
   9    93   837  -1835.07086   0.00303   0.00022
  10    84   840  -1835.07087   0.00304   0.00024
  11    76   836  -1835.07088   0.00325   0.00027
  12    70   840  -1835.07087   0.00314   0.00027
  13    64   832  -1835.07084   0.00331   0.00029
  14    60   840  -1835.07088   0.00314   0.00029
  15    56   840  -1835.07088   0.00308   0.00029
  16    52   832  -1835.07084   0.00330   0.00033
  17    49   833  -1835.07089   0.00362   0.00037
  18    46   828  -1835.07035   0.00345   0.00036
  19    44   836  -1835.07089   0.00350   0.00038
  20    42   840  -1835.07088   0.00355   0.00039
  21    40   840  -1835.07088   0.00343   0.00039
  22    38   836  -1835.07090   0.00356   0.00041
  23    36   828  -1835.07035   0.00339   0.00041
  24    35   840  -1835.07088   0.00370   0.00045
  25    33   825  -1835.07026   0.00349   0.00044
  26    32   832  -1835.07085   0.00349   0.00044
  27    31   837  -1835.07087   0.00352   0.00045
  28    30   840  -1835.07088   0.00376   0.00049
  29    28   812  -1835.06982   0.00383   0.00052
  30    28   840  -1835.07089   0.00362   0.00049
  31    27   837  -1835.07087   0.00372   0.00052
  32    26   832  -1835.07085   0.00366   0.00052
  33    25   825  -1835.07027   0.00363   0.00052
  34    24   816  -1835.06968   0.00371   0.00055
  35    24   840  -1835.07089   0.00367   0.00054
  36    23   828  -1835.07035   0.00365   0.00055
  37    22   814  -1835.06969   0.00376   0.00058
  38    22   836  -1835.07090   0.00392   0.00061
  39    21   819  -1835.06983   0.00380   0.00060
  40    21   840  -1835.07089   0.00403   0.00064
  41    20   820  -1835.07001   0.00386   0.00063
  42    20   840  -1835.07089   0.00390   0.00063
Fit (variance): plateau_var = 1.317e-05 ± 8.338e-07
Fit (error):    plateau = 0.00363 ± 0.00011
     autocorrelation length ~ 7.9 blocks
     plateau reached at block size ~ 36
nsample = 840, max_block_size = 42, min_nblocks = 20
Blk_SZ   NBlk   NSmp      Energy     Error    dError
     1    840    840    -0.12776   0.00006   0.00000
     2    420    840    -0.12776   0.00007   0.00000
     3    280    840    -0.12777   0.00008   0.00000
     4    210    840    -0.12777   0.00008   0.00000
     5    168    840    -0.12777   0.00008   0.00000
     6    140    840    -0.12777   0.00008   0.00000
     7    120    840    -0.12778   0.00008   0.00001
     8    105    840    -0.12777   0.00009   0.00001
     9     93    837    -0.12777   0.00008   0.00001
    10     84    840    -0.12778   0.00009   0.00001
    11     76    836    -0.12777   0.00009   0.00001
    12     70    840    -0.12778   0.00009   0.00001
    13     64    832    -0.12778   0.00009   0.00001
    14     60    840    -0.12778   0.00009   0.00001
    15     56    840    -0.12778   0.00009   0.00001
    16     52    832    -0.12779   0.00009   0.00001
    17     49    833    -0.12779   0.00009   0.00001
    18     46    828    -0.12779   0.00009   0.00001
    19     44    836    -0.12778   0.00010   0.00001
    20     42    840    -0.12778   0.00009   0.00001
    21     40    840    -0.12778   0.00010   0.00001
    22     38    836    -0.12778   0.00010   0.00001
    23     36    828    -0.12779   0.00010   0.00001
    24     35    840    -0.12778   0.00010   0.00001
    25     33    825    -0.12779   0.00009   0.00001
    26     32    832    -0.12779   0.00009   0.00001
    27     31    837    -0.12779   0.00010   0.00001
    28     30    840    -0.12778   0.00011   0.00001
    29     28    812    -0.12779   0.00010   0.00001
    30     28    840    -0.12779   0.00010   0.00001
    31     27    837    -0.12778   0.00010   0.00001
    32     26    832    -0.12779   0.00011   0.00002
    33     25    825    -0.12779   0.00010   0.00001
    34     24    816    -0.12779   0.00011   0.00002
    35     24    840    -0.12778   0.00012   0.00002
    36     23    828    -0.12779   0.00010   0.00002
    37     22    814    -0.12778   0.00011   0.00002
    38     22    836    -0.12778   0.00010   0.00002
    39     21    819    -0.12779   0.00010   0.00002
    40     21    840    -0.12779   0.00010   0.00002
    41     20    820    -0.12780   0.00011   0.00002
    42     20    840    -0.12779   0.00011   0.00002
Fit (variance): plateau_var = 1.02869e-08 ± 8.17468e-10
Fit (error):    plateau = 0.00010 ± 0.00000
     autocorrelation length ~ 9.8 blocks
     plateau reached at block size ~ 42
Final AFQMC/HF Guiding Energy:      -1835.0709 +/- 0.0036
Final AFQMC/pt2CCSD Orbital Energy: -0.12780 +/- 0.00010
<t1> = weightp/weight = 1.04089
Total run time: 5396.46

AFQMC Sampling Finished

LNO-Integral time (s):    79.88
LNO-AFQMC time (s):       5508.39


======================== LNO-FRAGMENT [C7H24] 8/(48,48) ========================
Fragment Num.  8
Fragment Idx.  8
Fragment Name  C7H24
LNO THRESHOLD  [3e-05, 3e-06]
PySCF Threads  12
LNO-LAS: 59/156 Occ | 223/636 Vir | 282/792 MOs
LNO-MP2 Fragment Energy:  -0.13510549
LNO-CCSD Fragment Energy: -0.13978054
LNO-CPU time (s):         1388.08 (LAS 23.02 | MP2 54.09 | CCSD 1310.96)
LNO-CPU wait time (s):    0.00 (100.0% hidden)
Find Density Fit Teonsers in MF object
Integrals will be built by DF Tensors
Calculating Effective Active Space One-electron Integrals
*** Correlation Space Size ***
N Occupied Orbitals: 59
N Active Orbitals:   282
Build effective h0 and h1 time: 36.122706 s
Composing CDERIs from DF
Build CDERI in cLAS time: 13.180085 s
Raw CDERI in LAS shape: (3912, 39903)
Compress CDERI 2 Chol: 1e-05
Compress CDERI time: 5.931448 s
Finished calculating Integrals
LAS Cholesky shape: (1961, 282, 282)
AFQMC script: /u/yzhang65/myprojects/software/afqmc/afqmc/lno_afqmc/script/run_lno_afqmc_pt2ccsd.py

LNO-AFQMC Started
Hostname:     gpue08.delta.ncsa.illinois.edu
System:       Linux
Node:         gpue08.delta.ncsa.illinois.edu
Release:      5.14.0-570.131.1.el9_6.x86_64
Machine:      x86_64
Processor:    x86_64
JAX backend:  GPU
JAX devices:  [CudaDevice(id=0)]
Device kind:  NVIDIA H200
Platform:     gpu

QMC Parameters
eql_time        -         30
n_prop_steps    -         50
n_blocks        -        840
n_walkers       -        300
max_memory      -     400000
mix_precision   -       True
seed            -       2687
walker_type     -        rhf
trial           - pt2ccsd_sto_chol
chol_cost_ratio -       0.16
max_error       -    7.2e-05
dt              -      0.005
n_exp_terms     -          6
n_batch         -          1
nchol_chunk     -        100
free_projection -      False

QMC System
Number of Occ. Orbitals:      59
Number of Act. Orbitals:      282
Number of Chol. Vectors:      1961
Mean-Field Energy:            -1832.00523770
Maximum memory per walker:            1333.33 MB
Maximum number of Cholesky per chunk: 1098
Number of Cholesky chunks:            2
Number of Cholesky per chunk:         981
Number of padding Cholesky:           1
Trial:   pt2ccsd_sto_chol(norb=282, nelec=(59, 59), n_batch=1, nchol_chunk=981, mix_precision=True, n_chol_head=0, head_chol_ratio=None, n_chol_samples=None, chol_cost_ratio=0.16, head_sample_ratio=3.0, chol_score_floor=1e-06, chol_uniform_mix=0.01, head_from_guide=False)
Sampler: sampler_pt2_sto_chol(n_prop_steps=50, n_blocks=840, n_chol=1961, frozen_vir=0)

Initalize QMC walkers by HF

Equilibration
Initial Orbital energy: -0.13982
inv_T  nodes      weight      energy     error   runTime
 0.00      0   300.00000  -1832.00132   0.00000     45.11
 3.00      0   312.95390  -1834.46310   0.02947     62.31
 6.00      0   303.30851  -1834.63958   0.03666     74.35
 9.00      0   298.48321  -1834.60627   0.03403     86.08
12.00      0   296.94297  -1834.54995   0.03426     98.01
15.00      0   296.73746  -1834.57432   0.03413    110.22
18.00      0   298.02678  -1834.61402   0.03540    121.91
21.00      0   296.97141  -1834.53971   0.03744    133.89
24.00      0   297.02316  -1834.60397   0.03682    145.87
27.00      0   296.14644  -1834.57361   0.04324    157.97
30.00      0   296.76095  -1834.57181   0.03666    169.97

Sampling Blocks
Target Final Error ~ 0.000072
   N  nodes      weight      E(Guide)     Error     weightp    E_frag     Error      Time
  20      0   296.02893   -1834.56368   0.00791   306.78310  -0.14747   0.00063    248.19
  40      0   297.38979   -1834.57291   0.00585   307.25674  -0.14695   0.00040    316.70
  60      0   297.51187   -1834.57448   0.00535   307.16979  -0.14736   0.00034    386.84
  80      0   297.08420   -1834.57733   0.00456   307.17805  -0.14781   0.00035    455.85
 100      0   297.46121   -1834.57554   0.00392   307.19982  -0.14766   0.00029    523.71
 120      0   297.17942   -1834.57396   0.00385   307.19666  -0.14741   0.00025    591.21
 140      0   296.18892   -1834.57311   0.00350   307.11575  -0.14711   0.00023    658.60
 160      0   297.41210   -1834.57621   0.00335   307.08761  -0.14694   0.00021    726.04
 180      0   295.66902   -1834.58359   0.00345   307.11969  -0.14688   0.00019    793.53
 200      0   296.55277   -1834.58331   0.00323   307.11067  -0.14681   0.00018    861.29
 220      0   295.66614   -1834.58145   0.00302   307.11323  -0.14691   0.00017    931.21
 240      0   297.11084   -1834.58001   0.00289   307.17527  -0.14694   0.00016    999.25
 260      0   298.35845   -1834.58215   0.00280   307.16687  -0.14697   0.00015   1066.85
 280      0   297.59381   -1834.58196   0.00265   307.16432  -0.14694   0.00014   1135.06
 300      0   295.92860   -1834.57911   0.00258   307.12012  -0.14692   0.00013   1203.95
 320      0   296.99774   -1834.57849   0.00245   307.13031  -0.14691   0.00013   1270.88
 340      0   296.58864   -1834.57845   0.00235   307.12400  -0.14690   0.00013   1337.92
 360      0   295.87133   -1834.57886   0.00225   307.12560  -0.14701   0.00013   1404.98
 380      0   298.43477   -1834.57767   0.00223   307.09795  -0.14696   0.00012   1472.29
 400      0   297.32364   -1834.57717   0.00217   307.10095  -0.14690   0.00012   1539.23
 420      0   297.31956   -1834.57793   0.00211   307.10102  -0.14697   0.00012   1609.59
 440      0   296.07282   -1834.57686   0.00205   307.06435  -0.14698   0.00012   1677.82
 460      0   296.52928   -1834.57597   0.00200   307.06520  -0.14703   0.00012   1745.68
 480      0   297.43635   -1834.57642   0.00197   307.05225  -0.14702   0.00011   1812.94
 500      0   295.80401   -1834.57674   0.00191   307.09271  -0.14699   0.00011   1880.60
 520      0   297.98618   -1834.57624   0.00186   307.12654  -0.14694   0.00011   1947.02
 540      0   298.01851   -1834.57690   0.00182   307.12789  -0.14690   0.00011   2013.41
 560      0   297.50889   -1834.57526   0.00184   307.12628  -0.14691   0.00010   2079.86
 580      0   297.65840   -1834.57546   0.00180   307.13806  -0.14694   0.00010   2146.61
 600      0   297.72200   -1834.57539   0.00177   307.12450  -0.14692   0.00010   2213.11
 620      0   296.84685   -1834.57453   0.00174   307.11537  -0.14690   0.00010   2282.89
 640      0   297.65449   -1834.57474   0.00170   307.14511  -0.14690   0.00010   2349.38
 660      0   296.51929   -1834.57449   0.00168   307.14761  -0.14692   0.00009   2415.88
 680      0   295.64034   -1834.57493   0.00165   307.15935  -0.14691   0.00009   2482.36
 700      0   297.46392   -1834.57479   0.00163   307.16698  -0.14695   0.00009   2548.90
 720      0   296.15937   -1834.57452   0.00160   307.17291  -0.14696   0.00009   2615.29
 740      0   296.20812   -1834.57376   0.00157   307.17058  -0.14695   0.00009   2681.76
 760      0   296.85322   -1834.57362   0.00154   307.17533  -0.14699   0.00009   2748.20
 780      0   297.35569   -1834.57237   0.00154   307.19626  -0.14699   0.00009   2814.72
 800      0   298.39343   -1834.57185   0.00152   307.21129  -0.14696   0.00009   2884.70
 820      0   297.05422   -1834.57171   0.00149   307.22699  -0.14695   0.00008   2951.18
 840      0   296.17557   -1834.57100   0.00147   307.24066  -0.14692   0.00008   3017.62

Post Propagation
Total number of samples 840
Remove Outliers
Remove samples outside Zeta > 30
Outlier bound [-0.20833, -0.08488]
Removed 0 Outliers
Outliers Energy []
nsample = 840, max_block_size = 42, min_nblocks = 20
   B    NB    NS  Observable     Error    dError
   1   840   840  -1834.57093   0.00147   0.00004
   2   420   840  -1834.57095   0.00189   0.00007
   3   280   840  -1834.57096   0.00215   0.00009
   4   210   840  -1834.57096   0.00235   0.00012
   5   168   840  -1834.57097   0.00251   0.00014
   6   140   840  -1834.57097   0.00257   0.00015
   7   120   840  -1834.57097   0.00275   0.00018
   8   105   840  -1834.57098   0.00271   0.00019
   9    93   837  -1834.57129   0.00282   0.00021
  10    84   840  -1834.57098   0.00277   0.00021
  11    76   836  -1834.57136   0.00282   0.00023
  12    70   840  -1834.57099   0.00288   0.00025
  13    64   832  -1834.57144   0.00303   0.00027
  14    60   840  -1834.57099   0.00301   0.00028
  15    56   840  -1834.57099   0.00301   0.00029
  16    52   832  -1834.57144   0.00320   0.00032
  17    49   833  -1834.57142   0.00317   0.00032
  18    46   828  -1834.57151   0.00292   0.00031
  19    44   836  -1834.57137   0.00295   0.00032
  20    42   840  -1834.57099   0.00325   0.00036
  21    40   840  -1834.57099   0.00329   0.00037
  22    38   836  -1834.57137   0.00300   0.00035
  23    36   828  -1834.57152   0.00298   0.00036
  24    35   840  -1834.57099   0.00286   0.00035
  25    33   825  -1834.57163   0.00317   0.00040
  26    32   832  -1834.57145   0.00336   0.00043
  27    31   837  -1834.57131   0.00343   0.00044
  28    30   840  -1834.57099   0.00319   0.00042
  29    28   812  -1834.57177   0.00304   0.00041
  30    28   840  -1834.57099   0.00342   0.00046
  31    27   837  -1834.57131   0.00350   0.00049
  32    26   832  -1834.57145   0.00316   0.00045
  33    25   825  -1834.57163   0.00295   0.00043
  34    24   816  -1834.57179   0.00314   0.00046
  35    24   840  -1834.57099   0.00328   0.00048
  36    23   828  -1834.57152   0.00325   0.00049
  37    22   814  -1834.57177   0.00341   0.00053
  38    22   836  -1834.57137   0.00364   0.00056
  39    21   819  -1834.57171   0.00338   0.00053
  40    21   840  -1834.57100   0.00337   0.00053
  41    20   820  -1834.57171   0.00282   0.00046
  42    20   840  -1834.57100   0.00320   0.00052
Fit (variance): plateau_var = 9.812e-06 ± 5.006e-07
Fit (error):    plateau = 0.00313 ± 0.00008
     autocorrelation length ~ 5.4 blocks
     plateau reached at block size ~ 25
nsample = 840, max_block_size = 42, min_nblocks = 20
Blk_SZ   NBlk   NSmp      Energy     Error    dError
     1    840    840    -0.14688   0.00008   0.00000
     2    420    840    -0.14688   0.00010   0.00000
     3    280    840    -0.14689   0.00011   0.00000
     4    210    840    -0.14689   0.00011   0.00001
     5    168    840    -0.14689   0.00012   0.00001
     6    140    840    -0.14690   0.00012   0.00001
     7    120    840    -0.14690   0.00012   0.00001
     8    105    840    -0.14690   0.00012   0.00001
     9     93    837    -0.14691   0.00013   0.00001
    10     84    840    -0.14690   0.00013   0.00001
    11     76    836    -0.14691   0.00013   0.00001
    12     70    840    -0.14691   0.00012   0.00001
    13     64    832    -0.14692   0.00014   0.00001
    14     60    840    -0.14691   0.00012   0.00001
    15     56    840    -0.14691   0.00013   0.00001
    16     52    832    -0.14692   0.00013   0.00001
    17     49    833    -0.14692   0.00014   0.00001
    18     46    828    -0.14692   0.00014   0.00001
    19     44    836    -0.14692   0.00015   0.00002
    20     42    840    -0.14691   0.00015   0.00002
    21     40    840    -0.14691   0.00014   0.00002
    22     38    836    -0.14692   0.00013   0.00001
    23     36    828    -0.14692   0.00013   0.00002
    24     35    840    -0.14692   0.00013   0.00002
    25     33    825    -0.14694   0.00014   0.00002
    26     32    832    -0.14692   0.00015   0.00002
    27     31    837    -0.14692   0.00014   0.00002
    28     30    840    -0.14692   0.00015   0.00002
    29     28    812    -0.14695   0.00014   0.00002
    30     28    840    -0.14691   0.00014   0.00002
    31     27    837    -0.14691   0.00016   0.00002
    32     26    832    -0.14693   0.00013   0.00002
    33     25    825    -0.14694   0.00015   0.00002
    34     24    816    -0.14695   0.00014   0.00002
    35     24    840    -0.14691   0.00013   0.00002
    36     23    828    -0.14692   0.00015   0.00002
    37     22    814    -0.14695   0.00014   0.00002
    38     22    836    -0.14692   0.00015   0.00002
    39     21    819    -0.14694   0.00016   0.00003
    40     21    840    -0.14691   0.00017   0.00003
    41     20    820    -0.14695   0.00016   0.00003
    42     20    840    -0.14692   0.00014   0.00002
Fit (variance): plateau_var = 1.86807e-08 ± 8.96822e-10
Fit (error):    plateau = 0.00014 ± 0.00000
     autocorrelation length ~ 4.3 blocks
     plateau reached at block size ~ 19
Final AFQMC/HF Guiding Energy:      -1834.5710 +/- 0.0031
Final AFQMC/pt2CCSD Orbital Energy: -0.14692 +/- 0.00014
<t1> = weightp/weight = 1.03479
Total run time: 3019.58

AFQMC Sampling Finished

LNO-Integral time (s):    177.18
LNO-AFQMC time (s):       3136.02


======================== LNO-FRAGMENT [C8H25] 9/(48,48) ========================
Fragment Num.  9
Fragment Idx.  9
Fragment Name  C8H25
LNO THRESHOLD  [3e-05, 3e-06]
PySCF Threads  12
LNO-LAS: 59/156 Occ | 226/636 Vir | 285/792 MOs
LNO-MP2 Fragment Energy:  -0.13568955
LNO-CCSD Fragment Energy: -0.14037053
LNO-CPU time (s):         1409.79 (LAS 23.05 | MP2 58.59 | CCSD 1328.14)
LNO-CPU wait time (s):    0.00 (100.0% hidden)
Find Density Fit Teonsers in MF object
Integrals will be built by DF Tensors
Calculating Effective Active Space One-electron Integrals
*** Correlation Space Size ***
N Occupied Orbitals: 59
N Active Orbitals:   285
Build effective h0 and h1 time: 45.063011 s
Composing CDERIs from DF
Build CDERI in cLAS time: 18.350377 s
Raw CDERI in LAS shape: (3912, 40755)
Compress CDERI 2 Chol: 1e-05
Compress CDERI time: 6.313557 s
Finished calculating Integrals
LAS Cholesky shape: (1972, 285, 285)
AFQMC script: /u/yzhang65/myprojects/software/afqmc/afqmc/lno_afqmc/script/run_lno_afqmc_pt2ccsd.py

LNO-AFQMC Started
Hostname:     gpue08.delta.ncsa.illinois.edu
System:       Linux
Node:         gpue08.delta.ncsa.illinois.edu
Release:      5.14.0-570.131.1.el9_6.x86_64
Machine:      x86_64
Processor:    x86_64
JAX backend:  GPU
JAX devices:  [CudaDevice(id=0)]
Device kind:  NVIDIA H200
Platform:     gpu

QMC Parameters
eql_time        -         30
n_prop_steps    -         50
n_blocks        -        840
n_walkers       -        300
max_memory      -     400000
mix_precision   -       True
seed            -       3708
walker_type     -        rhf
trial           - pt2ccsd_sto_chol
chol_cost_ratio -       0.16
max_error       -    7.2e-05
dt              -      0.005
n_exp_terms     -          6
n_batch         -          1
nchol_chunk     -        100
free_projection -      False

QMC System
Number of Occ. Orbitals:      59
Number of Act. Orbitals:      285
Number of Chol. Vectors:      1972
Mean-Field Energy:            -1832.00523770
Maximum memory per walker:            1333.33 MB
Maximum number of Cholesky per chunk: 1075
Number of Cholesky chunks:            2
Number of Cholesky per chunk:         986
Number of padding Cholesky:           0
Trial:   pt2ccsd_sto_chol(norb=285, nelec=(59, 59), n_batch=1, nchol_chunk=986, mix_precision=True, n_chol_head=0, head_chol_ratio=None, n_chol_samples=None, chol_cost_ratio=0.16, head_sample_ratio=3.0, chol_score_floor=1e-06, chol_uniform_mix=0.01, head_from_guide=False)
Sampler: sampler_pt2_sto_chol(n_prop_steps=50, n_blocks=840, n_chol=1972, frozen_vir=0)

Initalize QMC walkers by HF

Equilibration
Initial Orbital energy: -0.14036
inv_T  nodes      weight      energy     error   runTime
 0.00      0   300.00000  -1832.00215   0.00000     45.29
 3.00      0   312.85628  -1834.51328   0.03237     63.89
 6.00      0   301.30607  -1834.55231   0.03331     76.53
 9.00      0   296.58619  -1834.59103   0.03404     89.50
12.00      0   296.29842  -1834.58734   0.03530    102.07
15.00      0   297.63688  -1834.55538   0.03542    114.75
18.00      0   295.87152  -1834.50085   0.03250    128.00
21.00      0   298.18910  -1834.62329   0.03579    140.81
24.00      0   297.33653  -1834.55118   0.03137    153.76
27.00      0   297.13585  -1834.59827   0.03599    166.96
30.00      0   298.05084  -1834.60558   0.03598    179.48

Sampling Blocks
Target Final Error ~ 0.000072
   N  nodes      weight      E(Guide)     Error     weightp    E_frag     Error      Time
  20      0   298.46151   -1834.58242   0.00766   307.45468  -0.14850   0.00043    260.71
  40      0   299.05360   -1834.58027   0.00672   307.76415  -0.14771   0.00031    335.01
  60      0   296.40497   -1834.57779   0.00510   307.63691  -0.14740   0.00025    406.16
  80      0   298.59128   -1834.57370   0.00470   307.92376  -0.14727   0.00021    477.22
 100      0   297.17793   -1834.57431   0.00395   308.01185  -0.14730   0.00019    550.73
 120      0   297.94208   -1834.57604   0.00357   308.01744  -0.14721   0.00017    622.41
 140      0   297.86310   -1834.57586   0.00328   308.14791  -0.14727   0.00016    693.33
 160      0   298.24823   -1834.57565   0.00310   308.31917  -0.14723   0.00014    764.29
 180      0   296.74057   -1834.57973   0.00300   308.33148  -0.14732   0.00015    836.08
 200      0   296.03314   -1834.58262   0.00286   308.30255  -0.14738   0.00014    907.52
 220      0   296.44107   -1834.58216   0.00270   308.25522  -0.14737   0.00013    978.79
 240      0   297.61460   -1834.58276   0.00254   308.23213  -0.14736   0.00013   1050.56
 260      0   298.15670   -1834.58405   0.00245   308.27377  -0.14747   0.00014   1122.37
 280      0   296.60362   -1834.58389   0.00237   308.25114  -0.14752   0.00013   1195.75
 300      0   297.05921   -1834.58232   0.00228   308.21944  -0.14754   0.00013   1267.34
 320      0   298.49291   -1834.58248   0.00219   308.17337  -0.14756   0.00012   1338.48
 340      0   296.31540   -1834.58191   0.00211   308.15172  -0.14756   0.00012   1410.22
 360      0   296.86937   -1834.58092   0.00205   308.11530  -0.14755   0.00012   1481.94
 380      0   295.75336   -1834.58076   0.00199   308.09980  -0.14760   0.00011   1553.36
 400      0   295.03425   -1834.58231   0.00195   308.09703  -0.14763   0.00011   1625.25
 420      0   296.35694   -1834.58252   0.00189   308.08308  -0.14762   0.00011   1696.36
 440      0   296.68194   -1834.58200   0.00183   308.07576  -0.14762   0.00011   1771.20
 460      0   297.37549   -1834.58283   0.00183   308.06699  -0.14766   0.00010   1842.44
 480      0   295.40048   -1834.58329   0.00186   308.05505  -0.14771   0.00010   1913.21
 500      0   296.20375   -1834.58340   0.00182   308.04637  -0.14771   0.00010   1984.42
 520      0   297.95194   -1834.58444   0.00179   308.07588  -0.14772   0.00010   2055.54
 540      0   297.53241   -1834.58469   0.00176   308.07932  -0.14780   0.00011   2126.14
 560      0   297.01813   -1834.58354   0.00174   308.05906  -0.14779   0.00010   2196.78
 580      0   297.49244   -1834.58263   0.00170   308.08347  -0.14773   0.00010   2267.37
 600      0   296.54601   -1834.58184   0.00168   308.08769  -0.14770   0.00010   2337.98
 620      0   296.60792   -1834.58255   0.00167   308.07157  -0.14772   0.00010   2412.19
 640      0   297.18619   -1834.58343   0.00167   308.07016  -0.14767   0.00010   2482.75
 660      0   297.46831   -1834.58547   0.00172   308.08102  -0.14766   0.00010   2553.33
 680      0   294.73857   -1834.58691   0.00173   308.07957  -0.14768   0.00010   2624.02
 700      0   296.07997   -1834.58711   0.00169   308.08491  -0.14768   0.00009   2694.66
 720      0   295.94846   -1834.58724   0.00166   308.06634  -0.14766   0.00009   2765.22
 740      0   298.02629   -1834.58689   0.00164   308.05492  -0.14767   0.00009   2835.88
 760      0   297.13776   -1834.58728   0.00160   308.05461  -0.14766   0.00009   2906.54
 780      0   296.61264   -1834.58705   0.00157   308.05407  -0.14771   0.00009   2977.22
 800      0   297.18029   -1834.58740   0.00155   308.05246  -0.14772   0.00009   3050.01
 820      0   298.41815   -1834.58709   0.00152   308.05438  -0.14770   0.00009   3120.68
 840      0   295.71251   -1834.58678   0.00151   308.05381  -0.14769   0.00009   3191.24

Post Propagation
Total number of samples 840
Remove Outliers
Remove samples outside Zeta > 30
Outlier bound [-0.20520, -0.08933]
Removed 0 Outliers
Outliers Energy []
nsample = 840, max_block_size = 42, min_nblocks = 20
   B    NB    NS  Observable     Error    dError
   1   840   840  -1834.58672   0.00151   0.00004
   2   420   840  -1834.58674   0.00190   0.00007
   3   280   840  -1834.58674   0.00218   0.00009
   4   210   840  -1834.58675   0.00234   0.00011
   5   168   840  -1834.58676   0.00245   0.00013
   6   140   840  -1834.58676   0.00259   0.00016
   7   120   840  -1834.58676   0.00269   0.00017
   8   105   840  -1834.58677   0.00275   0.00019
   9    93   837  -1834.58667   0.00279   0.00021
  10    84   840  -1834.58677   0.00289   0.00022
  11    76   836  -1834.58666   0.00302   0.00025
  12    70   840  -1834.58677   0.00301   0.00026
  13    64   832  -1834.58658   0.00312   0.00028
  14    60   840  -1834.58678   0.00288   0.00026
  15    56   840  -1834.58678   0.00291   0.00028
  16    52   832  -1834.58658   0.00324   0.00032
  17    49   833  -1834.58658   0.00300   0.00031
  18    46   828  -1834.58686   0.00336   0.00035
  19    44   836  -1834.58667   0.00312   0.00034
  20    42   840  -1834.58678   0.00315   0.00035
  21    40   840  -1834.58678   0.00329   0.00037
  22    38   836  -1834.58667   0.00326   0.00038
  23    36   828  -1834.58687   0.00310   0.00037
  24    35   840  -1834.58678   0.00304   0.00037
  25    33   825  -1834.58717   0.00343   0.00043
  26    32   832  -1834.58658   0.00361   0.00046
  27    31   837  -1834.58668   0.00324   0.00042
  28    30   840  -1834.58678   0.00342   0.00045
  29    28   812  -1834.58710   0.00348   0.00047
  30    28   840  -1834.58678   0.00356   0.00049
  31    27   837  -1834.58668   0.00356   0.00049
  32    26   832  -1834.58659   0.00405   0.00057
  33    25   825  -1834.58717   0.00361   0.00052
  34    24   816  -1834.58706   0.00381   0.00056
  35    24   840  -1834.58678   0.00342   0.00050
  36    23   828  -1834.58687   0.00391   0.00059
  37    22   814  -1834.58706   0.00405   0.00062
  38    22   836  -1834.58667   0.00398   0.00061
  39    21   819  -1834.58706   0.00377   0.00060
  40    21   840  -1834.58678   0.00406   0.00064
  41    20   820  -1834.58709   0.00392   0.00064
  42    20   840  -1834.58678   0.00396   0.00064
Fit (variance): plateau_var = 1.178e-05 ± 7.772e-07
Fit (error):    plateau = 0.00343 ± 0.00011
     autocorrelation length ~ 8.1 blocks
     plateau reached at block size ~ 37
nsample = 840, max_block_size = 42, min_nblocks = 20
Blk_SZ   NBlk   NSmp      Energy     Error    dError
     1    840    840    -0.14764   0.00009   0.00000
     2    420    840    -0.14765   0.00010   0.00000
     3    280    840    -0.14766   0.00011   0.00000
     4    210    840    -0.14767   0.00011   0.00001
     5    168    840    -0.14767   0.00012   0.00001
     6    140    840    -0.14767   0.00012   0.00001
     7    120    840    -0.14767   0.00013   0.00001
     8    105    840    -0.14767   0.00012   0.00001
     9     93    837    -0.14768   0.00012   0.00001
    10     84    840    -0.14767   0.00013   0.00001
    11     76    836    -0.14768   0.00013   0.00001
    12     70    840    -0.14768   0.00012   0.00001
    13     64    832    -0.14768   0.00013   0.00001
    14     60    840    -0.14768   0.00013   0.00001
    15     56    840    -0.14768   0.00013   0.00001
    16     52    832    -0.14769   0.00013   0.00001
    17     49    833    -0.14769   0.00013   0.00001
    18     46    828    -0.14768   0.00012   0.00001
    19     44    836    -0.14769   0.00013   0.00001
    20     42    840    -0.14768   0.00013   0.00001
    21     40    840    -0.14769   0.00013   0.00001
    22     38    836    -0.14769   0.00013   0.00002
    23     36    828    -0.14768   0.00013   0.00002
    24     35    840    -0.14769   0.00013   0.00002
    25     33    825    -0.14768   0.00013   0.00002
    26     32    832    -0.14769   0.00013   0.00002
    27     31    837    -0.14769   0.00013   0.00002
    28     30    840    -0.14769   0.00012   0.00002
    29     28    812    -0.14770   0.00012   0.00002
    30     28    840    -0.14769   0.00012   0.00002
    31     27    837    -0.14770   0.00012   0.00002
    32     26    832    -0.14769   0.00015   0.00002
    33     25    825    -0.14769   0.00013   0.00002
    34     24    816    -0.14770   0.00013   0.00002
    35     24    840    -0.14769   0.00014   0.00002
    36     23    828    -0.14768   0.00014   0.00002
    37     22    814    -0.14770   0.00011   0.00002
    38     22    836    -0.14769   0.00014   0.00002
    39     21    819    -0.14769   0.00016   0.00002
    40     21    840    -0.14768   0.00015   0.00002
    41     20    820    -0.14770   0.00013   0.00002
    42     20    840    -0.14769   0.00014   0.00002
Fit (variance): plateau_var = 1.65601e-08 ± 6.83559e-10
Fit (error):    plateau = 0.00013 ± 0.00000
     autocorrelation length ~ 3.0 blocks
     plateau reached at block size ~ 13
Final AFQMC/HF Guiding Energy:      -1834.5868 +/- 0.0034
Final AFQMC/pt2CCSD Orbital Energy: -0.14769 +/- 0.00013
<t1> = weightp/weight = 1.03756
Total run time: 3193.61

AFQMC Sampling Finished

LNO-Integral time (s):    83.41
LNO-AFQMC time (s):       3291.09


========================= LNO-FRAGMENT [C9] 10/(48,48) =========================
Fragment Num.  10
Fragment Idx.  10
Fragment Name  C9
LNO THRESHOLD  [3e-05, 3e-06]
PySCF Threads  12
LNO-LAS: 63/156 Occ | 242/636 Vir | 305/792 MOs
LNO-MP2 Fragment Energy:  -0.12098981
LNO-CCSD Fragment Energy: -0.12034978
LNO-CPU time (s):         2165.46 (LAS 20.19 | MP2 54.55 | CCSD 2090.72)
LNO-CPU wait time (s):    0.00 (100.0% hidden)
Find Density Fit Teonsers in MF object
Integrals will be built by DF Tensors
Calculating Effective Active Space One-electron Integrals
*** Correlation Space Size ***
N Occupied Orbitals: 63
N Active Orbitals:   305
Build effective h0 and h1 time: 43.906614 s
Composing CDERIs from DF
Build CDERI in cLAS time: 18.601820 s
Raw CDERI in LAS shape: (3912, 46665)
Compress CDERI 2 Chol: 1e-05
Compress CDERI time: 7.233236 s
Finished calculating Integrals
LAS Cholesky shape: (2008, 305, 305)
AFQMC script: /u/yzhang65/myprojects/software/afqmc/afqmc/lno_afqmc/script/run_lno_afqmc_pt2ccsd.py

LNO-AFQMC Started
Hostname:     gpue08.delta.ncsa.illinois.edu
System:       Linux
Node:         gpue08.delta.ncsa.illinois.edu
Release:      5.14.0-570.131.1.el9_6.x86_64
Machine:      x86_64
Processor:    x86_64
JAX backend:  GPU
JAX devices:  [CudaDevice(id=0)]
Device kind:  NVIDIA H200
Platform:     gpu

QMC Parameters
eql_time        -         30
n_prop_steps    -         50
n_blocks        -        840
n_walkers       -        300
max_memory      -     400000
mix_precision   -       True
seed            -        817
walker_type     -        rhf
trial           - pt2ccsd_sto_chol
chol_cost_ratio -       0.16
max_error       -    7.2e-05
dt              -      0.005
n_exp_terms     -          6
n_batch         -          1
nchol_chunk     -        100
free_projection -      False

QMC System
Number of Occ. Orbitals:      63
Number of Act. Orbitals:      305
Number of Chol. Vectors:      2008
Mean-Field Energy:            -1832.00523770
Maximum memory per walker:            1333.33 MB
Maximum number of Cholesky per chunk: 939
Number of Cholesky chunks:            3
Number of Cholesky per chunk:         670
Number of padding Cholesky:           2
Trial:   pt2ccsd_sto_chol(norb=305, nelec=(63, 63), n_batch=1, nchol_chunk=670, mix_precision=True, n_chol_head=0, head_chol_ratio=None, n_chol_samples=None, chol_cost_ratio=0.16, head_sample_ratio=3.0, chol_score_floor=1e-06, chol_uniform_mix=0.01, head_from_guide=False)
Sampler: sampler_pt2_sto_chol(n_prop_steps=50, n_blocks=840, n_chol=2008, frozen_vir=0)

Initalize QMC walkers by HF

Equilibration
Initial Orbital energy: -0.12036
inv_T  nodes      weight      energy     error   runTime
 0.00      0   300.00000  -1832.00261   0.00000     45.50
 3.00      0   313.61120  -1834.79417   0.03513     65.07
 6.00      0   302.59880  -1834.86251   0.03741     79.53
 9.00      0   298.37207  -1834.85550   0.03561     94.29
12.00      0   296.84201  -1834.88247   0.03755    108.67
15.00      0   296.84692  -1834.89967   0.04056    123.28
18.00      0   296.83670  -1834.85572   0.03963    138.02
21.00      0   296.08610  -1834.86858   0.03709    152.43
24.00      0   296.69499  -1834.87953   0.03975    167.40
27.00      0   296.90551  -1834.84891   0.03709    181.84
30.00      0   297.00453  -1834.85139   0.03671    196.36

Sampling Blocks
Target Final Error ~ 0.000072
   N  nodes      weight      E(Guide)     Error     weightp    E_frag     Error      Time
  20      0   296.41860   -1834.87896   0.00603   306.56733  -0.12831   0.00036    295.41
  40      0   297.13770   -1834.85623   0.00662   306.69212  -0.12780   0.00027    387.37
  60      0   296.59071   -1834.85720   0.00575   307.04866  -0.12771   0.00020    477.43
  80      0   297.74173   -1834.86816   0.00533   307.25336  -0.12761   0.00018    567.74
 100      0   296.99082   -1834.86765   0.00458   307.25343  -0.12776   0.00019    657.75
 120      0   296.43422   -1834.86739   0.00409   307.31195  -0.12759   0.00017    748.12
 140      0   295.52936   -1834.87052   0.00405   307.32476  -0.12768   0.00016    839.75
 160      0   296.26952   -1834.86605   0.00379   307.29243  -0.12772   0.00016    929.42
 180      0   296.30724   -1834.86438   0.00343   307.25189  -0.12769   0.00015   1018.93
 200      0   297.15365   -1834.86552   0.00316   307.25389  -0.12771   0.00014   1108.44
 220      0   295.69425   -1834.87127   0.00485   307.21054  -0.12759   0.00015   1197.99
 240      0   296.58250   -1834.87037   0.00450   307.26341  -0.12753   0.00014   1287.53
 260      0   296.79007   -1834.87174   0.00422   307.31906  -0.12762   0.00013   1376.94
 280      0   297.19276   -1834.87223   0.00400   307.36518  -0.12755   0.00013   1466.84
 300      0   298.69072   -1834.87271   0.00376   307.42764  -0.12749   0.00012   1559.26
 320      0   297.65236   -1834.87259   0.00356   307.45084  -0.12746   0.00011   1648.70
 340      0   297.02744   -1834.87192   0.00340   307.47930  -0.12746   0.00011   1738.25
 360      0   296.25004   -1834.87219   0.00325   307.52147  -0.12744   0.00010   1827.75
 380      0   297.42461   -1834.87020   0.00315   307.50852  -0.12748   0.00010   1917.20
 400      0   297.70431   -1834.86970   0.00300   307.50286  -0.12747   0.00010   2006.73
 420      0   295.87938   -1834.86986   0.00289   307.51825  -0.12751   0.00010   2096.29
 440      0   294.82413   -1834.86999   0.00279   307.53149  -0.12753   0.00009   2187.40
 460      0   295.76486   -1834.86988   0.00269   307.55657  -0.12753   0.00009   2276.91
 480      0   297.21793   -1834.86927   0.00263   307.57133  -0.12752   0.00009   2366.40
 500      0   295.77316   -1834.86930   0.00255   307.59598  -0.12751   0.00008   2456.06
 520      0   297.14577   -1834.86875   0.00248   307.58758  -0.12751   0.00008   2545.60
 540      0   295.97673   -1834.86960   0.00240   307.59663  -0.12751   0.00008   2635.16
 560      0   296.32342   -1834.86959   0.00233   307.60164  -0.12750   0.00008   2726.12
 580      0   297.05292   -1834.86998   0.00227   307.58950  -0.12747   0.00008   2817.32
 600      0   295.58774   -1834.86924   0.00221   307.57966  -0.12746   0.00008   2906.87
 620      0   296.07213   -1834.86957   0.00216   307.59524  -0.12745   0.00007   2996.31
 640      0   296.66391   -1834.86970   0.00211   307.58641  -0.12744   0.00007   3085.92
 660      0   297.61889   -1834.87123   0.00209   307.55753  -0.12747   0.00007   3175.39
 680      0   296.73343   -1834.87294   0.00209   307.52786  -0.12755   0.00008   3265.12
 700      0   295.64232   -1834.87329   0.00205   307.51338  -0.12756   0.00007   3359.01
 720      0   295.01164   -1834.87345   0.00202   307.49889  -0.12754   0.00007   3448.47
 740      0   296.74124   -1834.87334   0.00197   307.50803  -0.12752   0.00007   3537.95
 760      0   296.83904   -1834.87343   0.00193   307.51918  -0.12752   0.00007   3627.37
 780      0   296.24716   -1834.87453   0.00190   307.53378  -0.12753   0.00007   3716.95
 800      0   296.34916   -1834.87387   0.00187   307.51766  -0.12754   0.00007   3806.73
 820      0   295.72652   -1834.87390   0.00183   307.51589  -0.12755   0.00007   3897.46
 840      0   296.61621   -1834.87342   0.00180   307.51106  -0.12753   0.00007   3986.97

Post Propagation
Total number of samples 840
Remove Outliers
Remove samples outside Zeta > 30
Outlier bound [-0.17467, -0.08003]
Removed 0 Outliers
Outliers Energy []
nsample = 840, max_block_size = 42, min_nblocks = 20
   B    NB    NS  Observable     Error    dError
   1   840   840  -1834.87332   0.00178   0.00004
   2   420   840  -1834.87336   0.00212   0.00007
   3   280   840  -1834.87337   0.00237   0.00010
   4   210   840  -1834.87338   0.00253   0.00012
   5   168   840  -1834.87339   0.00265   0.00014
   6   140   840  -1834.87339   0.00279   0.00017
   7   120   840  -1834.87340   0.00289   0.00019
   8   105   840  -1834.87341   0.00282   0.00020
   9    93   837  -1834.87362   0.00300   0.00022
  10    84   840  -1834.87341   0.00301   0.00023
  11    76   836  -1834.87369   0.00308   0.00025
  12    70   840  -1834.87341   0.00332   0.00028
  13    64   832  -1834.87371   0.00306   0.00027
  14    60   840  -1834.87341   0.00306   0.00028
  15    56   840  -1834.87341   0.00321   0.00031
  16    52   832  -1834.87371   0.00312   0.00031
  17    49   833  -1834.87370   0.00329   0.00034
  18    46   828  -1834.87374   0.00353   0.00037
  19    44   836  -1834.87369   0.00339   0.00037
  20    42   840  -1834.87342   0.00346   0.00038
  21    40   840  -1834.87341   0.00359   0.00041
  22    38   836  -1834.87370   0.00343   0.00040
  23    36   828  -1834.87375   0.00353   0.00042
  24    35   840  -1834.87342   0.00342   0.00042
  25    33   825  -1834.87395   0.00339   0.00042
  26    32   832  -1834.87371   0.00361   0.00046
  27    31   837  -1834.87363   0.00382   0.00049
  28    30   840  -1834.87342   0.00356   0.00047
  29    28   812  -1834.87386   0.00385   0.00052
  30    28   840  -1834.87342   0.00341   0.00046
  31    27   837  -1834.87363   0.00346   0.00048
  32    26   832  -1834.87371   0.00348   0.00049
  33    25   825  -1834.87395   0.00336   0.00049
  34    24   816  -1834.87375   0.00362   0.00053
  35    24   840  -1834.87342   0.00332   0.00049
  36    23   828  -1834.87375   0.00369   0.00056
  37    22   814  -1834.87381   0.00365   0.00056
  38    22   836  -1834.87370   0.00349   0.00054
  39    21   819  -1834.87385   0.00329   0.00052
  40    21   840  -1834.87342   0.00350   0.00055
  41    20   820  -1834.87390   0.00354   0.00057
  42    20   840  -1834.87342   0.00337   0.00055
Fit (variance): plateau_var = 1.207e-05 ± 7.221e-07
Fit (error):    plateau = 0.00347 ± 0.00010
     autocorrelation length ~ 7.1 blocks
     plateau reached at block size ~ 32
nsample = 840, max_block_size = 42, min_nblocks = 20
Blk_SZ   NBlk   NSmp      Energy     Error    dError
     1    840    840    -0.12750   0.00006   0.00000
     2    420    840    -0.12751   0.00008   0.00000
     3    280    840    -0.12751   0.00008   0.00000
     4    210    840    -0.12752   0.00009   0.00000
     5    168    840    -0.12752   0.00009   0.00000
     6    140    840    -0.12752   0.00009   0.00001
     7    120    840    -0.12752   0.00010   0.00001
     8    105    840    -0.12752   0.00009   0.00001
     9     93    837    -0.12752   0.00010   0.00001
    10     84    840    -0.12752   0.00010   0.00001
    11     76    836    -0.12752   0.00011   0.00001
    12     70    840    -0.12752   0.00010   0.00001
    13     64    832    -0.12753   0.00009   0.00001
    14     60    840    -0.12752   0.00011   0.00001
    15     56    840    -0.12753   0.00011   0.00001
    16     52    832    -0.12753   0.00011   0.00001
    17     49    833    -0.12753   0.00010   0.00001
    18     46    828    -0.12754   0.00009   0.00001
    19     44    836    -0.12753   0.00009   0.00001
    20     42    840    -0.12753   0.00011   0.00001
    21     40    840    -0.12752   0.00010   0.00001
    22     38    836    -0.12753   0.00011   0.00001
    23     36    828    -0.12754   0.00010   0.00001
    24     35    840    -0.12753   0.00010   0.00001
    25     33    825    -0.12754   0.00010   0.00001
    26     32    832    -0.12753   0.00010   0.00001
    27     31    837    -0.12752   0.00010   0.00001
    28     30    840    -0.12753   0.00011   0.00001
    29     28    812    -0.12754   0.00011   0.00002
    30     28    840    -0.12753   0.00011   0.00001
    31     27    837    -0.12753   0.00010   0.00001
    32     26    832    -0.12753   0.00011   0.00002
    33     25    825    -0.12755   0.00011   0.00002
    34     24    816    -0.12754   0.00010   0.00002
    35     24    840    -0.12753   0.00010   0.00001
    36     23    828    -0.12754   0.00010   0.00002
    37     22    814    -0.12754   0.00012   0.00002
    38     22    836    -0.12753   0.00010   0.00002
    39     21    819    -0.12755   0.00011   0.00002
    40     21    840    -0.12753   0.00011   0.00002
    41     20    820    -0.12755   0.00011   0.00002
    42     20    840    -0.12753   0.00011   0.00002
Fit (variance): plateau_var = 1.03902e-08 ± 4.57862e-10
Fit (error):    plateau = 0.00010 ± 0.00000
     autocorrelation length ~ 3.6 blocks
     plateau reached at block size ~ 16
Final AFQMC/HF Guiding Energy:      -1834.8734 +/- 0.0035
Final AFQMC/pt2CCSD Orbital Energy: -0.12753 +/- 0.00010
<t1> = weightp/weight = 1.03702
Total run time: 3990.00

AFQMC Sampling Finished

LNO-Integral time (s):    77.97
LNO-AFQMC time (s):       4094.47


======================== LNO-FRAGMENT [C10] 11/(48,48) =========================
Fragment Num.  11
Fragment Idx.  11
Fragment Name  C10
LNO THRESHOLD  [3e-05, 3e-06]
PySCF Threads  12
LNO-LAS: 63/156 Occ | 243/636 Vir | 306/792 MOs
LNO-MP2 Fragment Energy:  -0.12114944
LNO-CCSD Fragment Energy: -0.12055885
LNO-CPU time (s):         2198.34 (LAS 23.23 | MP2 64.46 | CCSD 2110.65)
LNO-CPU wait time (s):    0.00 (100.0% hidden)
Find Density Fit Teonsers in MF object
Integrals will be built by DF Tensors
Calculating Effective Active Space One-electron Integrals
*** Correlation Space Size ***
N Occupied Orbitals: 63
N Active Orbitals:   306
Build effective h0 and h1 time: 48.299195 s
Composing CDERIs from DF
Build CDERI in cLAS time: 17.868267 s
Raw CDERI in LAS shape: (3912, 46971)
Compress CDERI 2 Chol: 1e-05
Compress CDERI time: 7.757985 s
Finished calculating Integrals
LAS Cholesky shape: (2033, 306, 306)
AFQMC script: /u/yzhang65/myprojects/software/afqmc/afqmc/lno_afqmc/script/run_lno_afqmc_pt2ccsd.py

LNO-AFQMC Started
Hostname:     gpue08.delta.ncsa.illinois.edu
System:       Linux
Node:         gpue08.delta.ncsa.illinois.edu
Release:      5.14.0-570.131.1.el9_6.x86_64
Machine:      x86_64
Processor:    x86_64
JAX backend:  GPU
JAX devices:  [CudaDevice(id=0)]
Device kind:  NVIDIA H200
Platform:     gpu

QMC Parameters
eql_time        -         30
n_prop_steps    -         50
n_blocks        -        840
n_walkers       -        300
max_memory      -     400000
mix_precision   -       True
seed            -        982
walker_type     -        rhf
trial           - pt2ccsd_sto_chol
chol_cost_ratio -       0.16
max_error       -    7.2e-05
dt              -      0.005
n_exp_terms     -          6
n_batch         -          1
nchol_chunk     -        100
free_projection -      False

QMC System
Number of Occ. Orbitals:      63
Number of Act. Orbitals:      306
Number of Chol. Vectors:      2033
Mean-Field Energy:            -1832.00523770
Maximum memory per walker:            1333.33 MB
Maximum number of Cholesky per chunk: 933
Number of Cholesky chunks:            3
Number of Cholesky per chunk:         678
Number of padding Cholesky:           1
Trial:   pt2ccsd_sto_chol(norb=306, nelec=(63, 63), n_batch=1, nchol_chunk=678, mix_precision=True, n_chol_head=0, head_chol_ratio=None, n_chol_samples=None, chol_cost_ratio=0.16, head_sample_ratio=3.0, chol_score_floor=1e-06, chol_uniform_mix=0.01, head_from_guide=False)
Sampler: sampler_pt2_sto_chol(n_prop_steps=50, n_blocks=840, n_chol=2033, frozen_vir=0)

Initalize QMC walkers by HF

Equilibration
Initial Orbital energy: -0.12063
inv_T  nodes      weight      energy     error   runTime
 0.00      0   300.00000  -1832.00301   0.00000     44.60
 3.00      0   314.21338  -1834.79943   0.03496     62.36
 6.00      0   302.64296  -1834.91012   0.03805     76.58
 9.00      0   298.55367  -1834.87790   0.03504     90.96
12.00      0   297.89639  -1834.90536   0.03876    105.20
15.00      0   296.81308  -1834.88120   0.03857    119.47
18.00      0   297.13438  -1834.87403   0.04056    133.70
21.00      0   296.97938  -1834.81986   0.03931    147.83
24.00      0   296.24503  -1834.88617   0.03946    162.27
27.00      0   297.22545  -1834.90397   0.03663    176.63
30.00      0   296.37565  -1834.83142   0.03709    191.05

Sampling Blocks
Target Final Error ~ 0.000072
   N  nodes      weight      E(Guide)     Error     weightp    E_frag     Error      Time
  20      0   296.98798   -1834.86469   0.00886   308.50353  -0.12902   0.00068    288.72
  40      0   296.36162   -1834.88441   0.00701   307.86166  -0.12837   0.00043    378.04
  60      0   295.22306   -1834.87152   0.00630   307.60277  -0.12778   0.00032    467.30
  80      0   295.58403   -1834.87429   0.00531   307.78735  -0.12782   0.00025    558.62
 100      0   297.53686   -1834.87845   0.00465   307.86515  -0.12771   0.00022    649.88
 120      0   295.35942   -1834.88105   0.00422   307.89788  -0.12751   0.00019    739.06
 140      0   297.51696   -1834.87703   0.00411   307.88331  -0.12748   0.00017    828.44
 160      0   296.53363   -1834.87437   0.00385   307.88576  -0.12750   0.00015    916.97
 180      0   296.72590   -1834.87800   0.00360   307.89463  -0.12742   0.00014   1005.45
 200      0   294.83620   -1834.88111   0.00338   307.90990  -0.12738   0.00013   1094.11
 220      0   297.31474   -1834.88236   0.00320   307.99297  -0.12738   0.00013   1184.01
 240      0   299.31105   -1834.88102   0.00307   308.02057  -0.12745   0.00012   1274.39
 260      0   296.92103   -1834.87862   0.00296   308.01712  -0.12742   0.00012   1363.29
 280      0   295.06843   -1834.87740   0.00281   308.01787  -0.12748   0.00011   1452.07
 300      0   298.14292   -1834.87637   0.00270   308.06939  -0.12750   0.00011   1540.57
 320      0   295.14262   -1834.87685   0.00259   308.02282  -0.12754   0.00011   1629.07
 340      0   296.87475   -1834.87585   0.00247   307.97479  -0.12750   0.00011   1717.58
 360      0   296.30750   -1834.87569   0.00239   307.96711  -0.12752   0.00010   1808.73
 380      0   296.36831   -1834.87488   0.00229   307.96892  -0.12754   0.00010   1899.47
 400      0   295.49608   -1834.87439   0.00221   307.95329  -0.12758   0.00010   1987.92
 420      0   295.60183   -1834.87423   0.00214   307.91414  -0.12760   0.00009   2076.78
 440      0   296.69176   -1834.87225   0.00211   307.88678  -0.12757   0.00009   2165.31
 460      0   296.10749   -1834.87284   0.00205   307.91368  -0.12751   0.00009   2253.82
 480      0   296.82651   -1834.87284   0.00198   307.95478  -0.12751   0.00009   2342.40
 500      0   296.14349   -1834.87371   0.00194   307.98904  -0.12751   0.00008   2432.10
 520      0   295.83317   -1834.87223   0.00194   308.00227  -0.12750   0.00008   2522.23
 540      0   297.01624   -1834.87100   0.00192   308.03441  -0.12751   0.00008   2610.69
 560      0   296.52068   -1834.87040   0.00188   308.04911  -0.12750   0.00008   2699.50
 580      0   296.25018   -1834.87021   0.00183   308.06004  -0.12748   0.00008   2788.04
 600      0   296.93971   -1834.87025   0.00178   308.04814  -0.12746   0.00008   2876.57
 620      0   296.28790   -1834.87002   0.00174   308.03623  -0.12743   0.00007   2966.11
 640      0   296.08532   -1834.87056   0.00171   308.04290  -0.12744   0.00007   3055.94
 660      0   295.86475   -1834.87007   0.00167   308.03942  -0.12745   0.00007   3145.89
 680      0   297.09120   -1834.86935   0.00165   308.04448  -0.12748   0.00007   3234.35
 700      0   295.86195   -1834.86976   0.00163   308.05175  -0.12747   0.00007   3323.25
 720      0   296.99552   -1834.86943   0.00160   308.06872  -0.12747   0.00007   3411.74
 740      0   296.85790   -1834.87000   0.00158   308.08486  -0.12747   0.00007   3500.23
 760      0   296.85004   -1834.87045   0.00156   308.08389  -0.12749   0.00007   3590.36
 780      0   297.90005   -1834.87080   0.00154   308.09669  -0.12751   0.00007   3680.52
 800      0   296.44787   -1834.87083   0.00151   308.10675  -0.12750   0.00007   3770.48
 820      0   295.87769   -1834.87122   0.00149   308.11206  -0.12747   0.00007   3859.25
 840      0   296.38927   -1834.87129   0.00146   308.13833  -0.12748   0.00006   3947.72

Post Propagation
Total number of samples 840
Remove Outliers
Remove samples outside Zeta > 30
Outlier bound [-0.17610, -0.07832]
Removed 0 Outliers
Outliers Energy []
nsample = 840, max_block_size = 42, min_nblocks = 20
   B    NB    NS  Observable     Error    dError
   1   840   840  -1834.87123   0.00146   0.00004
   2   420   840  -1834.87124   0.00183   0.00006
   3   280   840  -1834.87125   0.00207   0.00009
   4   210   840  -1834.87126   0.00219   0.00011
   5   168   840  -1834.87126   0.00235   0.00013
   6   140   840  -1834.87127   0.00247   0.00015
   7   120   840  -1834.87127   0.00260   0.00017
   8   105   840  -1834.87127   0.00265   0.00018
   9    93   837  -1834.87135   0.00270   0.00020
  10    84   840  -1834.87128   0.00274   0.00021
  11    76   836  -1834.87134   0.00280   0.00023
  12    70   840  -1834.87128   0.00300   0.00025
  13    64   832  -1834.87142   0.00288   0.00026
  14    60   840  -1834.87128   0.00275   0.00025
  15    56   840  -1834.87128   0.00305   0.00029
  16    52   832  -1834.87142   0.00308   0.00030
  17    49   833  -1834.87138   0.00302   0.00031
  18    46   828  -1834.87135   0.00274   0.00029
  19    44   836  -1834.87134   0.00300   0.00032
  20    42   840  -1834.87128   0.00302   0.00033
  21    40   840  -1834.87128   0.00340   0.00039
  22    38   836  -1834.87134   0.00303   0.00035
  23    36   828  -1834.87135   0.00332   0.00040
  24    35   840  -1834.87128   0.00335   0.00041
  25    33   825  -1834.87126   0.00319   0.00040
  26    32   832  -1834.87142   0.00334   0.00042
  27    31   837  -1834.87136   0.00290   0.00037
  28    30   840  -1834.87128   0.00312   0.00041
  29    28   812  -1834.87106   0.00333   0.00045
  30    28   840  -1834.87129   0.00274   0.00037
  31    27   837  -1834.87136   0.00317   0.00044
  32    26   832  -1834.87142   0.00319   0.00045
  33    25   825  -1834.87126   0.00326   0.00047
  34    24   816  -1834.87112   0.00308   0.00045
  35    24   840  -1834.87129   0.00285   0.00042
  36    23   828  -1834.87135   0.00321   0.00048
  37    22   814  -1834.87106   0.00292   0.00045
  38    22   836  -1834.87135   0.00345   0.00053
  39    21   819  -1834.87121   0.00328   0.00052
  40    21   840  -1834.87128   0.00341   0.00054
  41    20   820  -1834.87121   0.00345   0.00056
  42    20   840  -1834.87129   0.00338   0.00055
Fit (variance): plateau_var = 9.718e-06 ± 5.464e-07
Fit (error):    plateau = 0.00312 ± 0.00009
     autocorrelation length ~ 6.6 blocks
     plateau reached at block size ~ 30
nsample = 840, max_block_size = 42, min_nblocks = 20
Blk_SZ   NBlk   NSmp      Energy     Error    dError
     1    840    840    -0.12745   0.00006   0.00000
     2    420    840    -0.12746   0.00008   0.00000
     3    280    840    -0.12746   0.00008   0.00000
     4    210    840    -0.12746   0.00009   0.00000
     5    168    840    -0.12746   0.00009   0.00000
     6    140    840    -0.12746   0.00009   0.00001
     7    120    840    -0.12747   0.00009   0.00001
     8    105    840    -0.12747   0.00009   0.00001
     9     93    837    -0.12748   0.00010   0.00001
    10     84    840    -0.12747   0.00010   0.00001
    11     76    836    -0.12748   0.00009   0.00001
    12     70    840    -0.12747   0.00009   0.00001
    13     64    832    -0.12748   0.00010   0.00001
    14     60    840    -0.12747   0.00009   0.00001
    15     56    840    -0.12747   0.00010   0.00001
    16     52    832    -0.12748   0.00010   0.00001
    17     49    833    -0.12748   0.00010   0.00001
    18     46    828    -0.12747   0.00011   0.00001
    19     44    836    -0.12748   0.00011   0.00001
    20     42    840    -0.12747   0.00010   0.00001
    21     40    840    -0.12747   0.00011   0.00001
    22     38    836    -0.12748   0.00010   0.00001
    23     36    828    -0.12747   0.00010   0.00001
    24     35    840    -0.12748   0.00010   0.00001
    25     33    825    -0.12747   0.00011   0.00001
    26     32    832    -0.12748   0.00012   0.00001
    27     31    837    -0.12749   0.00010   0.00001
    28     30    840    -0.12748   0.00009   0.00001
    29     28    812    -0.12748   0.00011   0.00001
    30     28    840    -0.12748   0.00010   0.00001
    31     27    837    -0.12749   0.00011   0.00002
    32     26    832    -0.12748   0.00011   0.00002
    33     25    825    -0.12747   0.00011   0.00002
    34     24    816    -0.12748   0.00011   0.00002
    35     24    840    -0.12748   0.00010   0.00002
    36     23    828    -0.12748   0.00010   0.00002
    37     22    814    -0.12748   0.00012   0.00002
    38     22    836    -0.12748   0.00010   0.00002
    39     21    819    -0.12747   0.00012   0.00002
    40     21    840    -0.12747   0.00010   0.00002
    41     20    820    -0.12747   0.00012   0.00002
    42     20    840    -0.12748   0.00012   0.00002
Fit (variance): plateau_var = 1.03179e-08 ± 4.85193e-10
Fit (error):    plateau = 0.00010 ± 0.00000
     autocorrelation length ~ 4.1 blocks
     plateau reached at block size ~ 18
Final AFQMC/HF Guiding Energy:      -1834.8713 +/- 0.0031
Final AFQMC/pt2CCSD Orbital Energy: -0.12748 +/- 0.00010
<t1> = weightp/weight = 1.03949
Total run time: 3950.75

AFQMC Sampling Finished

LNO-Integral time (s):    85.63
LNO-AFQMC time (s):       4059.78


======================= LNO-FRAGMENT [C11H27] 12/(48,48) =======================
Fragment Num.  12
Fragment Idx.  12
Fragment Name  C11H27
LNO THRESHOLD  [3e-05, 3e-06]
PySCF Threads  12
LNO-LAS: 54/156 Occ | 212/636 Vir | 266/792 MOs
LNO-MP2 Fragment Energy:  -0.13484969
LNO-CCSD Fragment Energy: -0.13974214
LNO-CPU time (s):         970.64 (LAS 21.49 | MP2 48.08 | CCSD 901.07)
LNO-CPU wait time (s):    0.00 (100.0% hidden)
Find Density Fit Teonsers in MF object
Integrals will be built by DF Tensors
Calculating Effective Active Space One-electron Integrals
*** Correlation Space Size ***
N Occupied Orbitals: 54
N Active Orbitals:   266
Build effective h0 and h1 time: 45.082276 s
Composing CDERIs from DF
Build CDERI in cLAS time: 17.817628 s
Raw CDERI in LAS shape: (3912, 35511)
Compress CDERI 2 Chol: 1e-05
Compress CDERI time: 6.798146 s
Finished calculating Integrals
LAS Cholesky shape: (1837, 266, 266)
AFQMC script: /u/yzhang65/myprojects/software/afqmc/afqmc/lno_afqmc/script/run_lno_afqmc_pt2ccsd.py

LNO-AFQMC Started
Hostname:     gpue08.delta.ncsa.illinois.edu
System:       Linux
Node:         gpue08.delta.ncsa.illinois.edu
Release:      5.14.0-570.131.1.el9_6.x86_64
Machine:      x86_64
Processor:    x86_64
JAX backend:  GPU
JAX devices:  [CudaDevice(id=0)]
Device kind:  NVIDIA H200
Platform:     gpu

QMC Parameters
eql_time        -         30
n_prop_steps    -         50
n_blocks        -        840
n_walkers       -        300
max_memory      -     400000
mix_precision   -       True
seed            -       2746
walker_type     -        rhf
trial           - pt2ccsd_sto_chol
chol_cost_ratio -       0.16
max_error       -    7.2e-05
dt              -      0.005
n_exp_terms     -          6
n_batch         -          1
nchol_chunk     -        100
free_projection -      False

QMC System
Number of Occ. Orbitals:      54
Number of Act. Orbitals:      266
Number of Chol. Vectors:      1837
Mean-Field Energy:            -1832.00523770
Maximum memory per walker:            1333.33 MB
Maximum number of Cholesky per chunk: 1234
Number of Cholesky chunks:            2
Number of Cholesky per chunk:         919
Number of padding Cholesky:           1
Trial:   pt2ccsd_sto_chol(norb=266, nelec=(54, 54), n_batch=1, nchol_chunk=919, mix_precision=True, n_chol_head=0, head_chol_ratio=None, n_chol_samples=None, chol_cost_ratio=0.16, head_sample_ratio=3.0, chol_score_floor=1e-06, chol_uniform_mix=0.01, head_from_guide=False)
Sampler: sampler_pt2_sto_chol(n_prop_steps=50, n_blocks=840, n_chol=1837, frozen_vir=0)

Initalize QMC walkers by HF

Equilibration
Initial Orbital energy: -0.13976
inv_T  nodes      weight      energy     error   runTime
 0.00      0   300.00000  -1832.00249   0.00000     46.81
 3.00      0   310.76224  -1834.32313   0.03081     62.61
 6.00      0   302.53769  -1834.35869   0.03069     72.53
 9.00      0   298.53128  -1834.45401   0.03926     82.32
12.00      0   296.42553  -1834.40149   0.03148     92.22
15.00      0   297.70428  -1834.39600   0.03270    101.93
18.00      0   297.68694  -1834.42885   0.03247    111.75
21.00      0   296.76306  -1834.37391   0.03752    121.58
24.00      0   298.11238  -1834.43417   0.03120    131.36
27.00      0   295.48685  -1834.41036   0.03207    141.04
30.00      0   296.44488  -1834.36119   0.03277    151.05

Sampling Blocks
Target Final Error ~ 0.000072
   N  nodes      weight      E(Guide)     Error     weightp    E_frag     Error      Time
  20      0   296.49336   -1834.43967   0.00855   307.43731  -0.14623   0.00041    209.29
  40      0   296.54384   -1834.42334   0.00707   307.50981  -0.14608   0.00030    262.70
  60      0   296.65296   -1834.42176   0.00571   307.24652  -0.14671   0.00027    313.17
  80      0   296.46075   -1834.41962   0.00523   307.24802  -0.14665   0.00026    363.29
 100      0   296.89358   -1834.41349   0.00467   307.27066  -0.14640   0.00022    413.39
 120      0   297.48659   -1834.41357   0.00423   307.24419  -0.14651   0.00019    463.36
 140      0   298.26172   -1834.41436   0.00389   307.15278  -0.14644   0.00018    513.61
 160      0   298.33478   -1834.41525   0.00371   307.08989  -0.14630   0.00017    565.35
 180      0   296.47545   -1834.41677   0.00348   306.98913  -0.14645   0.00016    615.78
 200      0   296.77840   -1834.41556   0.00321   306.95132  -0.14660   0.00016    666.20
 220      0   297.11529   -1834.41654   0.00301   306.94753  -0.14669   0.00016    716.16
 240      0   295.99998   -1834.41662   0.00285   306.89382  -0.14661   0.00015    766.24
 260      0   297.43911   -1834.41359   0.00276   306.90839  -0.14652   0.00014    816.35
 280      0   297.02866   -1834.41337   0.00260   306.90006  -0.14658   0.00014    866.25
 300      0   296.63468   -1834.41280   0.00247   306.86902  -0.14653   0.00014    918.28
 320      0   297.27753   -1834.41271   0.00236   306.89954  -0.14648   0.00013    968.14
 340      0   297.26385   -1834.41363   0.00229   306.93616  -0.14654   0.00013   1017.95
 360      0   296.57593   -1834.41307   0.00219   306.90573  -0.14654   0.00012   1067.74
 380      0   296.94454   -1834.41320   0.00211   306.89078  -0.14657   0.00012   1117.59
 400      0   298.06326   -1834.41345   0.00204   306.87126  -0.14658   0.00012   1168.92
 420      0   296.51404   -1834.41438   0.00197   306.83662  -0.14658   0.00011   1218.74
 440      0   298.17765   -1834.41440   0.00190   306.86121  -0.14653   0.00011   1268.53
 460      0   296.51650   -1834.41337   0.00185   306.85190  -0.14652   0.00011   1318.31
 480      0   296.78941   -1834.41350   0.00180   306.86423  -0.14657   0.00011   1368.11
 500      0   297.05720   -1834.41288   0.00176   306.83079  -0.14657   0.00011   1417.96
 520      0   296.20173   -1834.41225   0.00172   306.80461  -0.14658   0.00010   1467.80
 540      0   298.43764   -1834.41283   0.00168   306.79195  -0.14660   0.00010   1519.09
 560      0   298.44264   -1834.41225   0.00163   306.76616  -0.14657   0.00010   1568.89
 580      0   295.31536   -1834.41201   0.00165   306.74759  -0.14659   0.00009   1618.67
 600      0   297.30630   -1834.41138   0.00161   306.73012  -0.14660   0.00009   1668.47
 620      0   297.36987   -1834.41028   0.00159   306.70511  -0.14658   0.00009   1718.26
 640      0   295.67463   -1834.40996   0.00157   306.71514  -0.14658   0.00009   1769.77
 660      0   296.38682   -1834.40969   0.00154   306.71054  -0.14654   0.00009   1819.66
 680      0   297.93842   -1834.40895   0.00152   306.70482  -0.14652   0.00009   1869.47
 700      0   298.39321   -1834.40769   0.00151   306.70921  -0.14651   0.00008   1919.27
 720      0   297.45432   -1834.40724   0.00148   306.71968  -0.14650   0.00009   1969.08
 740      0   296.64645   -1834.40712   0.00147   306.68085  -0.14653   0.00008   2018.89
 760      0   297.69699   -1834.40690   0.00149   306.64357  -0.14657   0.00009   2068.69
 780      0   297.20831   -1834.40727   0.00147   306.63819  -0.14657   0.00009   2120.06
 800      0   297.09755   -1834.40778   0.00145   306.64109  -0.14659   0.00009   2169.90
 820      0   295.91215   -1834.40697   0.00143   306.64060  -0.14660   0.00008   2219.72
 840      0   298.62447   -1834.40760   0.00145   306.64571  -0.14660   0.00008   2269.52

Post Propagation
Total number of samples 840
Remove Outliers
Remove samples outside Zeta > 30
Outlier bound [-0.20735, -0.08536]
Removed 0 Outliers
Outliers Energy []
nsample = 840, max_block_size = 42, min_nblocks = 20
   B    NB    NS  Observable     Error    dError
   1   840   840  -1834.40754   0.00145   0.00004
   2   420   840  -1834.40755   0.00179   0.00006
   3   280   840  -1834.40756   0.00203   0.00009
   4   210   840  -1834.40757   0.00220   0.00011
   5   168   840  -1834.40757   0.00228   0.00013
   6   140   840  -1834.40757   0.00239   0.00014
   7   120   840  -1834.40758   0.00239   0.00016
   8   105   840  -1834.40758   0.00245   0.00017
   9    93   837  -1834.40726   0.00254   0.00019
  10    84   840  -1834.40759   0.00247   0.00019
  11    76   836  -1834.40721   0.00260   0.00021
  12    70   840  -1834.40759   0.00262   0.00022
  13    64   832  -1834.40696   0.00247   0.00022
  14    60   840  -1834.40759   0.00266   0.00024
  15    56   840  -1834.40759   0.00256   0.00024
  16    52   832  -1834.40697   0.00233   0.00023
  17    49   833  -1834.40700   0.00241   0.00025
  18    46   828  -1834.40676   0.00262   0.00028
  19    44   836  -1834.40721   0.00266   0.00029
  20    42   840  -1834.40759   0.00270   0.00030
  21    40   840  -1834.40759   0.00256   0.00029
  22    38   836  -1834.40722   0.00256   0.00030
  23    36   828  -1834.40676   0.00272   0.00032
  24    35   840  -1834.40760   0.00276   0.00033
  25    33   825  -1834.40675   0.00287   0.00036
  26    32   832  -1834.40697   0.00292   0.00037
  27    31   837  -1834.40727   0.00246   0.00032
  28    30   840  -1834.40760   0.00259   0.00034
  29    28   812  -1834.40729   0.00264   0.00036
  30    28   840  -1834.40760   0.00267   0.00036
  31    27   837  -1834.40728   0.00234   0.00032
  32    26   832  -1834.40697   0.00281   0.00040
  33    25   825  -1834.40675   0.00288   0.00042
  34    24   816  -1834.40712   0.00294   0.00043
  35    24   840  -1834.40760   0.00261   0.00038
  36    23   828  -1834.40676   0.00286   0.00043
  37    22   814  -1834.40716   0.00277   0.00043
  38    22   836  -1834.40722   0.00311   0.00048
  39    21   819  -1834.40703   0.00305   0.00048
  40    21   840  -1834.40760   0.00285   0.00045
  41    20   820  -1834.40696   0.00275   0.00045
  42    20   840  -1834.40760   0.00261   0.00042
Fit (variance): plateau_var = 6.882e-06 ± 3.057e-07
Fit (error):    plateau = 0.00262 ± 0.00006
     autocorrelation length ~ 3.8 blocks
     plateau reached at block size ~ 17
nsample = 840, max_block_size = 42, min_nblocks = 20
Blk_SZ   NBlk   NSmp      Energy     Error    dError
     1    840    840    -0.14657   0.00008   0.00000
     2    420    840    -0.14658   0.00010   0.00000
     3    280    840    -0.14658   0.00011   0.00000
     4    210    840    -0.14658   0.00011   0.00001
     5    168    840    -0.14659   0.00011   0.00001
     6    140    840    -0.14659   0.00011   0.00001
     7    120    840    -0.14659   0.00012   0.00001
     8    105    840    -0.14659   0.00011   0.00001
     9     93    837    -0.14660   0.00012   0.00001
    10     84    840    -0.14659   0.00012   0.00001
    11     76    836    -0.14662   0.00012   0.00001
    12     70    840    -0.14659   0.00012   0.00001
    13     64    832    -0.14662   0.00013   0.00001
    14     60    840    -0.14659   0.00013   0.00001
    15     56    840    -0.14659   0.00012   0.00001
    16     52    832    -0.14662   0.00012   0.00001
    17     49    833    -0.14662   0.00013   0.00001
    18     46    828    -0.14661   0.00013   0.00001
    19     44    836    -0.14662   0.00013   0.00001
    20     42    840    -0.14660   0.00013   0.00001
    21     40    840    -0.14660   0.00013   0.00002
    22     38    836    -0.14662   0.00013   0.00002
    23     36    828    -0.14661   0.00014   0.00002
    24     35    840    -0.14659   0.00012   0.00001
    25     33    825    -0.14661   0.00013   0.00002
    26     32    832    -0.14662   0.00013   0.00002
    27     31    837    -0.14661   0.00013   0.00002
    28     30    840    -0.14659   0.00012   0.00002
    29     28    812    -0.14658   0.00013   0.00002
    30     28    840    -0.14660   0.00013   0.00002
    31     27    837    -0.14662   0.00014   0.00002
    32     26    832    -0.14662   0.00014   0.00002
    33     25    825    -0.14661   0.00013   0.00002
    34     24    816    -0.14659   0.00013   0.00002
    35     24    840    -0.14660   0.00014   0.00002
    36     23    828    -0.14661   0.00014   0.00002
    37     22    814    -0.14659   0.00014   0.00002
    38     22    836    -0.14662   0.00014   0.00002
    39     21    819    -0.14659   0.00013   0.00002
    40     21    840    -0.14660   0.00014   0.00002
    41     20    820    -0.14659   0.00013   0.00002
    42     20    840    -0.14660   0.00014   0.00002
Fit (variance): plateau_var = 1.67295e-08 ± 8.69540e-10
Fit (error):    plateau = 0.00013 ± 0.00000
     autocorrelation length ~ 5.1 blocks
     plateau reached at block size ~ 22
Final AFQMC/HF Guiding Energy:      -1834.4076 +/- 0.0026
Final AFQMC/pt2CCSD Orbital Energy: -0.14660 +/- 0.00013
<t1> = weightp/weight = 1.03225
Total run time: 2272.09

AFQMC Sampling Finished

LNO-Integral time (s):    78.97
LNO-AFQMC time (s):       2379.78


======================= LNO-FRAGMENT [C12H26] 13/(48,48) =======================
Fragment Num.  13
Fragment Idx.  13
Fragment Name  C12H26
LNO THRESHOLD  [3e-05, 3e-06]
PySCF Threads  12
LNO-LAS: 54/156 Occ | 215/636 Vir | 269/792 MOs
LNO-MP2 Fragment Energy:  -0.13503313
LNO-CCSD Fragment Energy: -0.13987507
LNO-CPU time (s):         1006.38 (LAS 23.56 | MP2 49.65 | CCSD 933.17)
LNO-CPU wait time (s):    0.00 (100.0% hidden)
Find Density Fit Teonsers in MF object
Integrals will be built by DF Tensors
Calculating Effective Active Space One-electron Integrals
*** Correlation Space Size ***
N Occupied Orbitals: 54
N Active Orbitals:   269
Build effective h0 and h1 time: 48.673547 s
Composing CDERIs from DF
Build CDERI in cLAS time: 21.269929 s
Raw CDERI in LAS shape: (3912, 36315)
Compress CDERI 2 Chol: 1e-05
Compress CDERI time: 6.971933 s
Finished calculating Integrals
LAS Cholesky shape: (1872, 269, 269)
AFQMC script: /u/yzhang65/myprojects/software/afqmc/afqmc/lno_afqmc/script/run_lno_afqmc_pt2ccsd.py

LNO-AFQMC Started
Hostname:     gpue08.delta.ncsa.illinois.edu
System:       Linux
Node:         gpue08.delta.ncsa.illinois.edu
Release:      5.14.0-570.131.1.el9_6.x86_64
Machine:      x86_64
Processor:    x86_64
JAX backend:  GPU
JAX devices:  [CudaDevice(id=0)]
Device kind:  NVIDIA H200
Platform:     gpu

QMC Parameters
eql_time        -         30
n_prop_steps    -         50
n_blocks        -        840
n_walkers       -        300
max_memory      -     400000
mix_precision   -       True
seed            -       1504
walker_type     -        rhf
trial           - pt2ccsd_sto_chol
chol_cost_ratio -       0.16
max_error       -    7.2e-05
dt              -      0.005
n_exp_terms     -          6
n_batch         -          1
nchol_chunk     -        100
free_projection -      False

QMC System
Number of Occ. Orbitals:      54
Number of Act. Orbitals:      269
Number of Chol. Vectors:      1872
Mean-Field Energy:            -1832.00523770
Maximum memory per walker:            1333.33 MB
Maximum number of Cholesky per chunk: 1207
Number of Cholesky chunks:            2
Number of Cholesky per chunk:         936
Number of padding Cholesky:           0
Trial:   pt2ccsd_sto_chol(norb=269, nelec=(54, 54), n_batch=1, nchol_chunk=936, mix_precision=True, n_chol_head=0, head_chol_ratio=None, n_chol_samples=None, chol_cost_ratio=0.16, head_sample_ratio=3.0, chol_score_floor=1e-06, chol_uniform_mix=0.01, head_from_guide=False)
Sampler: sampler_pt2_sto_chol(n_prop_steps=50, n_blocks=840, n_chol=1872, frozen_vir=0)

Initalize QMC walkers by HF

Equilibration
Initial Orbital energy: -0.13987
inv_T  nodes      weight      energy     error   runTime
 0.00      0   300.00000  -1832.00284   0.00000     43.57
 3.00      0   311.79374  -1834.33855   0.03065     59.48
 6.00      0   303.21295  -1834.42271   0.03294     69.76
 9.00      0   298.80692  -1834.44779   0.03395     80.24
12.00      0   296.99299  -1834.42037   0.03346     90.31
15.00      0   296.36983  -1834.40095   0.03202    100.60
18.00      0   296.03027  -1834.37705   0.03292    111.02
21.00      0   297.37450  -1834.49153   0.03845    121.23
24.00      0   296.37206  -1834.40341   0.03191    131.30
27.00      0   295.87589  -1834.37016   0.03338    141.79
30.00      0   297.71595  -1834.43603   0.03372    152.17

Sampling Blocks
Target Final Error ~ 0.000072
   N  nodes      weight      E(Guide)     Error     weightp    E_frag     Error      Time
  20      0   297.80517   -1834.40733   0.00880   306.71454  -0.14594   0.00037    214.70
  40      0   297.29728   -1834.41506   0.00616   306.58697  -0.14591   0.00031    269.27
  60      0   296.59534   -1834.42310   0.00514   306.89595  -0.14640   0.00026    323.04
  80      0   296.04990   -1834.42820   0.00446   307.02324  -0.14647   0.00022    377.26
 100      0   296.62615   -1834.42213   0.00445   307.03839  -0.14636   0.00020    431.35
 120      0   296.44524   -1834.42476   0.00417   306.97458  -0.14652   0.00020    485.29
 140      0   297.79216   -1834.42081   0.00380   306.85008  -0.14649   0.00018    543.10
 160      0   296.27578   -1834.42339   0.00346   306.76802  -0.14664   0.00018    598.53
 180      0   298.76739   -1834.42268   0.00324   306.77556  -0.14670   0.00017    652.61
 200      0   297.38399   -1834.42197   0.00298   306.76564  -0.14687   0.00020    706.80
 220      0   296.29479   -1834.42349   0.00280   306.77745  -0.14693   0.00019    761.01
 240      0   295.31694   -1834.42477   0.00312   306.75963  -0.14695   0.00018    815.01
 260      0   295.01204   -1834.42558   0.00295   306.82850  -0.14699   0.00017    868.69
 280      0   296.08442   -1834.42663   0.00280   306.87407  -0.14691   0.00016    922.06
 300      0   298.58173   -1834.42610   0.00264   306.91185  -0.14689   0.00015    975.46
 320      0   297.03143   -1834.42742   0.00254   306.93211  -0.14687   0.00014   1028.88
 340      0   296.66741   -1834.42766   0.00249   306.94813  -0.14695   0.00015   1082.25
 360      0   297.52539   -1834.42703   0.00243   307.00445  -0.14690   0.00014   1137.06
 380      0   296.31636   -1834.42583   0.00233   307.01541  -0.14684   0.00014   1194.68
 400      0   296.76078   -1834.42622   0.00224   307.00152  -0.14682   0.00013   1248.13
 420      0   296.34893   -1834.42676   0.00216   307.02831  -0.14685   0.00013   1301.47
 440      0   297.93604   -1834.42551   0.00210   307.05544  -0.14684   0.00012   1354.86
 460      0   296.20737   -1834.42578   0.00202   307.08484  -0.14683   0.00012   1408.30
 480      0   296.14492   -1834.42610   0.00197   307.08207  -0.14681   0.00012   1461.99
 500      0   296.69609   -1834.42631   0.00190   307.07283  -0.14678   0.00011   1515.44
 520      0   297.21309   -1834.42662   0.00188   307.09807  -0.14681   0.00011   1568.82
 540      0   297.69059   -1834.42690   0.00183   307.10751  -0.14680   0.00011   1622.17
 560      0   297.20527   -1834.42653   0.00179   307.12539  -0.14678   0.00010   1675.53
 580      0   297.01421   -1834.42547   0.00175   307.13347  -0.14678   0.00010   1728.94
 600      0   297.34488   -1834.42657   0.00177   307.14381  -0.14664   0.00015   1786.82
 620      0   296.71474   -1834.42688   0.00173   307.11645  -0.14667   0.00015   1840.39
 640      0   296.55092   -1834.42616   0.00170   307.09412  -0.14667   0.00015   1893.74
 660      0   296.90007   -1834.42573   0.00166   307.11089  -0.14666   0.00014   1947.17
 680      0   297.90152   -1834.42487   0.00164   307.13343  -0.14667   0.00014   2000.58
 700      0   296.21781   -1834.42462   0.00161   307.10481  -0.14670   0.00014   2054.00
 720      0   297.06504   -1834.42364   0.00159   307.08928  -0.14669   0.00013   2107.87
 740      0   297.10997   -1834.42248   0.00158   307.09234  -0.14668   0.00013   2161.28
 760      0   298.51191   -1834.42213   0.00155   307.09723  -0.14674   0.00013   2214.62
 780      0   298.64888   -1834.42225   0.00152   307.08878  -0.14673   0.00013   2268.11
 800      0   298.08174   -1834.42242   0.00150   307.07127  -0.14672   0.00012   2321.53
 820      0   296.37613   -1834.42203   0.00149   307.04853  -0.14672   0.00012   2378.09
 840      0   297.20756   -1834.42157   0.00147   307.05222  -0.14671   0.00012   2433.58

Post Propagation
Total number of samples 840
Remove Outliers
Remove samples outside Zeta > 30
Outlier bound [-0.20386, -0.08895]
Removed 1 Outliers
Outliers Energy [-0.0558057]
nsample = 840, max_block_size = 42, min_nblocks = 20
   B    NB    NS  Observable     Error    dError
   1   840   840  -1834.42150   0.00147   0.00004
   2   420   840  -1834.42152   0.00186   0.00006
   3   280   840  -1834.42152   0.00211   0.00009
   4   210   840  -1834.42153   0.00235   0.00012
   5   168   840  -1834.42153   0.00250   0.00014
   6   140   840  -1834.42154   0.00259   0.00016
   7   120   840  -1834.42155   0.00265   0.00017
   8   105   840  -1834.42154   0.00274   0.00019
   9    93   837  -1834.42162   0.00281   0.00021
  10    84   840  -1834.42155   0.00296   0.00023
  11    76   836  -1834.42162   0.00296   0.00024
  12    70   840  -1834.42155   0.00307   0.00026
  13    64   832  -1834.42181   0.00274   0.00024
  14    60   840  -1834.42156   0.00293   0.00027
  15    56   840  -1834.42156   0.00296   0.00028
  16    52   832  -1834.42182   0.00278   0.00028
  17    49   833  -1834.42177   0.00275   0.00028
  18    46   828  -1834.42206   0.00289   0.00030
  19    44   836  -1834.42163   0.00295   0.00032
  20    42   840  -1834.42156   0.00281   0.00031
  21    40   840  -1834.42156   0.00300   0.00034
  22    38   836  -1834.42164   0.00292   0.00034
  23    36   828  -1834.42205   0.00306   0.00037
  24    35   840  -1834.42156   0.00288   0.00035
  25    33   825  -1834.42204   0.00299   0.00037
  26    32   832  -1834.42182   0.00289   0.00037
  27    31   837  -1834.42164   0.00300   0.00039
  28    30   840  -1834.42156   0.00336   0.00044
  29    28   812  -1834.42259   0.00294   0.00040
  30    28   840  -1834.42156   0.00304   0.00041
  31    27   837  -1834.42164   0.00287   0.00040
  32    26   832  -1834.42182   0.00297   0.00042
  33    25   825  -1834.42204   0.00321   0.00046
  34    24   816  -1834.42214   0.00278   0.00041
  35    24   840  -1834.42156   0.00302   0.00045
  36    23   828  -1834.42206   0.00302   0.00046
  37    22   814  -1834.42240   0.00310   0.00048
  38    22   836  -1834.42164   0.00306   0.00047
  39    21   819  -1834.42207   0.00318   0.00050
  40    21   840  -1834.42157   0.00275   0.00044
  41    20   820  -1834.42202   0.00327   0.00053
  42    20   840  -1834.42156   0.00350   0.00057
Fit (variance): plateau_var = 8.863e-06 ± 4.102e-07
Fit (error):    plateau = 0.00298 ± 0.00007
     autocorrelation length ~ 4.5 blocks
     plateau reached at block size ~ 21
nsample = 839, max_block_size = 41, min_nblocks = 20
Blk_SZ   NBlk   NSmp      Energy     Error    dError
     1    839    839    -0.14675   0.00008   0.00000
     2    419    838    -0.14676   0.00010   0.00000
     3    279    837    -0.14676   0.00010   0.00000
     4    209    836    -0.14677   0.00012   0.00001
     5    167    835    -0.14677   0.00012   0.00001
     6    139    834    -0.14677   0.00011   0.00001
     7    119    833    -0.14677   0.00013   0.00001
     8    104    832    -0.14678   0.00012   0.00001
     9     93    837    -0.14678   0.00012   0.00001
    10     83    830    -0.14678   0.00012   0.00001
    11     76    836    -0.14678   0.00012   0.00001
    12     69    828    -0.14678   0.00013   0.00001
    13     64    832    -0.14678   0.00013   0.00001
    14     59    826    -0.14678   0.00013   0.00001
    15     55    825    -0.14679   0.00014   0.00001
    16     52    832    -0.14679   0.00013   0.00001
    17     49    833    -0.14678   0.00013   0.00001
    18     46    828    -0.14679   0.00011   0.00001
    19     44    836    -0.14679   0.00013   0.00001
    20     41    820    -0.14680   0.00011   0.00001
    21     39    819    -0.14680   0.00013   0.00001
    22     38    836    -0.14678   0.00011   0.00001
    23     36    828    -0.14679   0.00013   0.00002
    24     34    816    -0.14680   0.00012   0.00002
    25     33    825    -0.14679   0.00011   0.00001
    26     32    832    -0.14679   0.00011   0.00001
    27     31    837    -0.14679   0.00010   0.00001
    28     29    812    -0.14679   0.00012   0.00002
    29     28    812    -0.14681   0.00011   0.00001
    30     27    810    -0.14680   0.00012   0.00002
    31     27    837    -0.14679   0.00012   0.00002
    32     26    832    -0.14679   0.00013   0.00002
    33     25    825    -0.14679   0.00013   0.00002
    34     24    816    -0.14680   0.00012   0.00002
    35     23    805    -0.14680   0.00014   0.00002
    36     23    828    -0.14679   0.00012   0.00002
    37     22    814    -0.14680   0.00012   0.00002
    38     22    836    -0.14679   0.00013   0.00002
    39     21    819    -0.14680   0.00011   0.00002
    40     20    800    -0.14680   0.00011   0.00002
    41     20    820    -0.14680   0.00012   0.00002
Fit (variance): plateau_var = 1.47189e-08 ± 5.81592e-10
Fit (error):    plateau = 0.00012 ± 0.00000
     autocorrelation length ~ 2.5 blocks
     plateau reached at block size ~ 11
Final AFQMC/HF Guiding Energy:      -1834.4216 +/- 0.0030
Final AFQMC/pt2CCSD Orbital Energy: -0.14679 +/- 0.00012
<t1> = weightp/weight = 1.03389
Total run time: 2436.31

AFQMC Sampling Finished

LNO-Integral time (s):    85.17
LNO-AFQMC time (s):       2556.43


======================= LNO-FRAGMENT [C13H28] 14/(48,48) =======================
Fragment Num.  14
Fragment Idx.  14
Fragment Name  C13H28
LNO THRESHOLD  [3e-05, 3e-06]
PySCF Threads  12
LNO-LAS: 54/156 Occ | 212/636 Vir | 266/792 MOs
LNO-MP2 Fragment Energy:  -0.13484969
LNO-CCSD Fragment Energy: -0.13974214
LNO-CPU time (s):         1001.75 (LAS 22.16 | MP2 47.68 | CCSD 931.92)
LNO-CPU wait time (s):    0.00 (100.0% hidden)
Find Density Fit Teonsers in MF object
Integrals will be built by DF Tensors
Calculating Effective Active Space One-electron Integrals
*** Correlation Space Size ***
N Occupied Orbitals: 54
N Active Orbitals:   266
Build effective h0 and h1 time: 56.890767 s
Composing CDERIs from DF
Build CDERI in cLAS time: 17.474036 s
Raw CDERI in LAS shape: (3912, 35511)
Compress CDERI 2 Chol: 1e-05
Compress CDERI time: 5.680433 s
Finished calculating Integrals
LAS Cholesky shape: (1837, 266, 266)
AFQMC script: /u/yzhang65/myprojects/software/afqmc/afqmc/lno_afqmc/script/run_lno_afqmc_pt2ccsd.py

LNO-AFQMC Started
Hostname:     gpue08.delta.ncsa.illinois.edu
System:       Linux
Node:         gpue08.delta.ncsa.illinois.edu
Release:      5.14.0-570.131.1.el9_6.x86_64
Machine:      x86_64
Processor:    x86_64
JAX backend:  GPU
JAX devices:  [CudaDevice(id=0)]
Device kind:  NVIDIA H200
Platform:     gpu

QMC Parameters
eql_time        -         30
n_prop_steps    -         50
n_blocks        -        840
n_walkers       -        300
max_memory      -     400000
mix_precision   -       True
seed            -        129
walker_type     -        rhf
trial           - pt2ccsd_sto_chol
chol_cost_ratio -       0.16
max_error       -    7.2e-05
dt              -      0.005
n_exp_terms     -          6
n_batch         -          1
nchol_chunk     -        100
free_projection -      False

QMC System
Number of Occ. Orbitals:      54
Number of Act. Orbitals:      266
Number of Chol. Vectors:      1837
Mean-Field Energy:            -1832.00523770
Maximum memory per walker:            1333.33 MB
Maximum number of Cholesky per chunk: 1234
Number of Cholesky chunks:            2
Number of Cholesky per chunk:         919
Number of padding Cholesky:           1
Trial:   pt2ccsd_sto_chol(norb=266, nelec=(54, 54), n_batch=1, nchol_chunk=919, mix_precision=True, n_chol_head=0, head_chol_ratio=None, n_chol_samples=None, chol_cost_ratio=0.16, head_sample_ratio=3.0, chol_score_floor=1e-06, chol_uniform_mix=0.01, head_from_guide=False)
Sampler: sampler_pt2_sto_chol(n_prop_steps=50, n_blocks=840, n_chol=1837, frozen_vir=0)

Initalize QMC walkers by HF

Equilibration
Initial Orbital energy: -0.13976
inv_T  nodes      weight      energy     error   runTime
 0.00      0   300.00000  -1832.00249   0.00000     48.55
 3.00      0   313.42838  -1834.40453   0.03638     63.48
 6.00      0   301.64340  -1834.39213   0.03373     73.14
 9.00      0   296.93014  -1834.38025   0.03268     82.95
12.00      0   296.88639  -1834.44486   0.03687     92.67
15.00      0   297.44532  -1834.41645   0.03409    102.48
18.00      0   297.09896  -1834.42389   0.03460    112.34
21.00      0   298.67012  -1834.45529   0.03797    122.27
24.00      0   296.70037  -1834.35846   0.03911    132.23
27.00      0   296.60872  -1834.40037   0.03524    142.32
30.00      0   297.29221  -1834.40555   0.03481    152.20

Sampling Blocks
Target Final Error ~ 0.000072
   N  nodes      weight      E(Guide)     Error     weightp    E_frag     Error      Time
  20      0   296.18512   -1834.42111   0.00688   306.80944  -0.14635   0.00044    211.68
  40      0   295.67360   -1834.40872   0.00568   306.96920  -0.14644   0.00031    262.79
  60      0   296.63627   -1834.40503   0.00432   306.90569  -0.14638   0.00026    313.04
  80      0   296.95784   -1834.39798   0.00406   306.93366  -0.14614   0.00022    363.61
 100      0   297.35413   -1834.39153   0.00384   306.93878  -0.14618   0.00019    416.93
 120      0   296.95069   -1834.39633   0.00347   306.94193  -0.14643   0.00017    467.24
 140      0   296.46367   -1834.39780   0.00319   306.88071  -0.14645   0.00015    517.36
 160      0   296.03764   -1834.39922   0.00297   306.80143  -0.14669   0.00015    569.20
 180      0   298.71765   -1834.39890   0.00271   306.81811  -0.14673   0.00016    620.03
 200      0   296.98077   -1834.39792   0.00255   306.81905  -0.14674   0.00015    670.62
 220      0   297.83640   -1834.39821   0.00237   306.83072  -0.14672   0.00014    720.98
 240      0   297.32245   -1834.39917   0.00233   306.81139  -0.14675   0.00014    771.56
 260      0   297.20557   -1834.39855   0.00225   306.79081  -0.14676   0.00013    821.55
 280      0   298.32456   -1834.39702   0.00215   306.76554  -0.14671   0.00012    871.90
 300      0   296.56787   -1834.39801   0.00206   306.78101  -0.14672   0.00012    922.30
 320      0   298.21221   -1834.39976   0.00208   306.72303  -0.14670   0.00012    972.62
 340      0   298.35449   -1834.40074   0.00200   306.71038  -0.14668   0.00011   1025.19
 360      0   295.55265   -1834.40261   0.00201   306.73865  -0.14658   0.00011   1075.45
 380      0   297.56132   -1834.40161   0.00197   306.72855  -0.14653   0.00011   1125.82
 400      0   296.62376   -1834.40206   0.00192   306.75030  -0.14653   0.00011   1176.37
 420      0   297.86899   -1834.40278   0.00189   306.77839  -0.14648   0.00010   1227.31
 440      0   296.62921   -1834.40338   0.00186   306.78177  -0.14647   0.00010   1277.42
 460      0   295.24517   -1834.40341   0.00181   306.76434  -0.14650   0.00010   1328.07
 480      0   295.28013   -1834.40290   0.00178   306.73964  -0.14646   0.00010   1378.38
 500      0   296.16805   -1834.40346   0.00173   306.73826  -0.14644   0.00010   1428.62
 520      0   296.41932   -1834.40366   0.00168   306.75201  -0.14643   0.00009   1479.02
 540      0   296.81955   -1834.40368   0.00163   306.76343  -0.14650   0.00010   1529.27
 560      0   296.86062   -1834.40177   0.00166   306.75613  -0.14648   0.00009   1579.61
 580      0   297.65188   -1834.40107   0.00163   306.76249  -0.14645   0.00009   1632.99
 600      0   296.74002   -1834.40119   0.00160   306.75905  -0.14640   0.00009   1684.99
 620      0   295.68750   -1834.40145   0.00156   306.74711  -0.14638   0.00009   1735.29
 640      0   297.99420   -1834.40103   0.00153   306.73925  -0.14640   0.00009   1785.43
 660      0   297.74716   -1834.40073   0.00151   306.72529  -0.14640   0.00008   1836.39
 680      0   297.18935   -1834.40034   0.00148   306.72997  -0.14640   0.00008   1887.30
 700      0   295.87067   -1834.40078   0.00148   306.74005  -0.14644   0.00008   1937.54
 720      0   297.29055   -1834.40046   0.00145   306.73734  -0.14646   0.00008   1988.17
 740      0   296.80671   -1834.40034   0.00143   306.74374  -0.14646   0.00008   2038.08
 760      0   296.52601   -1834.39991   0.00140   306.73773  -0.14647   0.00008   2087.93
 780      0   296.89174   -1834.39963   0.00139   306.75138  -0.14647   0.00008   2137.86
 800      0   297.13917   -1834.39965   0.00136   306.72990  -0.14648   0.00008   2187.66
 820      0   298.21025   -1834.40000   0.00135   306.70784  -0.14650   0.00008   2237.49
 840      0   296.94400   -1834.39993   0.00133   306.70271  -0.14649   0.00008   2289.08

Post Propagation
Total number of samples 840
Remove Outliers
Remove samples outside Zeta > 30
Outlier bound [-0.20467, -0.08800]
Removed 0 Outliers
Outliers Energy []
nsample = 840, max_block_size = 42, min_nblocks = 20
   B    NB    NS  Observable     Error    dError
   1   840   840  -1834.39989   0.00133   0.00003
   2   420   840  -1834.39990   0.00164   0.00006
   3   280   840  -1834.39991   0.00185   0.00008
   4   210   840  -1834.39991   0.00195   0.00010
   5   168   840  -1834.39992   0.00203   0.00011
   6   140   840  -1834.39992   0.00209   0.00013
   7   120   840  -1834.39992   0.00216   0.00014
   8   105   840  -1834.39992   0.00219   0.00015
   9    93   837  -1834.39993   0.00228   0.00017
  10    84   840  -1834.39993   0.00228   0.00018
  11    76   836  -1834.39993   0.00233   0.00019
  12    70   840  -1834.39993   0.00244   0.00021
  13    64   832  -1834.39983   0.00243   0.00022
  14    60   840  -1834.39993   0.00249   0.00023
  15    56   840  -1834.39993   0.00249   0.00024
  16    52   832  -1834.39983   0.00250   0.00025
  17    49   833  -1834.39988   0.00260   0.00027
  18    46   828  -1834.39978   0.00258   0.00027
  19    44   836  -1834.39993   0.00266   0.00029
  20    42   840  -1834.39993   0.00258   0.00029
  21    40   840  -1834.39993   0.00278   0.00031
  22    38   836  -1834.39993   0.00266   0.00031
  23    36   828  -1834.39978   0.00256   0.00031
  24    35   840  -1834.39993   0.00292   0.00035
  25    33   825  -1834.39994   0.00321   0.00040
  26    32   832  -1834.39984   0.00291   0.00037
  27    31   837  -1834.39993   0.00289   0.00037
  28    30   840  -1834.39993   0.00284   0.00037
  29    28   812  -1834.39976   0.00263   0.00036
  30    28   840  -1834.39993   0.00271   0.00037
  31    27   837  -1834.39993   0.00284   0.00039
  32    26   832  -1834.39983   0.00311   0.00044
  33    25   825  -1834.39994   0.00273   0.00039
  34    24   816  -1834.39972   0.00310   0.00046
  35    24   840  -1834.39993   0.00306   0.00045
  36    23   828  -1834.39978   0.00324   0.00049
  37    22   814  -1834.39975   0.00271   0.00042
  38    22   836  -1834.39993   0.00273   0.00042
  39    21   819  -1834.39991   0.00312   0.00049
  40    21   840  -1834.39993   0.00267   0.00042
  41    20   820  -1834.40000   0.00313   0.00051
  42    20   840  -1834.39993   0.00289   0.00047
Fit (variance): plateau_var = 7.815e-06 ± 5.325e-07
Fit (error):    plateau = 0.00280 ± 0.00010
     autocorrelation length ~ 8.5 blocks
     plateau reached at block size ~ 38
nsample = 840, max_block_size = 42, min_nblocks = 20
Blk_SZ   NBlk   NSmp      Energy     Error    dError
     1    840    840    -0.14646   0.00008   0.00000
     2    420    840    -0.14647   0.00009   0.00000
     3    280    840    -0.14647   0.00010   0.00000
     4    210    840    -0.14648   0.00010   0.00000
     5    168    840    -0.14648   0.00011   0.00001
     6    140    840    -0.14648   0.00011   0.00001
     7    120    840    -0.14648   0.00011   0.00001
     8    105    840    -0.14648   0.00011   0.00001
     9     93    837    -0.14648   0.00011   0.00001
    10     84    840    -0.14648   0.00011   0.00001
    11     76    836    -0.14648   0.00011   0.00001
    12     70    840    -0.14648   0.00011   0.00001
    13     64    832    -0.14648   0.00011   0.00001
    14     60    840    -0.14648   0.00012   0.00001
    15     56    840    -0.14648   0.00011   0.00001
    16     52    832    -0.14648   0.00012   0.00001
    17     49    833    -0.14648   0.00013   0.00001
    18     46    828    -0.14647   0.00012   0.00001
    19     44    836    -0.14648   0.00011   0.00001
    20     42    840    -0.14648   0.00012   0.00001
    21     40    840    -0.14648   0.00012   0.00001
    22     38    836    -0.14649   0.00012   0.00001
    23     36    828    -0.14647   0.00012   0.00001
    24     35    840    -0.14648   0.00012   0.00001
    25     33    825    -0.14647   0.00012   0.00001
    26     32    832    -0.14648   0.00013   0.00002
    27     31    837    -0.14648   0.00012   0.00002
    28     30    840    -0.14648   0.00012   0.00002
    29     28    812    -0.14649   0.00012   0.00002
    30     28    840    -0.14648   0.00012   0.00002
    31     27    837    -0.14649   0.00012   0.00002
    32     26    832    -0.14648   0.00013   0.00002
    33     25    825    -0.14648   0.00011   0.00002
    34     24    816    -0.14649   0.00014   0.00002
    35     24    840    -0.14649   0.00012   0.00002
    36     23    828    -0.14647   0.00013   0.00002
    37     22    814    -0.14650   0.00013   0.00002
    38     22    836    -0.14649   0.00012   0.00002
    39     21    819    -0.14649   0.00014   0.00002
    40     21    840    -0.14648   0.00012   0.00002
    41     20    820    -0.14650   0.00012   0.00002
    42     20    840    -0.14648   0.00015   0.00002
Fit (variance): plateau_var = 1.41047e-08 ± 6.86891e-10
Fit (error):    plateau = 0.00012 ± 0.00000
     autocorrelation length ~ 4.5 blocks
     plateau reached at block size ~ 20
Final AFQMC/HF Guiding Energy:      -1834.3999 +/- 0.0028
Final AFQMC/pt2CCSD Orbital Energy: -0.14649 +/- 0.00012
<t1> = weightp/weight = 1.03240
Total run time: 2291.25

AFQMC Sampling Finished

LNO-Integral time (s):    94.90
LNO-AFQMC time (s):       2403.94


======================= LNO-FRAGMENT [C14H29] 15/(48,48) =======================
Fragment Num.  15
Fragment Idx.  15
Fragment Name  C14H29
LNO THRESHOLD  [3e-05, 3e-06]
PySCF Threads  12
LNO-LAS: 54/156 Occ | 215/636 Vir | 269/792 MOs
LNO-MP2 Fragment Energy:  -0.13503313
LNO-CCSD Fragment Energy: -0.13987507
LNO-CPU time (s):         1002.88 (LAS 22.65 | MP2 52.26 | CCSD 927.98)
LNO-CPU wait time (s):    0.00 (100.0% hidden)
Find Density Fit Teonsers in MF object
Integrals will be built by DF Tensors
Calculating Effective Active Space One-electron Integrals
*** Correlation Space Size ***
N Occupied Orbitals: 54
N Active Orbitals:   269
Build effective h0 and h1 time: 54.499692 s
Composing CDERIs from DF
Build CDERI in cLAS time: 14.250668 s
Raw CDERI in LAS shape: (3912, 36315)
Compress CDERI 2 Chol: 1e-05
Compress CDERI time: 4.605976 s
Finished calculating Integrals
LAS Cholesky shape: (1872, 269, 269)
AFQMC script: /u/yzhang65/myprojects/software/afqmc/afqmc/lno_afqmc/script/run_lno_afqmc_pt2ccsd.py

LNO-AFQMC Started
Hostname:     gpue08.delta.ncsa.illinois.edu
System:       Linux
Node:         gpue08.delta.ncsa.illinois.edu
Release:      5.14.0-570.131.1.el9_6.x86_64
Machine:      x86_64
Processor:    x86_64
JAX backend:  GPU
JAX devices:  [CudaDevice(id=0)]
Device kind:  NVIDIA H200
Platform:     gpu

QMC Parameters
eql_time        -         30
n_prop_steps    -         50
n_blocks        -        840
n_walkers       -        300
max_memory      -     400000
mix_precision   -       True
seed            -       1653
walker_type     -        rhf
trial           - pt2ccsd_sto_chol
chol_cost_ratio -       0.16
max_error       -    7.2e-05
dt              -      0.005
n_exp_terms     -          6
n_batch         -          1
nchol_chunk     -        100
free_projection -      False

QMC System
Number of Occ. Orbitals:      54
Number of Act. Orbitals:      269
Number of Chol. Vectors:      1872
Mean-Field Energy:            -1832.00523770
Maximum memory per walker:            1333.33 MB
Maximum number of Cholesky per chunk: 1207
Number of Cholesky chunks:            2
Number of Cholesky per chunk:         936
Number of padding Cholesky:           0
Trial:   pt2ccsd_sto_chol(norb=269, nelec=(54, 54), n_batch=1, nchol_chunk=936, mix_precision=True, n_chol_head=0, head_chol_ratio=None, n_chol_samples=None, chol_cost_ratio=0.16, head_sample_ratio=3.0, chol_score_floor=1e-06, chol_uniform_mix=0.01, head_from_guide=False)
Sampler: sampler_pt2_sto_chol(n_prop_steps=50, n_blocks=840, n_chol=1872, frozen_vir=0)

Initalize QMC walkers by HF

Equilibration
Initial Orbital energy: -0.13987
inv_T  nodes      weight      energy     error   runTime
 0.00      0   300.00000  -1832.00284   0.00000     54.49
 3.00      0   311.15204  -1834.32847   0.03113     69.86
 6.00      0   301.92053  -1834.44889   0.04137     81.08
 9.00      0   298.26070  -1834.38259   0.03328     91.16
12.00      0   297.44355  -1834.38387   0.03435    101.37
15.00      0   297.10724  -1834.40762   0.03328    111.60
18.00      0   298.50030  -1834.46289   0.03320    122.29
21.00      0   296.10986  -1834.39105   0.03276    132.45
24.00      0   295.83933  -1834.40854   0.03427    142.73
27.00      0   298.19635  -1834.40887   0.03233    153.12
30.00      0   297.71434  -1834.44422   0.03628    163.27

Sampling Blocks
Target Final Error ~ 0.000072
   N  nodes      weight      E(Guide)     Error     weightp    E_frag     Error      Time
  20      0   297.74615   -1834.40556   0.00663   307.29696  -0.14583   0.00033    226.97
  40      0   296.41265   -1834.41710   0.00575   307.29325  -0.14626   0.00029    281.58
  60      0   298.63909   -1834.41150   0.00562   307.35992  -0.14649   0.00030    335.34
  80      0   295.45918   -1834.40651   0.00482   307.29820  -0.14669   0.00026    391.40
 100      0   296.47922   -1834.41002   0.00411   307.39269  -0.14644   0.00022    445.32
 120      0   296.90572   -1834.40947   0.00364   307.40869  -0.14660   0.00020    499.08
 140      0   297.69480   -1834.40954   0.00333   307.39531  -0.14669   0.00019    553.01
 160      0   296.64330   -1834.40777   0.00303   307.32166  -0.14668   0.00018    607.07
 180      0   297.38411   -1834.40805   0.00292   307.36460  -0.14663   0.00017    661.52
 200      0   296.85879   -1834.40991   0.00281   307.36646  -0.14672   0.00016    715.65
 220      0   295.96557   -1834.40991   0.00277   307.36113  -0.14676   0.00015    770.92
 240      0   297.40156   -1834.41055   0.00265   307.34634  -0.14684   0.00015    824.96
 260      0   296.80357   -1834.41255   0.00254   307.28839  -0.14689   0.00015    878.67
 280      0   295.94181   -1834.41335   0.00244   307.25880  -0.14681   0.00014    932.68
 300      0   298.08202   -1834.41302   0.00235   307.25829  -0.14683   0.00013    988.66
 320      0   297.62917   -1834.41468   0.00229   307.25128  -0.14685   0.00013   1042.35
 340      0   295.25002   -1834.41548   0.00226   307.23797  -0.14685   0.00013   1095.97
 360      0   297.12922   -1834.41518   0.00228   307.23783  -0.14711   0.00025   1150.08
 380      0   296.87866   -1834.41483   0.00220   307.22905  -0.14709   0.00024   1205.72
 400      0   295.46243   -1834.41602   0.00215   307.20893  -0.14713   0.00023   1259.39
 420      0   297.53326   -1834.41517   0.00207   307.17795  -0.14710   0.00022   1312.80
 440      0   296.33515   -1834.41558   0.00204   307.19575  -0.14714   0.00021   1366.24
 460      0   296.07142   -1834.41602   0.00200   307.17765  -0.14715   0.00020   1419.63
 480      0   297.61391   -1834.41529   0.00194   307.17235  -0.14711   0.00020   1473.01
 500      0   295.65531   -1834.41541   0.00188   307.16544  -0.14715   0.00019   1526.49
 520      0   297.66806   -1834.41519   0.00186   307.15831  -0.14713   0.00018   1581.29
 540      0   296.89360   -1834.41464   0.00182   307.16502  -0.14711   0.00018   1634.71
 560      0   296.64986   -1834.41451   0.00178   307.17829  -0.14714   0.00017   1688.13
 580      0   296.86144   -1834.41487   0.00173   307.17606  -0.14709   0.00017   1741.55
 600      0   297.34526   -1834.41529   0.00169   307.16531  -0.14710   0.00016   1796.56
 620      0   297.28879   -1834.41535   0.00164   307.15480  -0.14708   0.00016   1849.92
 640      0   296.36185   -1834.41536   0.00161   307.15032  -0.14709   0.00015   1905.79
 660      0   297.76658   -1834.41589   0.00158   307.15236  -0.14708   0.00015   1959.26
 680      0   297.13271   -1834.41741   0.00160   307.16729  -0.14709   0.00015   2012.62
 700      0   295.86757   -1834.41784   0.00158   307.19356  -0.14710   0.00014   2065.99
 720      0   295.71657   -1834.41809   0.00155   307.21688  -0.14713   0.00014   2119.39
 740      0   297.80018   -1834.41763   0.00152   307.23158  -0.14713   0.00014   2172.78
 760      0   297.76535   -1834.41774   0.00150   307.24302  -0.14712   0.00013   2227.59
 780      0   296.12847   -1834.41801   0.00149   307.22614  -0.14713   0.00013   2281.06
 800      0   297.58802   -1834.41744   0.00147   307.23321  -0.14715   0.00013   2334.47
 820      0   299.75474   -1834.41779   0.00145   307.25116  -0.14714   0.00012   2387.87
 840      0   296.63252   -1834.41771   0.00143   307.25673  -0.14710   0.00012   2442.67

Post Propagation
Total number of samples 840
Remove Outliers
Remove samples outside Zeta > 30
Outlier bound [-0.20665, -0.08700]
Removed 1 Outliers
Outliers Energy [-0.21177759]
nsample = 840, max_block_size = 42, min_nblocks = 20
   B    NB    NS  Observable     Error    dError
   1   840   840  -1834.41766   0.00143   0.00003
   2   420   840  -1834.41767   0.00176   0.00006
   3   280   840  -1834.41768   0.00201   0.00009
   4   210   840  -1834.41769   0.00209   0.00010
   5   168   840  -1834.41769   0.00219   0.00012
   6   140   840  -1834.41769   0.00234   0.00014
   7   120   840  -1834.41770   0.00243   0.00016
   8   105   840  -1834.41770   0.00242   0.00017
   9    93   837  -1834.41782   0.00252   0.00019
  10    84   840  -1834.41771   0.00232   0.00018
  11    76   836  -1834.41785   0.00247   0.00020
  12    70   840  -1834.41771   0.00253   0.00022
  13    64   832  -1834.41763   0.00239   0.00021
  14    60   840  -1834.41771   0.00248   0.00023
  15    56   840  -1834.41771   0.00244   0.00023
  16    52   832  -1834.41763   0.00276   0.00027
  17    49   833  -1834.41768   0.00238   0.00024
  18    46   828  -1834.41785   0.00256   0.00027
  19    44   836  -1834.41785   0.00254   0.00027
  20    42   840  -1834.41771   0.00234   0.00026
  21    40   840  -1834.41771   0.00258   0.00029
  22    38   836  -1834.41785   0.00255   0.00030
  23    36   828  -1834.41785   0.00236   0.00028
  24    35   840  -1834.41771   0.00259   0.00031
  25    33   825  -1834.41781   0.00276   0.00034
  26    32   832  -1834.41764   0.00240   0.00030
  27    31   837  -1834.41784   0.00256   0.00033
  28    30   840  -1834.41771   0.00228   0.00030
  29    28   812  -1834.41788   0.00258   0.00035
  30    28   840  -1834.41771   0.00262   0.00036
  31    27   837  -1834.41784   0.00260   0.00036
  32    26   832  -1834.41764   0.00265   0.00037
  33    25   825  -1834.41781   0.00272   0.00039
  34    24   816  -1834.41785   0.00276   0.00041
  35    24   840  -1834.41771   0.00262   0.00039
  36    23   828  -1834.41785   0.00272   0.00041
  37    22   814  -1834.41776   0.00260   0.00040
  38    22   836  -1834.41785   0.00267   0.00041
  39    21   819  -1834.41778   0.00263   0.00042
  40    21   840  -1834.41771   0.00248   0.00039
  41    20   820  -1834.41779   0.00286   0.00046
  42    20   840  -1834.41771   0.00268   0.00043
Fit (variance): plateau_var = 6.395e-06 ± 2.778e-07
Fit (error):    plateau = 0.00253 ± 0.00005
     autocorrelation length ~ 3.6 blocks
     plateau reached at block size ~ 17
nsample = 839, max_block_size = 41, min_nblocks = 20
Blk_SZ   NBlk   NSmp      Energy     Error    dError
     1    839    839    -0.14696   0.00008   0.00000
     2    419    838    -0.14697   0.00009   0.00000
     3    279    837    -0.14698   0.00010   0.00000
     4    209    836    -0.14699   0.00011   0.00001
     5    167    835    -0.14700   0.00011   0.00001
     6    139    834    -0.14699   0.00011   0.00001
     7    119    833    -0.14700   0.00011   0.00001
     8    104    832    -0.14701   0.00011   0.00001
     9     93    837    -0.14700   0.00011   0.00001
    10     83    830    -0.14702   0.00011   0.00001
    11     76    836    -0.14701   0.00011   0.00001
    12     69    828    -0.14701   0.00011   0.00001
    13     64    832    -0.14702   0.00012   0.00001
    14     59    826    -0.14703   0.00011   0.00001
    15     55    825    -0.14703   0.00012   0.00001
    16     52    832    -0.14702   0.00012   0.00001
    17     49    833    -0.14702   0.00012   0.00001
    18     46    828    -0.14702   0.00012   0.00001
    19     44    836    -0.14701   0.00011   0.00001
    20     41    820    -0.14704   0.00010   0.00001
    21     39    819    -0.14704   0.00011   0.00001
    22     38    836    -0.14701   0.00011   0.00001
    23     36    828    -0.14702   0.00012   0.00001
    24     34    816    -0.14704   0.00009   0.00001
    25     33    825    -0.14703   0.00011   0.00001
    26     32    832    -0.14702   0.00011   0.00001
    27     31    837    -0.14701   0.00009   0.00001
    28     29    812    -0.14705   0.00012   0.00002
    29     28    812    -0.14705   0.00009   0.00001
    30     27    810    -0.14705   0.00011   0.00001
    31     27    837    -0.14701   0.00011   0.00002
    32     26    832    -0.14702   0.00012   0.00002
    33     25    825    -0.14703   0.00010   0.00002
    34     24    816    -0.14704   0.00010   0.00001
    35     23    805    -0.14706   0.00011   0.00002
    36     23    828    -0.14702   0.00011   0.00002
    37     22    814    -0.14705   0.00010   0.00002
    38     22    836    -0.14702   0.00009   0.00001
    39     21    819    -0.14704   0.00008   0.00001
    40     20    800    -0.14705   0.00008   0.00001
    41     20    820    -0.14704   0.00009   0.00002
Fit (variance): plateau_var = 1.14117e-08 ± 3.93283e-10
Fit (error):    plateau = 0.00011 ± 0.00000
     autocorrelation length ~ 1.2 blocks
     plateau reached at block size ~ 6
Final AFQMC/HF Guiding Energy:      -1834.4177 +/- 0.0025
Final AFQMC/pt2CCSD Orbital Energy: -0.14701 +/- 0.00011
<t1> = weightp/weight = 1.03440
Total run time: 2445.32

AFQMC Sampling Finished

LNO-Integral time (s):    91.36
LNO-AFQMC time (s):       2556.92


======================== LNO-FRAGMENT [C15] 16/(48,48) =========================
Fragment Num.  16
Fragment Idx.  16
Fragment Name  C15
LNO THRESHOLD  [3e-05, 3e-06]
PySCF Threads  12
LNO-LAS: 63/156 Occ | 242/636 Vir | 305/792 MOs
LNO-MP2 Fragment Energy:  -0.12098981
LNO-CCSD Fragment Energy: -0.12034978
LNO-CPU time (s):         2184.89 (LAS 22.81 | MP2 77.15 | CCSD 2084.93)
LNO-CPU wait time (s):    0.00 (100.0% hidden)
Find Density Fit Teonsers in MF object
Integrals will be built by DF Tensors
Calculating Effective Active Space One-electron Integrals
*** Correlation Space Size ***
N Occupied Orbitals: 63
N Active Orbitals:   305
Build effective h0 and h1 time: 58.498206 s
Composing CDERIs from DF
Build CDERI in cLAS time: 20.223657 s
Raw CDERI in LAS shape: (3912, 46665)
Compress CDERI 2 Chol: 1e-05
Compress CDERI time: 5.182349 s
Finished calculating Integrals
LAS Cholesky shape: (2008, 305, 305)
AFQMC script: /u/yzhang65/myprojects/software/afqmc/afqmc/lno_afqmc/script/run_lno_afqmc_pt2ccsd.py

LNO-AFQMC Started
Hostname:     gpue08.delta.ncsa.illinois.edu
System:       Linux
Node:         gpue08.delta.ncsa.illinois.edu
Release:      5.14.0-570.131.1.el9_6.x86_64
Machine:      x86_64
Processor:    x86_64
JAX backend:  GPU
JAX devices:  [CudaDevice(id=0)]
Device kind:  NVIDIA H200
Platform:     gpu

QMC Parameters
eql_time        -         30
n_prop_steps    -         50
n_blocks        -        840
n_walkers       -        300
max_memory      -     400000
mix_precision   -       True
seed            -       3424
walker_type     -        rhf
trial           - pt2ccsd_sto_chol
chol_cost_ratio -       0.16
max_error       -    7.2e-05
dt              -      0.005
n_exp_terms     -          6
n_batch         -          1
nchol_chunk     -        100
free_projection -      False

QMC System
Number of Occ. Orbitals:      63
Number of Act. Orbitals:      305
Number of Chol. Vectors:      2008
Mean-Field Energy:            -1832.00523770
Maximum memory per walker:            1333.33 MB
Maximum number of Cholesky per chunk: 939
Number of Cholesky chunks:            3
Number of Cholesky per chunk:         670
Number of padding Cholesky:           2
Trial:   pt2ccsd_sto_chol(norb=305, nelec=(63, 63), n_batch=1, nchol_chunk=670, mix_precision=True, n_chol_head=0, head_chol_ratio=None, n_chol_samples=None, chol_cost_ratio=0.16, head_sample_ratio=3.0, chol_score_floor=1e-06, chol_uniform_mix=0.01, head_from_guide=False)
Sampler: sampler_pt2_sto_chol(n_prop_steps=50, n_blocks=840, n_chol=2008, frozen_vir=0)

Initalize QMC walkers by HF

Equilibration
Initial Orbital energy: -0.12036
inv_T  nodes      weight      energy     error   runTime
 0.00      0   300.00000  -1832.00261   0.00000     54.15
 3.00      0   316.30859  -1834.89195   0.03851     72.68
 6.00      0   302.38908  -1834.92889   0.03979     87.03
 9.00      0   295.99889  -1834.79778   0.03332    101.74
12.00      0   296.63350  -1834.85916   0.03838    116.33
15.00      0   296.23585  -1834.85185   0.03594    130.75
18.00      0   295.98073  -1834.84711   0.03749    145.62
21.00      0   297.37660  -1834.93275   0.04077    160.25
24.00      0   296.61661  -1834.87375   0.04028    175.09
27.00      0   296.52367  -1834.83880   0.03582    189.46
30.00      0   296.81107  -1834.85420   0.03534    204.16

Sampling Blocks
Target Final Error ~ 0.000072
   N  nodes      weight      E(Guide)     Error     weightp    E_frag     Error      Time
  20      0   295.24316   -1834.86997   0.00953   307.65124  -0.12827   0.00038    303.67
  40      0   295.26456   -1834.86695   0.00611   307.77610  -0.12782   0.00028    394.68
  60      0   295.64812   -1834.87765   0.00534   307.67041  -0.12801   0.00022    490.40
  80      0   297.81850   -1834.87122   0.00539   307.63225  -0.12782   0.00019    580.68
 100      0   297.18921   -1834.87513   0.00520   307.49131  -0.12773   0.00019    670.87
 120      0   296.63334   -1834.87269   0.00456   307.38195  -0.12748   0.00017    761.14
 140      0   297.48318   -1834.86817   0.00414   307.33122  -0.12755   0.00015    851.33
 160      0   297.49207   -1834.86790   0.00374   307.33113  -0.12755   0.00014    941.25
 180      0   295.56783   -1834.86866   0.00343   307.30933  -0.12744   0.00013   1033.27
 200      0   296.16681   -1834.87360   0.00341   307.32021  -0.12753   0.00014   1125.70
 220      0   296.82715   -1834.87291   0.00324   307.30739  -0.12757   0.00013   1216.12
 240      0   296.14142   -1834.87223   0.00305   307.33701  -0.12751   0.00012   1305.57
 260      0   296.69388   -1834.87073   0.00292   307.34291  -0.12752   0.00012   1395.00
 280      0   295.99522   -1834.87078   0.00277   307.38745  -0.12753   0.00012   1484.44
 300      0   296.45415   -1834.86978   0.00269   307.37699  -0.12755   0.00012   1574.27
 320      0   296.94653   -1834.86921   0.00257   307.40200  -0.12760   0.00012   1663.77
 340      0   296.63332   -1834.87033   0.00251   307.42117  -0.12759   0.00011   1758.10
 360      0   296.53476   -1834.87119   0.00242   307.41144  -0.12752   0.00011   1847.70
 380      0   296.40379   -1834.87037   0.00238   307.40619  -0.12755   0.00010   1937.13
 400      0   297.13097   -1834.87057   0.00229   307.42068  -0.12756   0.00010   2026.63
 420      0   297.08196   -1834.86931   0.00222   307.42673  -0.12751   0.00010   2116.10
 440      0   297.98300   -1834.86984   0.00214   307.48301  -0.12749   0.00009   2205.94
 460      0   295.92538   -1834.87017   0.00209   307.47204  -0.12752   0.00009   2295.39
 480      0   296.44763   -1834.86977   0.00205   307.49177  -0.12749   0.00009   2389.84
 500      0   296.88523   -1834.87036   0.00200   307.53396  -0.12749   0.00009   2479.44
 520      0   297.40541   -1834.87045   0.00195   307.53254  -0.12747   0.00009   2568.90
 540      0   296.80540   -1834.87030   0.00189   307.53502  -0.12748   0.00008   2658.42
 560      0   296.55320   -1834.86981   0.00184   307.56010  -0.12746   0.00008   2747.91
 580      0   295.41437   -1834.87059   0.00180   307.55527  -0.12748   0.00008   2837.69
 600      0   296.93244   -1834.87023   0.00176   307.53757  -0.12746   0.00008   2927.13
 620      0   296.18492   -1834.87052   0.00175   307.53446  -0.12750   0.00008   3021.18
 640      0   295.92589   -1834.86987   0.00174   307.51995  -0.12745   0.00008   3110.67
 660      0   295.88342   -1834.86919   0.00171   307.52768  -0.12744   0.00007   3200.12
 680      0   296.54020   -1834.86913   0.00167   307.53161  -0.12742   0.00007   3289.69
 700      0   298.15495   -1834.87029   0.00167   307.54949  -0.12743   0.00007   3379.34
 720      0   295.62154   -1834.87007   0.00165   307.54037  -0.12744   0.00007   3468.92
 740      0   296.93223   -1834.86930   0.00163   307.54990  -0.12745   0.00007   3561.41
 760      0   297.43692   -1834.87032   0.00162   307.56812  -0.12751   0.00007   3653.64
 780      0   296.11852   -1834.87003   0.00160   307.57556  -0.12749   0.00007   3743.11
 800      0   297.05255   -1834.86968   0.00158   307.57250  -0.12746   0.00007   3832.63
 820      0   298.39847   -1834.86907   0.00155   307.57799  -0.12746   0.00007   3922.03
 840      0   297.21818   -1834.86903   0.00153   307.55753  -0.12748   0.00007   4011.85

Post Propagation
Total number of samples 840
Remove Outliers
Remove samples outside Zeta > 30
Outlier bound [-0.17533, -0.07922]
Removed 0 Outliers
Outliers Energy []
nsample = 840, max_block_size = 42, min_nblocks = 20
   B    NB    NS  Observable     Error    dError
   1   840   840  -1834.86896   0.00153   0.00004
   2   420   840  -1834.86898   0.00191   0.00007
   3   280   840  -1834.86899   0.00217   0.00009
   4   210   840  -1834.86899   0.00235   0.00012
   5   168   840  -1834.86900   0.00244   0.00013
   6   140   840  -1834.86900   0.00258   0.00015
   7   120   840  -1834.86901   0.00261   0.00017
   8   105   840  -1834.86900   0.00279   0.00019
   9    93   837  -1834.86910   0.00285   0.00021
  10    84   840  -1834.86901   0.00285   0.00022
  11    76   836  -1834.86915   0.00289   0.00024
  12    70   840  -1834.86902   0.00264   0.00022
  13    64   832  -1834.86917   0.00282   0.00025
  14    60   840  -1834.86902   0.00281   0.00026
  15    56   840  -1834.86902   0.00282   0.00027
  16    52   832  -1834.86917   0.00301   0.00030
  17    49   833  -1834.86924   0.00289   0.00029
  18    46   828  -1834.86919   0.00296   0.00031
  19    44   836  -1834.86916   0.00276   0.00030
  20    42   840  -1834.86902   0.00286   0.00032
  21    40   840  -1834.86902   0.00304   0.00034
  22    38   836  -1834.86916   0.00274   0.00032
  23    36   828  -1834.86919   0.00325   0.00039
  24    35   840  -1834.86902   0.00252   0.00031
  25    33   825  -1834.86914   0.00241   0.00030
  26    32   832  -1834.86918   0.00267   0.00034
  27    31   837  -1834.86912   0.00228   0.00029
  28    30   840  -1834.86902   0.00262   0.00034
  29    28   812  -1834.86928   0.00255   0.00035
  30    28   840  -1834.86903   0.00289   0.00039
  31    27   837  -1834.86912   0.00294   0.00041
  32    26   832  -1834.86918   0.00288   0.00041
  33    25   825  -1834.86914   0.00282   0.00041
  34    24   816  -1834.86906   0.00308   0.00045
  35    24   840  -1834.86902   0.00322   0.00047
  36    23   828  -1834.86919   0.00266   0.00040
  37    22   814  -1834.86922   0.00313   0.00048
  38    22   836  -1834.86917   0.00230   0.00035
  39    21   819  -1834.86907   0.00280   0.00044
  40    21   840  -1834.86903   0.00250   0.00040
  41    20   820  -1834.86907   0.00289   0.00047
  42    20   840  -1834.86903   0.00282   0.00046
Fit (variance): plateau_var = 7.666e-06 ± 3.207e-07
Fit (error):    plateau = 0.00277 ± 0.00006
     autocorrelation length ~ 3.3 blocks
     plateau reached at block size ~ 15
nsample = 840, max_block_size = 42, min_nblocks = 20
Blk_SZ   NBlk   NSmp      Energy     Error    dError
     1    840    840    -0.12744   0.00007   0.00000
     2    420    840    -0.12745   0.00008   0.00000
     3    280    840    -0.12745   0.00009   0.00000
     4    210    840    -0.12745   0.00009   0.00000
     5    168    840    -0.12745   0.00009   0.00001
     6    140    840    -0.12745   0.00010   0.00001
     7    120    840    -0.12746   0.00010   0.00001
     8    105    840    -0.12746   0.00010   0.00001
     9     93    837    -0.12746   0.00010   0.00001
    10     84    840    -0.12746   0.00010   0.00001
    11     76    836    -0.12746   0.00009   0.00001
    12     70    840    -0.12747   0.00010   0.00001
    13     64    832    -0.12747   0.00009   0.00001
    14     60    840    -0.12747   0.00010   0.00001
    15     56    840    -0.12747   0.00010   0.00001
    16     52    832    -0.12747   0.00010   0.00001
    17     49    833    -0.12746   0.00010   0.00001
    18     46    828    -0.12747   0.00010   0.00001
    19     44    836    -0.12747   0.00011   0.00001
    20     42    840    -0.12747   0.00011   0.00001
    21     40    840    -0.12747   0.00009   0.00001
    22     38    836    -0.12747   0.00009   0.00001
    23     36    828    -0.12747   0.00011   0.00001
    24     35    840    -0.12747   0.00010   0.00001
    25     33    825    -0.12746   0.00009   0.00001
    26     32    832    -0.12747   0.00010   0.00001
    27     31    837    -0.12747   0.00010   0.00001
    28     30    840    -0.12747   0.00010   0.00001
    29     28    812    -0.12746   0.00009   0.00001
    30     28    840    -0.12747   0.00010   0.00001
    31     27    837    -0.12747   0.00011   0.00002
    32     26    832    -0.12747   0.00010   0.00001
    33     25    825    -0.12746   0.00011   0.00002
    34     24    816    -0.12746   0.00009   0.00001
    35     24    840    -0.12747   0.00009   0.00001
    36     23    828    -0.12747   0.00011   0.00002
    37     22    814    -0.12746   0.00010   0.00002
    38     22    836    -0.12747   0.00011   0.00002
    39     21    819    -0.12746   0.00010   0.00002
    40     21    840    -0.12747   0.00011   0.00002
    41     20    820    -0.12746   0.00011   0.00002
    42     20    840    -0.12747   0.00009   0.00001
Fit (variance): plateau_var = 9.74557e-09 ± 3.63949e-10
Fit (error):    plateau = 0.00010 ± 0.00000
     autocorrelation length ~ 2.0 blocks
     plateau reached at block size ~ 10
Final AFQMC/HF Guiding Energy:      -1834.8690 +/- 0.0028
Final AFQMC/pt2CCSD Orbital Energy: -0.12748 +/- 0.00010
<t1> = weightp/weight = 1.03716
Total run time: 4014.94

AFQMC Sampling Finished

LNO-Integral time (s):    96.21
LNO-AFQMC time (s):       4123.84


======================= LNO-FRAGMENT [C16H30] 17/(48,48) =======================
Fragment Num.  17
Fragment Idx.  17
Fragment Name  C16H30
LNO THRESHOLD  [3e-05, 3e-06]
PySCF Threads  12
LNO-LAS: 59/156 Occ | 226/636 Vir | 285/792 MOs
LNO-MP2 Fragment Energy:  -0.13568955
LNO-CCSD Fragment Energy: -0.14037053
LNO-CPU time (s):         1369.69 (LAS 22.37 | MP2 71.88 | CCSD 1275.43)
LNO-CPU wait time (s):    0.00 (100.0% hidden)
Find Density Fit Teonsers in MF object
Integrals will be built by DF Tensors
Calculating Effective Active Space One-electron Integrals
*** Correlation Space Size ***
N Occupied Orbitals: 59
N Active Orbitals:   285
Build effective h0 and h1 time: 57.841792 s
Composing CDERIs from DF
Build CDERI in cLAS time: 20.362535 s
Raw CDERI in LAS shape: (3912, 40755)
Compress CDERI 2 Chol: 1e-05
Compress CDERI time: 5.970587 s
Finished calculating Integrals
LAS Cholesky shape: (1972, 285, 285)
AFQMC script: /u/yzhang65/myprojects/software/afqmc/afqmc/lno_afqmc/script/run_lno_afqmc_pt2ccsd.py

LNO-AFQMC Started
Hostname:     gpue08.delta.ncsa.illinois.edu
System:       Linux
Node:         gpue08.delta.ncsa.illinois.edu
Release:      5.14.0-570.131.1.el9_6.x86_64
Machine:      x86_64
Processor:    x86_64
JAX backend:  GPU
JAX devices:  [CudaDevice(id=0)]
Device kind:  NVIDIA H200
Platform:     gpu

QMC Parameters
eql_time        -         30
n_prop_steps    -         50
n_blocks        -        840
n_walkers       -        300
max_memory      -     400000
mix_precision   -       True
seed            -       4366
walker_type     -        rhf
trial           - pt2ccsd_sto_chol
chol_cost_ratio -       0.16
max_error       -    7.2e-05
dt              -      0.005
n_exp_terms     -          6
n_batch         -          1
nchol_chunk     -        100
free_projection -      False

QMC System
Number of Occ. Orbitals:      59
Number of Act. Orbitals:      285
Number of Chol. Vectors:      1972
Mean-Field Energy:            -1832.00523770
Maximum memory per walker:            1333.33 MB
Maximum number of Cholesky per chunk: 1075
Number of Cholesky chunks:            2
Number of Cholesky per chunk:         986
Number of padding Cholesky:           0
Trial:   pt2ccsd_sto_chol(norb=285, nelec=(59, 59), n_batch=1, nchol_chunk=986, mix_precision=True, n_chol_head=0, head_chol_ratio=None, n_chol_samples=None, chol_cost_ratio=0.16, head_sample_ratio=3.0, chol_score_floor=1e-06, chol_uniform_mix=0.01, head_from_guide=False)
Sampler: sampler_pt2_sto_chol(n_prop_steps=50, n_blocks=840, n_chol=1972, frozen_vir=0)

Initalize QMC walkers by HF

Equilibration
Initial Orbital energy: -0.14036
inv_T  nodes      weight      energy     error   runTime
 0.00      0   300.00000  -1832.00215   0.00000     58.79
 3.00      0   313.26038  -1834.58720   0.04308     75.73
 6.00      0   301.31780  -1834.59469   0.03363     88.55
 9.00      0   299.56143  -1834.61289   0.03764    101.84
12.00      0   297.40061  -1834.60321   0.03452    114.58
15.00      0   298.08590  -1834.68711   0.03727    128.02
18.00      0   295.79316  -1834.56970   0.03257    141.13
21.00      0   297.93625  -1834.65687   0.04030    153.71
24.00      0   296.24189  -1834.59946   0.03728    166.47
27.00      0   297.66570  -1834.59378   0.03330    179.27
30.00      0   296.93434  -1834.57200   0.03890    192.48

Sampling Blocks
Target Final Error ~ 0.000072
   N  nodes      weight      E(Guide)     Error     weightp    E_frag     Error      Time
  20      0   296.19757   -1834.57138   0.00549   308.45478  -0.14702   0.00044    275.31
  40      0   296.92160   -1834.58687   0.00537   308.39695  -0.14754   0.00038    351.16
  60      0   297.67704   -1834.58457   0.00434   308.42683  -0.14752   0.00028    422.89
  80      0   295.16042   -1834.58173   0.00406   308.45124  -0.14779   0.00026    494.26
 100      0   296.44162   -1834.58476   0.00405   308.34567  -0.14773   0.00022    566.68
 120      0   297.19743   -1834.58193   0.00368   308.25864  -0.14753   0.00020    642.34
 140      0   296.65131   -1834.58798   0.00359   308.20286  -0.14754   0.00021    713.95
 160      0   296.46866   -1834.58449   0.00336   308.10010  -0.14742   0.00019    785.54
 180      0   295.89201   -1834.58605   0.00331   308.06779  -0.14763   0.00018    857.25
 200      0   295.96534   -1834.58919   0.00317   307.99605  -0.14761   0.00017    928.24
 220      0   296.80207   -1834.58738   0.00303   308.03248  -0.14767   0.00016   1000.23
 240      0   297.70064   -1834.58883   0.00283   308.01927  -0.14772   0.00015   1072.29
 260      0   296.96959   -1834.58758   0.00270   308.01218  -0.14779   0.00014   1143.88
 280      0   296.52005   -1834.58733   0.00259   308.01861  -0.14779   0.00014   1217.18
 300      0   298.11391   -1834.58734   0.00251   308.10600  -0.14776   0.00013   1288.58
 320      0   298.18997   -1834.58797   0.00239   308.17239  -0.14784   0.00013   1362.11
 340      0   297.29329   -1834.58776   0.00228   308.18153  -0.14782   0.00013   1434.12
 360      0   296.43386   -1834.58872   0.00223   308.24288  -0.14787   0.00013   1505.66
 380      0   297.32961   -1834.58736   0.00217   308.28244  -0.14784   0.00012   1577.19
 400      0   297.93931   -1834.58675   0.00212   308.29973  -0.14780   0.00012   1648.22
 420      0   297.11371   -1834.58703   0.00205   308.36905  -0.14778   0.00011   1721.10
 440      0   297.56241   -1834.58700   0.00199   308.40333  -0.14778   0.00011   1792.62
 460      0   295.37396   -1834.58642   0.00196   308.33542  -0.14774   0.00011   1863.91
 480      0   296.85144   -1834.58576   0.00189   308.29934  -0.14773   0.00010   1938.78
 500      0   296.49311   -1834.58502   0.00185   308.27933  -0.14771   0.00010   2010.20
 520      0   297.61134   -1834.58464   0.00181   308.24129  -0.14769   0.00010   2082.35
 540      0   295.97863   -1834.58481   0.00178   308.26132  -0.14771   0.00010   2153.88
 560      0   296.78635   -1834.58535   0.00175   308.27152  -0.14770   0.00010   2225.93
 580      0   297.35523   -1834.58481   0.00172   308.26735  -0.14768   0.00010   2297.27
 600      0   296.13845   -1834.58471   0.00170   308.25162  -0.14765   0.00009   2368.91
 620      0   295.85301   -1834.58575   0.00168   308.24006  -0.14765   0.00009   2444.19
 640      0   297.09531   -1834.58559   0.00164   308.21360  -0.14761   0.00009   2515.47
 660      0   297.81503   -1834.58450   0.00164   308.18918  -0.14761   0.00009   2586.75
 680      0   296.78319   -1834.58457   0.00161   308.20463  -0.14760   0.00009   2658.07
 700      0   297.38932   -1834.58494   0.00159   308.20642  -0.14760   0.00008   2730.13
 720      0   297.97621   -1834.58478   0.00156   308.21481  -0.14760   0.00008   2801.53
 740      0   297.44690   -1834.58547   0.00155   308.23646  -0.14763   0.00008   2872.70
 760      0   296.33232   -1834.58519   0.00152   308.22875  -0.14761   0.00008   2943.27
 780      0   297.79935   -1834.58558   0.00151   308.24703  -0.14761   0.00008   3013.92
 800      0   296.05009   -1834.58538   0.00150   308.25781  -0.14761   0.00008   3084.56
 820      0   296.96799   -1834.58573   0.00147   308.26819  -0.14761   0.00008   3155.08
 840      0   296.44781   -1834.58522   0.00146   308.25173  -0.14763   0.00008   3225.66

Post Propagation
Total number of samples 840
Remove Outliers
Remove samples outside Zeta > 30
Outlier bound [-0.20809, -0.08678]
Removed 0 Outliers
Outliers Energy []
nsample = 840, max_block_size = 42, min_nblocks = 20
   B    NB    NS  Observable     Error    dError
   1   840   840  -1834.58515   0.00146   0.00004
   2   420   840  -1834.58517   0.00182   0.00006
   3   280   840  -1834.58518   0.00202   0.00009
   4   210   840  -1834.58518   0.00218   0.00011
   5   168   840  -1834.58519   0.00221   0.00012
   6   140   840  -1834.58520   0.00228   0.00014
   7   120   840  -1834.58520   0.00237   0.00015
   8   105   840  -1834.58520   0.00237   0.00016
   9    93   837  -1834.58529   0.00240   0.00018
  10    84   840  -1834.58521   0.00239   0.00019
  11    76   836  -1834.58538   0.00226   0.00018
  12    70   840  -1834.58521   0.00245   0.00021
  13    64   832  -1834.58529   0.00255   0.00023
  14    60   840  -1834.58521   0.00264   0.00024
  15    56   840  -1834.58522   0.00224   0.00021
  16    52   832  -1834.58530   0.00224   0.00022
  17    49   833  -1834.58533   0.00264   0.00027
  18    46   828  -1834.58524   0.00240   0.00025
  19    44   836  -1834.58538   0.00227   0.00024
  20    42   840  -1834.58522   0.00263   0.00029
  21    40   840  -1834.58522   0.00238   0.00027
  22    38   836  -1834.58539   0.00227   0.00026
  23    36   828  -1834.58524   0.00216   0.00026
  24    35   840  -1834.58522   0.00264   0.00032
  25    33   825  -1834.58552   0.00217   0.00027
  26    32   832  -1834.58530   0.00184   0.00023
  27    31   837  -1834.58530   0.00220   0.00028
  28    30   840  -1834.58522   0.00252   0.00033
  29    28   812  -1834.58551   0.00233   0.00032
  30    28   840  -1834.58522   0.00210   0.00029
  31    27   837  -1834.58530   0.00207   0.00029
  32    26   832  -1834.58530   0.00186   0.00026
  33    25   825  -1834.58552   0.00255   0.00037
  34    24   816  -1834.58572   0.00189   0.00028
  35    24   840  -1834.58522   0.00254   0.00037
  36    23   828  -1834.58525   0.00204   0.00031
  37    22   814  -1834.58561   0.00216   0.00033
  38    22   836  -1834.58539   0.00179   0.00028
  39    21   819  -1834.58574   0.00233   0.00037
  40    21   840  -1834.58522   0.00231   0.00036
  41    20   820  -1834.58573   0.00209   0.00034
  42    20   840  -1834.58522   0.00241   0.00039
Fit (variance): plateau_var = 5.163e-06 ± 1.883e-07
Fit (error):    plateau = 0.00227 ± 0.00004
     autocorrelation length ~ 1.8 blocks
     plateau reached at block size ~ 9
nsample = 840, max_block_size = 42, min_nblocks = 20
Blk_SZ   NBlk   NSmp      Energy     Error    dError
     1    840    840    -0.14756   0.00008   0.00000
     2    420    840    -0.14758   0.00009   0.00000
     3    280    840    -0.14758   0.00009   0.00000
     4    210    840    -0.14759   0.00010   0.00000
     5    168    840    -0.14759   0.00010   0.00001
     6    140    840    -0.14760   0.00011   0.00001
     7    120    840    -0.14760   0.00011   0.00001
     8    105    840    -0.14761   0.00010   0.00001
     9     93    837    -0.14761   0.00011   0.00001
    10     84    840    -0.14760   0.00010   0.00001
    11     76    836    -0.14761   0.00010   0.00001
    12     70    840    -0.14761   0.00011   0.00001
    13     64    832    -0.14760   0.00010   0.00001
    14     60    840    -0.14761   0.00010   0.00001
    15     56    840    -0.14762   0.00011   0.00001
    16     52    832    -0.14761   0.00010   0.00001
    17     49    833    -0.14761   0.00011   0.00001
    18     46    828    -0.14760   0.00011   0.00001
    19     44    836    -0.14762   0.00010   0.00001
    20     42    840    -0.14761   0.00011   0.00001
    21     40    840    -0.14762   0.00010   0.00001
    22     38    836    -0.14762   0.00010   0.00001
    23     36    828    -0.14760   0.00012   0.00001
    24     35    840    -0.14761   0.00010   0.00001
    25     33    825    -0.14760   0.00010   0.00001
    26     32    832    -0.14762   0.00010   0.00001
    27     31    837    -0.14762   0.00011   0.00001
    28     30    840    -0.14761   0.00011   0.00001
    29     28    812    -0.14760   0.00010   0.00001
    30     28    840    -0.14762   0.00010   0.00001
    31     27    837    -0.14762   0.00011   0.00002
    32     26    832    -0.14762   0.00011   0.00002
    33     25    825    -0.14760   0.00011   0.00002
    34     24    816    -0.14762   0.00011   0.00002
    35     24    840    -0.14762   0.00009   0.00001
    36     23    828    -0.14760   0.00009   0.00001
    37     22    814    -0.14761   0.00010   0.00002
    38     22    836    -0.14763   0.00010   0.00002
    39     21    819    -0.14761   0.00011   0.00002
    40     21    840    -0.14762   0.00010   0.00002
    41     20    820    -0.14761   0.00011   0.00002
    42     20    840    -0.14762   0.00010   0.00002
Fit (variance): plateau_var = 1.09009e-08 ± 3.97850e-10
Fit (error):    plateau = 0.00010 ± 0.00000
     autocorrelation length ~ 1.9 blocks
     plateau reached at block size ~ 9
Final AFQMC/HF Guiding Energy:      -1834.5852 +/- 0.0023
Final AFQMC/pt2CCSD Orbital Energy: -0.14763 +/- 0.00010
<t1> = weightp/weight = 1.03827
Total run time: 3227.67

AFQMC Sampling Finished

LNO-Integral time (s):    109.81
LNO-AFQMC time (s):       3346.52


======================= LNO-FRAGMENT [C17H31] 18/(48,48) =======================
Fragment Num.  18
Fragment Idx.  18
Fragment Name  C17H31
LNO THRESHOLD  [3e-05, 3e-06]
PySCF Threads  12
LNO-LAS: 59/156 Occ | 223/636 Vir | 282/792 MOs
LNO-MP2 Fragment Energy:  -0.13510549
LNO-CCSD Fragment Energy: -0.13978054
LNO-CPU time (s):         1364.96 (LAS 24.45 | MP2 68.36 | CCSD 1272.15)
LNO-CPU wait time (s):    0.00 (100.0% hidden)
Find Density Fit Teonsers in MF object
Integrals will be built by DF Tensors
Calculating Effective Active Space One-electron Integrals
*** Correlation Space Size ***
N Occupied Orbitals: 59
N Active Orbitals:   282
Build effective h0 and h1 time: 45.248707 s
Composing CDERIs from DF
Build CDERI in cLAS time: 17.380456 s
Raw CDERI in LAS shape: (3912, 39903)
Compress CDERI 2 Chol: 1e-05
Compress CDERI time: 4.122414 s
Finished calculating Integrals
LAS Cholesky shape: (1961, 282, 282)
AFQMC script: /u/yzhang65/myprojects/software/afqmc/afqmc/lno_afqmc/script/run_lno_afqmc_pt2ccsd.py

LNO-AFQMC Started
Hostname:     gpue08.delta.ncsa.illinois.edu
System:       Linux
Node:         gpue08.delta.ncsa.illinois.edu
Release:      5.14.0-570.131.1.el9_6.x86_64
Machine:      x86_64
Processor:    x86_64
JAX backend:  GPU
JAX devices:  [CudaDevice(id=0)]
Device kind:  NVIDIA H200
Platform:     gpu

QMC Parameters
eql_time        -         30
n_prop_steps    -         50
n_blocks        -        840
n_walkers       -        300
max_memory      -     400000
mix_precision   -       True
seed            -       4267
walker_type     -        rhf
trial           - pt2ccsd_sto_chol
chol_cost_ratio -       0.16
max_error       -    7.2e-05
dt              -      0.005
n_exp_terms     -          6
n_batch         -          1
nchol_chunk     -        100
free_projection -      False

QMC System
Number of Occ. Orbitals:      59
Number of Act. Orbitals:      282
Number of Chol. Vectors:      1961
Mean-Field Energy:            -1832.00523770
Maximum memory per walker:            1333.33 MB
Maximum number of Cholesky per chunk: 1098
Number of Cholesky chunks:            2
Number of Cholesky per chunk:         981
Number of padding Cholesky:           1
Trial:   pt2ccsd_sto_chol(norb=282, nelec=(59, 59), n_batch=1, nchol_chunk=981, mix_precision=True, n_chol_head=0, head_chol_ratio=None, n_chol_samples=None, chol_cost_ratio=0.16, head_sample_ratio=3.0, chol_score_floor=1e-06, chol_uniform_mix=0.01, head_from_guide=False)
Sampler: sampler_pt2_sto_chol(n_prop_steps=50, n_blocks=840, n_chol=1961, frozen_vir=0)

Initalize QMC walkers by HF

Equilibration
Initial Orbital energy: -0.13982
inv_T  nodes      weight      energy     error   runTime
 0.00      0   300.00000  -1832.00132   0.00000     49.61
 3.00      0   313.37257  -1834.49187   0.03139     67.09
 6.00      0   302.54092  -1834.56974   0.03585     79.06
 9.00      0   297.40175  -1834.55045   0.03432     91.47
12.00      0   296.05193  -1834.56545   0.03535    103.52
15.00      0   298.69415  -1834.56069   0.03903    115.64
18.00      0   296.42365  -1834.58048   0.03951    127.31
21.00      0   297.38783  -1834.59976   0.03635    139.01
24.00      0   296.99934  -1834.54863   0.04335    151.07
27.00      0   297.92815  -1834.58786   0.03428    163.22
30.00      0   297.56805  -1834.56771   0.03390    175.25

Sampling Blocks
Target Final Error ~ 0.000072
   N  nodes      weight      E(Guide)     Error     weightp    E_frag     Error      Time
  20      0   297.08850   -1834.57009   0.00755   308.02984  -0.14747   0.00058    251.34
  40      0   296.85320   -1834.56106   0.00551   307.80108  -0.14671   0.00034    319.41
  60      0   297.53724   -1834.54965   0.00468   307.66160  -0.14638   0.00026    387.18
  80      0   297.48164   -1834.55112   0.00418   307.48541  -0.14658   0.00024    457.33
 100      0   296.69900   -1834.55244   0.00360   307.33686  -0.14681   0.00023    526.34
 120      0   298.64784   -1834.55527   0.00338   307.38453  -0.14683   0.00020    595.39
 140      0   295.91257   -1834.55857   0.00332   307.39280  -0.14699   0.00019    662.87
 160      0   297.58545   -1834.56288   0.00313   307.37316  -0.14694   0.00017    730.23
 180      0   297.38597   -1834.56440   0.00295   307.29079  -0.14684   0.00016    797.53
 200      0   297.40499   -1834.56746   0.00284   307.24355  -0.14681   0.00015    865.08
 220      0   297.83788   -1834.56710   0.00265   307.21957  -0.14693   0.00015    932.19
 240      0   296.51854   -1834.56674   0.00251   307.20099  -0.14699   0.00015    999.34
 260      0   295.65429   -1834.56542   0.00249   307.18919  -0.14697   0.00014   1066.06
 280      0   296.18540   -1834.56603   0.00239   307.17416  -0.14695   0.00013   1133.58
 300      0   297.12093   -1834.56576   0.00227   307.13083  -0.14700   0.00013   1205.72
 320      0   297.95974   -1834.56724   0.00223   307.11659  -0.14706   0.00013   1273.18
 340      0   297.68560   -1834.56600   0.00214   307.13229  -0.14697   0.00013   1340.58
 360      0   295.44425   -1834.56645   0.00205   307.13067  -0.14692   0.00012   1407.58
 380      0   297.36034   -1834.56713   0.00203   307.17658  -0.14697   0.00012   1474.93
 400      0   297.28470   -1834.56672   0.00195   307.20504  -0.14688   0.00012   1542.15
