#INFO: **** input file is /work/hdd/bdka/yzhang65/l7_dataset/lno_afqmc/c3/lno1/run_lno_afqmc.py ****
import numpy as np
from pyscf import gto, scf, lo

lno_num = 1
lno_list = [3e-5,1e-5,3e-6,1e-6]
lno_thresh = lno_list[lno_num-1]

geofile = "../../../geometry/c3a/B.xyz"
with open(geofile, 'r') as file:
    atoms = file.read()

mol = gto.M(atom=atoms,
            basis="ccpvdz",
            verbose=4,
            unit='angstrom',
            symmetry=0,
            charge=0,
            spin=0,
            max_memory=40000,
            )

mf = scf.RHF(mol).density_fit()
mf.chkfile = '../../../pyscf/c3/mf.chk'
mf.init_guess = 'chk'
mf.kernel()

from pyscf.lno.tools import autofrag_iao
from pyscf import lo
import numpy as np
from pyscf.data import elements

frozen = elements.chemcore(mol)

# IAO localization
orbocc = mf.mo_coeff[:,frozen:np.count_nonzero(mf.mo_occ)]
lo_coeff = lo.iao.iao(mol, orbocc)
lo_coeff = lo.orth.vec_lowdin(lo_coeff, mf.get_ovlp())
moliao = lo.iao.reference_mol(mol)
frag_lolist = autofrag_iao(moliao)

np.savez('../lo_coeff.npz', lo_coeff_a=lo_coeff)

# load local orbitals
#lo_coeff_a = np.load('../lo_coeff.npz')["lo_coeff_a"]
#lo_coeff_b = np.load('../lo_coeff.npz')["lo_coeff_b"]
#lo_coeff_a = np.array(lo_coeff_a)
#lo_coeff_b = np.array(lo_coeff_b)
#lo_coeff = [lo_coeff_a, lo_coeff_b]
#print('alpha local orbitals shape: ', lo_coeff_a.shape)
#print(' beta local orbitals shape: ', lo_coeff_b.shape)

from afqmc.lno_afqmc import lno_afqmc
options = {
           'n_eql': 100,
           'n_prop_steps': 50,
           'n_blocks': 500,
           'n_walkers': 300,
           'nchol_chunk': 100,
           'mix_precision': True,
           'n_batch': 1,
           'seed': 17,
           'walker_type': 'rhf',
           'trial': 'ccsd_pt2',
           'dt':0.005,
           'use_gpu': True,
           }

lno_afqmc.run_afqmc(
              mf,
              lo_coeff = lo_coeff,
              frag_lolist = frag_lolist,
              nfrozen = frozen,
              thresh = lno_thresh,
              qmc_options = options,
              chol_cut = 1e-5,
              target_sto_error = 5e-4,
              atom_group = moliao.elements,
              )
#INFO: ******************** input file end ********************


System: uname_result(system='Linux', node='gpua059.delta.ncsa.illinois.edu', release='5.14.0-427.91.1.el9_4.x86_64', version='#1 SMP PREEMPT_DYNAMIC Wed Sep 17 10:08:59 EDT 2025', machine='x86_64')  Threads 16
Python 3.11.14 (main, Oct 21 2025, 18:31:21) [GCC 11.2.0]
numpy 2.3.5  scipy 1.16.3  h5py 3.15.1
Date: Wed May 13 13:26:40 2026
PySCF version 2.11.0
PySCF path  /u/yzhang65/myprojects/software/pyscf
GIT HEAD (branch master) f520f5381c0b41f716d847009817cbc64e52c0d5

[ENV] PYSCF_TMPDIR /projects/bdka/yzhang65/scratch/pyscf
[ENV] PYSCF_EXT_PATH /u/yzhang65/myprojects/software/pyscf-forge
[CONFIG] conf_file None
[INPUT] verbose = 4
[INPUT] num. atoms = 72
[INPUT] num. electrons = 342
[INPUT] charge = 0
[INPUT] spin (= nelec alpha-beta = 2S) = 0
[INPUT] symmetry 0 subgroup None
[INPUT] Mole.unit = angstrom
[INPUT] Symbol           X                Y                Z      unit          X                Y                Z       unit  Magmom
[INPUT]  1 C      6.220000000000  -1.272000000000  -0.103000000000 AA   11.754096494795  -2.403731630447  -0.194641790830 Bohr   0.0
[INPUT]  2 C      6.356000000000   0.086000000000  -0.067000000000 AA   12.011099247736   0.162516446713  -0.126611650346 Bohr   0.0
[INPUT]  3 C      5.220000000000   0.956000000000  -0.165000000000 AA    9.864370370230   1.806578175084  -0.311804810553 Bohr   0.0
[INPUT]  4 C      3.923000000000   0.366000000000  -0.304000000000 AA    7.413395586669   0.691639761591  -0.574476741868 Bohr   0.0
[INPUT]  5 C      3.782000000000  -1.049000000000  -0.351000000000 AA    7.146944203105  -1.982322704669  -0.663293869722 Bohr   0.0
[INPUT]  6 C      4.934000000000  -1.892000000000  -0.240000000000 AA    9.323908698604  -3.575361827677  -0.453534269896 Bohr   0.0
[INPUT]  7 C      2.493000000000  -1.631000000000  -0.480000000000 AA    4.711087228541  -3.082143309166  -0.907068539791 Bohr   0.0
[INPUT]  8 C      4.770000000000  -3.283000000000  -0.265000000000 AA    9.013993614175  -6.203970866947  -0.500777423010 Bohr   0.0
[INPUT]  9 C      3.506000000000  -3.877000000000  -0.385000000000 AA    6.625379792725  -7.326468184939  -0.727544557958 Bohr   0.0
[INPUT] 10 C      2.348000000000  -3.043000000000  -0.500000000000 AA    4.437076940479  -5.750436597051  -0.944863062283 Bohr   0.0
[INPUT] 11 C      3.325000000000  -5.299000000000  -0.390000000000 AA    6.283339364179 -10.013658734070  -0.736993188580 Bohr   0.0
[INPUT] 12 C      2.082000000000  -5.857000000000  -0.476000000000 AA    3.934409791344 -11.068125911578  -0.899509635293 Bohr   0.0
[INPUT] 13 C      0.902000000000  -5.047000000000  -0.564000000000 AA    1.704532964358  -9.537447750680  -1.065805534255 Bohr   0.0
[INPUT] 14 C      1.053000000000  -3.625000000000  -0.579000000000 AA    1.989881609167  -6.850257201548  -1.094151426123 Bohr   0.0
[INPUT] 15 C     -0.094000000000  -2.794000000000  -0.668000000000 AA   -0.177634255709  -5.279894792035  -1.262337051209 Bohr   0.0
[INPUT] 16 C      0.051000000000  -1.376000000000  -0.669000000000 AA    0.096376032353  -2.600263147402  -1.264226777334 Bohr   0.0
[INPUT] 17 C      1.342000000000  -0.795000000000  -0.596000000000 AA    2.536012459166  -1.502332269029  -1.126276770241 Bohr   0.0
[INPUT] 18 C      2.777000000000   1.198000000000  -0.411000000000 AA    5.247769447917   2.263891897229  -0.776677437196 Bohr   0.0
[INPUT] 19 C      1.483000000000   0.616000000000  -0.539000000000 AA    2.802463842730   1.164071292732  -1.018562381141 Bohr   0.0
[INPUT] 20 C      0.335000000000   1.447000000000  -0.612000000000 AA    0.633058251729   2.734433702246  -1.156512388234 Bohr   0.0
[INPUT] 21 C     -0.954000000000   0.866000000000  -0.706000000000 AA   -1.802798722835   1.636502823873  -1.334146643943 Bohr   0.0
[INPUT] 22 C     -1.098000000000  -0.545000000000  -0.714000000000 AA   -2.074919284772  -1.029900737888  -1.349264452939 Bohr   0.0
[INPUT] 23 C     -1.388000000000  -3.374000000000  -0.698000000000 AA   -2.622939860896  -6.375935944283  -1.319028834946 Bohr   0.0
[INPUT] 24 C     -2.540000000000  -2.541000000000  -0.725000000000 AA   -4.799904356395  -4.801794082520  -1.370051440310 Bohr   0.0
[INPUT] 25 C     -2.397000000000  -1.129000000000  -0.764000000000 AA   -4.529673520582  -2.133500794634  -1.443750759168 Bohr   0.0
[INPUT] 26 C     -0.384000000000  -5.600000000000  -0.613000000000 AA   -0.725654831833 -10.582466297564  -1.158402114358 Bohr   0.0
[INPUT] 27 C     -1.531000000000  -4.796000000000  -0.667000000000 AA   -2.893170696709  -9.063126493414  -1.260447325085 Bohr   0.0
[INPUT] 28 C     -3.848000000000  -3.122000000000  -0.735000000000 AA   -7.271666127326  -5.899724960892  -1.388948701555 Bohr   0.0
[INPUT] 29 C     -4.970000000000  -2.283000000000  -0.758000000000 AA   -9.391938839088  -4.314244742382  -1.432412402420 Bohr   0.0
[INPUT] 30 C     -4.850000000000  -0.887000000000  -0.776000000000 AA   -9.165171704141  -1.676187072489  -1.466427472662 Bohr   0.0
[INPUT] 31 C     -3.547000000000  -0.297000000000  -0.768000000000 AA   -6.702858563832  -0.561248658996  -1.451309663666 Bohr   0.0
[INPUT] 32 C     -2.110000000000   1.699000000000  -0.715000000000 AA   -3.987322122832   3.210644685636  -1.351154179064 Bohr   0.0
[INPUT] 33 C     -3.403000000000   1.117000000000  -0.763000000000 AA   -6.430738001895   2.110824081139  -1.441861033043 Bohr   0.0
[INPUT] 34 C     -2.853000000000  -5.350000000000  -0.684000000000 AA   -5.391388633384 -10.110034766423  -1.292572669203 Bohr   0.0
[INPUT] 35 C     -3.959000000000  -4.551000000000  -0.713000000000 AA   -7.481425727153  -8.600143592896  -1.347374726815 Bohr   0.0
[INPUT] 36 C     -4.561000000000   1.957000000000  -0.756000000000 AA   -8.619040854141   3.698194025774  -1.428632950171 Bohr   0.0
[INPUT] 37 C     -5.853000000000   1.338000000000  -0.775000000000 AA  -11.060567007079   2.528453554668  -1.464537746538 Bohr   0.0
[INPUT] 38 C     -5.992000000000  -0.020000000000  -0.782000000000 AA  -11.323238938394  -0.037794522491  -1.477765829410 Bohr   0.0
[INPUT] 39 C     -4.398000000000   3.348000000000  -0.723000000000 AA   -8.311015495837   6.326803065044  -1.366271988061 Bohr   0.0
[INPUT] 40 C     -3.131000000000   3.942000000000  -0.678000000000 AA   -5.916732496013   7.449300383035  -1.281234312455 Bohr   0.0
[INPUT] 41 C     -1.967000000000   3.110000000000  -0.676000000000 AA   -3.717091287019   5.877048247397  -1.277454860206 Bohr   0.0
[INPUT] 42 C     -0.674000000000   3.692000000000  -0.579000000000 AA   -1.273675407957   6.976868851894  -1.094151426123 Bohr   0.0
[INPUT] 43 C      0.478000000000   2.863000000000  -0.555000000000 AA    0.903289087542   5.410285894630  -1.048797999134 Bohr   0.0
[INPUT] 44 C      1.768000000000   3.443000000000  -0.435000000000 AA    3.341035788231   6.506327046878  -0.822030864186 Bohr   0.0
[INPUT] 45 C      2.916000000000   2.610000000000  -0.345000000000 AA    5.510441379232   4.932185185115  -0.651955512975 Bohr   0.0
[INPUT] 46 C      4.218000000000   3.190000000000  -0.215000000000 AA    7.970864793415   6.028226337363  -0.406291116781 Bohr   0.0
[INPUT] 47 C      5.337000000000   2.351000000000  -0.126000000000 AA   10.085468326804   4.442746118852  -0.238105491695 Bohr   0.0
[INPUT] 48 C      4.325000000000   4.619000000000  -0.169000000000 AA    8.173065488744   8.728644969366  -0.319363715051 Bohr   0.0
[INPUT] 49 C      1.904000000000   4.865000000000  -0.368000000000 AA    3.598038541172   9.193517596009  -0.695419213840 Bohr   0.0
[INPUT] 50 C      3.221000000000   5.418000000000  -0.243000000000 AA    6.086807847224  10.238536142894  -0.459203448269 Bohr   0.0
[INPUT] 51 C     -0.527000000000   5.114000000000  -0.521000000000 AA   -0.995885667646   9.664059401026  -0.984547310898 Bohr   0.0
[INPUT] 52 C      0.756000000000   5.667000000000  -0.421000000000 AA    1.428632950171  10.709077947910  -0.795574698442 Bohr   0.0
[INPUT] 53 C     -2.953000000000   5.364000000000  -0.625000000000 AA   -5.580361245841  10.136490932167  -1.181078827853 Bohr   0.0
[INPUT] 54 C     -1.710000000000   5.923000000000  -0.552000000000 AA   -3.231431673006  11.192847835799  -1.043128820760 Bohr   0.0
[INPUT] 55 H      7.095000000000  -1.912000000000  -0.024000000000 AA   13.407606853789  -3.613156350168  -0.045353426990 Bohr   0.0
[INPUT] 56 H      7.340000000000   0.535000000000   0.037000000000 AA   13.870589754308   1.011003476642   0.069919866609 Bohr   0.0
[INPUT] 57 H      5.648000000000  -3.920000000000  -0.181000000000 AA   10.673173151543  -7.407726408295  -0.342040428546 Bohr   0.0
[INPUT] 58 H      4.205000000000  -5.932000000000  -0.315000000000 AA    7.946298353796 -11.209855370920  -0.595263729238 Bohr   0.0
[INPUT] 59 H      1.965000000000  -6.939000000000  -0.470000000000 AA    3.713311834770 -13.112809578357  -0.888171278546 Bohr   0.0
[INPUT] 60 H     -0.497000000000  -6.682000000000  -0.594000000000 AA   -0.939193883909 -12.627149964344  -1.122497317992 Bohr   0.0
[INPUT] 61 H     -5.963000000000  -2.729000000000  -0.763000000000 AA  -11.268436880781  -5.157062593938  -1.441861033043 Bohr   0.0
[INPUT] 62 H     -2.959000000000  -6.432000000000  -0.666000000000 AA   -5.591699602588 -12.154718433202  -1.258557598960 Bohr   0.0
[INPUT] 63 H     -4.953000000000  -4.992000000000  -0.720000000000 AA   -9.359813494971  -9.433512813829  -1.360602809687 Bohr   0.0
[INPUT] 64 H     -6.732000000000   1.979000000000  -0.778000000000 AA  -12.721636270572   3.739768000514  -1.470206924912 Bohr   0.0
[INPUT] 65 H     -6.982000000000  -0.432000000000  -0.790000000000 AA  -13.194067801713  -0.816361685812  -1.492883638406 Bohr   0.0
[INPUT] 66 H     -5.281000000000   3.984000000000  -0.719000000000 AA   -9.979643663828   7.528668880267  -1.358713083562 Bohr   0.0
[INPUT] 67 H      6.324000000000   2.797000000000  -0.023000000000 AA   11.950628011749   5.285563970408  -0.043463700865 Bohr   0.0
[INPUT] 68 H      5.314000000000   5.059000000000  -0.070000000000 AA   10.042004625939   9.560124464175  -0.132280828720 Bohr   0.0
[INPUT] 69 H      3.324000000000   6.500000000000  -0.201000000000 AA    6.281449638054  12.283219809673  -0.379834951038 Bohr   0.0
[INPUT] 70 H      0.865000000000   6.749000000000  -0.375000000000 AA    1.634613097749  12.753761614690  -0.708647296712 Bohr   0.0
[INPUT] 71 H     -3.838000000000   5.995000000000  -0.639000000000 AA   -7.252768866081  11.328908116768  -1.207534993597 Bohr   0.0
[INPUT] 72 H     -1.596000000000   7.004000000000  -0.509000000000 AA   -3.016002894806  13.235641776454  -0.961870597404 Bohr   0.0

nuclear repulsion = 6437.6302254056
number of shells = 324
number of NR pGTOs = 1530
number of NR cGTOs = 846
basis = ccpvdz
ecp = {}
CPU time:         4.05


******** <class 'pyscf.df.df_jk.DFRHF'> ********
method = DFRHF
initial guess = chk
damping factor = 0
level_shift factor = 0
DIIS = <class 'pyscf.scf.diis.CDIIS'>
diis_start_cycle = 1
diis_space = 8
diis_damp = 0
SCF conv_tol = 1e-09
SCF conv_tol_grad = None
SCF max_cycles = 50
direct_scf = False
chkfile to save SCF result = ../../../pyscf/c3/mf.chk
max_memory 40000 MB (current use 65 MB)
Set gradient conv threshold to 3.16228e-05
******** <class 'pyscf.df.df.DF'> ********
auxbasis = cc-pvdz-jkfit
max_memory = 40000
init E= -2055.86510029458
  HOMO = -0.22300640010383  LUMO = 0.0160570185302488
cycle= 1 E= -2055.86510029459  delta_E= -1.09e-11  |g|= 2.86e-06  |ddm|= 1.47e-05
  HOMO = -0.223006446061606  LUMO = 0.0160570000873479
Extra cycle  E= -2055.8651002946  delta_E= -7.28e-12  |g|= 2.66e-06  |ddm|= 1.4e-05
converged SCF energy = -2055.8651002946


========================= restricted LNO-FRAGMENT 1/72 =========================
Center Atom C
AOs with contribution > 0.01
        AO Label     Amp
      0 C 1s      0.8753
      0 C 2py     0.4783
      0 C 2px     0.4773
      0 C 2pz     0.4595
      0 C 2s      0.3759
      0 C 3pz     0.2922
      0 C 3s      0.1905
      0 C 3py     0.1549
      0 C 3px     0.1517
     54 H 2px     0.1474
     54 H 2py     0.1005
     1 C 3dx2-y2  0.0954
      1 C 3py     0.0847
      5 C 3px     0.0778
     54 H 1s      0.0704
      1 C 3s      0.0664
      5 C 3dxy    0.0657
     54 H 2s      0.0630
      5 C 3s      0.0594
     5 C 3dx2-y2  0.0571
      1 C 3dyz    0.0553
      1 C 3dxy    0.0527
      1 C 3pz     0.0514
     54 H 2pz     0.0488
      5 C 3pz     0.0440
      5 C 3py     0.0392
      5 C 3dxz    0.0351
      1 C 3px     0.0350
      1 C 3dz^2   0.0253
      1 C 2s      0.0228
      5 C 3dz^2   0.0221
      4 C 3px     0.0191
     55 H 2s      0.0182
      1 C 2py     0.0170
      5 C 2s      0.0169
      2 C 3py     0.0157
      7 C 3py     0.0154
      0 C 3dz^2   0.0118
     0 C 3dx2-y2  0.0111
      5 C 2px     0.0106
LAS occupied orbitals: 21
LAS virtual orbitals: 95
CCSD time: 28.657852 s
LNO-MP2 Orbital Energy: -0.11259733
LNO-CCSD Orbital Energy: -0.11694068
Calculating Effective Active Space One-electron Integrals
number of active occupied orbitals 21
number of active virtual orbitals 95
DF loop 0 number of DF vectors 240
DF loop 1 number of DF vectors 240
DF loop 2 number of DF vectors 240
DF loop 3 number of DF vectors 240
DF loop 4 number of DF vectors 240
DF loop 5 number of DF vectors 240
DF loop 6 number of DF vectors 240
DF loop 7 number of DF vectors 240
DF loop 8 number of DF vectors 240
DF loop 9 number of DF vectors 240
DF loop 10 number of DF vectors 240
DF loop 11 number of DF vectors 240
DF loop 12 number of DF vectors 240
DF loop 13 number of DF vectors 240
DF loop 14 number of DF vectors 240
DF loop 15 number of DF vectors 240
DF loop 16 number of DF vectors 240
DF loop 17 number of DF vectors 114
build JK time: 6.786507 s
build ecore time: 0.395205 s
build h1eff time: 7.690075 s
Generating Cholesky Integrals
Composing AO ERIs from DF basis
Raw CDERI in LAS shape: (4194, 6786)
Compress CDERI into LAS Cholesky Vectors by SVD
Cholesky cutoff: 1e-05
Build effective h0 and h1 time: 12.141591 s
Build CDERI in LAS time: 6.279585 s
Compress CDERI to LAS Choleskey Vectors time: 5.137841 s
Build Integral total time: 23.564637 s
Finished calculating Cholesky integrals
Size of the correlation space
Number of electrons: (21,21)
Number of basis functions: 116
Cholesky shape: (1019, 116, 116)
running AFQMC on GPU
Hostname: gpua059.delta.ncsa.illinois.edu
System Type: Linux
Machine Type: x86_64
Processor: x86_64
Using GPU.
System: Linux
Node Name: gpua059.delta.ncsa.illinois.edu
Release: 5.14.0-427.91.1.el9_4.x86_64
Version: #1 SMP PREEMPT_DYNAMIC Wed Sep 17 10:08:59 EDT 2025
Machine: x86_64
Processor: x86_64
AFQMC script: /u/yzhang65/myprojects/software/afqmc/afqmc/lno_afqmc/ccsd_pt2/run_afqmc.py
---------------------------- AFQMC Sampling Started ----------------------------
Hostname: gpua059.delta.ncsa.illinois.edu
System Type: Linux
Machine Type: x86_64
Processor: x86_64
Using GPU.
System: Linux
Node Name: gpua059.delta.ncsa.illinois.edu
Release: 5.14.0-427.91.1.el9_4.x86_64
Version: #1 SMP PREEMPT_DYNAMIC Wed Sep 17 10:08:59 EDT 2025
Machine: x86_64
Processor: x86_64
Trial: ccsd_pt2(norb=116, nelec=(21, 21), n_batch=1, nchol_chunk=100, mix_precision=True)
Sampler: sampler_pt2(n_prop_steps=50, n_blocks=500, n_chol=1019)
norb: 116
nelec: (21, 21)
nchol: 1019
n_eql: 100
n_prop_steps: 50
n_blocks: 500
n_walkers: 300
nchol_chunk: 100
mix_precision: True
n_batch: 1
seed: 6789
walker_type: rhf
trial: ccsd_pt2
dt: 0.005
use_gpu: True
max_error: 5.892556509887897e-05
n_exp_terms: 6
Propagating with 300 walkers
Initial Orbital energy: -0.116932
-------------------------------- Equilibration ---------------------------------
inv_T        energy   runTime
 0.00  -2055.865067     19.82
 2.50  -2056.752643     28.25
 5.00  -2056.738632     30.59
 7.50  -2056.805304     32.94
10.00  -2056.812216     35.28
12.50  -2056.798403     37.62
15.00  -2056.787681     39.96
17.50  -2056.817530     42.30
20.00  -2056.784758     44.64
22.50  -2056.811555     46.98
25.00  -2056.801871     49.33
------------------------------- Sampling Blocks --------------------------------
Target Final Error ~ 0.000059
   N      E(Guide)     Error      E(Orb)     Error  Kill_WK      Time
  20  -2056.795252  0.006985   -0.121862  0.000312        0     73.79
  40  -2056.792062  0.004396   -0.121794  0.000191        0     87.99
  60  -2056.796288  0.003250   -0.122011  0.000165        0    102.20
  80  -2056.800224  0.002685   -0.122309  0.000186        0    116.38
 100  -2056.799622  0.002263   -0.122226  0.000156        0    130.56
 120  -2056.799809  0.002061   -0.122150  0.000138        0    144.74
 140  -2056.800458  0.001883   -0.122210  0.000126        0    158.93
 160  -2056.803136  0.001848   -0.122209  0.000116        0    173.12
 180  -2056.801917  0.001748   -0.122199  0.000108        0    187.29
 200  -2056.802568  0.001670   -0.122266  0.000108        0    201.47
 220  -2056.802220  0.001596   -0.122298  0.000114        0    215.67
 240  -2056.801603  0.001509   -0.122308  0.000106        0    229.85
 260  -2056.802173  0.001473   -0.122376  0.000103        0    244.04
 280  -2056.802329  0.001397   -0.122370  0.000098        0    258.22
 300  -2056.803264  0.001345   -0.122393  0.000094        0    272.41
 320  -2056.802958  0.001275   -0.122370  0.000090        0    286.59
 340  -2056.802368  0.001242   -0.122414  0.000088        0    300.76
 360  -2056.802054  0.001226   -0.122387  0.000085        0    314.93
 380  -2056.801659  0.001177   -0.122375  0.000082        0    329.11
 400  -2056.800702  0.001148   -0.122349  0.000080        0    343.28
 420  -2056.800744  0.001108   -0.122331  0.000077        0    357.46
 440  -2056.801187  0.001083   -0.122330  0.000075        0    371.64
 460  -2056.801493  0.001051   -0.122299  0.000073        0    385.81
 480  -2056.801311  0.001021   -0.122289  0.000072        0    399.99
 500  -2056.800840  0.001011   -0.122289  0.000070        0    414.17
------------------------------- Post Propagation -------------------------------
Total number of samples 500
Raw AFQMC/HF Energy: -2056.800840 +/- 0.001011
Raw AFQMC/pt2CCSD Orbital Energy (covariance): -0.122289 +/- 0.000070
Raw AFQMC/pt2CCSD Orbital Energy (direct obs): -0.122289 +/- 0.000061
------------------------------ Clean Observation -------------------------------
Energy bound [-0.144807, -0.099331]
Removed 0 Outliers
Outliers Orbital Energy []
Clean AFQMC/pt2CCSD Orbital Energy (covariance): -0.122289 +/- 0.000070
Clean AFQMC/pt2CCSD Orbital Energy (direct obs): -0.122289 +/- 0.000061
------------------------------ Blocking Analysis -------------------------------
nsample = 500, max_block_size = 25, min_nblocks = 20
Blk_SZ   NBlk   NSmp      Energy     Error    dError
     1    500    500   -0.122257  0.000061  0.000002
     2    250    500   -0.122263  0.000071  0.000003
     3    166    498   -0.122272  0.000077  0.000004
     4    125    500   -0.122269  0.000077  0.000005
     5    100    500   -0.122273  0.000080  0.000006
     6     83    498   -0.122279  0.000079  0.000006
     7     71    497   -0.122281  0.000089  0.000008
     8     62    496   -0.122279  0.000080  0.000007
     9     55    495   -0.122281  0.000085  0.000008
    10     50    500   -0.122275  0.000088  0.000009
    11     45    495   -0.122290  0.000084  0.000009
    12     41    492   -0.122286  0.000084  0.000009
    13     38    494   -0.122287  0.000083  0.000010
    14     35    490   -0.122284  0.000085  0.000010
    15     33    495   -0.122289  0.000092  0.000012
    16     31    496   -0.122283  0.000085  0.000011
    17     29    493   -0.122289  0.000095  0.000013
    18     27    486   -0.122286  0.000086  0.000012
    19     26    494   -0.122287  0.000101  0.000014
    20     25    500   -0.122282  0.000091  0.000013
    21     23    483   -0.122293  0.000092  0.000014
    22     22    484   -0.122292  0.000088  0.000014
    23     21    483   -0.122295  0.000099  0.000016
    24     20    480   -0.122285  0.000087  0.000014
    25     20    500   -0.122285  0.000088  0.000014
Fit: plateau = 0.000088 ± 0.000003
     autocorrelation length ~ 2.9 blocks
     plateau reached at block size ~ 12
Blocked AFQMC/pt2CCSD Orbital Energy: -0.122289 +/- 0.000088
total run time: 414.41
--------------------------- AFQMC Sampling Finished ----------------------------


========================= restricted LNO-FRAGMENT 2/72 =========================
Center Atom C
AOs with contribution > 0.01
        AO Label     Amp
      1 C 1s      0.8752
      1 C 2py     0.4805
      1 C 2px     0.4752
      1 C 2pz     0.4594
      1 C 2s      0.3758
      1 C 3pz     0.2920
      1 C 3s      0.1904
     55 H 2px     0.1729
      1 C 3py     0.1593
      1 C 3px     0.1475
     0 C 3dx2-y2  0.0982
      0 C 3py     0.0841
      2 C 3dxy    0.0806
     55 H 2py     0.0742
     55 H 1s      0.0700
      2 C 3px     0.0683
      0 C 3s      0.0667
     55 H 2s      0.0628
      2 C 3s      0.0595
      0 C 3dyz    0.0554
      0 C 3pz     0.0514
      0 C 3dxy    0.0499
     55 H 2pz     0.0493
      2 C 3py     0.0490
      2 C 3pz     0.0438
     2 C 3dx2-y2  0.0429
      0 C 3px     0.0353
      2 C 3dxz    0.0269
      0 C 3dz^2   0.0254
      0 C 2s      0.0229
      2 C 3dz^2   0.0222
      3 C 3px     0.0196
     46 C 3py     0.0187
     54 H 2s      0.0184
      0 C 2py     0.0172
      2 C 2s      0.0169
      2 C 3dyz    0.0160
      5 C 3py     0.0119
      1 C 3dz^2   0.0118
      5 C 3px     0.0109
LAS occupied orbitals: 21
LAS virtual orbitals: 95
CCSD time: 28.576728 s
LNO-MP2 Orbital Energy: -0.11259477
LNO-CCSD Orbital Energy: -0.11693733
Calculating Effective Active Space One-electron Integrals
number of active occupied orbitals 21
number of active virtual orbitals 95
DF loop 0 number of DF vectors 240
DF loop 1 number of DF vectors 240
DF loop 2 number of DF vectors 240
DF loop 3 number of DF vectors 240
DF loop 4 number of DF vectors 240
DF loop 5 number of DF vectors 240
DF loop 6 number of DF vectors 240
DF loop 7 number of DF vectors 240
DF loop 8 number of DF vectors 240
DF loop 9 number of DF vectors 240
DF loop 10 number of DF vectors 240
DF loop 11 number of DF vectors 240
DF loop 12 number of DF vectors 240
DF loop 13 number of DF vectors 240
DF loop 14 number of DF vectors 240
DF loop 15 number of DF vectors 240
DF loop 16 number of DF vectors 240
DF loop 17 number of DF vectors 114
build JK time: 5.620636 s
build ecore time: 0.193429 s
build h1eff time: 5.888227 s
Generating Cholesky Integrals
Composing AO ERIs from DF basis
Raw CDERI in LAS shape: (4194, 6786)
Compress CDERI into LAS Cholesky Vectors by SVD
Cholesky cutoff: 1e-05
Build effective h0 and h1 time: 6.024898 s
Build CDERI in LAS time: 5.465203 s
Compress CDERI to LAS Choleskey Vectors time: 2.202657 s
Build Integral total time: 13.698794 s
Finished calculating Cholesky integrals
Size of the correlation space
Number of electrons: (21,21)
Number of basis functions: 116
Cholesky shape: (1020, 116, 116)
running AFQMC on GPU
Hostname: gpua059.delta.ncsa.illinois.edu
System Type: Linux
Machine Type: x86_64
Processor: x86_64
Using GPU.
System: Linux
Node Name: gpua059.delta.ncsa.illinois.edu
Release: 5.14.0-427.91.1.el9_4.x86_64
Version: #1 SMP PREEMPT_DYNAMIC Wed Sep 17 10:08:59 EDT 2025
Machine: x86_64
Processor: x86_64
AFQMC script: /u/yzhang65/myprojects/software/afqmc/afqmc/lno_afqmc/ccsd_pt2/run_afqmc.py
---------------------------- AFQMC Sampling Started ----------------------------
Hostname: gpua059.delta.ncsa.illinois.edu
System Type: Linux
Machine Type: x86_64
Processor: x86_64
Using GPU.
System: Linux
Node Name: gpua059.delta.ncsa.illinois.edu
Release: 5.14.0-427.91.1.el9_4.x86_64
Version: #1 SMP PREEMPT_DYNAMIC Wed Sep 17 10:08:59 EDT 2025
Machine: x86_64
Processor: x86_64
Trial: ccsd_pt2(norb=116, nelec=(21, 21), n_batch=1, nchol_chunk=100, mix_precision=True)
Sampler: sampler_pt2(n_prop_steps=50, n_blocks=500, n_chol=1020)
norb: 116
nelec: (21, 21)
nchol: 1020
n_eql: 100
n_prop_steps: 50
n_blocks: 500
n_walkers: 300
nchol_chunk: 100
mix_precision: True
n_batch: 1
seed: 4052
walker_type: rhf
trial: ccsd_pt2
dt: 0.005
use_gpu: True
max_error: 5.892556509887897e-05
n_exp_terms: 6
Propagating with 300 walkers
Initial Orbital energy: -0.116929
-------------------------------- Equilibration ---------------------------------
inv_T        energy   runTime
 0.00  -2055.865067     12.69
 2.50  -2056.800782     20.40
 5.00  -2056.774755     22.76
 7.50  -2056.805744     25.11
10.00  -2056.792491     27.46
12.50  -2056.722632     29.81
15.00  -2056.791169     32.16
17.50  -2056.808541     34.51
20.00  -2056.839223     36.86
22.50  -2056.806858     39.22
25.00  -2056.784846     41.57
------------------------------- Sampling Blocks --------------------------------
Target Final Error ~ 0.000059
   N      E(Guide)     Error      E(Orb)     Error  Kill_WK      Time
  20  -2056.808584  0.003883   -0.122837  0.000356        0     65.38
  40  -2056.799187  0.003390   -0.122544  0.000211        0     79.56
  60  -2056.793500  0.002883   -0.122262  0.000163        0     93.74
  80  -2056.795682  0.002555   -0.122324  0.000163        0    107.94
 100  -2056.795191  0.002178   -0.122350  0.000156        0    122.15
 120  -2056.796903  0.001935   -0.122349  0.000153        0    136.39
 140  -2056.797226  0.001747   -0.122338  0.000134        0    150.59
 160  -2056.797028  0.001717   -0.122323  0.000121        0    164.78
 180  -2056.797302  0.001599   -0.122306  0.000112        0    178.97
 200  -2056.797962  0.001506   -0.122206  0.000106        0    193.21
 220  -2056.796129  0.001472   -0.122123  0.000100        0    207.41
 240  -2056.797633  0.001540   -0.122099  0.000097        0    221.60
 260  -2056.797903  0.001443   -0.122185  0.000095        0    235.80
 280  -2056.796593  0.001407   -0.122196  0.000091        0    250.00
 300  -2056.796020  0.001360   -0.122176  0.000086        0    264.20
 320  -2056.795829  0.001302   -0.122198  0.000084        0    278.39
 340  -2056.796465  0.001256   -0.122186  0.000082        0    292.58
 360  -2056.796929  0.001218   -0.122188  0.000078        0    306.81
 380  -2056.797627  0.001172   -0.122180  0.000076        0    321.01
 400  -2056.797715  0.001123   -0.122202  0.000074        0    335.19
 420  -2056.797941  0.001084   -0.122223  0.000072        0    349.37
 440  -2056.797407  0.001064   -0.122217  0.000069        0    363.56
 460  -2056.798351  0.001055   -0.122257  0.000068        0    377.76
 480  -2056.798496  0.001035   -0.122245  0.000066        0    391.96
 500  -2056.798402  0.001011   -0.122229  0.000065        0    406.15
------------------------------- Post Propagation -------------------------------
Total number of samples 500
Raw AFQMC/HF Energy: -2056.798402 +/- 0.001011
Raw AFQMC/pt2CCSD Orbital Energy (covariance): -0.122229 +/- 0.000065
Raw AFQMC/pt2CCSD Orbital Energy (direct obs): -0.122229 +/- 0.000055
------------------------------ Clean Observation -------------------------------
Energy bound [-0.145917, -0.098336]
Removed 0 Outliers
Outliers Orbital Energy []
Clean AFQMC/pt2CCSD Orbital Energy (covariance): -0.122229 +/- 0.000065
Clean AFQMC/pt2CCSD Orbital Energy (direct obs): -0.122229 +/- 0.000055
------------------------------ Blocking Analysis -------------------------------
nsample = 500, max_block_size = 25, min_nblocks = 20
Blk_SZ   NBlk   NSmp      Energy     Error    dError
     1    500    500   -0.122204  0.000055  0.000002
     2    250    500   -0.122210  0.000064  0.000003
     3    166    498   -0.122218  0.000071  0.000004
     4    125    500   -0.122216  0.000075  0.000005
     5    100    500   -0.122217  0.000077  0.000005
     6     83    498   -0.122225  0.000077  0.000006
     7     71    497   -0.122230  0.000085  0.000007
     8     62    496   -0.122231  0.000085  0.000008
     9     55    495   -0.122229  0.000083  0.000008
    10     50    500   -0.122221  0.000085  0.000009
    11     45    495   -0.122229  0.000091  0.000010
    12     41    492   -0.122233  0.000089  0.000010
    13     38    494   -0.122229  0.000090  0.000011
    14     35    490   -0.122233  0.000086  0.000010
    15     33    495   -0.122231  0.000093  0.000012
    16     31    496   -0.122235  0.000084  0.000011
    17     29    493   -0.122231  0.000087  0.000012
    18     27    486   -0.122234  0.000099  0.000014
    19     26    494   -0.122230  0.000093  0.000013
    20     25    500   -0.122223  0.000096  0.000014
    21     23    483   -0.122237  0.000100  0.000015
    22     22    484   -0.122232  0.000107  0.000016
    23     21    483   -0.122236  0.000095  0.000015
    24     20    480   -0.122242  0.000090  0.000015
    25     20    500   -0.122224  0.000081  0.000013
Fit: plateau = 0.000091 ± 0.000004
     autocorrelation length ~ 4.1 blocks
     plateau reached at block size ~ 17
Blocked AFQMC/pt2CCSD Orbital Energy: -0.122229 +/- 0.000091
total run time: 406.16
--------------------------- AFQMC Sampling Finished ----------------------------


========================= restricted LNO-FRAGMENT 3/72 =========================
Center Atom C
AOs with contribution > 0.01
        AO Label     Amp
      2 C 1s      0.8755
      2 C 2px     0.4884
      2 C 2py     0.4816
      2 C 2pz     0.4673
      2 C 2s      0.3711
      2 C 3pz     0.2601
      2 C 3s      0.1881
      2 C 3px     0.1506
      2 C 3py     0.1442
    46 C 3dx2-y2  0.0922
      1 C 3dxy    0.0847
     46 C 3py     0.0823
      3 C 3px     0.0748
      3 C 3dxy    0.0660
     46 C 3s      0.0626
      1 C 3px     0.0620
      1 C 3s      0.0601
      3 C 3s      0.0593
     3 C 3dx2-y2  0.0593
     46 C 3dyz    0.0487
      1 C 3py     0.0485
     46 C 3dxy    0.0472
     46 C 3pz     0.0454
     1 C 3dx2-y2  0.0443
      3 C 3pz     0.0428
      1 C 3pz     0.0419
      3 C 3py     0.0375
      3 C 3dxz    0.0366
     46 C 3px     0.0318
      1 C 3dxz    0.0279
     46 C 3dz^2   0.0241
      1 C 3dz^2   0.0229
      3 C 3dz^2   0.0225
     46 C 2s      0.0204
      0 C 3py     0.0199
     17 C 3px     0.0191
      3 C 2s      0.0180
      1 C 2s      0.0178
     66 H 2s      0.0166
     55 H 2s      0.0163
     46 C 2py     0.0159
      1 C 3dyz    0.0158
     45 C 3py     0.0156
      4 C 3py     0.0151
      2 C 3dz^2   0.0135
      3 C 2px     0.0117
LAS occupied orbitals: 25
LAS virtual orbitals: 114
CCSD time: 48.284925 s
LNO-MP2 Orbital Energy: -0.11684409
LNO-CCSD Orbital Energy: -0.11756017
Calculating Effective Active Space One-electron Integrals
number of active occupied orbitals 25
number of active virtual orbitals 114
DF loop 0 number of DF vectors 240
DF loop 1 number of DF vectors 240
DF loop 2 number of DF vectors 240
DF loop 3 number of DF vectors 240
DF loop 4 number of DF vectors 240
DF loop 5 number of DF vectors 240
DF loop 6 number of DF vectors 240
DF loop 7 number of DF vectors 240
DF loop 8 number of DF vectors 240
DF loop 9 number of DF vectors 240
DF loop 10 number of DF vectors 240
DF loop 11 number of DF vectors 240
DF loop 12 number of DF vectors 240
DF loop 13 number of DF vectors 240
DF loop 14 number of DF vectors 240
DF loop 15 number of DF vectors 240
DF loop 16 number of DF vectors 240
DF loop 17 number of DF vectors 114
build JK time: 5.612617 s
build ecore time: 0.201608 s
build h1eff time: 5.966052 s
Generating Cholesky Integrals
Composing AO ERIs from DF basis
Raw CDERI in LAS shape: (4194, 9730)
Compress CDERI into LAS Cholesky Vectors by SVD
Cholesky cutoff: 1e-05
Build effective h0 and h1 time: 6.185181 s
Build CDERI in LAS time: 5.843071 s
Compress CDERI to LAS Choleskey Vectors time: 2.438321 s
Build Integral total time: 14.466875 s
Finished calculating Cholesky integrals
Size of the correlation space
Number of electrons: (25,25)
Number of basis functions: 139
Cholesky shape: (1283, 139, 139)
running AFQMC on GPU
Hostname: gpua059.delta.ncsa.illinois.edu
System Type: Linux
Machine Type: x86_64
Processor: x86_64
Using GPU.
System: Linux
Node Name: gpua059.delta.ncsa.illinois.edu
Release: 5.14.0-427.91.1.el9_4.x86_64
Version: #1 SMP PREEMPT_DYNAMIC Wed Sep 17 10:08:59 EDT 2025
Machine: x86_64
Processor: x86_64
AFQMC script: /u/yzhang65/myprojects/software/afqmc/afqmc/lno_afqmc/ccsd_pt2/run_afqmc.py
---------------------------- AFQMC Sampling Started ----------------------------
Hostname: gpua059.delta.ncsa.illinois.edu
System Type: Linux
Machine Type: x86_64
Processor: x86_64
Using GPU.
System: Linux
Node Name: gpua059.delta.ncsa.illinois.edu
Release: 5.14.0-427.91.1.el9_4.x86_64
Version: #1 SMP PREEMPT_DYNAMIC Wed Sep 17 10:08:59 EDT 2025
Machine: x86_64
Processor: x86_64
Trial: ccsd_pt2(norb=139, nelec=(25, 25), n_batch=1, nchol_chunk=100, mix_precision=True)
Sampler: sampler_pt2(n_prop_steps=50, n_blocks=500, n_chol=1283)
norb: 139
nelec: (25, 25)
nchol: 1283
n_eql: 100
n_prop_steps: 50
n_blocks: 500
n_walkers: 300
nchol_chunk: 100
mix_precision: True
n_batch: 1
seed: 5176
walker_type: rhf
trial: ccsd_pt2
dt: 0.005
use_gpu: True
max_error: 5.892556509887897e-05
n_exp_terms: 6
Propagating with 300 walkers
Initial Orbital energy: -0.117563
-------------------------------- Equilibration ---------------------------------
inv_T        energy   runTime
 0.00  -2055.865073     13.77
 2.50  -2056.959488     22.80
 5.00  -2057.008102     26.62
 7.50  -2057.006980     30.44
10.00  -2056.990159     34.25
12.50  -2057.016960     38.09
15.00  -2057.007159     41.91
17.50  -2056.990016     45.72
20.00  -2057.001136     49.54
22.50  -2056.977896     53.36
25.00  -2057.008021     57.18
------------------------------- Sampling Blocks --------------------------------
Target Final Error ~ 0.000059
   N      E(Guide)     Error      E(Orb)     Error  Kill_WK      Time
  20  -2057.014386  0.004342   -0.123293  0.000329        0     94.08
  40  -2057.019187  0.003850   -0.123313  0.000208        0    120.70
  60  -2057.016480  0.003342   -0.123419  0.000247        0    147.31
  80  -2057.022474  0.003097   -0.123591  0.000217        0    173.93
 100  -2057.020330  0.002815   -0.123519  0.000184        0    200.56
 120  -2057.019883  0.002558   -0.123514  0.000163        0    227.19
 140  -2057.017042  0.002355   -0.123528  0.000145        0    253.82
 160  -2057.013722  0.002323   -0.123492  0.000130        0    280.46
 180  -2057.011641  0.002161   -0.123534  0.000123        0    307.10
 200  -2057.011252  0.002019   -0.123535  0.000117        0    333.73
 220  -2057.010570  0.001898   -0.123467  0.000109        0    360.35
 240  -2057.008009  0.001870   -0.123442  0.000103        0    386.96
 260  -2057.007108  0.001772   -0.123396  0.000097        0    413.58
 280  -2057.007833  0.001693   -0.123383  0.000093        0    440.20
 300  -2057.007227  0.001619   -0.123349  0.000089        0    466.84
 320  -2057.007268  0.001580   -0.123384  0.000085        0    493.48
 340  -2057.005175  0.001563   -0.123376  0.000082        0    520.13
 360  -2057.005330  0.001503   -0.123404  0.000079        0    546.78
 380  -2057.005823  0.001453   -0.123459  0.000079        0    573.43
 400  -2057.006095  0.001397   -0.123447  0.000076        0    600.08
 420  -2057.005134  0.001368   -0.123433  0.000073        0    626.72
 440  -2057.006611  0.001412   -0.123524  0.000083        0    653.36
 460  -2057.006368  0.001361   -0.123531  0.000081        0    679.98
 480  -2057.005130  0.001347   -0.123544  0.000078        0    706.59
 500  -2057.005316  0.001326   -0.123590  0.000081        0    733.21
------------------------------- Post Propagation -------------------------------
Total number of samples 500
Raw AFQMC/HF Energy: -2057.005316 +/- 0.001326
Raw AFQMC/pt2CCSD Orbital Energy (covariance): -0.123590 +/- 0.000081
Raw AFQMC/pt2CCSD Orbital Energy (direct obs): -0.123590 +/- 0.000068
------------------------------ Clean Observation -------------------------------
Energy bound [-0.146564, -0.100087]
Removed 0 Outliers
Outliers Orbital Energy []
Clean AFQMC/pt2CCSD Orbital Energy (covariance): -0.123590 +/- 0.000081
Clean AFQMC/pt2CCSD Orbital Energy (direct obs): -0.123590 +/- 0.000068
------------------------------ Blocking Analysis -------------------------------
nsample = 500, max_block_size = 25, min_nblocks = 20
Blk_SZ   NBlk   NSmp      Energy     Error    dError
     1    500    500   -0.123539  0.000068  0.000002
     2    250    500   -0.123545  0.000081  0.000004
     3    166    498   -0.123545  0.000090  0.000005
     4    125    500   -0.123554  0.000095  0.000006
     5    100    500   -0.123554  0.000102  0.000007
     6     83    498   -0.123552  0.000102  0.000008
     7     71    497   -0.123559  0.000112  0.000009
     8     62    496   -0.123559  0.000100  0.000009
     9     55    495   -0.123562  0.000111  0.000011
    10     50    500   -0.123563  0.000117  0.000012
    11     45    495   -0.123571  0.000120  0.000013
    12     41    492   -0.123570  0.000119  0.000013
    13     38    494   -0.123575  0.000116  0.000013
    14     35    490   -0.123570  0.000129  0.000016
    15     33    495   -0.123569  0.000118  0.000015
    16     31    496   -0.123572  0.000111  0.000014
    17     29    493   -0.123574  0.000111  0.000015
    18     27    486   -0.123579  0.000127  0.000018
    19     26    494   -0.123573  0.000131  0.000018
    20     25    500   -0.123571  0.000119  0.000017
    21     23    483   -0.123566  0.000128  0.000019
    22     22    484   -0.123573  0.000115  0.000018
    23     21    483   -0.123569  0.000116  0.000018
    24     20    480   -0.123528  0.000108  0.000018
    25     20    500   -0.123576  0.000113  0.000018
Fit: plateau = 0.000118 ± 0.000005
     autocorrelation length ~ 3.8 blocks
     plateau reached at block size ~ 16
Blocked AFQMC/pt2CCSD Orbital Energy: -0.123590 +/- 0.000118
total run time: 733.22
--------------------------- AFQMC Sampling Finished ----------------------------


========================= restricted LNO-FRAGMENT 4/72 =========================
Center Atom C
AOs with contribution > 0.01
        AO Label     Amp
      3 C 1s      0.8760
      3 C 2py     0.4810
      3 C 2px     0.4807
      3 C 2pz     0.4678
      3 C 2s      0.3696
      3 C 3pz     0.2600
      3 C 3s      0.1883
      3 C 3px     0.1461
      3 C 3py     0.1447
     4 C 3dx2-y2  0.0865
      4 C 3py     0.0844
     17 C 3dxy    0.0834
      2 C 3px     0.0737
      2 C 3dxy    0.0658
     17 C 3px     0.0656
     17 C 3s      0.0600
     2 C 3dx2-y2  0.0600
      4 C 3s      0.0599
      2 C 3s      0.0594
     17 C 3py     0.0480
    17 C 3dx2-y2  0.0452
      4 C 3dyz    0.0443
     17 C 3pz     0.0435
      4 C 3pz     0.0429
      2 C 3pz     0.0427
      4 C 3dxy    0.0423
      2 C 3py     0.0376
      2 C 3dxz    0.0370
     17 C 3dxz    0.0300
      4 C 3px     0.0294
      4 C 3dz^2   0.0230
     17 C 3dz^2   0.0230
      2 C 3dz^2   0.0225
     18 C 3px     0.0199
      1 C 3px     0.0194
     17 C 2s      0.0186
      4 C 2s      0.0185
     44 C 3py     0.0183
      2 C 2s      0.0176
     46 C 3py     0.0166
     17 C 3dyz    0.0162
      5 C 3py     0.0152
      4 C 2py     0.0142
      3 C 3dz^2   0.0135
      6 C 3py     0.0121
      2 C 2px     0.0117
LAS occupied orbitals: 30
LAS virtual orbitals: 127
CCSD time: 89.587370 s
LNO-MP2 Orbital Energy: -0.12056866
LNO-CCSD Orbital Energy: -0.12002598
Calculating Effective Active Space One-electron Integrals
number of active occupied orbitals 30
number of active virtual orbitals 127
DF loop 0 number of DF vectors 240
DF loop 1 number of DF vectors 240
DF loop 2 number of DF vectors 240
DF loop 3 number of DF vectors 240
DF loop 4 number of DF vectors 240
DF loop 5 number of DF vectors 240
DF loop 6 number of DF vectors 240
DF loop 7 number of DF vectors 240
DF loop 8 number of DF vectors 240
DF loop 9 number of DF vectors 240
DF loop 10 number of DF vectors 240
DF loop 11 number of DF vectors 240
DF loop 12 number of DF vectors 240
DF loop 13 number of DF vectors 240
DF loop 14 number of DF vectors 240
DF loop 15 number of DF vectors 240
DF loop 16 number of DF vectors 240
DF loop 17 number of DF vectors 114
build JK time: 5.633999 s
build ecore time: 0.210010 s
build h1eff time: 5.985409 s
Generating Cholesky Integrals
Composing AO ERIs from DF basis
Raw CDERI in LAS shape: (4194, 12403)
Compress CDERI into LAS Cholesky Vectors by SVD
Cholesky cutoff: 1e-05
Build effective h0 and h1 time: 6.197879 s
Build CDERI in LAS time: 5.887550 s
Compress CDERI to LAS Choleskey Vectors time: 2.658579 s
Build Integral total time: 14.744313 s
Finished calculating Cholesky integrals
Size of the correlation space
Number of electrons: (30,30)
Number of basis functions: 157
Cholesky shape: (1479, 157, 157)
running AFQMC on GPU
Hostname: gpua059.delta.ncsa.illinois.edu
System Type: Linux
Machine Type: x86_64
Processor: x86_64
Using GPU.
System: Linux
Node Name: gpua059.delta.ncsa.illinois.edu
Release: 5.14.0-427.91.1.el9_4.x86_64
Version: #1 SMP PREEMPT_DYNAMIC Wed Sep 17 10:08:59 EDT 2025
Machine: x86_64
Processor: x86_64
AFQMC script: /u/yzhang65/myprojects/software/afqmc/afqmc/lno_afqmc/ccsd_pt2/run_afqmc.py
---------------------------- AFQMC Sampling Started ----------------------------
Hostname: gpua059.delta.ncsa.illinois.edu
System Type: Linux
Machine Type: x86_64
Processor: x86_64
Using GPU.
System: Linux
Node Name: gpua059.delta.ncsa.illinois.edu
Release: 5.14.0-427.91.1.el9_4.x86_64
Version: #1 SMP PREEMPT_DYNAMIC Wed Sep 17 10:08:59 EDT 2025
Machine: x86_64
Processor: x86_64
Trial: ccsd_pt2(norb=157, nelec=(30, 30), n_batch=1, nchol_chunk=100, mix_precision=True)
Sampler: sampler_pt2(n_prop_steps=50, n_blocks=500, n_chol=1479)
norb: 157
nelec: (30, 30)
nchol: 1479
n_eql: 100
n_prop_steps: 50
n_blocks: 500
n_walkers: 300
nchol_chunk: 100
mix_precision: True
n_batch: 1
seed: 4684
walker_type: rhf
trial: ccsd_pt2
dt: 0.005
use_gpu: True
max_error: 5.892556509887897e-05
n_exp_terms: 6
Propagating with 300 walkers
Initial Orbital energy: -0.120031
-------------------------------- Equilibration ---------------------------------
inv_T        energy   runTime
 0.00  -2055.865062     14.52
 2.50  -2057.181610     25.27
 5.00  -2057.205154     30.82
 7.50  -2057.222573     36.37
10.00  -2057.201004     41.92
12.50  -2057.241280     47.47
15.00  -2057.206577     53.01
17.50  -2057.198239     58.56
20.00  -2057.207187     64.13
22.50  -2057.209116     69.68
25.00  -2057.199380     75.23
------------------------------- Sampling Blocks --------------------------------
Target Final Error ~ 0.000059
   N      E(Guide)     Error      E(Orb)     Error  Kill_WK      Time
  20  -2057.216457  0.005266   -0.126609  0.000217        0    131.61
  40  -2057.215370  0.003361   -0.126581  0.000176        0    177.47
  60  -2057.215753  0.002741   -0.126450  0.000161        0    223.34
  80  -2057.221878  0.002890   -0.126465  0.000142        0    269.20
 100  -2057.222955  0.002590   -0.126795  0.000166        0    315.03
 120  -2057.223085  0.002334   -0.126744  0.000146        0    360.87
 140  -2057.223053  0.002151   -0.126611  0.000135        0    406.73
 160  -2057.220282  0.002069   -0.126541  0.000126        0    452.60
 180  -2057.219423  0.001915   -0.126467  0.000116        0    498.49
 200  -2057.218663  0.001829   -0.126430  0.000108        0    544.34
 220  -2057.217405  0.001728   -0.126447  0.000103        0    590.19
 240  -2057.217544  0.001640   -0.126413  0.000099        0    636.02
 260  -2057.219083  0.001646   -0.126443  0.000096        0    681.88
 280  -2057.220593  0.001618   -0.126511  0.000096        0    727.75
 300  -2057.220479  0.001571   -0.126520  0.000093        0    773.61
 320  -2057.220577  0.001496   -0.126528  0.000089        0    819.46
 340  -2057.221159  0.001455   -0.126515  0.000094        0    865.31
 360  -2057.220375  0.001408   -0.126486  0.000092        0    911.16
 380  -2057.220426  0.001374   -0.126498  0.000092        0    957.01
 400  -2057.220180  0.001345   -0.126474  0.000089        0   1002.88
 420  -2057.220765  0.001314   -0.126472  0.000086        0   1048.72
 440  -2057.220789  0.001286   -0.126453  0.000083        0   1094.55
 460  -2057.221789  0.001321   -0.126486  0.000085        0   1140.40
 480  -2057.221588  0.001284   -0.126480  0.000082        0   1186.27
 500  -2057.220823  0.001260   -0.126447  0.000080        0   1232.15
------------------------------- Post Propagation -------------------------------
Total number of samples 500
Raw AFQMC/HF Energy: -2057.220823 +/- 0.001260
Raw AFQMC/pt2CCSD Orbital Energy (covariance): -0.126447 +/- 0.000080
Raw AFQMC/pt2CCSD Orbital Energy (direct obs): -0.126447 +/- 0.000069
------------------------------ Clean Observation -------------------------------
Energy bound [-0.150357, -0.101943]
Removed 0 Outliers
Outliers Orbital Energy []
Clean AFQMC/pt2CCSD Orbital Energy (covariance): -0.126447 +/- 0.000080
Clean AFQMC/pt2CCSD Orbital Energy (direct obs): -0.126447 +/- 0.000069
------------------------------ Blocking Analysis -------------------------------
nsample = 500, max_block_size = 25, min_nblocks = 20
Blk_SZ   NBlk   NSmp      Energy     Error    dError
     1    500    500   -0.126417  0.000069  0.000002
     2    250    500   -0.126425  0.000080  0.000004
     3    166    498   -0.126426  0.000090  0.000005
     4    125    500   -0.126431  0.000093  0.000006
     5    100    500   -0.126434  0.000089  0.000006
     6     83    498   -0.126434  0.000097  0.000008
     7     71    497   -0.126438  0.000103  0.000009
     8     62    496   -0.126442  0.000096  0.000009
     9     55    495   -0.126442  0.000099  0.000009
    10     50    500   -0.126440  0.000097  0.000010
    11     45    495   -0.126444  0.000101  0.000011
    12     41    492   -0.126447  0.000106  0.000012
    13     38    494   -0.126446  0.000109  0.000013
    14     35    490   -0.126454  0.000106  0.000013
    15     33    495   -0.126444  0.000105  0.000013
    16     31    496   -0.126445  0.000108  0.000014
    17     29    493   -0.126446  0.000102  0.000014
    18     27    486   -0.126466  0.000101  0.000014
    19     26    494   -0.126445  0.000116  0.000016
    20     25    500   -0.126443  0.000109  0.000016
    21     23    483   -0.126469  0.000108  0.000016
    22     22    484   -0.126466  0.000103  0.000016
    23     21    483   -0.126470  0.000107  0.000017
    24     20    480   -0.126475  0.000111  0.000018
    25     20    500   -0.126443  0.000105  0.000017
Fit: plateau = 0.000104 ± 0.000004
     autocorrelation length ~ 3.0 blocks
     plateau reached at block size ~ 12
Blocked AFQMC/pt2CCSD Orbital Energy: -0.126447 +/- 0.000104
total run time: 1232.16
--------------------------- AFQMC Sampling Finished ----------------------------


========================= restricted LNO-FRAGMENT 5/72 =========================
Center Atom C
AOs with contribution > 0.01
        AO Label     Amp
      4 C 1s      0.8760
      4 C 2py     0.4809
      4 C 2px     0.4808
      4 C 2pz     0.4677
      4 C 2s      0.3696
      4 C 3pz     0.2601
      4 C 3s      0.1883
      4 C 3px     0.1461
      4 C 3py     0.1446
     3 C 3dx2-y2  0.0864
      3 C 3py     0.0845
      5 C 3dxy    0.0827
      6 C 3px     0.0753
      6 C 3dxy    0.0671
      5 C 3px     0.0640
     6 C 3dx2-y2  0.0612
      6 C 3s      0.0600
      3 C 3s      0.0599
      5 C 3s      0.0594
      5 C 3py     0.0475
      3 C 3dyz    0.0443
      6 C 3pz     0.0437
     5 C 3dx2-y2  0.0436
      3 C 3pz     0.0429
      5 C 3pz     0.0425
      3 C 3dxy    0.0425
      6 C 3dxz    0.0384
      6 C 3py     0.0382
      3 C 3px     0.0294
      5 C 3dxz    0.0288
      3 C 3dz^2   0.0230
      6 C 3dz^2   0.0229
      5 C 3dz^2   0.0226
      0 C 3px     0.0203
      7 C 3py     0.0194
     16 C 3px     0.0191
      6 C 2s      0.0186
      3 C 2s      0.0185
      5 C 2s      0.0176
     17 C 3py     0.0156
      9 C 3py     0.0155
      5 C 3dyz    0.0155
      3 C 2py     0.0142
      4 C 3dz^2   0.0136
      6 C 2px     0.0120
      2 C 3py     0.0118
LAS occupied orbitals: 30
LAS virtual orbitals: 127
CCSD time: 89.177654 s
LNO-MP2 Orbital Energy: -0.12058547
LNO-CCSD Orbital Energy: -0.12004244
Calculating Effective Active Space One-electron Integrals
number of active occupied orbitals 30
number of active virtual orbitals 127
DF loop 0 number of DF vectors 240
DF loop 1 number of DF vectors 240
DF loop 2 number of DF vectors 240
DF loop 3 number of DF vectors 240
DF loop 4 number of DF vectors 240
DF loop 5 number of DF vectors 240
DF loop 6 number of DF vectors 240
DF loop 7 number of DF vectors 240
DF loop 8 number of DF vectors 240
DF loop 9 number of DF vectors 240
DF loop 10 number of DF vectors 240
DF loop 11 number of DF vectors 240
DF loop 12 number of DF vectors 240
DF loop 13 number of DF vectors 240
DF loop 14 number of DF vectors 240
DF loop 15 number of DF vectors 240
DF loop 16 number of DF vectors 240
DF loop 17 number of DF vectors 114
build JK time: 5.611694 s
build ecore time: 0.195581 s
build h1eff time: 5.883529 s
Generating Cholesky Integrals
Composing AO ERIs from DF basis
Raw CDERI in LAS shape: (4194, 12403)
Compress CDERI into LAS Cholesky Vectors by SVD
Cholesky cutoff: 1e-05
Build effective h0 and h1 time: 6.024684 s
Build CDERI in LAS time: 5.543136 s
Compress CDERI to LAS Choleskey Vectors time: 2.623862 s
Build Integral total time: 14.192020 s
Finished calculating Cholesky integrals
Size of the correlation space
Number of electrons: (30,30)
Number of basis functions: 157
Cholesky shape: (1479, 157, 157)
running AFQMC on GPU
Hostname: gpua059.delta.ncsa.illinois.edu
System Type: Linux
Machine Type: x86_64
Processor: x86_64
Using GPU.
System: Linux
Node Name: gpua059.delta.ncsa.illinois.edu
Release: 5.14.0-427.91.1.el9_4.x86_64
Version: #1 SMP PREEMPT_DYNAMIC Wed Sep 17 10:08:59 EDT 2025
Machine: x86_64
Processor: x86_64
AFQMC script: /u/yzhang65/myprojects/software/afqmc/afqmc/lno_afqmc/ccsd_pt2/run_afqmc.py
---------------------------- AFQMC Sampling Started ----------------------------
Hostname: gpua059.delta.ncsa.illinois.edu
System Type: Linux
Machine Type: x86_64
Processor: x86_64
Using GPU.
System: Linux
Node Name: gpua059.delta.ncsa.illinois.edu
Release: 5.14.0-427.91.1.el9_4.x86_64
Version: #1 SMP PREEMPT_DYNAMIC Wed Sep 17 10:08:59 EDT 2025
Machine: x86_64
Processor: x86_64
Trial: ccsd_pt2(norb=157, nelec=(30, 30), n_batch=1, nchol_chunk=100, mix_precision=True)
Sampler: sampler_pt2(n_prop_steps=50, n_blocks=500, n_chol=1479)
norb: 157
nelec: (30, 30)
nchol: 1479
n_eql: 100
n_prop_steps: 50
n_blocks: 500
n_walkers: 300
nchol_chunk: 100
mix_precision: True
n_batch: 1
seed: 3372
walker_type: rhf
trial: ccsd_pt2
dt: 0.005
use_gpu: True
max_error: 5.892556509887897e-05
n_exp_terms: 6
Propagating with 300 walkers
Initial Orbital energy: -0.120047
-------------------------------- Equilibration ---------------------------------
inv_T        energy   runTime
 0.00  -2055.865062     14.35
 2.50  -2057.150258     25.16
 5.00  -2057.211088     30.72
 7.50  -2057.203418     36.26
10.00  -2057.229308     41.81
12.50  -2057.276950     47.36
15.00  -2057.237350     52.91
17.50  -2057.222479     58.46
20.00  -2057.242393     64.01
22.50  -2057.213078     69.56
25.00  -2057.228796     75.11
------------------------------- Sampling Blocks --------------------------------
Target Final Error ~ 0.000059
   N      E(Guide)     Error      E(Orb)     Error  Kill_WK      Time
  20  -2057.206485  0.004646   -0.126281  0.000263        0    131.38
  40  -2057.208025  0.004149   -0.126419  0.000267        0    177.22
  60  -2057.209728  0.003099   -0.126307  0.000205        0    223.05
  80  -2057.212371  0.002677   -0.126493  0.000190        0    268.90
 100  -2057.216086  0.002471   -0.126588  0.000185        0    314.78
 120  -2057.218812  0.002358   -0.126618  0.000169        0    362.47
 140  -2057.217861  0.002078   -0.126521  0.000153        0    414.14
 160  -2057.217109  0.001906   -0.126452  0.000139        0    459.98
 180  -2057.215105  0.001867   -0.126411  0.000128        0    505.83
 200  -2057.216185  0.001779   -0.126419  0.000119        0    551.67
 220  -2057.216906  0.001791   -0.126432  0.000112        0    597.53
 240  -2057.218371  0.001742   -0.126466  0.000107        0    643.39
 260  -2057.219988  0.001726   -0.126496  0.000106        0    689.25
 280  -2057.219229  0.001676   -0.126503  0.000101        0    735.09
 300  -2057.219601  0.001586   -0.126545  0.000097        0    780.92
 320  -2057.219920  0.001554   -0.126530  0.000093        0    826.77
 340  -2057.219485  0.001478   -0.126587  0.000094        0    872.63
 360  -2057.220051  0.001467   -0.126576  0.000090        0    918.47
 380  -2057.220762  0.001433   -0.126567  0.000086        0    964.30
 400  -2057.220187  0.001400   -0.126547  0.000083        0   1010.14
 420  -2057.221099  0.001387   -0.126534  0.000080        0   1055.98
 440  -2057.220570  0.001343   -0.126500  0.000078        0   1101.84
 460  -2057.220730  0.001311   -0.126488  0.000076        0   1147.71
 480  -2057.219974  0.001296   -0.126473  0.000074        0   1193.55
 500  -2057.220225  0.001261   -0.126467  0.000072        0   1239.37
------------------------------- Post Propagation -------------------------------
Total number of samples 500
Raw AFQMC/HF Energy: -2057.220225 +/- 0.001261
Raw AFQMC/pt2CCSD Orbital Energy (covariance): -0.126467 +/- 0.000072
Raw AFQMC/pt2CCSD Orbital Energy (direct obs): -0.126467 +/- 0.000062
------------------------------ Clean Observation -------------------------------
Energy bound [-0.149633, -0.102931]
Removed 0 Outliers
Outliers Orbital Energy []
Clean AFQMC/pt2CCSD Orbital Energy (covariance): -0.126467 +/- 0.000072
Clean AFQMC/pt2CCSD Orbital Energy (direct obs): -0.126467 +/- 0.000062
------------------------------ Blocking Analysis -------------------------------
nsample = 500, max_block_size = 25, min_nblocks = 20
Blk_SZ   NBlk   NSmp      Energy     Error    dError
     1    500    500   -0.126437  0.000062  0.000002
     2    250    500   -0.126445  0.000069  0.000003
     3    166    498   -0.126453  0.000076  0.000004
     4    125    500   -0.126453  0.000078  0.000005
     5    100    500   -0.126455  0.000082  0.000006
     6     83    498   -0.126461  0.000078  0.000006
     7     71    497   -0.126464  0.000090  0.000008
     8     62    496   -0.126464  0.000093  0.000008
     9     55    495   -0.126465  0.000085  0.000008
    10     50    500   -0.126459  0.000079  0.000008
    11     45    495   -0.126469  0.000092  0.000010
    12     41    492   -0.126465  0.000082  0.000009
    13     38    494   -0.126465  0.000094  0.000011
    14     35    490   -0.126459  0.000095  0.000012
    15     33    495   -0.126469  0.000100  0.000012
    16     31    496   -0.126471  0.000097  0.000013
    17     29    493   -0.126466  0.000082  0.000011
    18     27    486   -0.126475  0.000081  0.000011
    19     26    494   -0.126467  0.000084  0.000012
    20     25    500   -0.126462  0.000084  0.000012
    21     23    483   -0.126466  0.000089  0.000013
    22     22    484   -0.126472  0.000092  0.000014
    23     21    483   -0.126466  0.000096  0.000015
    24     20    480   -0.126467  0.000082  0.000013
    25     20    500   -0.126463  0.000084  0.000014
Fit: plateau = 0.000088 ± 0.000003
     autocorrelation length ~ 2.9 blocks
     plateau reached at block size ~ 11
Blocked AFQMC/pt2CCSD Orbital Energy: -0.126467 +/- 0.000088
total run time: 1243.02
--------------------------- AFQMC Sampling Finished ----------------------------


========================= restricted LNO-FRAGMENT 6/72 =========================
Center Atom C
AOs with contribution > 0.01
        AO Label     Amp
      5 C 1s      0.8756
      5 C 2px     0.4865
      5 C 2py     0.4836
      5 C 2pz     0.4673
      5 C 2s      0.3711
      5 C 3pz     0.2601
      5 C 3s      0.1882
      5 C 3px     0.1494
      5 C 3py     0.1455
     7 C 3dx2-y2  0.0934
      4 C 3dxy    0.0823
      7 C 3py     0.0819
      0 C 3px     0.0714
      0 C 3dxy    0.0668
      4 C 3px     0.0651
      7 C 3s      0.0627
     0 C 3dx2-y2  0.0617
      0 C 3s      0.0601
      4 C 3s      0.0592
      7 C 3dyz    0.0485
      4 C 3py     0.0476
      7 C 3dxy    0.0460
      7 C 3pz     0.0454
     4 C 3dx2-y2  0.0434
      4 C 3pz     0.0425
      0 C 3pz     0.0422
      0 C 3py     0.0390
      0 C 3dxz    0.0363
      7 C 3px     0.0321
      4 C 3dxz    0.0284
      7 C 3dz^2   0.0242
      0 C 3dz^2   0.0228
      4 C 3dz^2   0.0225
      7 C 2s      0.0204
      6 C 3px     0.0198
      4 C 2s      0.0179
      3 C 3py     0.0178
      0 C 2s      0.0178
      1 C 3py     0.0172
     56 H 2s      0.0167
     54 H 2s      0.0163
      4 C 3dyz    0.0157
      7 C 2py     0.0157
      5 C 3dz^2   0.0134
      8 C 3py     0.0118
      0 C 2px     0.0116
      8 C 3px     0.0107
LAS occupied orbitals: 26
LAS virtual orbitals: 114
CCSD time: 56.748676 s
LNO-MP2 Orbital Energy: -0.11703861
LNO-CCSD Orbital Energy: -0.11768903
Calculating Effective Active Space One-electron Integrals
number of active occupied orbitals 26
number of active virtual orbitals 114
DF loop 0 number of DF vectors 240
DF loop 1 number of DF vectors 240
DF loop 2 number of DF vectors 240
DF loop 3 number of DF vectors 240
DF loop 4 number of DF vectors 240
DF loop 5 number of DF vectors 240
DF loop 6 number of DF vectors 240
DF loop 7 number of DF vectors 240
DF loop 8 number of DF vectors 240
DF loop 9 number of DF vectors 240
DF loop 10 number of DF vectors 240
DF loop 11 number of DF vectors 240
DF loop 12 number of DF vectors 240
DF loop 13 number of DF vectors 240
DF loop 14 number of DF vectors 240
DF loop 15 number of DF vectors 240
DF loop 16 number of DF vectors 240
DF loop 17 number of DF vectors 114
build JK time: 7.272093 s
build ecore time: 0.276156 s
build h1eff time: 7.838045 s
Generating Cholesky Integrals
Composing AO ERIs from DF basis
Raw CDERI in LAS shape: (4194, 9870)
Compress CDERI into LAS Cholesky Vectors by SVD
Cholesky cutoff: 1e-05
Build effective h0 and h1 time: 11.923113 s
Build CDERI in LAS time: 6.778097 s
Compress CDERI to LAS Choleskey Vectors time: 3.224647 s
Build Integral total time: 21.926169 s
Finished calculating Cholesky integrals
Size of the correlation space
Number of electrons: (26,26)
Number of basis functions: 140
Cholesky shape: (1285, 140, 140)
running AFQMC on GPU
Hostname: gpua059.delta.ncsa.illinois.edu
System Type: Linux
Machine Type: x86_64
Processor: x86_64
Using GPU.
System: Linux
Node Name: gpua059.delta.ncsa.illinois.edu
Release: 5.14.0-427.91.1.el9_4.x86_64
Version: #1 SMP PREEMPT_DYNAMIC Wed Sep 17 10:08:59 EDT 2025
Machine: x86_64
Processor: x86_64
AFQMC script: /u/yzhang65/myprojects/software/afqmc/afqmc/lno_afqmc/ccsd_pt2/run_afqmc.py
---------------------------- AFQMC Sampling Started ----------------------------
Hostname: gpua059.delta.ncsa.illinois.edu
System Type: Linux
Machine Type: x86_64
Processor: x86_64
Using GPU.
System: Linux
Node Name: gpua059.delta.ncsa.illinois.edu
Release: 5.14.0-427.91.1.el9_4.x86_64
Version: #1 SMP PREEMPT_DYNAMIC Wed Sep 17 10:08:59 EDT 2025
Machine: x86_64
Processor: x86_64
Trial: ccsd_pt2(norb=140, nelec=(26, 26), n_batch=1, nchol_chunk=100, mix_precision=True)
Sampler: sampler_pt2(n_prop_steps=50, n_blocks=500, n_chol=1285)
norb: 140
nelec: (26, 26)
nchol: 1285
n_eql: 100
n_prop_steps: 50
n_blocks: 500
n_walkers: 300
nchol_chunk: 100
mix_precision: True
n_batch: 1
seed: 4038
walker_type: rhf
trial: ccsd_pt2
dt: 0.005
use_gpu: True
max_error: 5.892556509887897e-05
n_exp_terms: 6
Propagating with 300 walkers
Initial Orbital energy: -0.117695
-------------------------------- Equilibration ---------------------------------
inv_T        energy   runTime
 0.00  -2055.865070     55.59
 2.50  -2057.008040     65.76
 5.00  -2057.068023     69.69
 7.50  -2057.074907     73.63
10.00  -2057.049589     77.56
12.50  -2057.020169     81.50
15.00  -2057.056111     85.43
17.50  -2057.039081     89.37
20.00  -2057.030101     93.30
22.50  -2057.010102     97.24
25.00  -2057.047928    101.17
------------------------------- Sampling Blocks --------------------------------
Target Final Error ~ 0.000059
   N      E(Guide)     Error      E(Orb)     Error  Kill_WK      Time
  20  -2057.041172  0.004151   -0.123895  0.000235        0    139.49
  40  -2057.045117  0.003525   -0.124405  0.000222        0    167.66
  60  -2057.041251  0.002759   -0.124180  0.000176        0    195.85
  80  -2057.045255  0.002801   -0.123995  0.000156        0    224.04
 100  -2057.045388  0.002565   -0.123965  0.000142        0    252.26
 120  -2057.044896  0.002294   -0.123962  0.000128        0    280.44
 140  -2057.044810  0.002087   -0.123904  0.000119        0    308.61
 160  -2057.046836  0.001958   -0.123829  0.000115        0    336.78
 180  -2057.046221  0.001813   -0.123843  0.000106        0    364.96
 200  -2057.047013  0.001687   -0.123874  0.000102        0    393.14
 220  -2057.048211  0.001588   -0.123950  0.000102        0    421.33
 240  -2057.048279  0.001549   -0.123949  0.000095        0    449.52
 260  -2057.048760  0.001520   -0.123924  0.000091        0    477.72
 280  -2057.048134  0.001458   -0.123910  0.000087        0    505.90
 300  -2057.048294  0.001448   -0.123969  0.000088        0    534.07
 320  -2057.048468  0.001404   -0.123917  0.000084        0    562.26
 340  -2057.047708  0.001363   -0.123907  0.000081        0    590.42
 360  -2057.047431  0.001310   -0.123870  0.000078        0    618.60
 380  -2057.046606  0.001270   -0.123860  0.000076        0    646.77
 400  -2057.046384  0.001231   -0.123851  0.000074        0    674.97
 420  -2057.046160  0.001226   -0.123842  0.000072        0    703.15
 440  -2057.045827  0.001188   -0.123832  0.000070        0    731.34
 460  -2057.045664  0.001166   -0.123800  0.000068        0    759.53
 480  -2057.046062  0.001137   -0.123811  0.000095        0    787.72
 500  -2057.045950  0.001119   -0.123811  0.000092        0    815.90
------------------------------- Post Propagation -------------------------------
Total number of samples 500
Raw AFQMC/HF Energy: -2057.045950 +/- 0.001119
Raw AFQMC/pt2CCSD Orbital Energy (covariance): -0.123811 +/- 0.000092
Raw AFQMC/pt2CCSD Orbital Energy (direct obs): -0.123811 +/- 0.000060
------------------------------ Clean Observation -------------------------------
Energy bound [-0.148680, -0.098642]
Removed 0 Outliers
Outliers Orbital Energy []
Clean AFQMC/pt2CCSD Orbital Energy (covariance): -0.123811 +/- 0.000092
Clean AFQMC/pt2CCSD Orbital Energy (direct obs): -0.123811 +/- 0.000060
------------------------------ Blocking Analysis -------------------------------
nsample = 500, max_block_size = 25, min_nblocks = 20
Blk_SZ   NBlk   NSmp      Energy     Error    dError
     1    500    500   -0.123783  0.000060  0.000002
     2    250    500   -0.123789  0.000068  0.000003
     3    166    498   -0.123794  0.000070  0.000004
     4    125    500   -0.123794  0.000073  0.000005
     5    100    500   -0.123798  0.000078  0.000006
     6     83    498   -0.123799  0.000078  0.000006
     7     71    497   -0.123800  0.000077  0.000007
     8     62    496   -0.123800  0.000080  0.000007
     9     55    495   -0.123804  0.000082  0.000008
    10     50    500   -0.123804  0.000085  0.000009
    11     45    495   -0.123804  0.000078  0.000008
    12     41    492   -0.123809  0.000085  0.000010
    13     38    494   -0.123808  0.000080  0.000009
    14     35    490   -0.123805  0.000074  0.000009
    15     33    495   -0.123804  0.000086  0.000011
    16     31    496   -0.123805  0.000090  0.000012
    17     29    493   -0.123810  0.000088  0.000012
    18     27    486   -0.123800  0.000088  0.000012
    19     26    494   -0.123808  0.000083  0.000012
    20     25    500   -0.123808  0.000092  0.000013
    21     23    483   -0.123800  0.000075  0.000011
    22     22    484   -0.123799  0.000089  0.000014
    23     21    483   -0.123799  0.000096  0.000015
    24     20    480   -0.123808  0.000088  0.000014
    25     20    500   -0.123809  0.000093  0.000015
Fit: plateau = 0.000085 ± 0.000003
     autocorrelation length ~ 3.8 blocks
     plateau reached at block size ~ 14
Blocked AFQMC/pt2CCSD Orbital Energy: -0.123811 +/- 0.000085
total run time: 815.91
--------------------------- AFQMC Sampling Finished ----------------------------


========================= restricted LNO-FRAGMENT 7/72 =========================
Center Atom C
AOs with contribution > 0.01
        AO Label     Amp
      6 C 1s      0.8755
      6 C 2py     0.4806
      6 C 2px     0.4805
      6 C 2pz     0.4676
      6 C 2s      0.3691
      6 C 3pz     0.2591
      6 C 3s      0.1877
      6 C 3px     0.1456
      6 C 3py     0.1446
     9 C 3dx2-y2  0.0870
      9 C 3py     0.0842
     16 C 3dxy    0.0824
      4 C 3px     0.0751
      4 C 3dxy    0.0670
     16 C 3px     0.0652
     4 C 3dx2-y2  0.0615
      9 C 3s      0.0601
      4 C 3s      0.0600
     16 C 3s      0.0593
     16 C 3py     0.0477
      9 C 3dyz    0.0446
    16 C 3dx2-y2  0.0441
      4 C 3pz     0.0437
      9 C 3pz     0.0433
      9 C 3dxy    0.0429
     16 C 3pz     0.0426
      4 C 3dxz    0.0382
      4 C 3py     0.0381
      9 C 3px     0.0294
     16 C 3dxz    0.0293
      9 C 3dz^2   0.0231
      4 C 3dz^2   0.0229
     16 C 3dz^2   0.0227
     15 C 3px     0.0200
      5 C 3px     0.0189
      9 C 2s      0.0187
      4 C 2s      0.0186
     18 C 3py     0.0181
     16 C 2s      0.0181
     16 C 3dyz    0.0158
      3 C 3py     0.0155
      8 C 3py     0.0154
      9 C 2py     0.0143
      6 C 3dz^2   0.0137
     13 C 3py     0.0121
      4 C 2px     0.0120
LAS occupied orbitals: 30
LAS virtual orbitals: 126
CCSD time: 85.756640 s
LNO-MP2 Orbital Energy: -0.12044521
LNO-CCSD Orbital Energy: -0.11992751
Calculating Effective Active Space One-electron Integrals
number of active occupied orbitals 30
number of active virtual orbitals 126
DF loop 0 number of DF vectors 240
DF loop 1 number of DF vectors 240
DF loop 2 number of DF vectors 240
DF loop 3 number of DF vectors 240
DF loop 4 number of DF vectors 240
DF loop 5 number of DF vectors 240
DF loop 6 number of DF vectors 240
DF loop 7 number of DF vectors 240
DF loop 8 number of DF vectors 240
DF loop 9 number of DF vectors 240
DF loop 10 number of DF vectors 240
DF loop 11 number of DF vectors 240
DF loop 12 number of DF vectors 240
DF loop 13 number of DF vectors 240
DF loop 14 number of DF vectors 240
DF loop 15 number of DF vectors 240
DF loop 16 number of DF vectors 240
DF loop 17 number of DF vectors 114
build JK time: 5.620011 s
build ecore time: 0.196831 s
build h1eff time: 5.946241 s
Generating Cholesky Integrals
Composing AO ERIs from DF basis
Raw CDERI in LAS shape: (4194, 12246)
Compress CDERI into LAS Cholesky Vectors by SVD
Cholesky cutoff: 1e-05
Build effective h0 and h1 time: 6.086984 s
Build CDERI in LAS time: 5.737517 s
Compress CDERI to LAS Choleskey Vectors time: 2.612335 s
Build Integral total time: 14.437130 s
Finished calculating Cholesky integrals
Size of the correlation space
Number of electrons: (30,30)
Number of basis functions: 156
Cholesky shape: (1519, 156, 156)
running AFQMC on GPU
Hostname: gpua059.delta.ncsa.illinois.edu
System Type: Linux
Machine Type: x86_64
Processor: x86_64
Using GPU.
System: Linux
Node Name: gpua059.delta.ncsa.illinois.edu
Release: 5.14.0-427.91.1.el9_4.x86_64
Version: #1 SMP PREEMPT_DYNAMIC Wed Sep 17 10:08:59 EDT 2025
Machine: x86_64
Processor: x86_64
AFQMC script: /u/yzhang65/myprojects/software/afqmc/afqmc/lno_afqmc/ccsd_pt2/run_afqmc.py
---------------------------- AFQMC Sampling Started ----------------------------
Hostname: gpua059.delta.ncsa.illinois.edu
System Type: Linux
Machine Type: x86_64
Processor: x86_64
Using GPU.
System: Linux
Node Name: gpua059.delta.ncsa.illinois.edu
Release: 5.14.0-427.91.1.el9_4.x86_64
Version: #1 SMP PREEMPT_DYNAMIC Wed Sep 17 10:08:59 EDT 2025
Machine: x86_64
Processor: x86_64
Trial: ccsd_pt2(norb=156, nelec=(30, 30), n_batch=1, nchol_chunk=100, mix_precision=True)
Sampler: sampler_pt2(n_prop_steps=50, n_blocks=500, n_chol=1519)
norb: 156
nelec: (30, 30)
nchol: 1519
n_eql: 100
n_prop_steps: 50
n_blocks: 500
n_walkers: 300
nchol_chunk: 100
mix_precision: True
n_batch: 1
seed: 4792
walker_type: rhf
trial: ccsd_pt2
dt: 0.005
use_gpu: True
max_error: 5.892556509887897e-05
n_exp_terms: 6
Propagating with 300 walkers
Initial Orbital energy: -0.119931
-------------------------------- Equilibration ---------------------------------
inv_T        energy   runTime
 0.00  -2055.865058     14.56
 2.50  -2057.200314     25.34
 5.00  -2057.247444     30.90
 7.50  -2057.283494     36.46
10.00  -2057.276473     42.02
12.50  -2057.237242     47.59
15.00  -2057.271421     53.15
17.50  -2057.223796     58.71
20.00  -2057.254032     64.27
22.50  -2057.227551     69.83
25.00  -2057.234674     75.39
------------------------------- Sampling Blocks --------------------------------
Target Final Error ~ 0.000059
   N      E(Guide)     Error      E(Orb)     Error  Kill_WK      Time
  20  -2057.243480  0.005627   -0.126277  0.000293        0    133.44
  40  -2057.231581  0.004033   -0.126203  0.000205        0    180.91
  60  -2057.226311  0.003204   -0.126389  0.000194        0    228.46
  80  -2057.222848  0.002874   -0.126254  0.000165        0    276.03
 100  -2057.220956  0.002430   -0.126128  0.000146        0    323.60
 120  -2057.222301  0.002162   -0.126069  0.000129        0    371.16
 140  -2057.222027  0.001991   -0.126115  0.000125        0    418.64
 160  -2057.227377  0.002380   -0.126287  0.000151        0    466.16
 180  -2057.225666  0.002231   -0.126246  0.000140        0    513.72
 200  -2057.226542  0.002075   -0.126300  0.000132        0    561.30
 220  -2057.227039  0.001988   -0.126283  0.000123        0    608.96
 240  -2057.228058  0.001926   -0.126301  0.000116        0    656.51
 260  -2057.228660  0.001821   -0.126389  0.000115        0    704.05
 280  -2057.226769  0.001768   -0.126335  0.000109        0    751.59
 300  -2057.226288  0.001689   -0.126344  0.000104        0    799.15
 320  -2057.226628  0.001616   -0.126362  0.000101        0    846.73
 340  -2057.226507  0.001545   -0.126386  0.000097        0    894.30
 360  -2057.226778  0.001476   -0.126349  0.000092        0    941.90
 380  -2057.227774  0.001459   -0.126312  0.000089        0    989.44
 400  -2057.227305  0.001415   -0.126313  0.000087        0   1036.98
 420  -2057.228678  0.001416   -0.126358  0.000085        0   1084.55
 440  -2057.228923  0.001364   -0.126352  0.000083        0   1132.11
 460  -2057.228841  0.001330   -0.126344  0.000081        0   1179.72
 480  -2057.228020  0.001320   -0.126311  0.000079        0   1227.29
 500  -2057.228890  0.001310   -0.126336  0.000076        0   1274.84
------------------------------- Post Propagation -------------------------------
Total number of samples 500
Raw AFQMC/HF Energy: -2057.228890 +/- 0.001310
Raw AFQMC/pt2CCSD Orbital Energy (covariance): -0.126336 +/- 0.000076
Raw AFQMC/pt2CCSD Orbital Energy (direct obs): -0.126336 +/- 0.000063
------------------------------ Clean Observation -------------------------------
Energy bound [-0.152569, -0.099678]
Removed 0 Outliers
Outliers Orbital Energy []
Clean AFQMC/pt2CCSD Orbital Energy (covariance): -0.126336 +/- 0.000076
Clean AFQMC/pt2CCSD Orbital Energy (direct obs): -0.126336 +/- 0.000063
------------------------------ Blocking Analysis -------------------------------
nsample = 500, max_block_size = 25, min_nblocks = 20
Blk_SZ   NBlk   NSmp      Energy     Error    dError
     1    500    500   -0.126299  0.000063  0.000002
     2    250    500   -0.126305  0.000075  0.000003
     3    166    498   -0.126308  0.000086  0.000005
     4    125    500   -0.126314  0.000087  0.000006
     5    100    500   -0.126314  0.000094  0.000007
     6     83    498   -0.126316  0.000100  0.000008
     7     71    497   -0.126315  0.000101  0.000009
     8     62    496   -0.126314  0.000103  0.000009
     9     55    495   -0.126311  0.000106  0.000010
    10     50    500   -0.126322  0.000112  0.000011
    11     45    495   -0.126313  0.000110  0.000012
    12     41    492   -0.126312  0.000117  0.000013
    13     38    494   -0.126317  0.000107  0.000012
    14     35    490   -0.126312  0.000110  0.000013
    15     33    495   -0.126317  0.000107  0.000013
    16     31    496   -0.126317  0.000121  0.000016
    17     29    493   -0.126316  0.000105  0.000014
    18     27    486   -0.126305  0.000130  0.000018
    19     26    494   -0.126317  0.000126  0.000018
    20     25    500   -0.126326  0.000112  0.000016
    21     23    483   -0.126301  0.000122  0.000018
    22     22    484   -0.126306  0.000131  0.000020
    23     21    483   -0.126298  0.000123  0.000019
    24     20    480   -0.126306  0.000114  0.000018
    25     20    500   -0.126330  0.000111  0.000018
Fit: plateau = 0.000116 ± 0.000005
     autocorrelation length ~ 4.3 blocks
     plateau reached at block size ~ 18
Blocked AFQMC/pt2CCSD Orbital Energy: -0.126336 +/- 0.000116
total run time: 1274.85
--------------------------- AFQMC Sampling Finished ----------------------------


========================= restricted LNO-FRAGMENT 8/72 =========================
Center Atom C
AOs with contribution > 0.01
        AO Label     Amp
      7 C 1s      0.8760
      7 C 2py     0.4770
      7 C 2px     0.4749
      7 C 2pz     0.4587
      7 C 2s      0.3754
      7 C 3pz     0.2935
      7 C 3s      0.1908
      7 C 3py     0.1547
      7 C 3px     0.1496
     56 H 2px     0.1470
     56 H 2py     0.0996
     5 C 3dx2-y2  0.0874
      5 C 3py     0.0873
      8 C 3px     0.0788
      8 C 3dxy    0.0700
     56 H 1s      0.0695
     56 H 2s      0.0634
      5 C 3s      0.0625
     8 C 3dx2-y2  0.0622
      8 C 3s      0.0621
     56 H 2pz     0.0490
      5 C 3dyz    0.0478
      8 C 3pz     0.0475
      5 C 3pz     0.0472
      5 C 3dxy    0.0462
      8 C 3py     0.0406
      8 C 3dxz    0.0403
      5 C 3px     0.0322
      5 C 3dz^2   0.0236
      8 C 3dz^2   0.0234
      9 C 3px     0.0197
      5 C 2s      0.0196
      8 C 2s      0.0193
      4 C 3py     0.0161
     10 C 3py     0.0154
      5 C 2py     0.0146
      0 C 3py     0.0133
      8 C 2px     0.0119
      7 C 3dz^2   0.0119
     7 C 3dx2-y2  0.0102
LAS occupied orbitals: 29
LAS virtual orbitals: 119
CCSD time: 65.452055 s
LNO-MP2 Orbital Energy: -0.11645270
LNO-CCSD Orbital Energy: -0.11900753
Calculating Effective Active Space One-electron Integrals
number of active occupied orbitals 29
number of active virtual orbitals 119
DF loop 0 number of DF vectors 240
DF loop 1 number of DF vectors 240
DF loop 2 number of DF vectors 240
DF loop 3 number of DF vectors 240
DF loop 4 number of DF vectors 240
DF loop 5 number of DF vectors 240
DF loop 6 number of DF vectors 240
DF loop 7 number of DF vectors 240
DF loop 8 number of DF vectors 240
DF loop 9 number of DF vectors 240
DF loop 10 number of DF vectors 240
DF loop 11 number of DF vectors 240
DF loop 12 number of DF vectors 240
DF loop 13 number of DF vectors 240
DF loop 14 number of DF vectors 240
DF loop 15 number of DF vectors 240
DF loop 16 number of DF vectors 240
DF loop 17 number of DF vectors 114
build JK time: 5.619526 s
build ecore time: 0.196347 s
build h1eff time: 5.946847 s
Generating Cholesky Integrals
Composing AO ERIs from DF basis
Raw CDERI in LAS shape: (4194, 11026)
Compress CDERI into LAS Cholesky Vectors by SVD
Cholesky cutoff: 1e-05
Build effective h0 and h1 time: 6.162985 s
Build CDERI in LAS time: 5.756976 s
Compress CDERI to LAS Choleskey Vectors time: 3.193418 s
Build Integral total time: 15.113692 s
Finished calculating Cholesky integrals
Size of the correlation space
Number of electrons: (29,29)
Number of basis functions: 148
Cholesky shape: (1375, 148, 148)
running AFQMC on GPU
Hostname: gpua059.delta.ncsa.illinois.edu
System Type: Linux
Machine Type: x86_64
Processor: x86_64
Using GPU.
System: Linux
Node Name: gpua059.delta.ncsa.illinois.edu
Release: 5.14.0-427.91.1.el9_4.x86_64
Version: #1 SMP PREEMPT_DYNAMIC Wed Sep 17 10:08:59 EDT 2025
Machine: x86_64
Processor: x86_64
AFQMC script: /u/yzhang65/myprojects/software/afqmc/afqmc/lno_afqmc/ccsd_pt2/run_afqmc.py
---------------------------- AFQMC Sampling Started ----------------------------
Hostname: gpua059.delta.ncsa.illinois.edu
System Type: Linux
Machine Type: x86_64
Processor: x86_64
Using GPU.
System: Linux
Node Name: gpua059.delta.ncsa.illinois.edu
Release: 5.14.0-427.91.1.el9_4.x86_64
Version: #1 SMP PREEMPT_DYNAMIC Wed Sep 17 10:08:59 EDT 2025
Machine: x86_64
Processor: x86_64
Trial: ccsd_pt2(norb=148, nelec=(29, 29), n_batch=1, nchol_chunk=100, mix_precision=True)
Sampler: sampler_pt2(n_prop_steps=50, n_blocks=500, n_chol=1375)
norb: 148
nelec: (29, 29)
nchol: 1375
n_eql: 100
n_prop_steps: 50
n_blocks: 500
n_walkers: 300
nchol_chunk: 100
mix_precision: True
n_batch: 1
seed: 1185
walker_type: rhf
trial: ccsd_pt2
dt: 0.005
use_gpu: True
max_error: 5.892556509887897e-05
n_exp_terms: 6
Propagating with 300 walkers
Initial Orbital energy: -0.119002
-------------------------------- Equilibration ---------------------------------
inv_T        energy   runTime
 0.00  -2055.865062     13.97
 2.50  -2057.070236     24.02
 5.00  -2057.100844     28.80
 7.50  -2057.110970     33.58
10.00  -2057.113004     38.36
12.50  -2057.099112     43.15
15.00  -2057.082572     47.93
17.50  -2057.118816     52.74
20.00  -2057.044327     57.52
22.50  -2057.112454     62.30
25.00  -2057.079476     67.08
------------------------------- Sampling Blocks --------------------------------
Target Final Error ~ 0.000059
   N      E(Guide)     Error      E(Orb)     Error  Kill_WK      Time
  20  -2057.087778  0.005811   -0.124754  0.000317        0    115.35
  40  -2057.103389  0.004259   -0.125003  0.000264        0    153.06
  60  -2057.106081  0.003632   -0.124990  0.000211        0    190.77
  80  -2057.102798  0.003261   -0.125114  0.000193        0    228.54
 100  -2057.103094  0.003034   -0.125076  0.000166        0    266.32
 120  -2057.096829  0.002936   -0.125063  0.000150        0    304.11
 140  -2057.096990  0.002619   -0.125049  0.000149        0    341.88
 160  -2057.096894  0.002344   -0.124969  0.000135        0    379.65
 180  -2057.098064  0.002160   -0.124971  0.000125        0    417.39
 200  -2057.099131  0.002007   -0.124971  0.000139        0    455.14
 220  -2057.100668  0.001908   -0.125022  0.000129        0    492.91
 240  -2057.100757  0.001851   -0.125077  0.000123        0    530.69
 260  -2057.101929  0.001789   -0.125089  0.000117        0    568.46
 280  -2057.102171  0.001705   -0.125109  0.000111        0    606.23
 300  -2057.103820  0.001679   -0.125169  0.000107        0    643.97
 320  -2057.103840  0.001601   -0.125126  0.000103        0    681.71
 340  -2057.103172  0.001555   -0.125120  0.000099        0    719.45
 360  -2057.103819  0.001510   -0.125120  0.000095        0    757.20
 380  -2057.103498  0.001457   -0.125074  0.000092        0    794.97
 400  -2057.103495  0.001416   -0.125085  0.000103        0    832.76
 420  -2057.103621  0.001379   -0.125076  0.000100        0    870.53
 440  -2057.102778  0.001349   -0.125051  0.000097        0    908.33
 460  -2057.103060  0.001310   -0.125046  0.000094        0    946.07
 480  -2057.102719  0.001282   -0.125032  0.000094        0    983.81
 500  -2057.102796  0.001250   -0.125013  0.000091        0   1021.72
------------------------------- Post Propagation -------------------------------
Total number of samples 500
Raw AFQMC/HF Energy: -2057.102796 +/- 0.001250
Raw AFQMC/pt2CCSD Orbital Energy (covariance): -0.125013 +/- 0.000091
Raw AFQMC/pt2CCSD Orbital Energy (direct obs): -0.125013 +/- 0.000069
------------------------------ Clean Observation -------------------------------
Energy bound [-0.150930, -0.098641]
Removed 0 Outliers
Outliers Orbital Energy []
Clean AFQMC/pt2CCSD Orbital Energy (covariance): -0.125013 +/- 0.000091
Clean AFQMC/pt2CCSD Orbital Energy (direct obs): -0.125013 +/- 0.000069
------------------------------ Blocking Analysis -------------------------------
nsample = 500, max_block_size = 25, min_nblocks = 20
Blk_SZ   NBlk   NSmp      Energy     Error    dError
     1    500    500   -0.124969  0.000069  0.000002
     2    250    500   -0.124975  0.000077  0.000003
     3    166    498   -0.124980  0.000083  0.000005
     4    125    500   -0.124982  0.000079  0.000005
     5    100    500   -0.124987  0.000085  0.000006
     6     83    498   -0.124987  0.000085  0.000007
     7     71    497   -0.124995  0.000088  0.000007
     8     62    496   -0.125002  0.000085  0.000008
     9     55    495   -0.125004  0.000088  0.000008
    10     50    500   -0.124992  0.000098  0.000010
    11     45    495   -0.125007  0.000087  0.000009
    12     41    492   -0.125014  0.000090  0.000010
    13     38    494   -0.125011  0.000098  0.000011
    14     35    490   -0.125021  0.000090  0.000011
    15     33    495   -0.125014  0.000107  0.000013
    16     31    496   -0.125011  0.000083  0.000011
    17     29    493   -0.125010  0.000102  0.000014
    18     27    486   -0.125024  0.000080  0.000011
    19     26    494   -0.125012  0.000075  0.000011
    20     25    500   -0.125002  0.000082  0.000012
    21     23    483   -0.125031  0.000097  0.000015
    22     22    484   -0.125032  0.000074  0.000011
    23     21    483   -0.125030  0.000099  0.000016
    24     20    480   -0.125021  0.000100  0.000016
    25     20    500   -0.125007  0.000088  0.000014
Fit: plateau = 0.000088 ± 0.000003
     autocorrelation length ~ 2.2 blocks
     plateau reached at block size ~ 8
Blocked AFQMC/pt2CCSD Orbital Energy: -0.125013 +/- 0.000088
total run time: 1021.73
--------------------------- AFQMC Sampling Finished ----------------------------


========================= restricted LNO-FRAGMENT 9/72 =========================
Center Atom C
AOs with contribution > 0.01
        AO Label     Amp
      8 C 1s      0.8756
      8 C 2px     0.4867
      8 C 2py     0.4833
      8 C 2pz     0.4673
      8 C 2s      0.3711
      8 C 3pz     0.2603
      8 C 3s      0.1881
      8 C 3px     0.1489
      8 C 3py     0.1458
    10 C 3dx2-y2  0.0886
      9 C 3dxy    0.0820
     10 C 3py     0.0806
      7 C 3px     0.0730
      7 C 3dxy    0.0707
     7 C 3dx2-y2  0.0672
      9 C 3px     0.0651
      7 C 3s      0.0627
     10 C 3s      0.0599
      9 C 3s      0.0593
      9 C 3py     0.0475
      7 C 3pz     0.0457
     9 C 3dx2-y2  0.0437
      9 C 3pz     0.0426
     10 C 3dyz    0.0424
     10 C 3pz     0.0418
     10 C 3dxy    0.0415
      7 C 3dxz    0.0414
      7 C 3py     0.0404
     10 C 3px     0.0303
      9 C 3dxz    0.0291
      7 C 3dz^2   0.0241
     10 C 3dz^2   0.0229
      9 C 3dz^2   0.0225
      7 C 2s      0.0204
     13 C 3px     0.0197
      6 C 3py     0.0181
      9 C 2s      0.0179
     10 C 2s      0.0177
     56 H 2s      0.0167
      5 C 3py     0.0166
     57 H 2s      0.0162
      9 C 3dyz    0.0151
     10 C 2py     0.0143
      8 C 3dz^2   0.0135
      7 C 2px     0.0130
     11 C 3py     0.0122
     11 C 3px     0.0112
LAS occupied orbitals: 26
LAS virtual orbitals: 115
CCSD time: 57.305648 s
LNO-MP2 Orbital Energy: -0.11707948
LNO-CCSD Orbital Energy: -0.11771590
Calculating Effective Active Space One-electron Integrals
number of active occupied orbitals 26
number of active virtual orbitals 115
DF loop 0 number of DF vectors 240
DF loop 1 number of DF vectors 240
DF loop 2 number of DF vectors 240
DF loop 3 number of DF vectors 240
DF loop 4 number of DF vectors 240
DF loop 5 number of DF vectors 240
DF loop 6 number of DF vectors 240
DF loop 7 number of DF vectors 240
DF loop 8 number of DF vectors 240
DF loop 9 number of DF vectors 240
DF loop 10 number of DF vectors 240
DF loop 11 number of DF vectors 240
DF loop 12 number of DF vectors 240
DF loop 13 number of DF vectors 240
DF loop 14 number of DF vectors 240
DF loop 15 number of DF vectors 240
DF loop 16 number of DF vectors 240
DF loop 17 number of DF vectors 114
build JK time: 5.635881 s
build ecore time: 0.200357 s
build h1eff time: 5.916690 s
Generating Cholesky Integrals
Composing AO ERIs from DF basis
Raw CDERI in LAS shape: (4194, 10011)
Compress CDERI into LAS Cholesky Vectors by SVD
Cholesky cutoff: 1e-05
Build effective h0 and h1 time: 6.058104 s
Build CDERI in LAS time: 5.710038 s
Compress CDERI to LAS Choleskey Vectors time: 2.637440 s
Build Integral total time: 14.405855 s
Finished calculating Cholesky integrals
Size of the correlation space
Number of electrons: (26,26)
Number of basis functions: 141
Cholesky shape: (1294, 141, 141)
running AFQMC on GPU
Hostname: gpua059.delta.ncsa.illinois.edu
System Type: Linux
Machine Type: x86_64
Processor: x86_64
Using GPU.
System: Linux
Node Name: gpua059.delta.ncsa.illinois.edu
Release: 5.14.0-427.91.1.el9_4.x86_64
Version: #1 SMP PREEMPT_DYNAMIC Wed Sep 17 10:08:59 EDT 2025
Machine: x86_64
Processor: x86_64
AFQMC script: /u/yzhang65/myprojects/software/afqmc/afqmc/lno_afqmc/ccsd_pt2/run_afqmc.py
---------------------------- AFQMC Sampling Started ----------------------------
Hostname: gpua059.delta.ncsa.illinois.edu
System Type: Linux
Machine Type: x86_64
Processor: x86_64
Using GPU.
System: Linux
Node Name: gpua059.delta.ncsa.illinois.edu
Release: 5.14.0-427.91.1.el9_4.x86_64
Version: #1 SMP PREEMPT_DYNAMIC Wed Sep 17 10:08:59 EDT 2025
Machine: x86_64
Processor: x86_64
Trial: ccsd_pt2(norb=141, nelec=(26, 26), n_batch=1, nchol_chunk=100, mix_precision=True)
Sampler: sampler_pt2(n_prop_steps=50, n_blocks=500, n_chol=1294)
norb: 141
nelec: (26, 26)
nchol: 1294
n_eql: 100
n_prop_steps: 50
n_blocks: 500
n_walkers: 300
nchol_chunk: 100
mix_precision: True
n_batch: 1
seed: 5772
walker_type: rhf
trial: ccsd_pt2
dt: 0.005
use_gpu: True
max_error: 5.892556509887897e-05
n_exp_terms: 6
Propagating with 300 walkers
Initial Orbital energy: -0.117720
-------------------------------- Equilibration ---------------------------------
inv_T        energy   runTime
 0.00  -2055.865071     13.69
 2.50  -2056.953744     22.95
 5.00  -2057.059624     26.93
 7.50  -2057.051547     30.91
10.00  -2057.045370     34.89
12.50  -2057.017136     38.88
15.00  -2057.064129     42.86
17.50  -2057.027544     46.84
20.00  -2057.095247     50.83
22.50  -2057.062704     54.81
25.00  -2057.036995     58.82
------------------------------- Sampling Blocks --------------------------------
Target Final Error ~ 0.000059
   N      E(Guide)     Error      E(Orb)     Error  Kill_WK      Time
  20  -2057.049721  0.004013   -0.124129  0.000326        0     97.58
  40  -2057.043480  0.003559   -0.124184  0.000244        0    126.01
  60  -2057.047755  0.002905   -0.124122  0.000204        0    154.44
  80  -2057.048529  0.002435   -0.123905  0.000169        0    182.89
 100  -2057.050001  0.002172   -0.123841  0.000149        0    211.34
 120  -2057.048148  0.002097   -0.123865  0.000133        0    239.79
 140  -2057.050624  0.002066   -0.123835  0.000124        0    268.24
 160  -2057.050936  0.001986   -0.123820  0.000114        0    296.70
 180  -2057.050218  0.001883   -0.123848  0.000105        0    325.15
 200  -2057.051694  0.001834   -0.123870  0.000098        0    353.57
 220  -2057.050448  0.001735   -0.123813  0.000093        0    382.03
 240  -2057.048286  0.001751   -0.123817  0.000088        0    410.46
 260  -2057.048133  0.001673   -0.123836  0.000085        0    438.91
 280  -2057.047452  0.001600   -0.123870  0.000084        0    467.36
 300  -2057.047990  0.001557   -0.123949  0.000086        0    495.81
 320  -2057.046212  0.001535   -0.123937  0.000082        0    524.26
 340  -2057.047396  0.001498   -0.123920  0.000079        0    552.72
 360  -2057.047784  0.001435   -0.123951  0.000078        0    581.17
 380  -2057.047132  0.001405   -0.123972  0.000076        0    609.60
 400  -2057.047143  0.001368   -0.123900  0.000074        0    638.04
 420  -2057.046690  0.001362   -0.123881  0.000072        0    666.47
 440  -2057.046574  0.001333   -0.123879  0.000071        0    694.91
 460  -2057.048214  0.001349   -0.123871  0.000069        0    723.38
 480  -2057.048368  0.001331   -0.123851  0.000067        0    751.83
 500  -2057.048636  0.001296   -0.123817  0.000066        0    780.28
------------------------------- Post Propagation -------------------------------
Total number of samples 500
Raw AFQMC/HF Energy: -2057.048636 +/- 0.001296
Raw AFQMC/pt2CCSD Orbital Energy (covariance): -0.123817 +/- 0.000066
Raw AFQMC/pt2CCSD Orbital Energy (direct obs): -0.123817 +/- 0.000057
------------------------------ Clean Observation -------------------------------
Energy bound [-0.146636, -0.100771]
Removed 0 Outliers
Outliers Orbital Energy []
Clean AFQMC/pt2CCSD Orbital Energy (covariance): -0.123817 +/- 0.000066
Clean AFQMC/pt2CCSD Orbital Energy (direct obs): -0.123817 +/- 0.000057
------------------------------ Blocking Analysis -------------------------------
nsample = 500, max_block_size = 25, min_nblocks = 20
Blk_SZ   NBlk   NSmp      Energy     Error    dError
     1    500    500   -0.123783  0.000057  0.000002
     2    250    500   -0.123790  0.000064  0.000003
     3    166    498   -0.123795  0.000072  0.000004
     4    125    500   -0.123796  0.000075  0.000005
     5    100    500   -0.123800  0.000081  0.000006
     6     83    498   -0.123802  0.000081  0.000006
     7     71    497   -0.123800  0.000086  0.000007
     8     62    496   -0.123800  0.000089  0.000008
     9     55    495   -0.123804  0.000090  0.000009
    10     50    500   -0.123804  0.000094  0.000009
    11     45    495   -0.123803  0.000089  0.000010
    12     41    492   -0.123809  0.000096  0.000011
    13     38    494   -0.123805  0.000098  0.000011
    14     35    490   -0.123817  0.000105  0.000013
    15     33    495   -0.123809  0.000104  0.000013
    16     31    496   -0.123807  0.000102  0.000013
    17     29    493   -0.123808  0.000108  0.000014
    18     27    486   -0.123829  0.000107  0.000015
    19     26    494   -0.123810  0.000109  0.000015
    20     25    500   -0.123809  0.000103  0.000015
    21     23    483   -0.123833  0.000115  0.000017
    22     22    484   -0.123830  0.000110  0.000017
    23     21    483   -0.123833  0.000115  0.000018
    24     20    480   -0.123848  0.000106  0.000017
    25     20    500   -0.123813  0.000118  0.000019
Fit: plateau = 0.000112 ± 0.000008
     autocorrelation length ~ 7.9 blocks
     plateau reached at block size ~ 32
     !!!Failed to reach plateau in blocking
     Return max block error
Blocked AFQMC/pt2CCSD Orbital Energy: -0.123817 +/- 0.000118
total run time: 780.34
--------------------------- AFQMC Sampling Finished ----------------------------


======================== restricted LNO-FRAGMENT 10/72 =========================
Center Atom C
AOs with contribution > 0.01
        AO Label     Amp
      9 C 1s      0.8759
      9 C 2py     0.4810
      9 C 2px     0.4805
      9 C 2pz     0.4676
      9 C 2s      0.3695
      9 C 3pz     0.2604
      9 C 3s      0.1882
      9 C 3px     0.1453
      9 C 3py     0.1449
     6 C 3dx2-y2  0.0868
      6 C 3py     0.0844
      8 C 3dxy    0.0826
     13 C 3px     0.0756
     13 C 3dxy    0.0673
      8 C 3px     0.0645
    13 C 3dx2-y2  0.0615
      6 C 3s      0.0601
     13 C 3s      0.0599
      8 C 3s      0.0594
      8 C 3py     0.0467
      6 C 3dyz    0.0448
     8 C 3dx2-y2  0.0436
      6 C 3pz     0.0433
     13 C 3pz     0.0431
      6 C 3dxy    0.0429
      8 C 3pz     0.0426
     13 C 3py     0.0381
     13 C 3dxz    0.0374
      6 C 3px     0.0294
      8 C 3dxz    0.0289
      6 C 3dz^2   0.0231
     13 C 3dz^2   0.0230
      8 C 3dz^2   0.0226
      7 C 3px     0.0209
     14 C 3px     0.0194
     10 C 3py     0.0189
      6 C 2s      0.0187
     13 C 2s      0.0185
      8 C 2s      0.0176
     16 C 3py     0.0155
      8 C 3dyz    0.0154
     12 C 3py     0.0151
      6 C 2py     0.0143
      9 C 3dz^2   0.0137
      4 C 3py     0.0121
     13 C 2px     0.0121
LAS occupied orbitals: 30
LAS virtual orbitals: 127
CCSD time: 88.711267 s
LNO-MP2 Orbital Energy: -0.12056671
LNO-CCSD Orbital Energy: -0.12002611
Calculating Effective Active Space One-electron Integrals
number of active occupied orbitals 30
number of active virtual orbitals 127
DF loop 0 number of DF vectors 240
DF loop 1 number of DF vectors 240
DF loop 2 number of DF vectors 240
DF loop 3 number of DF vectors 240
DF loop 4 number of DF vectors 240
DF loop 5 number of DF vectors 240
DF loop 6 number of DF vectors 240
DF loop 7 number of DF vectors 240
DF loop 8 number of DF vectors 240
DF loop 9 number of DF vectors 240
DF loop 10 number of DF vectors 240
DF loop 11 number of DF vectors 240
DF loop 12 number of DF vectors 240
DF loop 13 number of DF vectors 240
DF loop 14 number of DF vectors 240
DF loop 15 number of DF vectors 240
DF loop 16 number of DF vectors 240
DF loop 17 number of DF vectors 114
build JK time: 5.676305 s
build ecore time: 0.199046 s
build h1eff time: 5.955636 s
Generating Cholesky Integrals
Composing AO ERIs from DF basis
Raw CDERI in LAS shape: (4194, 12403)
Compress CDERI into LAS Cholesky Vectors by SVD
Cholesky cutoff: 1e-05
Build effective h0 and h1 time: 6.102940 s
Build CDERI in LAS time: 5.880764 s
Compress CDERI to LAS Choleskey Vectors time: 2.648277 s
Build Integral total time: 14.632351 s
Finished calculating Cholesky integrals
Size of the correlation space
Number of electrons: (30,30)
Number of basis functions: 157
Cholesky shape: (1478, 157, 157)
running AFQMC on GPU
Hostname: gpua059.delta.ncsa.illinois.edu
System Type: Linux
Machine Type: x86_64
Processor: x86_64
Using GPU.
System: Linux
Node Name: gpua059.delta.ncsa.illinois.edu
Release: 5.14.0-427.91.1.el9_4.x86_64
Version: #1 SMP PREEMPT_DYNAMIC Wed Sep 17 10:08:59 EDT 2025
Machine: x86_64
Processor: x86_64
AFQMC script: /u/yzhang65/myprojects/software/afqmc/afqmc/lno_afqmc/ccsd_pt2/run_afqmc.py
---------------------------- AFQMC Sampling Started ----------------------------
Hostname: gpua059.delta.ncsa.illinois.edu
System Type: Linux
Machine Type: x86_64
Processor: x86_64
Using GPU.
System: Linux
Node Name: gpua059.delta.ncsa.illinois.edu
Release: 5.14.0-427.91.1.el9_4.x86_64
Version: #1 SMP PREEMPT_DYNAMIC Wed Sep 17 10:08:59 EDT 2025
Machine: x86_64
Processor: x86_64
Trial: ccsd_pt2(norb=157, nelec=(30, 30), n_batch=1, nchol_chunk=100, mix_precision=True)
Sampler: sampler_pt2(n_prop_steps=50, n_blocks=500, n_chol=1478)
norb: 157
nelec: (30, 30)
nchol: 1478
n_eql: 100
n_prop_steps: 50
n_blocks: 500
n_walkers: 300
nchol_chunk: 100
mix_precision: True
n_batch: 1
seed: 479
walker_type: rhf
trial: ccsd_pt2
dt: 0.005
use_gpu: True
max_error: 5.892556509887897e-05
n_exp_terms: 6
Propagating with 300 walkers
Initial Orbital energy: -0.120032
-------------------------------- Equilibration ---------------------------------
inv_T        energy   runTime
 0.00  -2055.865062     14.39
 2.50  -2057.167207     25.23
 5.00  -2057.203169     30.76
 7.50  -2057.212032     36.31
10.00  -2057.177684     41.85
12.50  -2057.243465     47.39
15.00  -2057.214462     52.93
17.50  -2057.213457     58.47
20.00  -2057.229871     64.01
22.50  -2057.263747     69.54
25.00  -2057.224729     75.08
------------------------------- Sampling Blocks --------------------------------
Target Final Error ~ 0.000059
   N      E(Guide)     Error      E(Orb)     Error  Kill_WK      Time
  20  -2057.242215  0.006305   -0.127487  0.000817        0    131.45
  40  -2057.224529  0.005665   -0.126911  0.000449        0    177.18
  60  -2057.218322  0.004274   -0.127020  0.000323        0    222.90
  80  -2057.221831  0.003606   -0.127160  0.000314        0    268.67
 100  -2057.219163  0.003053   -0.126912  0.000260        0    314.43
 120  -2057.217413  0.002859   -0.126842  0.000224        0    360.21
 140  -2057.218693  0.002594   -0.126761  0.000198        0    405.96
 160  -2057.219417  0.002450   -0.126827  0.000180        0    451.67
 180  -2057.218416  0.002289   -0.126786  0.000170        0    497.40
 200  -2057.216906  0.002235   -0.126668  0.000157        0    543.18
 220  -2057.215800  0.002085   -0.126577  0.000147        0    588.95
 240  -2057.214192  0.002001   -0.126510  0.000137        0    634.70
 260  -2057.214070  0.001879   -0.126502  0.000128        0    680.43
 280  -2057.214198  0.001798   -0.126554  0.000123        0    726.08
 300  -2057.214726  0.001706   -0.126526  0.000117        0    771.83
 320  -2057.214430  0.001631   -0.126494  0.000111        0    817.57
 340  -2057.214588  0.001577   -0.126527  0.000106        0    863.33
 360  -2057.214317  0.001524   -0.126500  0.000102        0    909.07
 380  -2057.215223  0.001480   -0.126497  0.000098        0    954.74
 400  -2057.215097  0.001429   -0.126513  0.000096        0   1000.42
 420  -2057.215672  0.001500   -0.126505  0.000095        0   1046.15
 440  -2057.215676  0.001449   -0.126503  0.000091        0   1091.92
 460  -2057.215969  0.001403   -0.126474  0.000088        0   1137.68
 480  -2057.215373  0.001373   -0.126466  0.000085        0   1183.50
 500  -2057.215800  0.001349   -0.126459  0.000083        0   1229.25
------------------------------- Post Propagation -------------------------------
Total number of samples 500
Raw AFQMC/HF Energy: -2057.215800 +/- 0.001349
Raw AFQMC/pt2CCSD Orbital Energy (covariance): -0.126459 +/- 0.000083
Raw AFQMC/pt2CCSD Orbital Energy (direct obs): -0.126459 +/- 0.000073
------------------------------ Clean Observation -------------------------------
Energy bound [-0.151094, -0.101198]
Removed 0 Outliers
Outliers Orbital Energy []
Clean AFQMC/pt2CCSD Orbital Energy (covariance): -0.126459 +/- 0.000083
Clean AFQMC/pt2CCSD Orbital Energy (direct obs): -0.126459 +/- 0.000073
------------------------------ Blocking Analysis -------------------------------
nsample = 500, max_block_size = 25, min_nblocks = 20
Blk_SZ   NBlk   NSmp      Energy     Error    dError
     1    500    500   -0.126417  0.000073  0.000002
     2    250    500   -0.126426  0.000083  0.000004
     3    166    498   -0.126429  0.000092  0.000005
     4    125    500   -0.126432  0.000096  0.000006
     5    100    500   -0.126435  0.000102  0.000007
     6     83    498   -0.126437  0.000097  0.000008
     7     71    497   -0.126438  0.000107  0.000009
     8     62    496   -0.126439  0.000108  0.000010
     9     55    495   -0.126445  0.000102  0.000010
    10     50    500   -0.126442  0.000109  0.000011
    11     45    495   -0.126446  0.000110  0.000012
    12     41    492   -0.126439  0.000098  0.000011
    13     38    494   -0.126444  0.000103  0.000012
    14     35    490   -0.126439  0.000095  0.000011
    15     33    495   -0.126445  0.000110  0.000014
    16     31    496   -0.126446  0.000112  0.000014
    17     29    493   -0.126445  0.000097  0.000013
    18     27    486   -0.126443  0.000114  0.000016
    19     26    494   -0.126449  0.000121  0.000017
    20     25    500   -0.126450  0.000115  0.000017
    21     23    483   -0.126445  0.000111  0.000017
    22     22    484   -0.126446  0.000109  0.000017
    23     21    483   -0.126444  0.000112  0.000018
    24     20    480   -0.126454  0.000111  0.000018
    25     20    500   -0.126449  0.000134  0.000022
Fit: plateau = 0.000108 ± 0.000004
     autocorrelation length ~ 2.8 blocks
     plateau reached at block size ~ 11
Blocked AFQMC/pt2CCSD Orbital Energy: -0.126459 +/- 0.000108
total run time: 1229.26
--------------------------- AFQMC Sampling Finished ----------------------------


======================== restricted LNO-FRAGMENT 11/72 =========================
Center Atom C
AOs with contribution > 0.01
        AO Label     Amp
     10 C 1s      0.8752
     10 C 2py     0.4809
     10 C 2px     0.4747
     10 C 2pz     0.4593
     10 C 2s      0.3758
     10 C 3pz     0.2926
     10 C 3s      0.1904
     10 C 3py     0.1576
     10 C 3px     0.1484
     57 H 2px     0.1482
     57 H 2py     0.0999
      8 C 3py     0.0868
     8 C 3dx2-y2  0.0827
     11 C 3dxy    0.0794
     11 C 3px     0.0776
     57 H 1s      0.0704
    11 C 3dx2-y2  0.0683
     11 C 3s      0.0659
     57 H 2s      0.0630
      8 C 3s      0.0599
     11 C 3pz     0.0516
     57 H 2pz     0.0487
     11 C 3dxz    0.0464
      8 C 3pz     0.0436
     11 C 3py     0.0423
      8 C 3dxy    0.0417
      8 C 3dyz    0.0415
      8 C 3px     0.0303
     11 C 3dz^2   0.0251
      8 C 3dz^2   0.0225
     11 C 2s      0.0225
     12 C 3px     0.0197
     58 H 2s      0.0181
      8 C 2s      0.0172
      9 C 3py     0.0158
     11 C 2px     0.0144
      7 C 3py     0.0136
      8 C 2py     0.0131
     10 C 3dz^2   0.0119
     11 C 3dyz    0.0101
LAS occupied orbitals: 21
LAS virtual orbitals: 95
CCSD time: 26.616006 s
LNO-MP2 Orbital Energy: -0.11259054
LNO-CCSD Orbital Energy: -0.11692710
Calculating Effective Active Space One-electron Integrals
number of active occupied orbitals 21
number of active virtual orbitals 95
DF loop 0 number of DF vectors 240
DF loop 1 number of DF vectors 240
DF loop 2 number of DF vectors 240
DF loop 3 number of DF vectors 240
DF loop 4 number of DF vectors 240
DF loop 5 number of DF vectors 240
DF loop 6 number of DF vectors 240
DF loop 7 number of DF vectors 240
DF loop 8 number of DF vectors 240
DF loop 9 number of DF vectors 240
DF loop 10 number of DF vectors 240
DF loop 11 number of DF vectors 240
DF loop 12 number of DF vectors 240
DF loop 13 number of DF vectors 240
DF loop 14 number of DF vectors 240
DF loop 15 number of DF vectors 240
DF loop 16 number of DF vectors 240
DF loop 17 number of DF vectors 114
build JK time: 5.654267 s
build ecore time: 0.200791 s
build h1eff time: 5.934767 s
Generating Cholesky Integrals
Composing AO ERIs from DF basis
Raw CDERI in LAS shape: (4194, 6786)
Compress CDERI into LAS Cholesky Vectors by SVD
Cholesky cutoff: 1e-05
Build effective h0 and h1 time: 6.073046 s
Build CDERI in LAS time: 5.427139 s
Compress CDERI to LAS Choleskey Vectors time: 2.231369 s
Build Integral total time: 13.731837 s
Finished calculating Cholesky integrals
Size of the correlation space
Number of electrons: (21,21)
Number of basis functions: 116
Cholesky shape: (1019, 116, 116)
running AFQMC on GPU
Hostname: gpua059.delta.ncsa.illinois.edu
System Type: Linux
Machine Type: x86_64
Processor: x86_64
Using GPU.
System: Linux
Node Name: gpua059.delta.ncsa.illinois.edu
Release: 5.14.0-427.91.1.el9_4.x86_64
Version: #1 SMP PREEMPT_DYNAMIC Wed Sep 17 10:08:59 EDT 2025
Machine: x86_64
Processor: x86_64
AFQMC script: /u/yzhang65/myprojects/software/afqmc/afqmc/lno_afqmc/ccsd_pt2/run_afqmc.py
---------------------------- AFQMC Sampling Started ----------------------------
Hostname: gpua059.delta.ncsa.illinois.edu
System Type: Linux
Machine Type: x86_64
Processor: x86_64
Using GPU.
System: Linux
Node Name: gpua059.delta.ncsa.illinois.edu
Release: 5.14.0-427.91.1.el9_4.x86_64
Version: #1 SMP PREEMPT_DYNAMIC Wed Sep 17 10:08:59 EDT 2025
Machine: x86_64
Processor: x86_64
Trial: ccsd_pt2(norb=116, nelec=(21, 21), n_batch=1, nchol_chunk=100, mix_precision=True)
Sampler: sampler_pt2(n_prop_steps=50, n_blocks=500, n_chol=1019)
norb: 116
nelec: (21, 21)
nchol: 1019
n_eql: 100
n_prop_steps: 50
n_blocks: 500
n_walkers: 300
nchol_chunk: 100
mix_precision: True
n_batch: 1
seed: 3380
walker_type: rhf
trial: ccsd_pt2
dt: 0.005
use_gpu: True
max_error: 5.892556509887897e-05
n_exp_terms: 6
Propagating with 300 walkers
Initial Orbital energy: -0.116919
-------------------------------- Equilibration ---------------------------------
inv_T        energy   runTime
 0.00  -2055.865067     13.02
 2.50  -2056.776613     20.71
 5.00  -2056.843555     23.06
 7.50  -2056.846254     25.41
10.00  -2056.818787     27.76
12.50  -2056.754844     30.10
15.00  -2056.793795     32.45
17.50  -2056.793280     34.80
20.00  -2056.790631     37.14
22.50  -2056.816313     39.49
25.00  -2056.786405     41.84
------------------------------- Sampling Blocks --------------------------------
Target Final Error ~ 0.000059
   N      E(Guide)     Error      E(Orb)     Error  Kill_WK      Time
  20  -2056.794307  0.007106   -0.123111  0.000361        0     65.85
  40  -2056.806278  0.004707   -0.123150  0.000335        0     80.04
  60  -2056.804886  0.003504   -0.122980  0.000283        0     94.22
  80  -2056.804762  0.003053   -0.122788  0.000230        0    108.44
 100  -2056.805204  0.002836   -0.122675  0.000201        0    122.62
 120  -2056.805249  0.002507   -0.122695  0.000183        0    136.82
 140  -2056.804702  0.002300   -0.122719  0.000170        0    151.02
 160  -2056.804689  0.002120   -0.122726  0.000155        0    165.23
 180  -2056.804557  0.001931   -0.122662  0.000156        0    179.42
 200  -2056.804121  0.001778   -0.122596  0.000143        0    193.60
 220  -2056.802761  0.001674   -0.122570  0.000133        0    207.79
 240  -2056.801435  0.001590   -0.122547  0.000124        0    221.98
 260  -2056.801169  0.001509   -0.122509  0.000117        0    236.19
 280  -2056.800238  0.001441   -0.122518  0.000113        0    250.38
 300  -2056.799620  0.001380   -0.122492  0.000107        0    264.56
 320  -2056.799672  0.001316   -0.122459  0.000102        0    278.76
 340  -2056.800559  0.001277   -0.122480  0.000098        0    292.95
 360  -2056.802136  0.001285   -0.122494  0.000095        0    307.15
 380  -2056.801817  0.001235   -0.122500  0.000092        0    321.34
 400  -2056.801694  0.001188   -0.122491  0.000088        0    335.53
 420  -2056.801397  0.001159   -0.122485  0.000088        0    349.74
 440  -2056.801497  0.001129   -0.122469  0.000086        0    363.93
 460  -2056.801939  0.001102   -0.122454  0.000084        0    378.12
 480  -2056.802040  0.001077   -0.122457  0.000081        0    392.32
 500  -2056.801830  0.001048   -0.122466  0.000079        0    406.55
------------------------------- Post Propagation -------------------------------
Total number of samples 500
Raw AFQMC/HF Energy: -2056.801830 +/- 0.001048
Raw AFQMC/pt2CCSD Orbital Energy (covariance): -0.122466 +/- 0.000079
Raw AFQMC/pt2CCSD Orbital Energy (direct obs): -0.122466 +/- 0.000066
------------------------------ Clean Observation -------------------------------
Energy bound [-0.146877, -0.097666]
Removed 0 Outliers
Outliers Orbital Energy []
Clean AFQMC/pt2CCSD Orbital Energy (covariance): -0.122466 +/- 0.000079
Clean AFQMC/pt2CCSD Orbital Energy (direct obs): -0.122466 +/- 0.000066
------------------------------ Blocking Analysis -------------------------------
nsample = 500, max_block_size = 25, min_nblocks = 20
Blk_SZ   NBlk   NSmp      Energy     Error    dError
     1    500    500   -0.122435  0.000066  0.000002
     2    250    500   -0.122440  0.000074  0.000003
     3    166    498   -0.122446  0.000079  0.000004
     4    125    500   -0.122447  0.000081  0.000005
     5    100    500   -0.122449  0.000080  0.000006
     6     83    498   -0.122453  0.000084  0.000007
     7     71    497   -0.122456  0.000082  0.000007
     8     62    496   -0.122459  0.000082  0.000007
     9     55    495   -0.122454  0.000082  0.000008
    10     50    500   -0.122457  0.000082  0.000008
    11     45    495   -0.122456  0.000077  0.000008
    12     41    492   -0.122450  0.000078  0.000009
    13     38    494   -0.122457  0.000078  0.000009
    14     35    490   -0.122453  0.000078  0.000009
    15     33    495   -0.122460  0.000080  0.000010
    16     31    496   -0.122464  0.000086  0.000011
    17     29    493   -0.122455  0.000084  0.000011
    18     27    486   -0.122453  0.000094  0.000013
    19     26    494   -0.122458  0.000078  0.000011
    20     25    500   -0.122461  0.000070  0.000010
    21     23    483   -0.122449  0.000082  0.000012
    22     22    484   -0.122455  0.000082  0.000013
    23     21    483   -0.122453  0.000088  0.000014
    24     20    480   -0.122453  0.000080  0.000013
    25     20    500   -0.122462  0.000094  0.000015
Fit: plateau = 0.000081 ± 0.000002
     autocorrelation length ~ 1.2 blocks
     plateau reached at block size ~ 5
Blocked AFQMC/pt2CCSD Orbital Energy: -0.122466 +/- 0.000081
total run time: 406.56
--------------------------- AFQMC Sampling Finished ----------------------------


======================== restricted LNO-FRAGMENT 12/72 =========================
Center Atom C
AOs with contribution > 0.01
        AO Label     Amp
     11 C 1s      0.8754
     11 C 2px     0.4831
     11 C 2py     0.4728
     11 C 2pz     0.4595
     11 C 2s      0.3759
     11 C 3pz     0.2930
     58 H 2py     0.1951
     11 C 3s      0.1906
     11 C 3px     0.1645
     11 C 3py     0.1420
     12 C 3dxy    0.0801
     10 C 3px     0.0751
     10 C 3dxy    0.0745
    10 C 3dx2-y2  0.0730
     58 H 1s      0.0688
     10 C 3s      0.0668
     12 C 3px     0.0665
     58 H 2s      0.0625
     12 C 3s      0.0600
     10 C 3pz     0.0516
     58 H 2px     0.0516
     12 C 3py     0.0506
     58 H 2pz     0.0478
     10 C 3dxz    0.0473
     10 C 3py     0.0441
     12 C 3pz     0.0438
    12 C 3dx2-y2  0.0437
     12 C 3dxz    0.0290
     10 C 3dz^2   0.0254
     10 C 2s      0.0230
     12 C 3dz^2   0.0224
     25 C 3px     0.0215
     57 H 2s      0.0185
     13 C 3py     0.0179
     12 C 2s      0.0172
      8 C 3py     0.0168
     10 C 2px     0.0145
     12 C 3dyz    0.0138
     11 C 3dz^2   0.0119
     11 C 3dxy    0.0106
LAS occupied orbitals: 21
LAS virtual orbitals: 95
CCSD time: 26.875912 s
LNO-MP2 Orbital Energy: -0.11259726
LNO-CCSD Orbital Energy: -0.11693591
Calculating Effective Active Space One-electron Integrals
number of active occupied orbitals 21
number of active virtual orbitals 95
DF loop 0 number of DF vectors 240
DF loop 1 number of DF vectors 240
DF loop 2 number of DF vectors 240
DF loop 3 number of DF vectors 240
DF loop 4 number of DF vectors 240
DF loop 5 number of DF vectors 240
DF loop 6 number of DF vectors 240
DF loop 7 number of DF vectors 240
DF loop 8 number of DF vectors 240
DF loop 9 number of DF vectors 240
DF loop 10 number of DF vectors 240
DF loop 11 number of DF vectors 240
DF loop 12 number of DF vectors 240
DF loop 13 number of DF vectors 240
DF loop 14 number of DF vectors 240
DF loop 15 number of DF vectors 240
DF loop 16 number of DF vectors 240
DF loop 17 number of DF vectors 114
build JK time: 5.643528 s
build ecore time: 0.198624 s
build h1eff time: 5.932412 s
Generating Cholesky Integrals
Composing AO ERIs from DF basis
Raw CDERI in LAS shape: (4194, 6786)
Compress CDERI into LAS Cholesky Vectors by SVD
Cholesky cutoff: 1e-05
Build effective h0 and h1 time: 6.074052 s
Build CDERI in LAS time: 5.459458 s
Compress CDERI to LAS Choleskey Vectors time: 2.280047 s
Build Integral total time: 13.819467 s
Finished calculating Cholesky integrals
Size of the correlation space
Number of electrons: (21,21)
Number of basis functions: 116
Cholesky shape: (1020, 116, 116)
running AFQMC on GPU
Hostname: gpua059.delta.ncsa.illinois.edu
System Type: Linux
Machine Type: x86_64
Processor: x86_64
Using GPU.
System: Linux
Node Name: gpua059.delta.ncsa.illinois.edu
Release: 5.14.0-427.91.1.el9_4.x86_64
Version: #1 SMP PREEMPT_DYNAMIC Wed Sep 17 10:08:59 EDT 2025
Machine: x86_64
Processor: x86_64
AFQMC script: /u/yzhang65/myprojects/software/afqmc/afqmc/lno_afqmc/ccsd_pt2/run_afqmc.py
---------------------------- AFQMC Sampling Started ----------------------------
Hostname: gpua059.delta.ncsa.illinois.edu
System Type: Linux
Machine Type: x86_64
Processor: x86_64
Using GPU.
System: Linux
Node Name: gpua059.delta.ncsa.illinois.edu
Release: 5.14.0-427.91.1.el9_4.x86_64
Version: #1 SMP PREEMPT_DYNAMIC Wed Sep 17 10:08:59 EDT 2025
Machine: x86_64
Processor: x86_64
Trial: ccsd_pt2(norb=116, nelec=(21, 21), n_batch=1, nchol_chunk=100, mix_precision=True)
Sampler: sampler_pt2(n_prop_steps=50, n_blocks=500, n_chol=1020)
norb: 116
nelec: (21, 21)
nchol: 1020
n_eql: 100
n_prop_steps: 50
n_blocks: 500
n_walkers: 300
nchol_chunk: 100
mix_precision: True
n_batch: 1
seed: 4567
walker_type: rhf
trial: ccsd_pt2
dt: 0.005
use_gpu: True
max_error: 5.892556509887897e-05
n_exp_terms: 6
Propagating with 300 walkers
Initial Orbital energy: -0.116928
-------------------------------- Equilibration ---------------------------------
inv_T        energy   runTime
 0.00  -2055.865067     12.36
 2.50  -2056.768980     20.09
 5.00  -2056.788334     22.44
 7.50  -2056.799436     24.79
10.00  -2056.778830     27.14
12.50  -2056.810482     29.49
15.00  -2056.792749     31.84
17.50  -2056.772972     34.19
20.00  -2056.823674     36.54
22.50  -2056.806693     38.89
25.00  -2056.795769     41.27
------------------------------- Sampling Blocks --------------------------------
Target Final Error ~ 0.000059
   N      E(Guide)     Error      E(Orb)     Error  Kill_WK      Time
  20  -2056.789145  0.003839   -0.122553  0.000283        0     65.21
  40  -2056.786902  0.002554   -0.122106  0.000192        0     79.39
  60  -2056.789508  0.002448   -0.122081  0.000159        0     93.57
  80  -2056.792852  0.002219   -0.122042  0.000135        0    107.78
 100  -2056.794359  0.002121   -0.122270  0.000154        0    121.97
 120  -2056.794722  0.001896   -0.122243  0.000135        0    136.17
 140  -2056.796245  0.001760   -0.122302  0.000128        0    150.37
 160  -2056.797989  0.001692   -0.122317  0.000117        0    164.56
 180  -2056.799819  0.001642   -0.122461  0.000115        0    178.75
 200  -2056.799641  0.001513   -0.122486  0.000114        0    192.95
 220  -2056.799064  0.001474   -0.122459  0.000106        0    207.14
 240  -2056.799351  0.001369   -0.122496  0.000115        0    221.34
 260  -2056.799838  0.001319   -0.122501  0.000111        0    235.53
 280  -2056.799389  0.001280   -0.122444  0.000105        0    249.73
 300  -2056.799474  0.001259   -0.122448  0.000102        0    263.91
 320  -2056.798362  0.001243   -0.122447  0.000098        0    278.08
 340  -2056.797185  0.001238   -0.122428  0.000094        0    292.27
 360  -2056.797887  0.001202   -0.122420  0.000089        0    306.45
 380  -2056.797577  0.001163   -0.122409  0.000086        0    320.64
 400  -2056.798284  0.001139   -0.122395  0.000084        0    334.83
 420  -2056.798822  0.001154   -0.122439  0.000085        0    349.03
 440  -2056.798389  0.001126   -0.122422  0.000082        0    363.22
 460  -2056.798775  0.001092   -0.122424  0.000079        0    377.41
 480  -2056.798830  0.001062   -0.122424  0.000079        0    391.60
 500  -2056.799184  0.001047   -0.122460  0.000083        0    405.81
------------------------------- Post Propagation -------------------------------
Total number of samples 500
Raw AFQMC/HF Energy: -2056.799184 +/- 0.001047
Raw AFQMC/pt2CCSD Orbital Energy (covariance): -0.122460 +/- 0.000083
Raw AFQMC/pt2CCSD Orbital Energy (direct obs): -0.122460 +/- 0.000069
------------------------------ Clean Observation -------------------------------
Energy bound [-0.144947, -0.099292]
Removed 0 Outliers
Outliers Orbital Energy []
Clean AFQMC/pt2CCSD Orbital Energy (covariance): -0.122460 +/- 0.000083
Clean AFQMC/pt2CCSD Orbital Energy (direct obs): -0.122460 +/- 0.000069
------------------------------ Blocking Analysis -------------------------------
nsample = 500, max_block_size = 25, min_nblocks = 20
Blk_SZ   NBlk   NSmp      Energy     Error    dError
     1    500    500   -0.122425  0.000069  0.000002
     2    250    500   -0.122432  0.000081  0.000004
     3    166    498   -0.122439  0.000090  0.000005
     4    125    500   -0.122437  0.000097  0.000006
     5    100    500   -0.122443  0.000097  0.000007
     6     83    498   -0.122447  0.000104  0.000008
     7     71    497   -0.122450  0.000100  0.000008
     8     62    496   -0.122455  0.000114  0.000010
     9     55    495   -0.122457  0.000107  0.000010
    10     50    500   -0.122447  0.000104  0.000011
    11     45    495   -0.122457  0.000117  0.000013
    12     41    492   -0.122462  0.000101  0.000011
    13     38    494   -0.122460  0.000097  0.000011
    14     35    490   -0.122467  0.000116  0.000014
    15     33    495   -0.122457  0.000107  0.000013
    16     31    496   -0.122457  0.000110  0.000014
    17     29    493   -0.122460  0.000125  0.000017
    18     27    486   -0.122469  0.000113  0.000016
    19     26    494   -0.122459  0.000111  0.000016
    20     25    500   -0.122451  0.000099  0.000014
    21     23    483   -0.122457  0.000113  0.000017
    22     22    484   -0.122466  0.000107  0.000016
    23     21    483   -0.122457  0.000110  0.000017
    24     20    480   -0.122417  0.000107  0.000017
    25     20    500   -0.122451  0.000105  0.000017
Fit: plateau = 0.000108 ± 0.000003
     autocorrelation length ~ 2.6 blocks
     plateau reached at block size ~ 11
Blocked AFQMC/pt2CCSD Orbital Energy: -0.122460 +/- 0.000108
total run time: 405.82
--------------------------- AFQMC Sampling Finished ----------------------------


======================== restricted LNO-FRAGMENT 13/72 =========================
Center Atom C
AOs with contribution > 0.01
        AO Label     Amp
     12 C 1s      0.8754
     12 C 2py     0.4904
     12 C 2px     0.4797
     12 C 2pz     0.4670
     12 C 2s      0.3710
     12 C 3pz     0.2606
     12 C 3s      0.1880
     12 C 3py     0.1506
     12 C 3px     0.1433
    13 C 3dx2-y2  0.0858
     11 C 3dxy    0.0851
     13 C 3py     0.0842
     25 C 3px     0.0747
     25 C 3dxy    0.0736
    25 C 3dx2-y2  0.0657
     11 C 3px     0.0648
     25 C 3s      0.0625
     11 C 3s      0.0599
     13 C 3s      0.0596
     11 C 3py     0.0458
     25 C 3pz     0.0455
    11 C 3dx2-y2  0.0442
     13 C 3dyz    0.0428
     13 C 3pz     0.0424
     11 C 3pz     0.0420
     13 C 3dxy    0.0414
     25 C 3dxz    0.0409
     25 C 3py     0.0391
     11 C 3dxz    0.0290
     13 C 3px     0.0285
     25 C 3dz^2   0.0240
     11 C 3dz^2   0.0228
     13 C 3dz^2   0.0228
     10 C 3px     0.0213
     25 C 2s      0.0203
     26 C 3px     0.0197
     13 C 2s      0.0181
     11 C 2s      0.0177
     59 H 2s      0.0166
     58 H 2s      0.0163
     14 C 3py     0.0155
     11 C 3dyz    0.0145
     13 C 2py     0.0140
     25 C 2px     0.0139
     12 C 3dz^2   0.0138
      9 C 3py     0.0118
     11 C 2px     0.0105
LAS occupied orbitals: 25
LAS virtual orbitals: 114
CCSD time: 47.170968 s
LNO-MP2 Orbital Energy: -0.11683552
LNO-CCSD Orbital Energy: -0.11754636
Calculating Effective Active Space One-electron Integrals
number of active occupied orbitals 25
number of active virtual orbitals 114
DF loop 0 number of DF vectors 240
DF loop 1 number of DF vectors 240
DF loop 2 number of DF vectors 240
DF loop 3 number of DF vectors 240
DF loop 4 number of DF vectors 240
DF loop 5 number of DF vectors 240
DF loop 6 number of DF vectors 240
DF loop 7 number of DF vectors 240
DF loop 8 number of DF vectors 240
DF loop 9 number of DF vectors 240
DF loop 10 number of DF vectors 240
DF loop 11 number of DF vectors 240
DF loop 12 number of DF vectors 240
DF loop 13 number of DF vectors 240
DF loop 14 number of DF vectors 240
DF loop 15 number of DF vectors 240
DF loop 16 number of DF vectors 240
DF loop 17 number of DF vectors 114
build JK time: 5.629294 s
build ecore time: 0.195041 s
build h1eff time: 5.904355 s
Generating Cholesky Integrals
Composing AO ERIs from DF basis
Raw CDERI in LAS shape: (4194, 9730)
Compress CDERI into LAS Cholesky Vectors by SVD
Cholesky cutoff: 1e-05
Build effective h0 and h1 time: 6.044393 s
Build CDERI in LAS time: 5.525861 s
Compress CDERI to LAS Choleskey Vectors time: 2.516681 s
Build Integral total time: 14.087223 s
Finished calculating Cholesky integrals
Size of the correlation space
Number of electrons: (25,25)
Number of basis functions: 139
Cholesky shape: (1281, 139, 139)
running AFQMC on GPU
Hostname: gpua059.delta.ncsa.illinois.edu
System Type: Linux
Machine Type: x86_64
Processor: x86_64
Using GPU.
System: Linux
Node Name: gpua059.delta.ncsa.illinois.edu
Release: 5.14.0-427.91.1.el9_4.x86_64
Version: #1 SMP PREEMPT_DYNAMIC Wed Sep 17 10:08:59 EDT 2025
Machine: x86_64
Processor: x86_64
AFQMC script: /u/yzhang65/myprojects/software/afqmc/afqmc/lno_afqmc/ccsd_pt2/run_afqmc.py
---------------------------- AFQMC Sampling Started ----------------------------
Hostname: gpua059.delta.ncsa.illinois.edu
System Type: Linux
Machine Type: x86_64
Processor: x86_64
Using GPU.
System: Linux
Node Name: gpua059.delta.ncsa.illinois.edu
Release: 5.14.0-427.91.1.el9_4.x86_64
Version: #1 SMP PREEMPT_DYNAMIC Wed Sep 17 10:08:59 EDT 2025
Machine: x86_64
Processor: x86_64
Trial: ccsd_pt2(norb=139, nelec=(25, 25), n_batch=1, nchol_chunk=100, mix_precision=True)
Sampler: sampler_pt2(n_prop_steps=50, n_blocks=500, n_chol=1281)
norb: 139
nelec: (25, 25)
nchol: 1281
n_eql: 100
n_prop_steps: 50
n_blocks: 500
n_walkers: 300
nchol_chunk: 100
mix_precision: True
n_batch: 1
seed: 3290
walker_type: rhf
trial: ccsd_pt2
dt: 0.005
use_gpu: True
max_error: 5.892556509887897e-05
n_exp_terms: 6
Propagating with 300 walkers
Initial Orbital energy: -0.117549
-------------------------------- Equilibration ---------------------------------
inv_T        energy   runTime
 0.00  -2055.865072     13.52
 2.50  -2056.993588     22.63
 5.00  -2057.014489     26.45
 7.50  -2057.047207     30.28
10.00  -2057.022081     34.10
12.50  -2057.019634     37.93
15.00  -2056.981074     41.75
17.50  -2056.973459     45.58
20.00  -2057.038279     49.40
22.50  -2056.977940     53.22
25.00  -2056.994818     57.04
------------------------------- Sampling Blocks --------------------------------
Target Final Error ~ 0.000059
   N      E(Guide)     Error      E(Orb)     Error  Kill_WK      Time
  20  -2057.003008  0.004985   -0.122890  0.000299        0     93.95
  40  -2057.004299  0.003397   -0.123229  0.000230        0    120.59
  60  -2057.000324  0.002895   -0.123281  0.000193        0    147.24
  80  -2057.001705  0.002749   -0.123325  0.000170        0    173.89
 100  -2057.003001  0.002601   -0.123370  0.000151        0    200.52
 120  -2057.004238  0.002356   -0.123527  0.000159        0    227.15
 140  -2057.002706  0.002145   -0.123491  0.000141        0    253.77
 160  -2057.004418  0.002073   -0.123506  0.000128        0    280.38
 180  -2057.004160  0.001936   -0.123499  0.000119        0    307.01
 200  -2057.004095  0.001806   -0.123508  0.000117        0    333.65
 220  -2057.005524  0.001755   -0.123532  0.000111        0    360.29
 240  -2057.007876  0.001841   -0.123543  0.000103        0    386.95
 260  -2057.008883  0.001765   -0.123540  0.000099        0    413.59
 280  -2057.008641  0.001722   -0.123524  0.000094        0    440.23
 300  -2057.011544  0.001763   -0.123548  0.000091        0    466.86
 320  -2057.011376  0.001686   -0.123568  0.000091        0    493.50
 340  -2057.011171  0.001610   -0.123585  0.000087        0    520.13
 360  -2057.009821  0.001564   -0.123537  0.000083        0    546.74
 380  -2057.008661  0.001539   -0.123504  0.000080        0    574.66
 400  -2057.007413  0.001498   -0.123483  0.000078        0    602.53
 420  -2057.006496  0.001460   -0.123500  0.000076        0    631.47
 440  -2057.006902  0.001415   -0.123515  0.000074        0    658.77
 460  -2057.006439  0.001382   -0.123516  0.000072        0    686.99
 480  -2057.006021  0.001337   -0.123514  0.000070        0    713.62
 500  -2057.005238  0.001301   -0.123515  0.000068        0    740.26
------------------------------- Post Propagation -------------------------------
Total number of samples 500
Raw AFQMC/HF Energy: -2057.005238 +/- 0.001301
Raw AFQMC/pt2CCSD Orbital Energy (covariance): -0.123515 +/- 0.000068
Raw AFQMC/pt2CCSD Orbital Energy (direct obs): -0.123515 +/- 0.000059
------------------------------ Clean Observation -------------------------------
Energy bound [-0.146069, -0.100525]
Removed 0 Outliers
Outliers Orbital Energy []
Clean AFQMC/pt2CCSD Orbital Energy (covariance): -0.123515 +/- 0.000068
Clean AFQMC/pt2CCSD Orbital Energy (direct obs): -0.123515 +/- 0.000059
------------------------------ Blocking Analysis -------------------------------
nsample = 500, max_block_size = 25, min_nblocks = 20
Blk_SZ   NBlk   NSmp      Energy     Error    dError
     1    500    500   -0.123479  0.000059  0.000002
     2    250    500   -0.123486  0.000067  0.000003
     3    166    498   -0.123490  0.000073  0.000004
     4    125    500   -0.123492  0.000074  0.000005
     5    100    500   -0.123494  0.000079  0.000006
     6     83    498   -0.123497  0.000076  0.000006
     7     71    497   -0.123500  0.000073  0.000006
     8     62    496   -0.123504  0.000083  0.000007
     9     55    495   -0.123504  0.000080  0.000008
    10     50    500   -0.123502  0.000069  0.000007
    11     45    495   -0.123507  0.000086  0.000009
    12     41    492   -0.123508  0.000076  0.000009
    13     38    494   -0.123511  0.000085  0.000010
    14     35    490   -0.123517  0.000071  0.000009
    15     33    495   -0.123512  0.000076  0.000009
    16     31    496   -0.123512  0.000086  0.000011
    17     29    493   -0.123512  0.000081  0.000011
    18     27    486   -0.123506  0.000085  0.000012
    19     26    494   -0.123513  0.000081  0.000011
    20     25    500   -0.123509  0.000073  0.000011
    21     23    483   -0.123503  0.000081  0.000012
    22     22    484   -0.123505  0.000083  0.000013
    23     21    483   -0.123501  0.000088  0.000014
    24     20    480   -0.123510  0.000089  0.000014
    25     20    500   -0.123510  0.000083  0.000013
Fit: plateau = 0.000079 ± 0.000002
     autocorrelation length ~ 1.9 blocks
     plateau reached at block size ~ 8
Blocked AFQMC/pt2CCSD Orbital Energy: -0.123515 +/- 0.000079
total run time: 740.27
--------------------------- AFQMC Sampling Finished ----------------------------


======================== restricted LNO-FRAGMENT 14/72 =========================
Center Atom C
AOs with contribution > 0.01
        AO Label     Amp
     13 C 1s      0.8758
     13 C 2px     0.4809
     13 C 2py     0.4804
     13 C 2pz     0.4675
     13 C 2s      0.3693
     13 C 3pz     0.2604
     13 C 3s      0.1880
     13 C 3px     0.1451
     13 C 3py     0.1446
    12 C 3dx2-y2  0.0862
     14 C 3dxy    0.0838
     12 C 3py     0.0828
      9 C 3px     0.0753
      9 C 3dxy    0.0671
     14 C 3px     0.0655
     9 C 3dx2-y2  0.0617
     14 C 3s      0.0600
      9 C 3s      0.0599
     12 C 3s      0.0595
     14 C 3py     0.0481
    14 C 3dx2-y2  0.0454
     14 C 3pz     0.0435
      9 C 3pz     0.0431
     12 C 3dyz    0.0430
     12 C 3pz     0.0423
     12 C 3dxy    0.0414
      9 C 3py     0.0382
      9 C 3dxz    0.0375
     14 C 3dxz    0.0301
     12 C 3px     0.0289
      9 C 3dz^2   0.0230
     14 C 3dz^2   0.0230
     12 C 3dz^2   0.0227
     22 C 3px     0.0203
      8 C 3px     0.0188
     14 C 2s      0.0187
      9 C 2s      0.0185
     15 C 3py     0.0182
     12 C 2s      0.0177
     14 C 3dyz    0.0159
     11 C 3py     0.0155
      6 C 3py     0.0154
     12 C 2py     0.0140
     13 C 3dz^2   0.0138
     25 C 3py     0.0123
      9 C 2px     0.0120
     25 C 3px     0.0108
LAS occupied orbitals: 30
LAS virtual orbitals: 127
CCSD time: 89.324975 s
LNO-MP2 Orbital Energy: -0.12049392
LNO-CCSD Orbital Energy: -0.11995740
Calculating Effective Active Space One-electron Integrals
number of active occupied orbitals 30
number of active virtual orbitals 127
DF loop 0 number of DF vectors 240
DF loop 1 number of DF vectors 240
DF loop 2 number of DF vectors 240
DF loop 3 number of DF vectors 240
DF loop 4 number of DF vectors 240
DF loop 5 number of DF vectors 240
DF loop 6 number of DF vectors 240
DF loop 7 number of DF vectors 240
DF loop 8 number of DF vectors 240
DF loop 9 number of DF vectors 240
DF loop 10 number of DF vectors 240
DF loop 11 number of DF vectors 240
DF loop 12 number of DF vectors 240
DF loop 13 number of DF vectors 240
DF loop 14 number of DF vectors 240
DF loop 15 number of DF vectors 240
DF loop 16 number of DF vectors 240
DF loop 17 number of DF vectors 114
build JK time: 7.309554 s
build ecore time: 1.225359 s
build h1eff time: 8.614594 s
Generating Cholesky Integrals
Composing AO ERIs from DF basis
Raw CDERI in LAS shape: (4194, 12403)
Compress CDERI into LAS Cholesky Vectors by SVD
Cholesky cutoff: 1e-05
Build effective h0 and h1 time: 10.681299 s
Build CDERI in LAS time: 6.783022 s
Compress CDERI to LAS Choleskey Vectors time: 3.133922 s
Build Integral total time: 20.598534 s
Finished calculating Cholesky integrals
Size of the correlation space
Number of electrons: (30,30)
Number of basis functions: 157
Cholesky shape: (1476, 157, 157)
running AFQMC on GPU
Hostname: gpua059.delta.ncsa.illinois.edu
System Type: Linux
Machine Type: x86_64
Processor: x86_64
Using GPU.
System: Linux
Node Name: gpua059.delta.ncsa.illinois.edu
Release: 5.14.0-427.91.1.el9_4.x86_64
Version: #1 SMP PREEMPT_DYNAMIC Wed Sep 17 10:08:59 EDT 2025
Machine: x86_64
Processor: x86_64
AFQMC script: /u/yzhang65/myprojects/software/afqmc/afqmc/lno_afqmc/ccsd_pt2/run_afqmc.py
---------------------------- AFQMC Sampling Started ----------------------------
Hostname: gpua059.delta.ncsa.illinois.edu
System Type: Linux
Machine Type: x86_64
Processor: x86_64
Using GPU.
System: Linux
Node Name: gpua059.delta.ncsa.illinois.edu
Release: 5.14.0-427.91.1.el9_4.x86_64
Version: #1 SMP PREEMPT_DYNAMIC Wed Sep 17 10:08:59 EDT 2025
Machine: x86_64
Processor: x86_64
Trial: ccsd_pt2(norb=157, nelec=(30, 30), n_batch=1, nchol_chunk=100, mix_precision=True)
Sampler: sampler_pt2(n_prop_steps=50, n_blocks=500, n_chol=1476)
norb: 157
nelec: (30, 30)
nchol: 1476
n_eql: 100
n_prop_steps: 50
n_blocks: 500
n_walkers: 300
nchol_chunk: 100
mix_precision: True
n_batch: 1
seed: 5944
walker_type: rhf
trial: ccsd_pt2
dt: 0.005
use_gpu: True
max_error: 5.892556509887897e-05
n_exp_terms: 6
Propagating with 300 walkers
Initial Orbital energy: -0.119963
-------------------------------- Equilibration ---------------------------------
inv_T        energy   runTime
 0.00  -2055.865062     30.30
 2.50  -2057.166994     41.47
 5.00  -2057.222572     47.03
 7.50  -2057.241384     52.60
10.00  -2057.244772     58.16
12.50  -2057.188367     63.73
15.00  -2057.204892     70.44
17.50  -2057.228822     76.01
20.00  -2057.218207     81.64
22.50  -2057.212345     87.21
25.00  -2057.264089     92.78
------------------------------- Sampling Blocks --------------------------------
Target Final Error ~ 0.000059
   N      E(Guide)     Error      E(Orb)     Error  Kill_WK      Time
  20  -2057.226557  0.006667   -0.126115  0.000261        0    149.20
  40  -2057.234363  0.004628   -0.126310  0.000270        0    195.07
  60  -2057.229566  0.003497   -0.126298  0.000203        0    240.93
  80  -2057.232035  0.003701   -0.126438  0.000173        0    287.53
 100  -2057.229655  0.003202   -0.126398  0.000162        0    333.39
 120  -2057.228507  0.003024   -0.126364  0.000144        0    379.28
 140  -2057.229073  0.002934   -0.126332  0.000131        0    425.16
 160  -2057.226319  0.002707   -0.126289  0.000127        0    472.42
 180  -2057.226534  0.002456   -0.126252  0.000118        0    518.26
 200  -2057.226442  0.002310   -0.126245  0.000112        0    564.12
 220  -2057.224768  0.002190   -0.126173  0.000106        0    609.99
 240  -2057.223246  0.002084   -0.126164  0.000100        0    656.62
 260  -2057.221046  0.002023   -0.126139  0.000094        0    702.86
 280  -2057.219944  0.001915   -0.126126  0.000089        0    748.72
 300  -2057.221431  0.001856   -0.126137  0.000086        0    794.57
 320  -2057.222935  0.001841   -0.126189  0.000082        0    840.43
 340  -2057.222562  0.001759   -0.126211  0.000080        0    886.32
 360  -2057.222723  0.001691   -0.126237  0.000077        0    933.25
 380  -2057.223285  0.001636   -0.126227  0.000074        0    979.23
 400  -2057.223386  0.001593   -0.126349  0.000122        0   1025.10
 420  -2057.224478  0.001578   -0.126336  0.000118        0   1070.95
 440  -2057.224628  0.001533   -0.126339  0.000114        0   1116.80
 460  -2057.224638  0.001511   -0.126345  0.000110        0   1162.69
 480  -2057.224417  0.001491   -0.126341  0.000106        0   1208.60
 500  -2057.225085  0.001450   -0.126352  0.000103        0   1254.82
------------------------------- Post Propagation -------------------------------
Total number of samples 500
Raw AFQMC/HF Energy: -2057.225085 +/- 0.001450
Raw AFQMC/pt2CCSD Orbital Energy (covariance): -0.126352 +/- 0.000103
Raw AFQMC/pt2CCSD Orbital Energy (direct obs): -0.126352 +/- 0.000095
------------------------------ Clean Observation -------------------------------
Energy bound [-0.150936, -0.101268]
Removed 1 Outliers
Outliers Orbital Energy [-0.16324203]
Clean AFQMC/pt2CCSD Orbital Energy (covariance): -0.126277 +/- 0.000068
Clean AFQMC/pt2CCSD Orbital Energy (direct obs): -0.126277 +/- 0.000059
------------------------------ Blocking Analysis -------------------------------
nsample = 499, max_block_size = 24, min_nblocks = 20
Blk_SZ   NBlk   NSmp      Energy     Error    dError
     1    499    499   -0.126242  0.000059  0.000002
     2    249    498   -0.126253  0.000067  0.000003
     3    166    498   -0.126256  0.000071  0.000004
     4    124    496   -0.126257  0.000070  0.000004
     5     99    495   -0.126259  0.000078  0.000006
     6     83    498   -0.126263  0.000075  0.000006
     7     71    497   -0.126266  0.000082  0.000007
     8     62    496   -0.126262  0.000078  0.000007
     9     55    495   -0.126262  0.000087  0.000008
    10     49    490   -0.126257  0.000080  0.000008
    11     45    495   -0.126264  0.000082  0.000009
    12     41    492   -0.126259  0.000080  0.000009
    13     38    494   -0.126265  0.000079  0.000009
    14     35    490   -0.126257  0.000080  0.000010
    15     33    495   -0.126267  0.000081  0.000010
    16     31    496   -0.126268  0.000078  0.000010
    17     29    493   -0.126269  0.000087  0.000012
    18     27    486   -0.126258  0.000088  0.000012
    19     26    494   -0.126270  0.000084  0.000012
    20     24    480   -0.126253  0.000071  0.000010
    21     23    483   -0.126259  0.000095  0.000014
    22     22    484   -0.126259  0.000092  0.000014
    23     21    483   -0.126262  0.000077  0.000012
    24     20    480   -0.126254  0.000083  0.000014
Fit: plateau = 0.000082 ± 0.000003
     autocorrelation length ~ 3.1 blocks
     plateau reached at block size ~ 12
Blocked AFQMC/pt2CCSD Orbital Energy: -0.126277 +/- 0.000082
total run time: 1254.88
--------------------------- AFQMC Sampling Finished ----------------------------


======================== restricted LNO-FRAGMENT 15/72 =========================
Center Atom C
AOs with contribution > 0.01
        AO Label     Amp
     14 C 1s      0.8753
     14 C 2py     0.4805
     14 C 2px     0.4803
     14 C 2pz     0.4673
     14 C 2s      0.3689
     14 C 3pz     0.2594
     14 C 3s      0.1873
     14 C 3px     0.1447
     14 C 3py     0.1442
    15 C 3dx2-y2  0.0860
     15 C 3py     0.0841
     13 C 3dxy    0.0840
     22 C 3px     0.0752
     22 C 3dxy    0.0680
     13 C 3px     0.0652
    22 C 3dx2-y2  0.0622
     22 C 3s      0.0601
     13 C 3s      0.0600
     15 C 3s      0.0594
     13 C 3py     0.0480
    13 C 3dx2-y2  0.0454
     15 C 3dyz    0.0436
     13 C 3pz     0.0436
     22 C 3pz     0.0434
     15 C 3pz     0.0425
     15 C 3dxy    0.0421
     22 C 3py     0.0382
     22 C 3dxz    0.0377
     13 C 3dxz    0.0299
     15 C 3px     0.0291
     22 C 3dz^2   0.0231
     13 C 3dz^2   0.0230
     15 C 3dz^2   0.0228
      9 C 3px     0.0201
     23 C 3px     0.0195
     22 C 2s      0.0188
     13 C 2s      0.0187
     15 C 2s      0.0182
     12 C 3py     0.0180
     13 C 3dyz    0.0159
     21 C 3py     0.0156
     26 C 3py     0.0153
     14 C 3dz^2   0.0141
     15 C 2py     0.0141
     22 C 2px     0.0122
     16 C 3py     0.0121
LAS occupied orbitals: 30
LAS virtual orbitals: 126
CCSD time: 85.383730 s
LNO-MP2 Orbital Energy: -0.12035372
LNO-CCSD Orbital Energy: -0.11984589
Calculating Effective Active Space One-electron Integrals
number of active occupied orbitals 30
number of active virtual orbitals 126
DF loop 0 number of DF vectors 240
DF loop 1 number of DF vectors 240
DF loop 2 number of DF vectors 240
DF loop 3 number of DF vectors 240
DF loop 4 number of DF vectors 240
DF loop 5 number of DF vectors 240
DF loop 6 number of DF vectors 240
DF loop 7 number of DF vectors 240
DF loop 8 number of DF vectors 240
DF loop 9 number of DF vectors 240
DF loop 10 number of DF vectors 240
DF loop 11 number of DF vectors 240
DF loop 12 number of DF vectors 240
DF loop 13 number of DF vectors 240
DF loop 14 number of DF vectors 240
DF loop 15 number of DF vectors 240
DF loop 16 number of DF vectors 240
DF loop 17 number of DF vectors 114
build JK time: 5.621493 s
build ecore time: 0.196287 s
build h1eff time: 5.904597 s
Generating Cholesky Integrals
Composing AO ERIs from DF basis
Raw CDERI in LAS shape: (4194, 12246)
Compress CDERI into LAS Cholesky Vectors by SVD
Cholesky cutoff: 1e-05
Build effective h0 and h1 time: 6.044222 s
Build CDERI in LAS time: 5.526657 s
Compress CDERI to LAS Choleskey Vectors time: 2.695683 s
Build Integral total time: 14.266839 s
Finished calculating Cholesky integrals
Size of the correlation space
Number of electrons: (30,30)
Number of basis functions: 156
Cholesky shape: (1515, 156, 156)
running AFQMC on GPU
Hostname: gpua059.delta.ncsa.illinois.edu
System Type: Linux
Machine Type: x86_64
Processor: x86_64
Using GPU.
System: Linux
Node Name: gpua059.delta.ncsa.illinois.edu
Release: 5.14.0-427.91.1.el9_4.x86_64
Version: #1 SMP PREEMPT_DYNAMIC Wed Sep 17 10:08:59 EDT 2025
Machine: x86_64
Processor: x86_64
AFQMC script: /u/yzhang65/myprojects/software/afqmc/afqmc/lno_afqmc/ccsd_pt2/run_afqmc.py
---------------------------- AFQMC Sampling Started ----------------------------
Hostname: gpua059.delta.ncsa.illinois.edu
System Type: Linux
Machine Type: x86_64
Processor: x86_64
Using GPU.
System: Linux
Node Name: gpua059.delta.ncsa.illinois.edu
Release: 5.14.0-427.91.1.el9_4.x86_64
Version: #1 SMP PREEMPT_DYNAMIC Wed Sep 17 10:08:59 EDT 2025
Machine: x86_64
Processor: x86_64
Trial: ccsd_pt2(norb=156, nelec=(30, 30), n_batch=1, nchol_chunk=100, mix_precision=True)
Sampler: sampler_pt2(n_prop_steps=50, n_blocks=500, n_chol=1515)
norb: 156
nelec: (30, 30)
nchol: 1515
n_eql: 100
n_prop_steps: 50
n_blocks: 500
n_walkers: 300
nchol_chunk: 100
mix_precision: True
n_batch: 1
seed: 5371
walker_type: rhf
trial: ccsd_pt2
dt: 0.005
use_gpu: True
max_error: 5.892556509887897e-05
n_exp_terms: 6
Propagating with 300 walkers
Initial Orbital energy: -0.119848
-------------------------------- Equilibration ---------------------------------
inv_T        energy   runTime
 0.00  -2055.865059     14.67
 2.50  -2057.185101     25.49
 5.00  -2057.209051     31.06
 7.50  -2057.219138     36.62
10.00  -2057.245595     42.18
12.50  -2057.245340     47.74
15.00  -2057.243034     53.31
17.50  -2057.260481     58.87
20.00  -2057.244269     64.43
22.50  -2057.222614     69.99
25.00  -2057.243241     76.42
------------------------------- Sampling Blocks --------------------------------
Target Final Error ~ 0.000059
   N      E(Guide)     Error      E(Orb)     Error  Kill_WK      Time
  20  -2057.227387  0.004824   -0.126867  0.000291        0    134.50
  40  -2057.234237  0.003518   -0.126910  0.000197        0    181.97
  60  -2057.235320  0.002980   -0.126705  0.000184        0    229.45
  80  -2057.241934  0.002814   -0.126617  0.000154        0    277.01
 100  -2057.236303  0.002783   -0.126522  0.000136        0    324.57
 120  -2057.236351  0.002366   -0.126501  0.000129        0    372.13
 140  -2057.233585  0.002273   -0.126502  0.000136        0    420.69
 160  -2057.233617  0.002109   -0.126576  0.000152        0    469.36
 180  -2057.232502  0.002017   -0.126552  0.000138        0    516.90
 200  -2057.232877  0.001949   -0.126452  0.000129        0    564.46
 220  -2057.233254  0.001837   -0.126472  0.000120        0    612.03
 240  -2057.232918  0.001766   -0.126477  0.000114        0    659.58
 260  -2057.233977  0.001746   -0.126475  0.000110        0    707.13
 280  -2057.232688  0.001667   -0.126410  0.000104        0    754.69
 300  -2057.233738  0.001596   -0.126423  0.000099        0    802.25
 320  -2057.234168  0.001545   -0.126466  0.000095        0    849.82
 340  -2057.233842  0.001487   -0.126467  0.000091        0    897.38
 360  -2057.234716  0.001452   -0.126491  0.000090        0    944.94
 380  -2057.234647  0.001396   -0.126460  0.000087        0    992.49
 400  -2057.233762  0.001360   -0.126419  0.000084        0   1040.02
 420  -2057.234181  0.001327   -0.126414  0.000081        0   1087.58
 440  -2057.233662  0.001333   -0.126364  0.000079        0   1135.13
 460  -2057.232726  0.001311   -0.126350  0.000076        0   1182.71
 480  -2057.232302  0.001289   -0.126344  0.000074        0   1230.30
 500  -2057.231732  0.001269   -0.126322  0.000072        0   1277.88
------------------------------- Post Propagation -------------------------------
Total number of samples 500
Raw AFQMC/HF Energy: -2057.231732 +/- 0.001269
Raw AFQMC/pt2CCSD Orbital Energy (covariance): -0.126322 +/- 0.000072
Raw AFQMC/pt2CCSD Orbital Energy (direct obs): -0.126322 +/- 0.000064
------------------------------ Clean Observation -------------------------------
Energy bound [-0.150450, -0.101771]
Removed 0 Outliers
Outliers Orbital Energy []
Clean AFQMC/pt2CCSD Orbital Energy (covariance): -0.126322 +/- 0.000072
Clean AFQMC/pt2CCSD Orbital Energy (direct obs): -0.126322 +/- 0.000064
------------------------------ Blocking Analysis -------------------------------
nsample = 500, max_block_size = 25, min_nblocks = 20
Blk_SZ   NBlk   NSmp      Energy     Error    dError
     1    500    500   -0.126280  0.000064  0.000002
     2    250    500   -0.126288  0.000075  0.000003
     3    166    498   -0.126294  0.000081  0.000004
     4    125    500   -0.126298  0.000083  0.000005
     5    100    500   -0.126296  0.000092  0.000007
     6     83    498   -0.126303  0.000093  0.000007
     7     71    497   -0.126305  0.000087  0.000007
     8     62    496   -0.126311  0.000095  0.000009
     9     55    495   -0.126313  0.000092  0.000009
    10     50    500   -0.126304  0.000101  0.000010
    11     45    495   -0.126314  0.000094  0.000010
    12     41    492   -0.126312  0.000097  0.000011
    13     38    494   -0.126316  0.000096  0.000011
    14     35    490   -0.126315  0.000102  0.000012
    15     33    495   -0.126316  0.000111  0.000014
    16     31    496   -0.126315  0.000105  0.000014
    17     29    493   -0.126315  0.000097  0.000013
    18     27    486   -0.126329  0.000103  0.000014
    19     26    494   -0.126319  0.000100  0.000014
    20     25    500   -0.126309  0.000100  0.000014
    21     23    483   -0.126333  0.000111  0.000017
    22     22    484   -0.126330  0.000094  0.000015
    23     21    483   -0.126335  0.000096  0.000015
    24     20    480   -0.126337  0.000102  0.000017
    25     20    500   -0.126314  0.000123  0.000020
Fit: plateau = 0.000101 ± 0.000004
     autocorrelation length ~ 3.5 blocks
     plateau reached at block size ~ 14
Blocked AFQMC/pt2CCSD Orbital Energy: -0.126322 +/- 0.000101
total run time: 1277.89
--------------------------- AFQMC Sampling Finished ----------------------------


======================== restricted LNO-FRAGMENT 16/72 =========================
Center Atom C
AOs with contribution > 0.01
        AO Label     Amp
     15 C 1s      0.8752
     15 C 2px     0.4805
     15 C 2py     0.4803
     15 C 2pz     0.4667
     15 C 2s      0.3688
     15 C 3pz     0.2594
     15 C 3s      0.1872
     15 C 3px     0.1446
     15 C 3py     0.1441
    14 C 3dx2-y2  0.0861
     21 C 3dxy    0.0841
     14 C 3py     0.0840
     16 C 3px     0.0750
     16 C 3dxy    0.0678
     21 C 3px     0.0654
    16 C 3dx2-y2  0.0622
     16 C 3s      0.0601
     21 C 3s      0.0600
     14 C 3s      0.0594
     21 C 3py     0.0480
    21 C 3dx2-y2  0.0457
     16 C 3pz     0.0435
     14 C 3dyz    0.0435
     21 C 3pz     0.0433
     14 C 3pz     0.0425
     14 C 3dxy    0.0421
     16 C 3py     0.0383
     16 C 3dxz    0.0381
     21 C 3dxz    0.0299
     14 C 3px     0.0291
     16 C 3dz^2   0.0231
     21 C 3dz^2   0.0230
     14 C 3dz^2   0.0229
     24 C 3px     0.0201
      6 C 3px     0.0192
     16 C 2s      0.0188
     21 C 2s      0.0187
     20 C 3py     0.0184
     14 C 2s      0.0182
     21 C 3dyz    0.0156
     18 C 3py     0.0156
     13 C 3py     0.0156
     15 C 3dz^2   0.0141
     14 C 2py     0.0140
     16 C 2px     0.0122
     22 C 3py     0.0121
LAS occupied orbitals: 31
LAS virtual orbitals: 136
CCSD time: 101.531470 s
LNO-MP2 Orbital Energy: -0.12036939
LNO-CCSD Orbital Energy: -0.11971873
Calculating Effective Active Space One-electron Integrals
number of active occupied orbitals 31
number of active virtual orbitals 136
DF loop 0 number of DF vectors 240
DF loop 1 number of DF vectors 240
DF loop 2 number of DF vectors 240
DF loop 3 number of DF vectors 240
DF loop 4 number of DF vectors 240
DF loop 5 number of DF vectors 240
DF loop 6 number of DF vectors 240
DF loop 7 number of DF vectors 240
DF loop 8 number of DF vectors 240
DF loop 9 number of DF vectors 240
DF loop 10 number of DF vectors 240
DF loop 11 number of DF vectors 240
DF loop 12 number of DF vectors 240
DF loop 13 number of DF vectors 240
DF loop 14 number of DF vectors 240
DF loop 15 number of DF vectors 240
DF loop 16 number of DF vectors 240
DF loop 17 number of DF vectors 114
build JK time: 5.633368 s
build ecore time: 0.205261 s
build h1eff time: 5.979273 s
Generating Cholesky Integrals
Composing AO ERIs from DF basis
Raw CDERI in LAS shape: (4194, 14028)
Compress CDERI into LAS Cholesky Vectors by SVD
Cholesky cutoff: 1e-05
Build effective h0 and h1 time: 6.162837 s
Build CDERI in LAS time: 5.649417 s
Compress CDERI to LAS Choleskey Vectors time: 2.978753 s
Build Integral total time: 14.791295 s
Finished calculating Cholesky integrals
Size of the correlation space
Number of electrons: (31,31)
Number of basis functions: 167
Cholesky shape: (1721, 167, 167)
running AFQMC on GPU
Hostname: gpua059.delta.ncsa.illinois.edu
System Type: Linux
Machine Type: x86_64
Processor: x86_64
Using GPU.
System: Linux
Node Name: gpua059.delta.ncsa.illinois.edu
Release: 5.14.0-427.91.1.el9_4.x86_64
Version: #1 SMP PREEMPT_DYNAMIC Wed Sep 17 10:08:59 EDT 2025
Machine: x86_64
Processor: x86_64
AFQMC script: /u/yzhang65/myprojects/software/afqmc/afqmc/lno_afqmc/ccsd_pt2/run_afqmc.py
---------------------------- AFQMC Sampling Started ----------------------------
Hostname: gpua059.delta.ncsa.illinois.edu
System Type: Linux
Machine Type: x86_64
Processor: x86_64
Using GPU.
System: Linux
Node Name: gpua059.delta.ncsa.illinois.edu
Release: 5.14.0-427.91.1.el9_4.x86_64
Version: #1 SMP PREEMPT_DYNAMIC Wed Sep 17 10:08:59 EDT 2025
Machine: x86_64
Processor: x86_64
Trial: ccsd_pt2(norb=167, nelec=(31, 31), n_batch=1, nchol_chunk=100, mix_precision=True)
Sampler: sampler_pt2(n_prop_steps=50, n_blocks=500, n_chol=1721)
norb: 167
nelec: (31, 31)
nchol: 1721
n_eql: 100
n_prop_steps: 50
n_blocks: 500
n_walkers: 300
nchol_chunk: 100
mix_precision: True
n_batch: 1
seed: 6940
walker_type: rhf
trial: ccsd_pt2
dt: 0.005
use_gpu: True
max_error: 5.892556509887897e-05
n_exp_terms: 6
Propagating with 300 walkers
Initial Orbital energy: -0.119723
-------------------------------- Equilibration ---------------------------------
inv_T        energy   runTime
 0.00  -2055.865052     16.79
 2.50  -2057.159673     28.89
 5.00  -2057.240339     35.74
 7.50  -2057.223350     42.59
10.00  -2057.198363     49.43
12.50  -2057.285123     56.28
15.00  -2057.243343     63.12
17.50  -2057.269035     69.96
20.00  -2057.237094     76.81
22.50  -2057.201095     83.66
25.00  -2057.242410     90.50
------------------------------- Sampling Blocks --------------------------------
Target Final Error ~ 0.000059
   N      E(Guide)     Error      E(Orb)     Error  Kill_WK      Time
  20  -2057.247042  0.006637   -0.126217  0.000304        0    165.63
  40  -2057.244550  0.003967   -0.126143  0.000279        0    229.52
  60  -2057.244282  0.003359   -0.126289  0.000219        0    293.44
  80  -2057.241149  0.002861   -0.126128  0.000179        0    357.38
 100  -2057.238976  0.002480   -0.126169  0.000158        0    421.33
 120  -2057.239395  0.002203   -0.126075  0.000142        0    485.25
 140  -2057.238022  0.002180   -0.126167  0.000137        0    550.33
 160  -2057.240726  0.002126   -0.126166  0.000124        0    614.36
 180  -2057.240636  0.001978   -0.126165  0.000113        0    678.45
 200  -2057.239556  0.001859   -0.126160  0.000105        0    743.73
 220  -2057.239034  0.001729   -0.126214  0.000103        0    807.61
 240  -2057.239474  0.001636   -0.126201  0.000097        0    872.23
 260  -2057.239414  0.001537   -0.126258  0.000096        0    936.17
 280  -2057.239684  0.001466   -0.126238  0.000091        0   1000.07
 300  -2057.238898  0.001409   -0.126207  0.000087        0   1064.04
 320  -2057.239242  0.001350   -0.126229  0.000084        0   1127.98
 340  -2057.240094  0.001323   -0.126279  0.000083        0   1191.94
 360  -2057.239118  0.001333   -0.126269  0.000080        0   1255.88
 380  -2057.238828  0.001293   -0.126232  0.000078        0   1319.80
 400  -2057.238483  0.001245   -0.126216  0.000075        0   1383.73
 420  -2057.238008  0.001213   -0.126197  0.000073        0   1447.68
 440  -2057.238482  0.001192   -0.126196  0.000072        0   1511.65
 460  -2057.238477  0.001160   -0.126190  0.000070        0   1575.58
 480  -2057.238830  0.001150   -0.126267  0.000081        0   1639.51
 500  -2057.238652  0.001121   -0.126256  0.000079        0   1703.43
------------------------------- Post Propagation -------------------------------
Total number of samples 500
Raw AFQMC/HF Energy: -2057.238652 +/- 0.001121
Raw AFQMC/pt2CCSD Orbital Energy (covariance): -0.126256 +/- 0.000079
Raw AFQMC/pt2CCSD Orbital Energy (direct obs): -0.126256 +/- 0.000070
------------------------------ Clean Observation -------------------------------
Energy bound [-0.149308, -0.102808]
Removed 0 Outliers
Outliers Orbital Energy []
Clean AFQMC/pt2CCSD Orbital Energy (covariance): -0.126256 +/- 0.000079
Clean AFQMC/pt2CCSD Orbital Energy (direct obs): -0.126256 +/- 0.000070
------------------------------ Blocking Analysis -------------------------------
nsample = 500, max_block_size = 25, min_nblocks = 20
Blk_SZ   NBlk   NSmp      Energy     Error    dError
     1    500    500   -0.126231  0.000070  0.000002
     2    250    500   -0.126237  0.000084  0.000004
     3    166    498   -0.126244  0.000092  0.000005
     4    125    500   -0.126243  0.000096  0.000006
     5    100    500   -0.126245  0.000100  0.000007
     6     83    498   -0.126249  0.000108  0.000008
     7     71    497   -0.126247  0.000118  0.000010
     8     62    496   -0.126248  0.000101  0.000009
     9     55    495   -0.126249  0.000113  0.000011
    10     50    500   -0.126250  0.000115  0.000012
    11     45    495   -0.126251  0.000109  0.000012
    12     41    492   -0.126249  0.000118  0.000013
    13     38    494   -0.126249  0.000120  0.000014
    14     35    490   -0.126247  0.000108  0.000013
    15     33    495   -0.126252  0.000103  0.000013
    16     31    496   -0.126254  0.000086  0.000011
    17     29    493   -0.126250  0.000101  0.000014
    18     27    486   -0.126249  0.000106  0.000015
    19     26    494   -0.126249  0.000108  0.000015
    20     25    500   -0.126253  0.000109  0.000016
    21     23    483   -0.126265  0.000096  0.000015
    22     22    484   -0.126261  0.000104  0.000016
    23     21    483   -0.126265  0.000104  0.000016
    24     20    480   -0.126264  0.000123  0.000020
    25     20    500   -0.126254  0.000102  0.000017
Fit: plateau = 0.000107 ± 0.000003
     autocorrelation length ~ 2.1 blocks
     plateau reached at block size ~ 9
Blocked AFQMC/pt2CCSD Orbital Energy: -0.126256 +/- 0.000107
total run time: 1704.54
--------------------------- AFQMC Sampling Finished ----------------------------


======================== restricted LNO-FRAGMENT 17/72 =========================
Center Atom C
AOs with contribution > 0.01
        AO Label     Amp
     16 C 1s      0.8753
     16 C 2py     0.4805
     16 C 2px     0.4804
     16 C 2pz     0.4670
     16 C 2s      0.3689
     16 C 3pz     0.2592
     16 C 3s      0.1874
     16 C 3px     0.1451
     16 C 3py     0.1445
    18 C 3dx2-y2  0.0867
     18 C 3py     0.0841
      6 C 3dxy    0.0824
     15 C 3px     0.0754
     15 C 3dxy    0.0679
      6 C 3px     0.0650
    15 C 3dx2-y2  0.0621
     15 C 3s      0.0601
     18 C 3s      0.0600
      6 C 3s      0.0593
      6 C 3py     0.0477
     18 C 3dyz    0.0450
     6 C 3dx2-y2  0.0442
     15 C 3pz     0.0434
     18 C 3pz     0.0433
     18 C 3dxy    0.0428
      6 C 3pz     0.0427
     15 C 3py     0.0382
     15 C 3dxz    0.0381
     18 C 3px     0.0294
      6 C 3dxz    0.0292
     18 C 3dz^2   0.0231
     15 C 3dz^2   0.0231
      6 C 3dz^2   0.0227
      4 C 3px     0.0198
     21 C 3px     0.0196
     15 C 2s      0.0188
     18 C 2s      0.0187
      9 C 3py     0.0181
      6 C 2s      0.0181
      6 C 3dyz    0.0157
     19 C 3py     0.0157
     14 C 3py     0.0154
     18 C 2py     0.0143
     16 C 3dz^2   0.0139
     15 C 2px     0.0122
     17 C 3py     0.0120
LAS occupied orbitals: 31
LAS virtual orbitals: 136
CCSD time: 101.480153 s
LNO-MP2 Orbital Energy: -0.12045753
LNO-CCSD Orbital Energy: -0.11979884
Calculating Effective Active Space One-electron Integrals
number of active occupied orbitals 31
number of active virtual orbitals 136
DF loop 0 number of DF vectors 240
DF loop 1 number of DF vectors 240
DF loop 2 number of DF vectors 240
DF loop 3 number of DF vectors 240
DF loop 4 number of DF vectors 240
DF loop 5 number of DF vectors 240
DF loop 6 number of DF vectors 240
DF loop 7 number of DF vectors 240
DF loop 8 number of DF vectors 240
DF loop 9 number of DF vectors 240
DF loop 10 number of DF vectors 240
DF loop 11 number of DF vectors 240
DF loop 12 number of DF vectors 240
DF loop 13 number of DF vectors 240
DF loop 14 number of DF vectors 240
DF loop 15 number of DF vectors 240
DF loop 16 number of DF vectors 240
DF loop 17 number of DF vectors 114
build JK time: 5.641495 s
build ecore time: 0.199030 s
build h1eff time: 5.922784 s
Generating Cholesky Integrals
Composing AO ERIs from DF basis
Raw CDERI in LAS shape: (4194, 14028)
Compress CDERI into LAS Cholesky Vectors by SVD
Cholesky cutoff: 1e-05
Build effective h0 and h1 time: 6.102794 s
Build CDERI in LAS time: 5.512821 s
Compress CDERI to LAS Choleskey Vectors time: 2.925474 s
Build Integral total time: 14.541395 s
Finished calculating Cholesky integrals
Size of the correlation space
Number of electrons: (31,31)
Number of basis functions: 167
Cholesky shape: (1722, 167, 167)
running AFQMC on GPU
Hostname: gpua059.delta.ncsa.illinois.edu
System Type: Linux
Machine Type: x86_64
Processor: x86_64
Using GPU.
System: Linux
Node Name: gpua059.delta.ncsa.illinois.edu
Release: 5.14.0-427.91.1.el9_4.x86_64
Version: #1 SMP PREEMPT_DYNAMIC Wed Sep 17 10:08:59 EDT 2025
Machine: x86_64
Processor: x86_64
AFQMC script: /u/yzhang65/myprojects/software/afqmc/afqmc/lno_afqmc/ccsd_pt2/run_afqmc.py
---------------------------- AFQMC Sampling Started ----------------------------
Hostname: gpua059.delta.ncsa.illinois.edu
System Type: Linux
Machine Type: x86_64
Processor: x86_64
Using GPU.
System: Linux
Node Name: gpua059.delta.ncsa.illinois.edu
Release: 5.14.0-427.91.1.el9_4.x86_64
Version: #1 SMP PREEMPT_DYNAMIC Wed Sep 17 10:08:59 EDT 2025
Machine: x86_64
Processor: x86_64
Trial: ccsd_pt2(norb=167, nelec=(31, 31), n_batch=1, nchol_chunk=100, mix_precision=True)
Sampler: sampler_pt2(n_prop_steps=50, n_blocks=500, n_chol=1722)
norb: 167
nelec: (31, 31)
nchol: 1722
n_eql: 100
n_prop_steps: 50
n_blocks: 500
n_walkers: 300
nchol_chunk: 100
mix_precision: True
n_batch: 1
seed: 2029
walker_type: rhf
trial: ccsd_pt2
dt: 0.005
use_gpu: True
max_error: 5.892556509887897e-05
n_exp_terms: 6
Propagating with 300 walkers
Initial Orbital energy: -0.119803
-------------------------------- Equilibration ---------------------------------
inv_T        energy   runTime
 0.00  -2055.865053     16.93
 2.50  -2057.157286     29.01
 5.00  -2057.216858     35.83
 7.50  -2057.209898     42.65
10.00  -2057.258232     49.47
12.50  -2057.200600     56.29
15.00  -2057.232798     63.11
17.50  -2057.260964     69.93
20.00  -2057.234309     76.75
22.50  -2057.230074     83.57
25.00  -2057.242683     90.40
------------------------------- Sampling Blocks --------------------------------
Target Final Error ~ 0.000059
   N      E(Guide)     Error      E(Orb)     Error  Kill_WK      Time
  20  -2057.246330  0.005018   -0.126137  0.000271        0    165.30
  40  -2057.241587  0.003768   -0.125871  0.000211        0    229.22
  60  -2057.238419  0.003050   -0.125760  0.000192        0    293.13
  80  -2057.237412  0.002602   -0.125736  0.000159        0    357.01
 100  -2057.242889  0.002598   -0.125815  0.000149        0    420.87
 120  -2057.247273  0.002480   -0.125884  0.000133        0    484.75
 140  -2057.243526  0.002428   -0.125924  0.000123        0    548.66
 160  -2057.241944  0.002263   -0.125875  0.000112        0    612.55
 180  -2057.243280  0.002152   -0.125891  0.000106        0    676.43
 200  -2057.243822  0.002007   -0.125978  0.000123        0    740.30
 220  -2057.244226  0.001901   -0.125995  0.000116        0    804.16
 240  -2057.244200  0.001801   -0.126041  0.000112        0    868.06
 260  -2057.243800  0.001703   -0.126034  0.000105        0    931.98
 280  -2057.242791  0.001627   -0.126059  0.000101        0    995.89
 300  -2057.241466  0.001574   -0.126080  0.000102        0   1061.98
 320  -2057.241773  0.001520   -0.126093  0.000097        0   1125.86
 340  -2057.240486  0.001524   -0.126095  0.000093        0   1189.72
 360  -2057.239845  0.001485   -0.126073  0.000091        0   1253.64
 380  -2057.239367  0.001454   -0.126087  0.000087        0   1317.55
 400  -2057.238137  0.001432   -0.126088  0.000084        0   1381.42
 420  -2057.238872  0.001409   -0.126109  0.000082        0   1445.29
 440  -2057.239811  0.001379   -0.126105  0.000079        0   1509.16
 460  -2057.239398  0.001352   -0.126099  0.000077        0   1573.05
 480  -2057.239389  0.001316   -0.126130  0.000076        0   1636.97
 500  -2057.239411  0.001284   -0.126132  0.000074        0   1700.85
------------------------------- Post Propagation -------------------------------
Total number of samples 500
Raw AFQMC/HF Energy: -2057.239411 +/- 0.001284
Raw AFQMC/pt2CCSD Orbital Energy (covariance): -0.126132 +/- 0.000074
Raw AFQMC/pt2CCSD Orbital Energy (direct obs): -0.126132 +/- 0.000063
------------------------------ Clean Observation -------------------------------
Energy bound [-0.149241, -0.102613]
Removed 0 Outliers
Outliers Orbital Energy []
Clean AFQMC/pt2CCSD Orbital Energy (covariance): -0.126132 +/- 0.000074
Clean AFQMC/pt2CCSD Orbital Energy (direct obs): -0.126132 +/- 0.000063
------------------------------ Blocking Analysis -------------------------------
nsample = 500, max_block_size = 25, min_nblocks = 20
Blk_SZ   NBlk   NSmp      Energy     Error    dError
     1    500    500   -0.126103  0.000063  0.000002
     2    250    500   -0.126109  0.000075  0.000003
     3    166    498   -0.126114  0.000080  0.000004
     4    125    500   -0.126116  0.000078  0.000005
     5    100    500   -0.126117  0.000084  0.000006
     6     83    498   -0.126122  0.000084  0.000007
     7     71    497   -0.126124  0.000075  0.000006
     8     62    496   -0.126131  0.000076  0.000007
     9     55    495   -0.126131  0.000080  0.000008
    10     50    500   -0.126124  0.000076  0.000008
    11     45    495   -0.126130  0.000084  0.000009
    12     41    492   -0.126134  0.000075  0.000008
    13     38    494   -0.126133  0.000075  0.000009
    14     35    490   -0.126131  0.000064  0.000008
    15     33    495   -0.126132  0.000079  0.000010
    16     31    496   -0.126135  0.000072  0.000009
    17     29    493   -0.126139  0.000077  0.000010
    18     27    486   -0.126138  0.000086  0.000012
    19     26    494   -0.126135  0.000083  0.000012
    20     25    500   -0.126127  0.000070  0.000010
    21     23    483   -0.126131  0.000074  0.000011
    22     22    484   -0.126132  0.000079  0.000012
    23     21    483   -0.126132  0.000078  0.000012
    24     20    480   -0.126126  0.000084  0.000014
    25     20    500   -0.126128  0.000086  0.000014
Fit: plateau = 0.000078 ± 0.000002
     autocorrelation length ~ 0.6 blocks
     plateau reached at block size ~ 3
Blocked AFQMC/pt2CCSD Orbital Energy: -0.126132 +/- 0.000078
total run time: 1701.00
--------------------------- AFQMC Sampling Finished ----------------------------


======================== restricted LNO-FRAGMENT 18/72 =========================
Center Atom C
AOs with contribution > 0.01
        AO Label     Amp
     17 C 1s      0.8754
     17 C 2px     0.4805
     17 C 2py     0.4804
     17 C 2pz     0.4675
     17 C 2s      0.3690
     17 C 3pz     0.2588
     17 C 3s      0.1875
     17 C 3px     0.1455
     17 C 3py     0.1446
    44 C 3dx2-y2  0.0866
     44 C 3py     0.0840
      3 C 3dxy    0.0835
     18 C 3px     0.0751
     18 C 3dxy    0.0664
      3 C 3px     0.0654
    18 C 3dx2-y2  0.0608
      3 C 3s      0.0600
     44 C 3s      0.0600
     18 C 3s      0.0595
      3 C 3py     0.0479
     3 C 3dx2-y2  0.0453
     44 C 3dyz    0.0447
      3 C 3pz     0.0435
     44 C 3pz     0.0433
     18 C 3pz     0.0429
     44 C 3dxy    0.0427
     18 C 3py     0.0379
     18 C 3dxz    0.0377
      3 C 3dxz    0.0299
     44 C 3px     0.0294
     44 C 3dz^2   0.0230
      3 C 3dz^2   0.0230
     18 C 3dz^2   0.0228
      2 C 3px     0.0196
     19 C 3px     0.0193
      3 C 2s      0.0186
     44 C 2s      0.0186
      4 C 3py     0.0183
     18 C 2s      0.0183
      3 C 3dyz    0.0160
     43 C 3py     0.0156
     16 C 3py     0.0154
     44 C 2py     0.0143
     17 C 3dz^2   0.0137
     18 C 2px     0.0119
     45 C 3py     0.0118
LAS occupied orbitals: 29
LAS virtual orbitals: 126
CCSD time: 67.121271 s
LNO-MP2 Orbital Energy: -0.12021605
LNO-CCSD Orbital Energy: -0.11976572
Calculating Effective Active Space One-electron Integrals
number of active occupied orbitals 29
number of active virtual orbitals 126
DF loop 0 number of DF vectors 240
DF loop 1 number of DF vectors 240
DF loop 2 number of DF vectors 240
DF loop 3 number of DF vectors 240
DF loop 4 number of DF vectors 240
DF loop 5 number of DF vectors 240
DF loop 6 number of DF vectors 240
DF loop 7 number of DF vectors 240
DF loop 8 number of DF vectors 240
DF loop 9 number of DF vectors 240
DF loop 10 number of DF vectors 240
DF loop 11 number of DF vectors 240
DF loop 12 number of DF vectors 240
DF loop 13 number of DF vectors 240
DF loop 14 number of DF vectors 240
DF loop 15 number of DF vectors 240
DF loop 16 number of DF vectors 240
DF loop 17 number of DF vectors 114
build JK time: 6.015333 s
build ecore time: 0.194775 s
build h1eff time: 6.342120 s
Generating Cholesky Integrals
Composing AO ERIs from DF basis
Raw CDERI in LAS shape: (4194, 12090)
Compress CDERI into LAS Cholesky Vectors by SVD
Cholesky cutoff: 1e-05
Build effective h0 and h1 time: 6.647980 s
Build CDERI in LAS time: 5.931695 s
Compress CDERI to LAS Choleskey Vectors time: 2.850163 s
Build Integral total time: 15.430126 s
Finished calculating Cholesky integrals
Size of the correlation space
Number of electrons: (29,29)
Number of basis functions: 155
Cholesky shape: (1515, 155, 155)
running AFQMC on GPU
Hostname: gpua059.delta.ncsa.illinois.edu
System Type: Linux
Machine Type: x86_64
Processor: x86_64
Using GPU.
System: Linux
Node Name: gpua059.delta.ncsa.illinois.edu
Release: 5.14.0-427.91.1.el9_4.x86_64
Version: #1 SMP PREEMPT_DYNAMIC Wed Sep 17 10:08:59 EDT 2025
Machine: x86_64
Processor: x86_64
AFQMC script: /u/yzhang65/myprojects/software/afqmc/afqmc/lno_afqmc/ccsd_pt2/run_afqmc.py
---------------------------- AFQMC Sampling Started ----------------------------
Hostname: gpua059.delta.ncsa.illinois.edu
System Type: Linux
Machine Type: x86_64
Processor: x86_64
Using GPU.
System: Linux
Node Name: gpua059.delta.ncsa.illinois.edu
Release: 5.14.0-427.91.1.el9_4.x86_64
Version: #1 SMP PREEMPT_DYNAMIC Wed Sep 17 10:08:59 EDT 2025
Machine: x86_64
Processor: x86_64
Trial: ccsd_pt2(norb=155, nelec=(29, 29), n_batch=1, nchol_chunk=100, mix_precision=True)
Sampler: sampler_pt2(n_prop_steps=50, n_blocks=500, n_chol=1515)
norb: 155
nelec: (29, 29)
nchol: 1515
n_eql: 100
n_prop_steps: 50
n_blocks: 500
n_walkers: 300
nchol_chunk: 100
mix_precision: True
n_batch: 1
seed: 3603
walker_type: rhf
trial: ccsd_pt2
dt: 0.005
use_gpu: True
max_error: 5.892556509887897e-05
n_exp_terms: 6
Propagating with 300 walkers
Initial Orbital energy: -0.119769
-------------------------------- Equilibration ---------------------------------
inv_T        energy   runTime
 0.00  -2055.865060     25.75
 2.50  -2057.107333     36.85
 5.00  -2057.159041     42.27
 7.50  -2057.158450     47.70
10.00  -2057.177217     53.13
12.50  -2057.219343     58.55
15.00  -2057.210252     63.97
17.50  -2057.143796     69.40
20.00  -2057.191670     74.82
22.50  -2057.224618     80.24
25.00  -2057.159764     85.67
------------------------------- Sampling Blocks --------------------------------
Target Final Error ~ 0.000059
   N      E(Guide)     Error      E(Orb)     Error  Kill_WK      Time
  20  -2057.186695  0.005630   -0.125607  0.000315        0    141.72
  40  -2057.176497  0.004400   -0.125376  0.000206        0    187.56
  60  -2057.183553  0.003619   -0.125753  0.000173        0    232.66
  80  -2057.182808  0.003105   -0.125840  0.000149        0    277.75
 100  -2057.183652  0.002685   -0.125969  0.000156        0    322.84
 120  -2057.186193  0.002425   -0.125964  0.000135        0    367.94
 140  -2057.185437  0.002250   -0.125925  0.000122        0    413.05
 160  -2057.187290  0.002222   -0.126006  0.000116        0    458.14
 180  -2057.189307  0.002163   -0.126016  0.000110        0    503.27
 200  -2057.189329  0.002008   -0.125962  0.000103        0    548.37
 220  -2057.187794  0.001947   -0.125964  0.000097        0    593.47
 240  -2057.187543  0.001833   -0.126015  0.000101        0    638.56
 260  -2057.189400  0.001777   -0.126010  0.000095        0    683.59
 280  -2057.189221  0.001745   -0.126047  0.000091        0    728.65
 300  -2057.189902  0.001660   -0.126002  0.000088        0    773.77
 320  -2057.190015  0.001579   -0.126029  0.000085        0    818.87
 340  -2057.190452  0.001526   -0.126046  0.000081        0    863.95
 360  -2057.190964  0.001478   -0.126106  0.000084        0    909.09
 380  -2057.190322  0.001438   -0.126084  0.000082        0    954.17
 400  -2057.190205  0.001383   -0.126057  0.000079        0    999.26
 420  -2057.190166  0.001338   -0.126061  0.000077        0   1044.35
 440  -2057.189660  0.001293   -0.126030  0.000075        0   1089.45
 460  -2057.190142  0.001271   -0.126038  0.000074        0   1134.56
 480  -2057.190494  0.001244   -0.126044  0.000072        0   1179.67
 500  -2057.191068  0.001227   -0.126103  0.000094        0   1224.76
------------------------------- Post Propagation -------------------------------
Total number of samples 500
Raw AFQMC/HF Energy: -2057.191068 +/- 0.001227
Raw AFQMC/pt2CCSD Orbital Energy (covariance): -0.126103 +/- 0.000094
Raw AFQMC/pt2CCSD Orbital Energy (direct obs): -0.126103 +/- 0.000082
------------------------------ Clean Observation -------------------------------
Energy bound [-0.151730, -0.100179]
Removed 1 Outliers
Outliers Orbital Energy [-0.15325904]
Clean AFQMC/pt2CCSD Orbital Energy (covariance): -0.126047 +/- 0.000071
Clean AFQMC/pt2CCSD Orbital Energy (direct obs): -0.126047 +/- 0.000061
------------------------------ Blocking Analysis -------------------------------
nsample = 499, max_block_size = 24, min_nblocks = 20
Blk_SZ   NBlk   NSmp      Energy     Error    dError
     1    499    499   -0.126014  0.000061  0.000002
     2    249    498   -0.126017  0.000071  0.000003
     3    166    498   -0.126023  0.000076  0.000004
     4    124    496   -0.126032  0.000082  0.000005
     5     99    495   -0.126030  0.000080  0.000006
     6     83    498   -0.126033  0.000088  0.000007
     7     71    497   -0.126037  0.000092  0.000008
     8     62    496   -0.126041  0.000092  0.000008
     9     55    495   -0.126036  0.000090  0.000009
    10     49    490   -0.126042  0.000097  0.000010
    11     45    495   -0.126038  0.000085  0.000009
    12     41    492   -0.126042  0.000100  0.000011
    13     38    494   -0.126037  0.000096  0.000011
    14     35    490   -0.126044  0.000089  0.000011
    15     33    495   -0.126040  0.000096  0.000012
    16     31    496   -0.126045  0.000103  0.000013
    17     29    493   -0.126035  0.000092  0.000012
    18     27    486   -0.126039  0.000106  0.000015
    19     26    494   -0.126039  0.000095  0.000014
    20     24    480   -0.126041  0.000099  0.000015
    21     23    483   -0.126039  0.000089  0.000013
    22     22    484   -0.126042  0.000084  0.000013
    23     21    483   -0.126043  0.000094  0.000015
    24     20    480   -0.126042  0.000088  0.000014
Fit: plateau = 0.000094 ± 0.000003
     autocorrelation length ~ 3.2 blocks
     plateau reached at block size ~ 13
Blocked AFQMC/pt2CCSD Orbital Energy: -0.126047 +/- 0.000094
total run time: 1225.31
--------------------------- AFQMC Sampling Finished ----------------------------


======================== restricted LNO-FRAGMENT 19/72 =========================
Center Atom C
AOs with contribution > 0.01
        AO Label     Amp
     18 C 1s      0.8753
     18 C 2py     0.4804
     18 C 2px     0.4803
     18 C 2pz     0.4669
     18 C 2s      0.3688
     18 C 3pz     0.2589
     18 C 3s      0.1873
     18 C 3px     0.1450
     18 C 3py     0.1445
    16 C 3dx2-y2  0.0868
     16 C 3py     0.0840
     19 C 3dxy    0.0839
     17 C 3px     0.0749
     17 C 3dxy    0.0664
     19 C 3px     0.0656
    17 C 3dx2-y2  0.0608
     16 C 3s      0.0600
     19 C 3s      0.0599
     17 C 3s      0.0595
     19 C 3py     0.0479
    19 C 3dx2-y2  0.0455
     16 C 3dyz    0.0451
     19 C 3pz     0.0433
     16 C 3pz     0.0432
     17 C 3pz     0.0429
     16 C 3dxy    0.0428
     17 C 3py     0.0379
     17 C 3dxz    0.0376
     19 C 3dxz    0.0298
     16 C 3px     0.0294
     16 C 3dz^2   0.0230
     19 C 3dz^2   0.0230
     17 C 3dz^2   0.0228
     20 C 3px     0.0202
      3 C 3px     0.0192
     16 C 2s      0.0187
     19 C 2s      0.0186
     17 C 2s      0.0183
     42 C 3py     0.0183
     19 C 3dyz    0.0159
      6 C 3py     0.0155
     44 C 3py     0.0154
     16 C 2py     0.0143
     18 C 3dz^2   0.0139
     15 C 3py     0.0122
     17 C 2px     0.0119
LAS occupied orbitals: 31
LAS virtual orbitals: 136
CCSD time: 101.582890 s
LNO-MP2 Orbital Energy: -0.12040400
LNO-CCSD Orbital Energy: -0.11974776
Calculating Effective Active Space One-electron Integrals
number of active occupied orbitals 31
number of active virtual orbitals 136
DF loop 0 number of DF vectors 240
DF loop 1 number of DF vectors 240
DF loop 2 number of DF vectors 240
DF loop 3 number of DF vectors 240
DF loop 4 number of DF vectors 240
DF loop 5 number of DF vectors 240
DF loop 6 number of DF vectors 240
DF loop 7 number of DF vectors 240
DF loop 8 number of DF vectors 240
DF loop 9 number of DF vectors 240
DF loop 10 number of DF vectors 240
DF loop 11 number of DF vectors 240
DF loop 12 number of DF vectors 240
DF loop 13 number of DF vectors 240
DF loop 14 number of DF vectors 240
DF loop 15 number of DF vectors 240
DF loop 16 number of DF vectors 240
DF loop 17 number of DF vectors 114
build JK time: 5.636691 s
build ecore time: 0.194850 s
build h1eff time: 5.913407 s
Generating Cholesky Integrals
Composing AO ERIs from DF basis
Raw CDERI in LAS shape: (4194, 14028)
Compress CDERI into LAS Cholesky Vectors by SVD
Cholesky cutoff: 1e-05
Build effective h0 and h1 time: 6.055784 s
Build CDERI in LAS time: 5.478099 s
Compress CDERI to LAS Choleskey Vectors time: 2.905731 s
Build Integral total time: 14.439926 s
Finished calculating Cholesky integrals
Size of the correlation space
Number of electrons: (31,31)
Number of basis functions: 167
Cholesky shape: (1720, 167, 167)
running AFQMC on GPU
Hostname: gpua059.delta.ncsa.illinois.edu
System Type: Linux
Machine Type: x86_64
Processor: x86_64
Using GPU.
System: Linux
Node Name: gpua059.delta.ncsa.illinois.edu
Release: 5.14.0-427.91.1.el9_4.x86_64
Version: #1 SMP PREEMPT_DYNAMIC Wed Sep 17 10:08:59 EDT 2025
Machine: x86_64
Processor: x86_64
AFQMC script: /u/yzhang65/myprojects/software/afqmc/afqmc/lno_afqmc/ccsd_pt2/run_afqmc.py
---------------------------- AFQMC Sampling Started ----------------------------
Hostname: gpua059.delta.ncsa.illinois.edu
System Type: Linux
Machine Type: x86_64
Processor: x86_64
Using GPU.
System: Linux
Node Name: gpua059.delta.ncsa.illinois.edu
Release: 5.14.0-427.91.1.el9_4.x86_64
Version: #1 SMP PREEMPT_DYNAMIC Wed Sep 17 10:08:59 EDT 2025
Machine: x86_64
Processor: x86_64
Trial: ccsd_pt2(norb=167, nelec=(31, 31), n_batch=1, nchol_chunk=100, mix_precision=True)
Sampler: sampler_pt2(n_prop_steps=50, n_blocks=500, n_chol=1720)
norb: 167
nelec: (31, 31)
nchol: 1720
n_eql: 100
n_prop_steps: 50
n_blocks: 500
n_walkers: 300
nchol_chunk: 100
mix_precision: True
n_batch: 1
seed: 4874
walker_type: rhf
trial: ccsd_pt2
dt: 0.005
use_gpu: True
max_error: 5.892556509887897e-05
n_exp_terms: 6
Propagating with 300 walkers
Initial Orbital energy: -0.119753
-------------------------------- Equilibration ---------------------------------
inv_T        energy   runTime
 0.00  -2055.865052     17.31
 2.50  -2057.175685     29.43
 5.00  -2057.238122     36.27
 7.50  -2057.233588     43.11
10.00  -2057.208137     49.97
12.50  -2057.255971     56.81
15.00  -2057.250125     63.65
17.50  -2057.259537     70.49
20.00  -2057.253637     77.33
22.50  -2057.228084     84.16
25.00  -2057.221803     91.02
------------------------------- Sampling Blocks --------------------------------
Target Final Error ~ 0.000059
   N      E(Guide)     Error      E(Orb)     Error  Kill_WK      Time
  20  -2057.237883  0.005486   -0.126365  0.000254        0    166.09
  40  -2057.234995  0.003558   -0.126372  0.000243        0    229.97
  60  -2057.235171  0.002955   -0.126211  0.000194        0    293.86
  80  -2057.234615  0.002440   -0.126090  0.000183        0    357.78
 100  -2057.237842  0.002166   -0.126071  0.000163        0    421.70
 120  -2057.237964  0.001951   -0.126113  0.000144        0    485.62
 140  -2057.236647  0.001872   -0.125993  0.000130        0    549.52
 160  -2057.234607  0.001770   -0.125912  0.000120        0    613.43
 180  -2057.231974  0.001826   -0.125874  0.000113        0    677.31
 200  -2057.231266  0.001752   -0.125869  0.000104        0    741.21
 220  -2057.231379  0.001661   -0.125842  0.000100        0    805.15
 240  -2057.231141  0.001606   -0.125903  0.000097        0    869.05
 260  -2057.233771  0.001697   -0.125987  0.000095        0    932.95
 280  -2057.235309  0.001637   -0.125985  0.000091        0    996.85
 300  -2057.235373  0.001597   -0.126017  0.000088        0   1060.80
 320  -2057.235457  0.001530   -0.126019  0.000084        0   1124.75
 340  -2057.236737  0.001485   -0.126023  0.000081        0   1188.63
 360  -2057.237701  0.001440   -0.126043  0.000078        0   1252.50
 380  -2057.238570  0.001393   -0.126033  0.000078        0   1316.43
 400  -2057.238428  0.001345   -0.126052  0.000076        0   1380.35
 420  -2057.238179  0.001308   -0.126063  0.000074        0   1444.24
 440  -2057.238597  0.001285   -0.126068  0.000072        0   1508.13
 460  -2057.238606  0.001263   -0.126073  0.000072        0   1572.04
 480  -2057.238348  0.001232   -0.126065  0.000070        0   1635.95
 500  -2057.238068  0.001195   -0.126062  0.000067        0   1699.88
------------------------------- Post Propagation -------------------------------
Total number of samples 500
Raw AFQMC/HF Energy: -2057.238068 +/- 0.001195
Raw AFQMC/pt2CCSD Orbital Energy (covariance): -0.126062 +/- 0.000067
Raw AFQMC/pt2CCSD Orbital Energy (direct obs): -0.126062 +/- 0.000059
------------------------------ Clean Observation -------------------------------
Energy bound [-0.149262, -0.102455]
Removed 0 Outliers
Outliers Orbital Energy []
Clean AFQMC/pt2CCSD Orbital Energy (covariance): -0.126062 +/- 0.000067
Clean AFQMC/pt2CCSD Orbital Energy (direct obs): -0.126062 +/- 0.000059
------------------------------ Blocking Analysis -------------------------------
nsample = 500, max_block_size = 25, min_nblocks = 20
Blk_SZ   NBlk   NSmp      Energy     Error    dError
     1    500    500   -0.126031  0.000059  0.000002
     2    250    500   -0.126037  0.000067  0.000003
     3    166    498   -0.126045  0.000076  0.000004
     4    125    500   -0.126045  0.000073  0.000005
     5    100    500   -0.126046  0.000075  0.000005
     6     83    498   -0.126051  0.000078  0.000006
     7     71    497   -0.126055  0.000078  0.000007
     8     62    496   -0.126058  0.000077  0.000007
     9     55    495   -0.126058  0.000071  0.000007
    10     50    500   -0.126051  0.000069  0.000007
    11     45    495   -0.126057  0.000081  0.000009
    12     41    492   -0.126059  0.000077  0.000009
    13     38    494   -0.126058  0.000081  0.000009
    14     35    490   -0.126057  0.000080  0.000010
    15     33    495   -0.126060  0.000078  0.000010
    16     31    496   -0.126061  0.000078  0.000010
    17     29    493   -0.126057  0.000080  0.000011
    18     27    486   -0.126056  0.000085  0.000012
    19     26    494   -0.126058  0.000084  0.000012
    20     25    500   -0.126054  0.000080  0.000012
    21     23    483   -0.126058  0.000074  0.000011
    22     22    484   -0.126058  0.000080  0.000012
    23     21    483   -0.126057  0.000084  0.000013
    24     20    480   -0.126058  0.000091  0.000015
    25     20    500   -0.126053  0.000084  0.000014
Fit: plateau = 0.000078 ± 0.000002
     autocorrelation length ~ 1.6 blocks
     plateau reached at block size ~ 7
Blocked AFQMC/pt2CCSD Orbital Energy: -0.126062 +/- 0.000078
total run time: 1699.89
--------------------------- AFQMC Sampling Finished ----------------------------


======================== restricted LNO-FRAGMENT 20/72 =========================
Center Atom C
AOs with contribution > 0.01
        AO Label     Amp
     19 C 1s      0.8751
     19 C 2px     0.4802
     19 C 2py     0.4802
     19 C 2pz     0.4668
     19 C 2s      0.3687
     19 C 3pz     0.2589
     19 C 3s      0.1871
     19 C 3px     0.1448
     19 C 3py     0.1441
    42 C 3dx2-y2  0.0861
     42 C 3py     0.0839
     18 C 3dxy    0.0839
     20 C 3px     0.0750
     20 C 3dxy    0.0678
     18 C 3px     0.0652
    20 C 3dx2-y2  0.0620
     20 C 3s      0.0601
     18 C 3s      0.0599
     42 C 3s      0.0595
     18 C 3py     0.0480
    18 C 3dx2-y2  0.0456
     42 C 3dyz    0.0439
     20 C 3pz     0.0435
     18 C 3pz     0.0433
     42 C 3pz     0.0426
     42 C 3dxy    0.0421
     20 C 3dxz    0.0385
     20 C 3py     0.0383
     18 C 3dxz    0.0299
     42 C 3px     0.0291
     20 C 3dz^2   0.0230
     18 C 3dz^2   0.0230
     42 C 3dz^2   0.0229
     17 C 3px     0.0199
     31 C 3px     0.0194
     20 C 2s      0.0188
     18 C 2s      0.0187
     16 C 3py     0.0183
     42 C 2s      0.0183
     18 C 3dyz    0.0158
     41 C 3py     0.0156
     21 C 3py     0.0156
     42 C 2py     0.0141
     19 C 3dz^2   0.0140
     20 C 2px     0.0122
     43 C 3py     0.0120
LAS occupied orbitals: 31
LAS virtual orbitals: 136
CCSD time: 101.452896 s
LNO-MP2 Orbital Energy: -0.12033147
LNO-CCSD Orbital Energy: -0.11968379
Calculating Effective Active Space One-electron Integrals
number of active occupied orbitals 31
number of active virtual orbitals 136
DF loop 0 number of DF vectors 240
DF loop 1 number of DF vectors 240
DF loop 2 number of DF vectors 240
DF loop 3 number of DF vectors 240
DF loop 4 number of DF vectors 240
DF loop 5 number of DF vectors 240
DF loop 6 number of DF vectors 240
DF loop 7 number of DF vectors 240
DF loop 8 number of DF vectors 240
DF loop 9 number of DF vectors 240
DF loop 10 number of DF vectors 240
DF loop 11 number of DF vectors 240
DF loop 12 number of DF vectors 240
DF loop 13 number of DF vectors 240
DF loop 14 number of DF vectors 240
DF loop 15 number of DF vectors 240
DF loop 16 number of DF vectors 240
DF loop 17 number of DF vectors 114
build JK time: 5.617630 s
build ecore time: 0.195837 s
build h1eff time: 5.894290 s
Generating Cholesky Integrals
Composing AO ERIs from DF basis
Raw CDERI in LAS shape: (4194, 14028)
Compress CDERI into LAS Cholesky Vectors by SVD
Cholesky cutoff: 1e-05
Build effective h0 and h1 time: 6.552640 s
Build CDERI in LAS time: 5.512736 s
Compress CDERI to LAS Choleskey Vectors time: 3.293496 s
Build Integral total time: 15.359172 s
Finished calculating Cholesky integrals
Size of the correlation space
Number of electrons: (31,31)
Number of basis functions: 167
Cholesky shape: (1717, 167, 167)
running AFQMC on GPU
Hostname: gpua059.delta.ncsa.illinois.edu
System Type: Linux
Machine Type: x86_64
Processor: x86_64
Using GPU.
System: Linux
Node Name: gpua059.delta.ncsa.illinois.edu
Release: 5.14.0-427.91.1.el9_4.x86_64
Version: #1 SMP PREEMPT_DYNAMIC Wed Sep 17 10:08:59 EDT 2025
Machine: x86_64
Processor: x86_64
AFQMC script: /u/yzhang65/myprojects/software/afqmc/afqmc/lno_afqmc/ccsd_pt2/run_afqmc.py
---------------------------- AFQMC Sampling Started ----------------------------
Hostname: gpua059.delta.ncsa.illinois.edu
System Type: Linux
Machine Type: x86_64
Processor: x86_64
Using GPU.
System: Linux
Node Name: gpua059.delta.ncsa.illinois.edu
Release: 5.14.0-427.91.1.el9_4.x86_64
Version: #1 SMP PREEMPT_DYNAMIC Wed Sep 17 10:08:59 EDT 2025
Machine: x86_64
Processor: x86_64
Trial: ccsd_pt2(norb=167, nelec=(31, 31), n_batch=1, nchol_chunk=100, mix_precision=True)
Sampler: sampler_pt2(n_prop_steps=50, n_blocks=500, n_chol=1717)
norb: 167
nelec: (31, 31)
nchol: 1717
n_eql: 100
n_prop_steps: 50
n_blocks: 500
n_walkers: 300
nchol_chunk: 100
mix_precision: True
n_batch: 1
seed: 4731
walker_type: rhf
trial: ccsd_pt2
dt: 0.005
use_gpu: True
max_error: 5.892556509887897e-05
n_exp_terms: 6
Propagating with 300 walkers
Initial Orbital energy: -0.119689
-------------------------------- Equilibration ---------------------------------
inv_T        energy   runTime
 0.00  -2055.865051     17.36
 2.50  -2057.160451     29.47
 5.00  -2057.242891     36.29
 7.50  -2057.253563     43.13
10.00  -2057.232757     49.95
12.50  -2057.254199     56.78
15.00  -2057.216892     63.60
17.50  -2057.246173     70.43
20.00  -2057.203373     77.25
22.50  -2057.221858     84.08
25.00  -2057.232098     90.92
------------------------------- Sampling Blocks --------------------------------
Target Final Error ~ 0.000059
   N      E(Guide)     Error      E(Orb)     Error  Kill_WK      Time
  20  -2057.243384  0.006201   -0.125848  0.000365        0    165.83
  40  -2057.251382  0.004235   -0.126046  0.000281        0    229.74
  60  -2057.251381  0.003055   -0.125852  0.000204        0    293.69
  80  -2057.249098  0.002823   -0.125925  0.000182        0    357.58
 100  -2057.249211  0.002507   -0.125941  0.000156        0    421.46
 120  -2057.248290  0.002341   -0.126020  0.000140        0    485.36
 140  -2057.245703  0.002132   -0.126074  0.000131        0    549.27
 160  -2057.245812  0.001970   -0.126060  0.000122        0    613.16
 180  -2057.244559  0.001847   -0.126081  0.000114        0    677.05
 200  -2057.243590  0.001818   -0.126063  0.000107        0    740.92
 220  -2057.243163  0.001777   -0.125965  0.000102        0    804.85
 240  -2057.243722  0.001705   -0.125977  0.000097        0    868.74
 260  -2057.243963  0.001656   -0.125938  0.000095        0    932.62
 280  -2057.243332  0.001598   -0.125960  0.000090        0    996.52
 300  -2057.243167  0.001512   -0.125968  0.000087        0   1060.42
 320  -2057.243625  0.001447   -0.125954  0.000084        0   1124.34
 340  -2057.243258  0.001405   -0.125941  0.000081        0   1188.22
 360  -2057.243275  0.001349   -0.125950  0.000078        0   1252.10
 380  -2057.241533  0.001359   -0.125937  0.000076        0   1315.99
 400  -2057.242166  0.001317   -0.125969  0.000073        0   1379.90
 420  -2057.242555  0.001287   -0.125961  0.000071        0   1445.00
 440  -2057.241899  0.001260   -0.125952  0.000068        0   1508.89
 460  -2057.240913  0.001245   -0.125933  0.000066        0   1572.83
 480  -2057.240322  0.001214   -0.125968  0.000066        0   1637.31
 500  -2057.239750  0.001199   -0.125978  0.000065        0   1701.18
------------------------------- Post Propagation -------------------------------
Total number of samples 500
Raw AFQMC/HF Energy: -2057.239750 +/- 0.001199
Raw AFQMC/pt2CCSD Orbital Energy (covariance): -0.125978 +/- 0.000065
Raw AFQMC/pt2CCSD Orbital Energy (direct obs): -0.125978 +/- 0.000057
------------------------------ Clean Observation -------------------------------
Energy bound [-0.148647, -0.103067]
Removed 0 Outliers
Outliers Orbital Energy []
Clean AFQMC/pt2CCSD Orbital Energy (covariance): -0.125978 +/- 0.000065
Clean AFQMC/pt2CCSD Orbital Energy (direct obs): -0.125978 +/- 0.000057
------------------------------ Blocking Analysis -------------------------------
nsample = 500, max_block_size = 25, min_nblocks = 20
Blk_SZ   NBlk   NSmp      Energy     Error    dError
     1    500    500   -0.125948  0.000057  0.000002
     2    250    500   -0.125954  0.000067  0.000003
     3    166    498   -0.125954  0.000073  0.000004
     4    125    500   -0.125959  0.000076  0.000005
     5    100    500   -0.125963  0.000079  0.000006
     6     83    498   -0.125960  0.000080  0.000006
     7     71    497   -0.125959  0.000088  0.000007
     8     62    496   -0.125963  0.000079  0.000007
     9     55    495   -0.125964  0.000084  0.000008
    10     50    500   -0.125966  0.000084  0.000009
    11     45    495   -0.125965  0.000084  0.000009
    12     41    492   -0.125961  0.000091  0.000010
    13     38    494   -0.125966  0.000085  0.000010
    14     35    490   -0.125964  0.000086  0.000010
    15     33    495   -0.125969  0.000083  0.000010
    16     31    496   -0.125967  0.000091  0.000012
    17     29    493   -0.125969  0.000080  0.000011
    18     27    486   -0.125965  0.000088  0.000012
    19     26    494   -0.125969  0.000093  0.000013
    20     25    500   -0.125974  0.000080  0.000012
    21     23    483   -0.125963  0.000099  0.000015
    22     22    484   -0.125966  0.000080  0.000012
    23     21    483   -0.125964  0.000078  0.000012
    24     20    480   -0.125962  0.000098  0.000016
    25     20    500   -0.125974  0.000080  0.000013
Fit: plateau = 0.000085 ± 0.000003
     autocorrelation length ~ 2.5 blocks
     plateau reached at block size ~ 10
Blocked AFQMC/pt2CCSD Orbital Energy: -0.125978 +/- 0.000085
total run time: 1701.19
--------------------------- AFQMC Sampling Finished ----------------------------


======================== restricted LNO-FRAGMENT 21/72 =========================
Center Atom C
AOs with contribution > 0.01
        AO Label     Amp
     20 C 1s      0.8751
     20 C 2py     0.4803
     20 C 2px     0.4803
     20 C 2pz     0.4667
     20 C 2s      0.3687
     20 C 3pz     0.2592
     20 C 3s      0.1871
     20 C 3px     0.1444
     20 C 3py     0.1442
    21 C 3dx2-y2  0.0870
     21 C 3py     0.0841
     31 C 3dxy    0.0833
     19 C 3px     0.0750
     19 C 3dxy    0.0678
     31 C 3px     0.0654
    19 C 3dx2-y2  0.0620
     19 C 3s      0.0601
     21 C 3s      0.0600
     31 C 3s      0.0594
     31 C 3py     0.0476
    31 C 3dx2-y2  0.0450
     21 C 3dyz    0.0449
     19 C 3pz     0.0437
     21 C 3pz     0.0433
     21 C 3dxy    0.0431
     31 C 3pz     0.0425
     19 C 3dxz    0.0383
     19 C 3py     0.0382
     21 C 3px     0.0294
     31 C 3dxz    0.0290
     19 C 3dz^2   0.0231
     21 C 3dz^2   0.0230
     31 C 3dz^2   0.0229
     32 C 3px     0.0201
     18 C 3px     0.0195
     19 C 2s      0.0188
     21 C 2s      0.0187
     31 C 2s      0.0182
     40 C 3py     0.0182
     15 C 3py     0.0157
     42 C 3py     0.0154
     31 C 3dyz    0.0151
     21 C 2py     0.0144
     20 C 3dz^2   0.0141
     19 C 2px     0.0122
     24 C 3py     0.0120
LAS occupied orbitals: 31
LAS virtual orbitals: 136
CCSD time: 101.796526 s
LNO-MP2 Orbital Energy: -0.12037446
LNO-CCSD Orbital Energy: -0.11972182
Calculating Effective Active Space One-electron Integrals
number of active occupied orbitals 31
number of active virtual orbitals 136
DF loop 0 number of DF vectors 240
DF loop 1 number of DF vectors 240
DF loop 2 number of DF vectors 240
DF loop 3 number of DF vectors 240
DF loop 4 number of DF vectors 240
DF loop 5 number of DF vectors 240
DF loop 6 number of DF vectors 240
DF loop 7 number of DF vectors 240
DF loop 8 number of DF vectors 240
DF loop 9 number of DF vectors 240
DF loop 10 number of DF vectors 240
DF loop 11 number of DF vectors 240
DF loop 12 number of DF vectors 240
DF loop 13 number of DF vectors 240
DF loop 14 number of DF vectors 240
DF loop 15 number of DF vectors 240
DF loop 16 number of DF vectors 240
DF loop 17 number of DF vectors 114
build JK time: 5.640197 s
build ecore time: 0.194096 s
build h1eff time: 5.915799 s
Generating Cholesky Integrals
Composing AO ERIs from DF basis
Raw CDERI in LAS shape: (4194, 14028)
Compress CDERI into LAS Cholesky Vectors by SVD
Cholesky cutoff: 1e-05
Build effective h0 and h1 time: 6.055572 s
Build CDERI in LAS time: 5.480187 s
Compress CDERI to LAS Choleskey Vectors time: 2.918750 s
Build Integral total time: 14.454798 s
Finished calculating Cholesky integrals
Size of the correlation space
Number of electrons: (31,31)
Number of basis functions: 167
Cholesky shape: (1720, 167, 167)
running AFQMC on GPU
Hostname: gpua059.delta.ncsa.illinois.edu
System Type: Linux
Machine Type: x86_64
Processor: x86_64
Using GPU.
System: Linux
Node Name: gpua059.delta.ncsa.illinois.edu
Release: 5.14.0-427.91.1.el9_4.x86_64
Version: #1 SMP PREEMPT_DYNAMIC Wed Sep 17 10:08:59 EDT 2025
Machine: x86_64
Processor: x86_64
AFQMC script: /u/yzhang65/myprojects/software/afqmc/afqmc/lno_afqmc/ccsd_pt2/run_afqmc.py
---------------------------- AFQMC Sampling Started ----------------------------
Hostname: gpua059.delta.ncsa.illinois.edu
System Type: Linux
Machine Type: x86_64
Processor: x86_64
Using GPU.
System: Linux
Node Name: gpua059.delta.ncsa.illinois.edu
Release: 5.14.0-427.91.1.el9_4.x86_64
Version: #1 SMP PREEMPT_DYNAMIC Wed Sep 17 10:08:59 EDT 2025
Machine: x86_64
Processor: x86_64
Trial: ccsd_pt2(norb=167, nelec=(31, 31), n_batch=1, nchol_chunk=100, mix_precision=True)
Sampler: sampler_pt2(n_prop_steps=50, n_blocks=500, n_chol=1720)
norb: 167
nelec: (31, 31)
nchol: 1720
n_eql: 100
n_prop_steps: 50
n_blocks: 500
n_walkers: 300
nchol_chunk: 100
mix_precision: True
n_batch: 1
seed: 6070
walker_type: rhf
trial: ccsd_pt2
dt: 0.005
use_gpu: True
max_error: 5.892556509887897e-05
n_exp_terms: 6
Propagating with 300 walkers
Initial Orbital energy: -0.119727
-------------------------------- Equilibration ---------------------------------
inv_T        energy   runTime
 0.00  -2055.865053     16.57
 2.50  -2057.177422     28.71
 5.00  -2057.180138     35.65
 7.50  -2057.230982     42.49
10.00  -2057.213621     49.47
12.50  -2057.221776     56.31
15.00  -2057.224362     63.15
17.50  -2057.203840     70.00
20.00  -2057.229969     76.84
22.50  -2057.282931     83.68
25.00  -2057.217591     90.57
------------------------------- Sampling Blocks --------------------------------
Target Final Error ~ 0.000059
   N      E(Guide)     Error      E(Orb)     Error  Kill_WK      Time
  20  -2057.236777  0.006034   -0.125635  0.000278        0    165.45
  40  -2057.230176  0.003933   -0.126071  0.000175        0    229.37
  60  -2057.229769  0.003186   -0.126118  0.000154        0    293.28
  80  -2057.227250  0.002735   -0.126010  0.000140        0    357.22
 100  -2057.229030  0.002414   -0.126003  0.000137        0    421.11
 120  -2057.229898  0.002217   -0.126076  0.000124        0    485.02
 140  -2057.230679  0.001965   -0.126098  0.000112        0    548.94
 160  -2057.233085  0.001955   -0.126137  0.000109        0    612.91
 180  -2057.233892  0.001839   -0.126186  0.000114        0    676.83
 200  -2057.232626  0.001725   -0.126162  0.000107        0    740.74
 220  -2057.232123  0.001619   -0.126111  0.000101        0    804.67
 240  -2057.232166  0.001537   -0.126122  0.000097        0    868.64
 260  -2057.232775  0.001479   -0.126093  0.000093        0    932.56
 280  -2057.234007  0.001447   -0.126077  0.000090        0    996.46
 300  -2057.235413  0.001454   -0.126025  0.000087        0   1060.39
 320  -2057.235759  0.001403   -0.126056  0.000087        0   1124.36
 340  -2057.235890  0.001347   -0.126053  0.000084        0   1188.27
 360  -2057.236205  0.001304   -0.126042  0.000082        0   1252.16
 380  -2057.236374  0.001263   -0.126067  0.000081        0   1316.08
 400  -2057.236107  0.001238   -0.126063  0.000079        0   1380.01
 420  -2057.236677  0.001205   -0.126057  0.000079        0   1443.93
 440  -2057.237319  0.001198   -0.126090  0.000078        0   1507.82
 460  -2057.237903  0.001174   -0.126097  0.000077        0   1571.75
 480  -2057.237848  0.001142   -0.126085  0.000074        0   1635.68
 500  -2057.237499  0.001113   -0.126076  0.000073        0   1699.61
------------------------------- Post Propagation -------------------------------
Total number of samples 500
Raw AFQMC/HF Energy: -2057.237499 +/- 0.001113
Raw AFQMC/pt2CCSD Orbital Energy (covariance): -0.126076 +/- 0.000073
Raw AFQMC/pt2CCSD Orbital Energy (direct obs): -0.126076 +/- 0.000064
------------------------------ Clean Observation -------------------------------
Energy bound [-0.151237, -0.100597]
Removed 0 Outliers
Outliers Orbital Energy []
Clean AFQMC/pt2CCSD Orbital Energy (covariance): -0.126076 +/- 0.000073
Clean AFQMC/pt2CCSD Orbital Energy (direct obs): -0.126076 +/- 0.000064
------------------------------ Blocking Analysis -------------------------------
nsample = 500, max_block_size = 25, min_nblocks = 20
Blk_SZ   NBlk   NSmp      Energy     Error    dError
     1    500    500   -0.126052  0.000064  0.000002
     2    250    500   -0.126060  0.000074  0.000003
     3    166    498   -0.126064  0.000081  0.000004
     4    125    500   -0.126066  0.000081  0.000005
     5    100    500   -0.126066  0.000086  0.000006
     6     83    498   -0.126068  0.000085  0.000007
     7     71    497   -0.126067  0.000086  0.000007
     8     62    496   -0.126068  0.000091  0.000008
     9     55    495   -0.126071  0.000089  0.000009
    10     50    500   -0.126070  0.000083  0.000008
    11     45    495   -0.126072  0.000084  0.000009
    12     41    492   -0.126080  0.000086  0.000010
    13     38    494   -0.126072  0.000081  0.000009
    14     35    490   -0.126085  0.000078  0.000009
    15     33    495   -0.126071  0.000087  0.000011
    16     31    496   -0.126073  0.000091  0.000012
    17     29    493   -0.126077  0.000096  0.000013
    18     27    486   -0.126085  0.000095  0.000013
    19     26    494   -0.126076  0.000104  0.000015
    20     25    500   -0.126074  0.000074  0.000011
    21     23    483   -0.126088  0.000067  0.000010
    22     22    484   -0.126087  0.000099  0.000015
    23     21    483   -0.126088  0.000088  0.000014
    24     20    480   -0.126081  0.000092  0.000015
    25     20    500   -0.126073  0.000099  0.000016
Fit: plateau = 0.000086 ± 0.000002
     autocorrelation length ~ 1.6 blocks
     plateau reached at block size ~ 7
Blocked AFQMC/pt2CCSD Orbital Energy: -0.126076 +/- 0.000086
total run time: 1699.62
--------------------------- AFQMC Sampling Finished ----------------------------


======================== restricted LNO-FRAGMENT 22/72 =========================
Center Atom C
AOs with contribution > 0.01
        AO Label     Amp
     21 C 1s      0.8752
     21 C 2py     0.4804
     21 C 2px     0.4803
     21 C 2pz     0.4668
     21 C 2s      0.3688
     21 C 3pz     0.2595
     21 C 3s      0.1872
     21 C 3px     0.1444
     21 C 3py     0.1443
    20 C 3dx2-y2  0.0871
     15 C 3dxy    0.0841
     20 C 3py     0.0841
     24 C 3px     0.0751
     24 C 3dxy    0.0669
     15 C 3px     0.0655
    24 C 3dx2-y2  0.0612
     20 C 3s      0.0600
     15 C 3s      0.0600
     24 C 3s      0.0595
     15 C 3py     0.0479
    15 C 3dx2-y2  0.0457
     20 C 3dyz    0.0449
     15 C 3pz     0.0434
     20 C 3pz     0.0433
     20 C 3dxy    0.0430
     24 C 3pz     0.0425
     24 C 3py     0.0379
     24 C 3dxz    0.0368
     15 C 3dxz    0.0298
     20 C 3px     0.0294
     20 C 3dz^2   0.0231
     15 C 3dz^2   0.0230
     24 C 3dz^2   0.0228
     16 C 3px     0.0203
     30 C 3px     0.0194
     20 C 2s      0.0187
     15 C 2s      0.0187
     24 C 2s      0.0182
     14 C 3py     0.0182
     15 C 3dyz    0.0157
     31 C 3py     0.0156
     23 C 3py     0.0154
     20 C 2py     0.0144
     21 C 3dz^2   0.0141
     19 C 3py     0.0122
     24 C 2px     0.0119
LAS occupied orbitals: 31
LAS virtual orbitals: 136
CCSD time: 101.382851 s
LNO-MP2 Orbital Energy: -0.12038187
LNO-CCSD Orbital Energy: -0.11972697
Calculating Effective Active Space One-electron Integrals
number of active occupied orbitals 31
number of active virtual orbitals 136
DF loop 0 number of DF vectors 240
DF loop 1 number of DF vectors 240
DF loop 2 number of DF vectors 240
DF loop 3 number of DF vectors 240
DF loop 4 number of DF vectors 240
DF loop 5 number of DF vectors 240
DF loop 6 number of DF vectors 240
DF loop 7 number of DF vectors 240
DF loop 8 number of DF vectors 240
DF loop 9 number of DF vectors 240
DF loop 10 number of DF vectors 240
DF loop 11 number of DF vectors 240
DF loop 12 number of DF vectors 240
DF loop 13 number of DF vectors 240
DF loop 14 number of DF vectors 240
DF loop 15 number of DF vectors 240
DF loop 16 number of DF vectors 240
DF loop 17 number of DF vectors 114
build JK time: 5.795676 s
build ecore time: 0.197741 s
build h1eff time: 6.075398 s
Generating Cholesky Integrals
Composing AO ERIs from DF basis
Raw CDERI in LAS shape: (4194, 14028)
Compress CDERI into LAS Cholesky Vectors by SVD
Cholesky cutoff: 1e-05
Build effective h0 and h1 time: 6.226507 s
Build CDERI in LAS time: 5.498173 s
Compress CDERI to LAS Choleskey Vectors time: 2.871982 s
Build Integral total time: 14.596961 s
Finished calculating Cholesky integrals
Size of the correlation space
Number of electrons: (31,31)
Number of basis functions: 167
Cholesky shape: (1720, 167, 167)
running AFQMC on GPU
Hostname: gpua059.delta.ncsa.illinois.edu
System Type: Linux
Machine Type: x86_64
Processor: x86_64
Using GPU.
System: Linux
Node Name: gpua059.delta.ncsa.illinois.edu
Release: 5.14.0-427.91.1.el9_4.x86_64
Version: #1 SMP PREEMPT_DYNAMIC Wed Sep 17 10:08:59 EDT 2025
Machine: x86_64
Processor: x86_64
AFQMC script: /u/yzhang65/myprojects/software/afqmc/afqmc/lno_afqmc/ccsd_pt2/run_afqmc.py
---------------------------- AFQMC Sampling Started ----------------------------
Hostname: gpua059.delta.ncsa.illinois.edu
System Type: Linux
Machine Type: x86_64
Processor: x86_64
Using GPU.
System: Linux
Node Name: gpua059.delta.ncsa.illinois.edu
Release: 5.14.0-427.91.1.el9_4.x86_64
Version: #1 SMP PREEMPT_DYNAMIC Wed Sep 17 10:08:59 EDT 2025
Machine: x86_64
Processor: x86_64
Trial: ccsd_pt2(norb=167, nelec=(31, 31), n_batch=1, nchol_chunk=100, mix_precision=True)
Sampler: sampler_pt2(n_prop_steps=50, n_blocks=500, n_chol=1720)
norb: 167
nelec: (31, 31)
nchol: 1720
n_eql: 100
n_prop_steps: 50
n_blocks: 500
n_walkers: 300
nchol_chunk: 100
mix_precision: True
n_batch: 1
seed: 5662
walker_type: rhf
trial: ccsd_pt2
dt: 0.005
use_gpu: True
max_error: 5.892556509887897e-05
n_exp_terms: 6
Propagating with 300 walkers
Initial Orbital energy: -0.119732
-------------------------------- Equilibration ---------------------------------
inv_T        energy   runTime
 0.00  -2055.865052     17.30
 2.50  -2057.172593     29.82
 5.00  -2057.217344     36.67
 7.50  -2057.189858     43.51
10.00  -2057.214725     50.36
12.50  -2057.221455     57.21
15.00  -2057.171533     64.05
17.50  -2057.263335     71.85
20.00  -2057.239557     79.61
22.50  -2057.251843     86.46
25.00  -2057.213316     93.31
------------------------------- Sampling Blocks --------------------------------
Target Final Error ~ 0.000059
   N      E(Guide)     Error      E(Orb)     Error  Kill_WK      Time
  20  -2057.252978  0.005847   -0.126628  0.000309        0    168.28
  40  -2057.253395  0.004099   -0.126340  0.000223        0    232.20
  60  -2057.243491  0.003732   -0.125951  0.000201        0    296.14
  80  -2057.242168  0.003185   -0.125921  0.000156        0    360.05
 100  -2057.240271  0.002800   -0.125868  0.000130        0    423.95
 120  -2057.238166  0.002589   -0.125937  0.000123        0    487.85
 140  -2057.234749  0.002385   -0.125935  0.000112        0    551.80
 160  -2057.232414  0.002301   -0.125913  0.000107        0    615.70
 180  -2057.231667  0.002136   -0.125908  0.000099        0    680.39
 200  -2057.233125  0.001986   -0.125905  0.000098        0    745.04
 220  -2057.233079  0.001872   -0.125908  0.000093        0    810.05
 240  -2057.234212  0.001799   -0.125889  0.000089        0    874.45
 260  -2057.233125  0.001749   -0.125846  0.000084        0    938.35
 280  -2057.232859  0.001661   -0.125880  0.000082        0   1003.16
 300  -2057.232251  0.001587   -0.125877  0.000079        0   1068.22
 320  -2057.231744  0.001535   -0.125914  0.000077        0   1132.79
 340  -2057.231244  0.001466   -0.125912  0.000075        0   1196.70
 360  -2057.232063  0.001426   -0.125942  0.000073        0   1261.38
 380  -2057.232448  0.001377   -0.125905  0.000071        0   1325.35
 400  -2057.232660  0.001326   -0.125906  0.000069        0   1389.28
 420  -2057.233402  0.001289   -0.125916  0.000067        0   1453.20
 440  -2057.233176  0.001241   -0.125917  0.000065        0   1517.10
 460  -2057.232660  0.001215   -0.125935  0.000064        0   1581.01
 480  -2057.232999  0.001181   -0.125953  0.000062        0   1644.93
 500  -2057.233526  0.001169   -0.125968  0.000061        0   1708.87
------------------------------- Post Propagation -------------------------------
Total number of samples 500
Raw AFQMC/HF Energy: -2057.233526 +/- 0.001169
Raw AFQMC/pt2CCSD Orbital Energy (covariance): -0.125968 +/- 0.000061
Raw AFQMC/pt2CCSD Orbital Energy (direct obs): -0.125968 +/- 0.000052
------------------------------ Clean Observation -------------------------------
Energy bound [-0.146849, -0.104807]
Removed 0 Outliers
Outliers Orbital Energy []
Clean AFQMC/pt2CCSD Orbital Energy (covariance): -0.125968 +/- 0.000061
Clean AFQMC/pt2CCSD Orbital Energy (direct obs): -0.125968 +/- 0.000052
------------------------------ Blocking Analysis -------------------------------
nsample = 500, max_block_size = 25, min_nblocks = 20
Blk_SZ   NBlk   NSmp      Energy     Error    dError
     1    500    500   -0.125944  0.000052  0.000002
     2    250    500   -0.125951  0.000061  0.000003
     3    166    498   -0.125952  0.000067  0.000004
     4    125    500   -0.125955  0.000065  0.000004
     5    100    500   -0.125956  0.000069  0.000005
     6     83    498   -0.125957  0.000070  0.000005
     7     71    497   -0.125954  0.000074  0.000006
     8     62    496   -0.125957  0.000066  0.000006
     9     55    495   -0.125957  0.000072  0.000007
    10     50    500   -0.125959  0.000071  0.000007
    11     45    495   -0.125958  0.000081  0.000009
    12     41    492   -0.125954  0.000070  0.000008
    13     38    494   -0.125959  0.000072  0.000008
    14     35    490   -0.125956  0.000074  0.000009
    15     33    495   -0.125960  0.000081  0.000010
    16     31    496   -0.125962  0.000072  0.000009
    17     29    493   -0.125959  0.000081  0.000011
    18     27    486   -0.125963  0.000083  0.000011
    19     26    494   -0.125962  0.000082  0.000012
    20     25    500   -0.125963  0.000077  0.000011
    21     23    483   -0.125963  0.000087  0.000013
    22     22    484   -0.125964  0.000092  0.000014
    23     21    483   -0.125965  0.000081  0.000013
    24     20    480   -0.125949  0.000075  0.000012
    25     20    500   -0.125965  0.000076  0.000012
Fit: plateau = 0.000076 ± 0.000003
     autocorrelation length ~ 3.1 blocks
     plateau reached at block size ~ 12
Blocked AFQMC/pt2CCSD Orbital Energy: -0.125968 +/- 0.000076
total run time: 1708.88
--------------------------- AFQMC Sampling Finished ----------------------------


======================== restricted LNO-FRAGMENT 23/72 =========================
Center Atom C
AOs with contribution > 0.01
        AO Label     Amp
     22 C 1s      0.8757
     22 C 2px     0.4809
     22 C 2py     0.4803
     22 C 2pz     0.4674
     22 C 2s      0.3693
     22 C 3pz     0.2606
     22 C 3s      0.1879
     22 C 3px     0.1446
     22 C 3py     0.1445
    26 C 3dx2-y2  0.0863
     23 C 3dxy    0.0838
     26 C 3py     0.0829
     14 C 3px     0.0754
     14 C 3dxy    0.0678
     23 C 3px     0.0655
    14 C 3dx2-y2  0.0623
     14 C 3s      0.0601
     23 C 3s      0.0599
     26 C 3s      0.0595
     23 C 3py     0.0481
    23 C 3dx2-y2  0.0454
     14 C 3pz     0.0435
     26 C 3dyz    0.0431
     23 C 3pz     0.0430
     26 C 3pz     0.0424
     26 C 3dxy    0.0415
     14 C 3py     0.0382
     14 C 3dxz    0.0379
     23 C 3dxz    0.0294
     26 C 3px     0.0287
     14 C 3dz^2   0.0231
     23 C 3dz^2   0.0230
     26 C 3dz^2   0.0227
     27 C 3px     0.0196
     13 C 3px     0.0195
     14 C 2s      0.0187
     23 C 2s      0.0185
     24 C 3py     0.0182
     26 C 2s      0.0177
     25 C 3py     0.0160
     15 C 3py     0.0154
     23 C 3dyz    0.0153
     26 C 2py     0.0141
     22 C 3dz^2   0.0140
     14 C 2px     0.0122
     33 C 3py     0.0118
     33 C 3px     0.0106
LAS occupied orbitals: 30
LAS virtual orbitals: 127
CCSD time: 89.394404 s
LNO-MP2 Orbital Energy: -0.12045842
LNO-CCSD Orbital Energy: -0.11992546
Calculating Effective Active Space One-electron Integrals
number of active occupied orbitals 30
number of active virtual orbitals 127
DF loop 0 number of DF vectors 240
DF loop 1 number of DF vectors 240
DF loop 2 number of DF vectors 240
DF loop 3 number of DF vectors 240
DF loop 4 number of DF vectors 240
DF loop 5 number of DF vectors 240
DF loop 6 number of DF vectors 240
DF loop 7 number of DF vectors 240
DF loop 8 number of DF vectors 240
DF loop 9 number of DF vectors 240
DF loop 10 number of DF vectors 240
DF loop 11 number of DF vectors 240
DF loop 12 number of DF vectors 240
DF loop 13 number of DF vectors 240
DF loop 14 number of DF vectors 240
DF loop 15 number of DF vectors 240
DF loop 16 number of DF vectors 240
DF loop 17 number of DF vectors 114
build JK time: 5.616954 s
build ecore time: 0.197082 s
build h1eff time: 5.890321 s
Generating Cholesky Integrals
Composing AO ERIs from DF basis
Raw CDERI in LAS shape: (4194, 12403)
Compress CDERI into LAS Cholesky Vectors by SVD
Cholesky cutoff: 1e-05
Build effective h0 and h1 time: 6.031075 s
Build CDERI in LAS time: 5.541721 s
Compress CDERI to LAS Choleskey Vectors time: 2.638379 s
Build Integral total time: 14.211484 s
Finished calculating Cholesky integrals
Size of the correlation space
Number of electrons: (30,30)
Number of basis functions: 157
Cholesky shape: (1476, 157, 157)
running AFQMC on GPU
Hostname: gpua059.delta.ncsa.illinois.edu
System Type: Linux
Machine Type: x86_64
Processor: x86_64
Using GPU.
System: Linux
Node Name: gpua059.delta.ncsa.illinois.edu
Release: 5.14.0-427.91.1.el9_4.x86_64
Version: #1 SMP PREEMPT_DYNAMIC Wed Sep 17 10:08:59 EDT 2025
Machine: x86_64
Processor: x86_64
AFQMC script: /u/yzhang65/myprojects/software/afqmc/afqmc/lno_afqmc/ccsd_pt2/run_afqmc.py
---------------------------- AFQMC Sampling Started ----------------------------
Hostname: gpua059.delta.ncsa.illinois.edu
System Type: Linux
Machine Type: x86_64
Processor: x86_64
Using GPU.
System: Linux
Node Name: gpua059.delta.ncsa.illinois.edu
Release: 5.14.0-427.91.1.el9_4.x86_64
Version: #1 SMP PREEMPT_DYNAMIC Wed Sep 17 10:08:59 EDT 2025
Machine: x86_64
Processor: x86_64
Trial: ccsd_pt2(norb=157, nelec=(30, 30), n_batch=1, nchol_chunk=100, mix_precision=True)
Sampler: sampler_pt2(n_prop_steps=50, n_blocks=500, n_chol=1476)
norb: 157
nelec: (30, 30)
nchol: 1476
n_eql: 100
n_prop_steps: 50
n_blocks: 500
n_walkers: 300
nchol_chunk: 100
mix_precision: True
n_batch: 1
seed: 6578
walker_type: rhf
trial: ccsd_pt2
dt: 0.005
use_gpu: True
max_error: 5.892556509887897e-05
n_exp_terms: 6
Propagating with 300 walkers
Initial Orbital energy: -0.119930
-------------------------------- Equilibration ---------------------------------
inv_T        energy   runTime
 0.00  -2055.865063     14.83
 2.50  -2057.171573     25.69
 5.00  -2057.196406     31.26
 7.50  -2057.224444     36.83
10.00  -2057.223302     42.41
12.50  -2057.207495     47.98
15.00  -2057.236882     53.55
17.50  -2057.172647     59.11
20.00  -2057.218151     64.68
22.50  -2057.278092     70.24
25.00  -2057.228010     75.81
------------------------------- Sampling Blocks --------------------------------
Target Final Error ~ 0.000059
   N      E(Guide)     Error      E(Orb)     Error  Kill_WK      Time
  20  -2057.214343  0.008094   -0.126941  0.000617        0    132.23
  40  -2057.211292  0.004754   -0.126592  0.000337        0    178.07
  60  -2057.209022  0.003602   -0.126399  0.000250        0    223.92
  80  -2057.209529  0.003255   -0.126261  0.000210        0    269.77
 100  -2057.212084  0.003035   -0.126174  0.000175        0    315.64
 120  -2057.212558  0.002709   -0.126022  0.000154        0    361.51
 140  -2057.215805  0.002649   -0.126095  0.000140        0    407.37
 160  -2057.215681  0.002393   -0.126137  0.000129        0    453.22
 180  -2057.215204  0.002219   -0.126161  0.000120        0    499.06
 200  -2057.215430  0.002099   -0.126240  0.000117        0    544.94
 220  -2057.215282  0.001968   -0.126296  0.000111        0    590.84
 240  -2057.215531  0.001909   -0.126258  0.000103        0    636.69
 260  -2057.216905  0.001850   -0.126293  0.000098        0    682.53
 280  -2057.216009  0.001756   -0.126261  0.000092        0    728.39
 300  -2057.216420  0.001712   -0.126283  0.000088        0    774.26
 320  -2057.215855  0.001632   -0.126279  0.000085        0    820.15
 340  -2057.216158  0.001578   -0.126336  0.000083        0    866.03
 360  -2057.215429  0.001538   -0.126323  0.000081        0    911.89
 380  -2057.215270  0.001484   -0.126325  0.000079        0    957.75
 400  -2057.215374  0.001438   -0.126331  0.000077        0   1003.60
 420  -2057.215655  0.001393   -0.126306  0.000075        0   1049.46
 440  -2057.215540  0.001386   -0.126295  0.000074        0   1095.34
 460  -2057.216438  0.001376   -0.126291  0.000072        0   1141.20
 480  -2057.216497  0.001347   -0.126297  0.000070        0   1187.02
 500  -2057.217320  0.001316   -0.126314  0.000069        0   1232.81
------------------------------- Post Propagation -------------------------------
Total number of samples 500
Raw AFQMC/HF Energy: -2057.217320 +/- 0.001316
Raw AFQMC/pt2CCSD Orbital Energy (covariance): -0.126314 +/- 0.000069
Raw AFQMC/pt2CCSD Orbital Energy (direct obs): -0.126314 +/- 0.000058
------------------------------ Clean Observation -------------------------------
Energy bound [-0.150982, -0.101311]
Removed 0 Outliers
Outliers Orbital Energy []
Clean AFQMC/pt2CCSD Orbital Energy (covariance): -0.126314 +/- 0.000069
Clean AFQMC/pt2CCSD Orbital Energy (direct obs): -0.126314 +/- 0.000058
------------------------------ Blocking Analysis -------------------------------
nsample = 500, max_block_size = 25, min_nblocks = 20
Blk_SZ   NBlk   NSmp      Energy     Error    dError
     1    500    500   -0.126280  0.000058  0.000002
     2    250    500   -0.126288  0.000068  0.000003
     3    166    498   -0.126294  0.000068  0.000004
     4    125    500   -0.126293  0.000078  0.000005
     5    100    500   -0.126296  0.000070  0.000005
     6     83    498   -0.126302  0.000076  0.000006
     7     71    497   -0.126303  0.000074  0.000006
     8     62    496   -0.126302  0.000085  0.000008
     9     55    495   -0.126305  0.000084  0.000008
    10     50    500   -0.126304  0.000085  0.000009
    11     45    495   -0.126308  0.000086  0.000009
    12     41    492   -0.126313  0.000089  0.000010
    13     38    494   -0.126313  0.000079  0.000009
    14     35    490   -0.126304  0.000075  0.000009
    15     33    495   -0.126309  0.000083  0.000010
    16     31    496   -0.126309  0.000089  0.000012
    17     29    493   -0.126316  0.000097  0.000013
    18     27    486   -0.126307  0.000089  0.000012
    19     26    494   -0.126315  0.000088  0.000012
    20     25    500   -0.126309  0.000091  0.000013
    21     23    483   -0.126304  0.000082  0.000012
    22     22    484   -0.126305  0.000082  0.000013
    23     21    483   -0.126301  0.000091  0.000014
    24     20    480   -0.126292  0.000100  0.000016
    25     20    500   -0.126308  0.000087  0.000014
Fit: plateau = 0.000087 ± 0.000004
     autocorrelation length ~ 4.4 blocks
     plateau reached at block size ~ 17
Blocked AFQMC/pt2CCSD Orbital Energy: -0.126314 +/- 0.000087
total run time: 1232.82
--------------------------- AFQMC Sampling Finished ----------------------------


======================== restricted LNO-FRAGMENT 24/72 =========================
Center Atom C
AOs with contribution > 0.01
        AO Label     Amp
     23 C 1s      0.8759
     23 C 2py     0.4810
     23 C 2px     0.4805
     23 C 2pz     0.4675
     23 C 2s      0.3694
     23 C 3pz     0.2610
     23 C 3s      0.1881
     23 C 3py     0.1448
     23 C 3px     0.1445
    24 C 3dx2-y2  0.0868
     24 C 3py     0.0844
     22 C 3dxy    0.0839
     27 C 3px     0.0745
     27 C 3dxy    0.0664
     22 C 3px     0.0658
    27 C 3dx2-y2  0.0609
     24 C 3s      0.0600
     22 C 3s      0.0599
     27 C 3s      0.0594
     22 C 3py     0.0479
    22 C 3dx2-y2  0.0453
     24 C 3dyz    0.0449
     24 C 3pz     0.0434
     22 C 3pz     0.0431
     24 C 3dxy    0.0427
     27 C 3pz     0.0423
     27 C 3py     0.0371
     27 C 3dxz    0.0360
     22 C 3dxz    0.0293
     24 C 3px     0.0293
     24 C 3dz^2   0.0230
     22 C 3dz^2   0.0230
     27 C 3dz^2   0.0227
     14 C 3px     0.0202
     28 C 3px     0.0202
     24 C 2s      0.0186
     22 C 2s      0.0185
     26 C 3py     0.0179
     27 C 2s      0.0176
     34 C 3py     0.0162
     30 C 3py     0.0156
     22 C 3dyz    0.0154
     24 C 2py     0.0143
     23 C 3dz^2   0.0140
     21 C 3py     0.0121
     27 C 2px     0.0120
LAS occupied orbitals: 30
LAS virtual orbitals: 127
CCSD time: 89.495422 s
LNO-MP2 Orbital Energy: -0.12054302
LNO-CCSD Orbital Energy: -0.12000107
Calculating Effective Active Space One-electron Integrals
number of active occupied orbitals 30
number of active virtual orbitals 127
DF loop 0 number of DF vectors 240
DF loop 1 number of DF vectors 240
DF loop 2 number of DF vectors 240
DF loop 3 number of DF vectors 240
DF loop 4 number of DF vectors 240
DF loop 5 number of DF vectors 240
DF loop 6 number of DF vectors 240
DF loop 7 number of DF vectors 240
DF loop 8 number of DF vectors 240
DF loop 9 number of DF vectors 240
DF loop 10 number of DF vectors 240
DF loop 11 number of DF vectors 240
DF loop 12 number of DF vectors 240
DF loop 13 number of DF vectors 240
DF loop 14 number of DF vectors 240
DF loop 15 number of DF vectors 240
DF loop 16 number of DF vectors 240
DF loop 17 number of DF vectors 114
build JK time: 5.635322 s
build ecore time: 0.197115 s
build h1eff time: 5.909347 s
Generating Cholesky Integrals
Composing AO ERIs from DF basis
Raw CDERI in LAS shape: (4194, 12403)
Compress CDERI into LAS Cholesky Vectors by SVD
Cholesky cutoff: 1e-05
Build effective h0 and h1 time: 6.051725 s
Build CDERI in LAS time: 5.532176 s
Compress CDERI to LAS Choleskey Vectors time: 2.623865 s
Build Integral total time: 14.208069 s
Finished calculating Cholesky integrals
Size of the correlation space
Number of electrons: (30,30)
Number of basis functions: 157
Cholesky shape: (1479, 157, 157)
running AFQMC on GPU
Hostname: gpua059.delta.ncsa.illinois.edu
System Type: Linux
Machine Type: x86_64
Processor: x86_64
Using GPU.
System: Linux
Node Name: gpua059.delta.ncsa.illinois.edu
Release: 5.14.0-427.91.1.el9_4.x86_64
Version: #1 SMP PREEMPT_DYNAMIC Wed Sep 17 10:08:59 EDT 2025
Machine: x86_64
Processor: x86_64
AFQMC script: /u/yzhang65/myprojects/software/afqmc/afqmc/lno_afqmc/ccsd_pt2/run_afqmc.py
---------------------------- AFQMC Sampling Started ----------------------------
Hostname: gpua059.delta.ncsa.illinois.edu
System Type: Linux
Machine Type: x86_64
Processor: x86_64
Using GPU.
System: Linux
Node Name: gpua059.delta.ncsa.illinois.edu
Release: 5.14.0-427.91.1.el9_4.x86_64
Version: #1 SMP PREEMPT_DYNAMIC Wed Sep 17 10:08:59 EDT 2025
Machine: x86_64
Processor: x86_64
Trial: ccsd_pt2(norb=157, nelec=(30, 30), n_batch=1, nchol_chunk=100, mix_precision=True)
Sampler: sampler_pt2(n_prop_steps=50, n_blocks=500, n_chol=1479)
norb: 157
nelec: (30, 30)
nchol: 1479
n_eql: 100
n_prop_steps: 50
n_blocks: 500
n_walkers: 300
nchol_chunk: 100
mix_precision: True
n_batch: 1
seed: 277
walker_type: rhf
trial: ccsd_pt2
dt: 0.005
use_gpu: True
max_error: 5.892556509887897e-05
n_exp_terms: 6
Propagating with 300 walkers
Initial Orbital energy: -0.120006
-------------------------------- Equilibration ---------------------------------
inv_T        energy   runTime
 0.00  -2055.865063     14.90
 2.50  -2057.135573     25.78
 5.00  -2057.237479     31.32
 7.50  -2057.205916     36.86
10.00  -2057.244152     42.41
12.50  -2057.286192     47.96
15.00  -2057.207457     53.49
17.50  -2057.207108     59.03
20.00  -2057.229008     64.57
22.50  -2057.220777     70.11
25.00  -2057.199963     75.65
------------------------------- Sampling Blocks --------------------------------
Target Final Error ~ 0.000059
   N      E(Guide)     Error      E(Orb)     Error  Kill_WK      Time
  20  -2057.236721  0.005834   -0.126858  0.000369        0    131.98
  40  -2057.234740  0.004127   -0.127199  0.000293        0    177.83
  60  -2057.234597  0.003621   -0.126990  0.000212        0    223.69
  80  -2057.239196  0.003178   -0.127017  0.000185        0    269.54
 100  -2057.232182  0.003151   -0.126958  0.000164        0    315.37
 120  -2057.232902  0.002841   -0.126939  0.000165        0    361.19
 140  -2057.233534  0.002685   -0.127092  0.000179        0    407.04
 160  -2057.231931  0.002566   -0.126982  0.000164        0    452.89
 180  -2057.230715  0.002422   -0.126905  0.000150        0    498.75
 200  -2057.228927  0.002310   -0.126848  0.000138        0    544.59
 220  -2057.228593  0.002177   -0.126808  0.000129        0    590.42
 240  -2057.227663  0.002020   -0.126758  0.000120        0    636.26
 260  -2057.226534  0.001933   -0.126749  0.000114        0    682.11
 280  -2057.226758  0.001830   -0.126747  0.000108        0    727.98
 300  -2057.226427  0.001772   -0.126705  0.000103        0    773.84
 320  -2057.225247  0.001727   -0.126703  0.000098        0    819.66
 340  -2057.226415  0.001672   -0.126774  0.000102        0    865.48
 360  -2057.227747  0.001655   -0.126863  0.000103        0    911.30
 380  -2057.226090  0.001664   -0.126819  0.000100        0    957.16
 400  -2057.225534  0.001626   -0.126785  0.000096        0   1003.02
 420  -2057.226655  0.001590   -0.126811  0.000093        0   1048.86
 440  -2057.226544  0.001538   -0.126808  0.000090        0   1094.71
 460  -2057.226725  0.001489   -0.126786  0.000087        0   1140.55
 480  -2057.226217  0.001445   -0.126772  0.000085        0   1187.24
 500  -2057.225769  0.001428   -0.126843  0.000096        0   1233.10
------------------------------- Post Propagation -------------------------------
Total number of samples 500
Raw AFQMC/HF Energy: -2057.225769 +/- 0.001428
Raw AFQMC/pt2CCSD Orbital Energy (covariance): -0.126843 +/- 0.000096
Raw AFQMC/pt2CCSD Orbital Energy (direct obs): -0.126843 +/- 0.000083
------------------------------ Clean Observation -------------------------------
Energy bound [-0.151344, -0.101515]
Removed 0 Outliers
Outliers Orbital Energy []
Clean AFQMC/pt2CCSD Orbital Energy (covariance): -0.126843 +/- 0.000096
Clean AFQMC/pt2CCSD Orbital Energy (direct obs): -0.126843 +/- 0.000083
------------------------------ Blocking Analysis -------------------------------
nsample = 500, max_block_size = 25, min_nblocks = 20
Blk_SZ   NBlk   NSmp      Energy     Error    dError
     1    500    500   -0.126794  0.000083  0.000003
     2    250    500   -0.126802  0.000102  0.000005
     3    166    498   -0.126809  0.000105  0.000006
     4    125    500   -0.126809  0.000120  0.000008
     5    100    500   -0.126815  0.000119  0.000008
     6     83    498   -0.126819  0.000130  0.000010
     7     71    497   -0.126826  0.000122  0.000010
     8     62    496   -0.126822  0.000133  0.000012
     9     55    495   -0.126825  0.000139  0.000013
    10     50    500   -0.126827  0.000130  0.000013
    11     45    495   -0.126830  0.000141  0.000015
    12     41    492   -0.126831  0.000142  0.000016
    13     38    494   -0.126834  0.000139  0.000016
    14     35    490   -0.126825  0.000127  0.000015
    15     33    495   -0.126831  0.000151  0.000019
    16     31    496   -0.126833  0.000132  0.000017
    17     29    493   -0.126835  0.000142  0.000019
    18     27    486   -0.126750  0.000128  0.000018
    19     26    494   -0.126837  0.000145  0.000020
    20     25    500   -0.126831  0.000145  0.000021
    21     23    483   -0.126751  0.000123  0.000018
    22     22    484   -0.126759  0.000103  0.000016
    23     21    483   -0.126758  0.000112  0.000018
    24     20    480   -0.126760  0.000138  0.000022
    25     20    500   -0.126836  0.000121  0.000020
Fit: plateau = 0.000132 ± 0.000004
     autocorrelation length ~ 2.5 blocks
     plateau reached at block size ~ 10
Blocked AFQMC/pt2CCSD Orbital Energy: -0.126843 +/- 0.000132
total run time: 1233.11
--------------------------- AFQMC Sampling Finished ----------------------------


======================== restricted LNO-FRAGMENT 25/72 =========================
Center Atom C
AOs with contribution > 0.01
        AO Label     Amp
     24 C 1s      0.8754
     24 C 2px     0.4806
     24 C 2py     0.4804
     24 C 2pz     0.4673
     24 C 2s      0.3690
     24 C 3pz     0.2598
     24 C 3s      0.1875
     24 C 3py     0.1445
     24 C 3px     0.1444
    23 C 3dx2-y2  0.0869
     30 C 3dxy    0.0842
     23 C 3py     0.0840
     21 C 3px     0.0752
     21 C 3dxy    0.0668
     30 C 3px     0.0655
    21 C 3dx2-y2  0.0612
     30 C 3s      0.0600
     23 C 3s      0.0600
     21 C 3s      0.0595
     30 C 3py     0.0479
    30 C 3dx2-y2  0.0457
     23 C 3dyz    0.0446
     23 C 3pz     0.0434
     30 C 3pz     0.0433
     23 C 3dxy    0.0429
     21 C 3pz     0.0427
     21 C 3py     0.0379
     21 C 3dxz    0.0369
     30 C 3dxz    0.0296
     23 C 3px     0.0293
     30 C 3dz^2   0.0230
     23 C 3dz^2   0.0230
     21 C 3dz^2   0.0228
     29 C 3px     0.0199
     15 C 3px     0.0194
     30 C 2s      0.0187
     23 C 2s      0.0187
     32 C 3py     0.0183
     21 C 2s      0.0182
     22 C 3py     0.0156
     30 C 3dyz    0.0154
     20 C 3py     0.0154
     23 C 2py     0.0143
     24 C 3dz^2   0.0141
     21 C 2px     0.0119
     27 C 3py     0.0119
LAS occupied orbitals: 29
LAS virtual orbitals: 126
CCSD time: 67.625417 s
LNO-MP2 Orbital Energy: -0.12023822
LNO-CCSD Orbital Energy: -0.11978540
Calculating Effective Active Space One-electron Integrals
number of active occupied orbitals 29
number of active virtual orbitals 126
DF loop 0 number of DF vectors 240
DF loop 1 number of DF vectors 240
DF loop 2 number of DF vectors 240
DF loop 3 number of DF vectors 240
DF loop 4 number of DF vectors 240
DF loop 5 number of DF vectors 240
DF loop 6 number of DF vectors 240
DF loop 7 number of DF vectors 240
DF loop 8 number of DF vectors 240
DF loop 9 number of DF vectors 240
DF loop 10 number of DF vectors 240
DF loop 11 number of DF vectors 240
DF loop 12 number of DF vectors 240
DF loop 13 number of DF vectors 240
DF loop 14 number of DF vectors 240
DF loop 15 number of DF vectors 240
DF loop 16 number of DF vectors 240
DF loop 17 number of DF vectors 114
build JK time: 5.629320 s
build ecore time: 0.211565 s
build h1eff time: 5.918702 s
Generating Cholesky Integrals
Composing AO ERIs from DF basis
Raw CDERI in LAS shape: (4194, 12090)
Compress CDERI into LAS Cholesky Vectors by SVD
Cholesky cutoff: 1e-05
Build effective h0 and h1 time: 6.060184 s
Build CDERI in LAS time: 5.464235 s
Compress CDERI to LAS Choleskey Vectors time: 2.652768 s
Build Integral total time: 14.177488 s
Finished calculating Cholesky integrals
Size of the correlation space
Number of electrons: (29,29)
Number of basis functions: 155
Cholesky shape: (1515, 155, 155)
running AFQMC on GPU
Hostname: gpua059.delta.ncsa.illinois.edu
System Type: Linux
Machine Type: x86_64
Processor: x86_64
Using GPU.
System: Linux
Node Name: gpua059.delta.ncsa.illinois.edu
Release: 5.14.0-427.91.1.el9_4.x86_64
Version: #1 SMP PREEMPT_DYNAMIC Wed Sep 17 10:08:59 EDT 2025
Machine: x86_64
Processor: x86_64
AFQMC script: /u/yzhang65/myprojects/software/afqmc/afqmc/lno_afqmc/ccsd_pt2/run_afqmc.py
---------------------------- AFQMC Sampling Started ----------------------------
Hostname: gpua059.delta.ncsa.illinois.edu
System Type: Linux
Machine Type: x86_64
Processor: x86_64
Using GPU.
System: Linux
Node Name: gpua059.delta.ncsa.illinois.edu
Release: 5.14.0-427.91.1.el9_4.x86_64
Version: #1 SMP PREEMPT_DYNAMIC Wed Sep 17 10:08:59 EDT 2025
Machine: x86_64
Processor: x86_64
Trial: ccsd_pt2(norb=155, nelec=(29, 29), n_batch=1, nchol_chunk=100, mix_precision=True)
Sampler: sampler_pt2(n_prop_steps=50, n_blocks=500, n_chol=1515)
norb: 155
nelec: (29, 29)
nchol: 1515
n_eql: 100
n_prop_steps: 50
n_blocks: 500
n_walkers: 300
nchol_chunk: 100
mix_precision: True
n_batch: 1
seed: 4400
walker_type: rhf
trial: ccsd_pt2
dt: 0.005
use_gpu: True
max_error: 5.892556509887897e-05
n_exp_terms: 6
Propagating with 300 walkers
Initial Orbital energy: -0.119787
-------------------------------- Equilibration ---------------------------------
inv_T        energy   runTime
 0.00  -2055.865060     14.92
 2.50  -2057.136091     25.73
 5.00  -2057.101062     31.15
 7.50  -2057.191834     36.57
10.00  -2057.195650     41.99
12.50  -2057.190539     47.41
15.00  -2057.171984     52.83
17.50  -2057.202907     58.25
20.00  -2057.166086     63.67
22.50  -2057.205550     69.12
25.00  -2057.139444     74.54
------------------------------- Sampling Blocks --------------------------------
Target Final Error ~ 0.000059
   N      E(Guide)     Error      E(Orb)     Error  Kill_WK      Time
  20  -2057.173759  0.006234   -0.126195  0.000292        0    130.56
  40  -2057.186407  0.004697   -0.126379  0.000274        0    175.68
  60  -2057.192450  0.003750   -0.126944  0.000360        0    220.79
  80  -2057.194279  0.003150   -0.126794  0.000287        0    265.89
 100  -2057.193888  0.002756   -0.126692  0.000239        0    311.00
 120  -2057.197915  0.002544   -0.126744  0.000212        0    356.10
 140  -2057.198957  0.002328   -0.126621  0.000186        0    401.23
 160  -2057.199241  0.002139   -0.126605  0.000168        0    446.35
 180  -2057.198168  0.002003   -0.126563  0.000155        0    491.47
 200  -2057.196969  0.001921   -0.126524  0.000142        0    536.55
 220  -2057.196636  0.001857   -0.126517  0.000136        0    581.67
 240  -2057.194785  0.001808   -0.126447  0.000127        0    626.80
 260  -2057.194982  0.001696   -0.126391  0.000121        0    676.40
 280  -2057.194567  0.001615   -0.126386  0.000114        0    721.50
 300  -2057.193772  0.001552   -0.126325  0.000109        0    766.58
 320  -2057.193931  0.001494   -0.126330  0.000104        0    811.67
 340  -2057.193942  0.001433   -0.126308  0.000100        0    856.78
 360  -2057.194237  0.001378   -0.126303  0.000095        0    901.90
 380  -2057.195509  0.001373   -0.126316  0.000091        0    947.03
 400  -2057.194756  0.001338   -0.126300  0.000088        0    992.13
 420  -2057.194105  0.001316   -0.126295  0.000085        0   1037.21
 440  -2057.193759  0.001279   -0.126271  0.000083        0   1082.30
 460  -2057.192439  0.001274   -0.126231  0.000081        0   1127.40
 480  -2057.192610  0.001240   -0.126227  0.000078        0   1172.55
 500  -2057.192908  0.001216   -0.126237  0.000077        0   1217.67
------------------------------- Post Propagation -------------------------------
Total number of samples 500
Raw AFQMC/HF Energy: -2057.192908 +/- 0.001216
Raw AFQMC/pt2CCSD Orbital Energy (covariance): -0.126237 +/- 0.000077
Raw AFQMC/pt2CCSD Orbital Energy (direct obs): -0.126237 +/- 0.000066
------------------------------ Clean Observation -------------------------------
Energy bound [-0.149941, -0.102060]
Removed 0 Outliers
Outliers Orbital Energy []
Clean AFQMC/pt2CCSD Orbital Energy (covariance): -0.126237 +/- 0.000077
Clean AFQMC/pt2CCSD Orbital Energy (direct obs): -0.126237 +/- 0.000066
------------------------------ Blocking Analysis -------------------------------
nsample = 500, max_block_size = 25, min_nblocks = 20
Blk_SZ   NBlk   NSmp      Energy     Error    dError
     1    500    500   -0.126204  0.000066  0.000002
     2    250    500   -0.126211  0.000077  0.000003
     3    166    498   -0.126215  0.000081  0.000004
     4    125    500   -0.126217  0.000087  0.000006
     5    100    500   -0.126222  0.000088  0.000006
     6     83    498   -0.126220  0.000087  0.000007
     7     71    497   -0.126224  0.000093  0.000008
     8     62    496   -0.126226  0.000093  0.000008
     9     55    495   -0.126227  0.000094  0.000009
    10     50    500   -0.126223  0.000100  0.000010
    11     45    495   -0.126230  0.000096  0.000010
    12     41    492   -0.126222  0.000098  0.000011
    13     38    494   -0.126227  0.000107  0.000012
    14     35    490   -0.126225  0.000104  0.000013
    15     33    495   -0.126231  0.000102  0.000013
    16     31    496   -0.126232  0.000110  0.000014
    17     29    493   -0.126222  0.000121  0.000016
    18     27    486   -0.126225  0.000104  0.000014
    19     26    494   -0.126228  0.000101  0.000014
    20     25    500   -0.126228  0.000108  0.000016
    21     23    483   -0.126214  0.000112  0.000017
    22     22    484   -0.126221  0.000125  0.000019
    23     21    483   -0.126217  0.000121  0.000019
    24     20    480   -0.126220  0.000115  0.000019
    25     20    500   -0.126231  0.000107  0.000017
Fit: plateau = 0.000110 ± 0.000006
     autocorrelation length ~ 6.1 blocks
     plateau reached at block size ~ 24
Blocked AFQMC/pt2CCSD Orbital Energy: -0.126237 +/- 0.000110
total run time: 1220.18
--------------------------- AFQMC Sampling Finished ----------------------------


======================== restricted LNO-FRAGMENT 26/72 =========================
Center Atom C
AOs with contribution > 0.01
        AO Label     Amp
     25 C 1s      0.8760
     25 C 2px     0.4791
     25 C 2py     0.4730
     25 C 2pz     0.4586
     25 C 2s      0.3754
     25 C 3pz     0.2946
     59 H 2py     0.1953
     25 C 3s      0.1908
     25 C 3px     0.1619
     25 C 3py     0.1417
     26 C 3dxy    0.0849
     12 C 3px     0.0774
     12 C 3dxy    0.0687
     59 H 1s      0.0684
     26 C 3px     0.0671
    12 C 3dx2-y2  0.0648
     59 H 2s      0.0630
     12 C 3s      0.0628
     26 C 3s      0.0625
     26 C 3py     0.0522
     59 H 2px     0.0510
    26 C 3dx2-y2  0.0482
     59 H 2pz     0.0482
     12 C 3pz     0.0474
     26 C 3pz     0.0473
     12 C 3py     0.0418
     12 C 3dxz    0.0409
     26 C 3dxz    0.0324
     12 C 3dz^2   0.0237
     26 C 3dz^2   0.0235
     33 C 3px     0.0213
     11 C 3px     0.0208
     12 C 2s      0.0197
     26 C 2s      0.0195
     22 C 3py     0.0186
     26 C 3dyz    0.0161
     13 C 3py     0.0159
     12 C 2px     0.0128
     25 C 3dz^2   0.0121
     25 C 3dxy    0.0108
     26 C 2px     0.0103
LAS occupied orbitals: 29
LAS virtual orbitals: 119
CCSD time: 67.155807 s
LNO-MP2 Orbital Energy: -0.11642767
LNO-CCSD Orbital Energy: -0.11898320
Calculating Effective Active Space One-electron Integrals
number of active occupied orbitals 29
number of active virtual orbitals 119
DF loop 0 number of DF vectors 240
DF loop 1 number of DF vectors 240
DF loop 2 number of DF vectors 240
DF loop 3 number of DF vectors 240
DF loop 4 number of DF vectors 240
DF loop 5 number of DF vectors 240
DF loop 6 number of DF vectors 240
DF loop 7 number of DF vectors 240
DF loop 8 number of DF vectors 240
DF loop 9 number of DF vectors 240
DF loop 10 number of DF vectors 240
DF loop 11 number of DF vectors 240
DF loop 12 number of DF vectors 240
DF loop 13 number of DF vectors 240
DF loop 14 number of DF vectors 240
DF loop 15 number of DF vectors 240
DF loop 16 number of DF vectors 240
DF loop 17 number of DF vectors 114
build JK time: 6.061598 s
build ecore time: 0.205228 s
build h1eff time: 6.470882 s
Generating Cholesky Integrals
Composing AO ERIs from DF basis
Raw CDERI in LAS shape: (4194, 11026)
Compress CDERI into LAS Cholesky Vectors by SVD
Cholesky cutoff: 1e-05
Build effective h0 and h1 time: 7.183839 s
Build CDERI in LAS time: 5.763539 s
Compress CDERI to LAS Choleskey Vectors time: 2.958405 s
Build Integral total time: 15.906252 s
Finished calculating Cholesky integrals
Size of the correlation space
Number of electrons: (29,29)
Number of basis functions: 148
Cholesky shape: (1376, 148, 148)
running AFQMC on GPU
Hostname: gpua059.delta.ncsa.illinois.edu
System Type: Linux
Machine Type: x86_64
Processor: x86_64
Using GPU.
System: Linux
Node Name: gpua059.delta.ncsa.illinois.edu
Release: 5.14.0-427.91.1.el9_4.x86_64
Version: #1 SMP PREEMPT_DYNAMIC Wed Sep 17 10:08:59 EDT 2025
Machine: x86_64
Processor: x86_64
AFQMC script: /u/yzhang65/myprojects/software/afqmc/afqmc/lno_afqmc/ccsd_pt2/run_afqmc.py
---------------------------- AFQMC Sampling Started ----------------------------
Hostname: gpua059.delta.ncsa.illinois.edu
System Type: Linux
Machine Type: x86_64
Processor: x86_64
Using GPU.
System: Linux
Node Name: gpua059.delta.ncsa.illinois.edu
Release: 5.14.0-427.91.1.el9_4.x86_64
Version: #1 SMP PREEMPT_DYNAMIC Wed Sep 17 10:08:59 EDT 2025
Machine: x86_64
Processor: x86_64
Trial: ccsd_pt2(norb=148, nelec=(29, 29), n_batch=1, nchol_chunk=100, mix_precision=True)
Sampler: sampler_pt2(n_prop_steps=50, n_blocks=500, n_chol=1376)
norb: 148
nelec: (29, 29)
nchol: 1376
n_eql: 100
n_prop_steps: 50
n_blocks: 500
n_walkers: 300
nchol_chunk: 100
mix_precision: True
n_batch: 1
seed: 4961
walker_type: rhf
trial: ccsd_pt2
dt: 0.005
use_gpu: True
max_error: 5.892556509887897e-05
n_exp_terms: 6
Propagating with 300 walkers
Initial Orbital energy: -0.118978
-------------------------------- Equilibration ---------------------------------
inv_T        energy   runTime
 0.00  -2055.865063     59.23
 2.50  -2057.065022     69.70
 5.00  -2057.125586     74.39
 7.50  -2057.107178     79.07
10.00  -2057.088562     83.75
12.50  -2057.109360     88.43
15.00  -2057.148063     93.11
17.50  -2057.098193     97.79
20.00  -2057.099650    102.47
22.50  -2057.159077    107.16
25.00  -2057.116452    111.84
------------------------------- Sampling Blocks --------------------------------
Target Final Error ~ 0.000059
   N      E(Guide)     Error      E(Orb)     Error  Kill_WK      Time
  20  -2057.100427  0.005493   -0.125928  0.000443        0    160.05
  40  -2057.118697  0.006383   -0.125013  0.000309        0    197.79
  60  -2057.114026  0.004608   -0.125017  0.000237        0    235.55
  80  -2057.112283  0.003580   -0.124969  0.000197        0    273.31
 100  -2057.112416  0.003163   -0.125202  0.000189        0    311.11
 120  -2057.109264  0.002811   -0.125149  0.000170        0    348.85
 140  -2057.109550  0.002507   -0.125086  0.000153        0    386.57
 160  -2057.107200  0.002483   -0.124982  0.000139        0    424.32
 180  -2057.106777  0.002299   -0.124953  0.000126        0    462.06
 200  -2057.108157  0.002165   -0.125049  0.000120        0    499.83
 220  -2057.108450  0.002077   -0.125096  0.000122        0    537.61
 240  -2057.109550  0.001966   -0.125151  0.000119        0    575.36
 260  -2057.109566  0.001854   -0.125145  0.000112        0    613.13
 280  -2057.108322  0.001771   -0.125088  0.000106        0    650.86
 300  -2057.109493  0.001747   -0.125038  0.000100        0    688.62
 320  -2057.109251  0.001676   -0.125018  0.000095        0    726.40
 340  -2057.110478  0.001625   -0.125005  0.000092        0    764.17
 360  -2057.110043  0.001557   -0.125003  0.000088        0    801.94
 380  -2057.109808  0.001546   -0.125018  0.000088        0    839.71
 400  -2057.110256  0.001486   -0.125005  0.000085        0    877.44
 420  -2057.110184  0.001438   -0.124992  0.000083        0    915.19
 440  -2057.109260  0.001415   -0.124988  0.000081        0    952.96
 460  -2057.109331  0.001382   -0.125000  0.000078        0    990.74
 480  -2057.109690  0.001342   -0.125050  0.000078        0   1028.52
 500  -2057.109788  0.001328   -0.125111  0.000084        0   1066.30
------------------------------- Post Propagation -------------------------------
Total number of samples 500
Raw AFQMC/HF Energy: -2057.109788 +/- 0.001328
Raw AFQMC/pt2CCSD Orbital Energy (covariance): -0.125111 +/- 0.000084
Raw AFQMC/pt2CCSD Orbital Energy (direct obs): -0.125111 +/- 0.000075
------------------------------ Clean Observation -------------------------------
Energy bound [-0.150034, -0.099535]
Removed 0 Outliers
Outliers Orbital Energy []
Clean AFQMC/pt2CCSD Orbital Energy (covariance): -0.125111 +/- 0.000084
Clean AFQMC/pt2CCSD Orbital Energy (direct obs): -0.125111 +/- 0.000075
------------------------------ Blocking Analysis -------------------------------
nsample = 500, max_block_size = 25, min_nblocks = 20
Blk_SZ   NBlk   NSmp      Energy     Error    dError
     1    500    500   -0.125079  0.000075  0.000002
     2    250    500   -0.125087  0.000083  0.000004
     3    166    498   -0.125088  0.000089  0.000005
     4    125    500   -0.125093  0.000099  0.000006
     5    100    500   -0.125101  0.000098  0.000007
     6     83    498   -0.125100  0.000101  0.000008
     7     71    497   -0.125096  0.000108  0.000009
     8     62    496   -0.125098  0.000108  0.000010
     9     55    495   -0.125097  0.000107  0.000010
    10     50    500   -0.125107  0.000110  0.000011
    11     45    495   -0.125102  0.000110  0.000012
    12     41    492   -0.125092  0.000112  0.000013
    13     38    494   -0.125102  0.000115  0.000013
    14     35    490   -0.125093  0.000121  0.000015
    15     33    495   -0.125104  0.000117  0.000015
    16     31    496   -0.125104  0.000124  0.000016
    17     29    493   -0.125103  0.000132  0.000018
    18     27    486   -0.125064  0.000121  0.000017
    19     26    494   -0.125100  0.000134  0.000019
    20     25    500   -0.125106  0.000132  0.000019
    21     23    483   -0.125053  0.000123  0.000019
    22     22    484   -0.125053  0.000122  0.000019
    23     21    483   -0.125055  0.000128  0.000020
    24     20    480   -0.125048  0.000126  0.000020
    25     20    500   -0.125108  0.000134  0.000022
Fit: plateau = 0.000128 ± 0.000008
     autocorrelation length ~ 7.1 blocks
     plateau reached at block size ~ 28
     !!!Failed to reach plateau in blocking
     Return max block error
Blocked AFQMC/pt2CCSD Orbital Energy: -0.125111 +/- 0.000134
total run time: 1066.35
--------------------------- AFQMC Sampling Finished ----------------------------


======================== restricted LNO-FRAGMENT 27/72 =========================
Center Atom C
AOs with contribution > 0.01
        AO Label     Amp
     26 C 1s      0.8754
     26 C 2py     0.4904
     26 C 2px     0.4796
     26 C 2pz     0.4670
     26 C 2s      0.3709
     26 C 3pz     0.2609
     26 C 3s      0.1879
     26 C 3py     0.1505
     26 C 3px     0.1431
     25 C 3dxy    0.0903
    22 C 3dx2-y2  0.0861
     22 C 3py     0.0842
     33 C 3px     0.0737
     33 C 3dxy    0.0683
     25 C 3px     0.0658
     25 C 3s      0.0625
    33 C 3dx2-y2  0.0617
     33 C 3s      0.0598
     22 C 3s      0.0597
    25 C 3dx2-y2  0.0486
     25 C 3py     0.0477
     25 C 3pz     0.0455
     22 C 3dyz    0.0430
     22 C 3pz     0.0425
     33 C 3pz     0.0418
     22 C 3dxy    0.0412
     33 C 3py     0.0371
     33 C 3dxz    0.0362
     25 C 3dxz    0.0322
     22 C 3px     0.0285
     25 C 3dz^2   0.0240
     33 C 3dz^2   0.0228
     22 C 3dz^2   0.0228
     12 C 3px     0.0207
     34 C 3px     0.0203
     25 C 2s      0.0203
     22 C 2s      0.0182
     33 C 2s      0.0177
     25 C 3dyz    0.0169
     59 H 2s      0.0167
     61 H 2s      0.0162
     23 C 3py     0.0154
     22 C 2py     0.0141
     26 C 3dz^2   0.0138
     33 C 2px     0.0128
     14 C 3py     0.0120
     25 C 2px     0.0114
LAS occupied orbitals: 26
LAS virtual orbitals: 115
CCSD time: 57.421459 s
LNO-MP2 Orbital Energy: -0.11704813
LNO-CCSD Orbital Energy: -0.11768785
Calculating Effective Active Space One-electron Integrals
number of active occupied orbitals 26
number of active virtual orbitals 115
DF loop 0 number of DF vectors 240
DF loop 1 number of DF vectors 240
DF loop 2 number of DF vectors 240
DF loop 3 number of DF vectors 240
DF loop 4 number of DF vectors 240
DF loop 5 number of DF vectors 240
DF loop 6 number of DF vectors 240
DF loop 7 number of DF vectors 240
DF loop 8 number of DF vectors 240
DF loop 9 number of DF vectors 240
DF loop 10 number of DF vectors 240
DF loop 11 number of DF vectors 240
DF loop 12 number of DF vectors 240
DF loop 13 number of DF vectors 240
DF loop 14 number of DF vectors 240
DF loop 15 number of DF vectors 240
DF loop 16 number of DF vectors 240
DF loop 17 number of DF vectors 114
build JK time: 5.625616 s
build ecore time: 0.196934 s
build h1eff time: 5.902150 s
Generating Cholesky Integrals
Composing AO ERIs from DF basis
Raw CDERI in LAS shape: (4194, 10011)
Compress CDERI into LAS Cholesky Vectors by SVD
Cholesky cutoff: 1e-05
Build effective h0 and h1 time: 6.043662 s
Build CDERI in LAS time: 5.412899 s
Compress CDERI to LAS Choleskey Vectors time: 2.434599 s
Build Integral total time: 13.891413 s
Finished calculating Cholesky integrals
Size of the correlation space
Number of electrons: (26,26)
Number of basis functions: 141
Cholesky shape: (1293, 141, 141)
running AFQMC on GPU
Hostname: gpua059.delta.ncsa.illinois.edu
System Type: Linux
Machine Type: x86_64
Processor: x86_64
Using GPU.
System: Linux
Node Name: gpua059.delta.ncsa.illinois.edu
Release: 5.14.0-427.91.1.el9_4.x86_64
Version: #1 SMP PREEMPT_DYNAMIC Wed Sep 17 10:08:59 EDT 2025
Machine: x86_64
Processor: x86_64
AFQMC script: /u/yzhang65/myprojects/software/afqmc/afqmc/lno_afqmc/ccsd_pt2/run_afqmc.py
---------------------------- AFQMC Sampling Started ----------------------------
Hostname: gpua059.delta.ncsa.illinois.edu
System Type: Linux
Machine Type: x86_64
Processor: x86_64
Using GPU.
System: Linux
Node Name: gpua059.delta.ncsa.illinois.edu
Release: 5.14.0-427.91.1.el9_4.x86_64
Version: #1 SMP PREEMPT_DYNAMIC Wed Sep 17 10:08:59 EDT 2025
Machine: x86_64
Processor: x86_64
Trial: ccsd_pt2(norb=141, nelec=(26, 26), n_batch=1, nchol_chunk=100, mix_precision=True)
Sampler: sampler_pt2(n_prop_steps=50, n_blocks=500, n_chol=1293)
norb: 141
nelec: (26, 26)
nchol: 1293
n_eql: 100
n_prop_steps: 50
n_blocks: 500
n_walkers: 300
nchol_chunk: 100
mix_precision: True
n_batch: 1
seed: 5856
walker_type: rhf
trial: ccsd_pt2
dt: 0.005
use_gpu: True
max_error: 5.892556509887897e-05
n_exp_terms: 6
Propagating with 300 walkers
Initial Orbital energy: -0.117692
-------------------------------- Equilibration ---------------------------------
inv_T        energy   runTime
 0.00  -2055.865071     13.63
 2.50  -2057.000875     22.91
 5.00  -2057.029764     26.89
 7.50  -2057.007861     30.86
10.00  -2057.161357     34.84
12.50  -2057.048258     38.82
15.00  -2057.053254     42.80
17.50  -2057.080839     46.78
20.00  -2057.055134     50.76
22.50  -2057.017133     54.74
25.00  -2057.034201     58.72
------------------------------- Sampling Blocks --------------------------------
Target Final Error ~ 0.000059
   N      E(Guide)     Error      E(Orb)     Error  Kill_WK      Time
  20  -2057.036019  0.004727   -0.123758  0.000273        0     97.50
  40  -2057.052426  0.004406   -0.124287  0.000242        0    125.96
  60  -2057.047395  0.003682   -0.124134  0.000207        0    154.46
  80  -2057.046669  0.002990   -0.124233  0.000198        0    182.92
 100  -2057.046696  0.002557   -0.124167  0.000170        0    211.38
 120  -2057.043828  0.002298   -0.123993  0.000155        0    239.83
 140  -2057.045354  0.002161   -0.123966  0.000142        0    268.78
 160  -2057.043950  0.002048   -0.123816  0.000130        0    297.24
 180  -2057.041660  0.001980   -0.123769  0.000121        0    325.73
 200  -2057.040956  0.001840   -0.123771  0.000112        0    354.21
 220  -2057.040605  0.001720   -0.123812  0.000121        0    382.67
 240  -2057.041009  0.001684   -0.123811  0.000114        0    411.13
 260  -2057.041254  0.001592   -0.123785  0.000108        0    439.60
 280  -2057.041912  0.001554   -0.123794  0.000102        0    468.04
 300  -2057.042386  0.001512   -0.123828  0.000097        0    496.50
 320  -2057.044270  0.001512   -0.123821  0.000096        0    524.95
 340  -2057.044770  0.001488   -0.123813  0.000093        0    553.45
 360  -2057.045248  0.001452   -0.123819  0.000090        0    581.91
 380  -2057.045827  0.001398   -0.123906  0.000091        0    610.40
 400  -2057.046404  0.001360   -0.123958  0.000091        0    638.88
 420  -2057.048647  0.001493   -0.123938  0.000091        0    667.36
 440  -2057.048716  0.001440   -0.123913  0.000088        0    695.80
 460  -2057.048506  0.001399   -0.123873  0.000086        0    724.26
 480  -2057.048469  0.001354   -0.123871  0.000084        0    752.71
 500  -2057.048916  0.001319   -0.123873  0.000082        0    781.17
------------------------------- Post Propagation -------------------------------
Total number of samples 500
Raw AFQMC/HF Energy: -2057.048916 +/- 0.001319
Raw AFQMC/pt2CCSD Orbital Energy (covariance): -0.123873 +/- 0.000082
Raw AFQMC/pt2CCSD Orbital Energy (direct obs): -0.123873 +/- 0.000072
------------------------------ Clean Observation -------------------------------
Energy bound [-0.148050, -0.098966]
Removed 0 Outliers
Outliers Orbital Energy []
Clean AFQMC/pt2CCSD Orbital Energy (covariance): -0.123873 +/- 0.000082
Clean AFQMC/pt2CCSD Orbital Energy (direct obs): -0.123873 +/- 0.000072
------------------------------ Blocking Analysis -------------------------------
nsample = 500, max_block_size = 25, min_nblocks = 20
Blk_SZ   NBlk   NSmp      Energy     Error    dError
     1    500    500   -0.123841  0.000072  0.000002
     2    250    500   -0.123847  0.000082  0.000004
     3    166    498   -0.123851  0.000092  0.000005
     4    125    500   -0.123851  0.000094  0.000006
     5    100    500   -0.123852  0.000099  0.000007
     6     83    498   -0.123857  0.000105  0.000008
     7     71    497   -0.123862  0.000100  0.000008
     8     62    496   -0.123864  0.000112  0.000010
     9     55    495   -0.123860  0.000109  0.000011
    10     50    500   -0.123862  0.000108  0.000011
    11     45    495   -0.123863  0.000106  0.000011
    12     41    492   -0.123859  0.000112  0.000013
    13     38    494   -0.123865  0.000123  0.000014
    14     35    490   -0.123865  0.000115  0.000014
    15     33    495   -0.123863  0.000116  0.000015
    16     31    496   -0.123870  0.000118  0.000015
    17     29    493   -0.123863  0.000112  0.000015
    18     27    486   -0.123854  0.000110  0.000015
    19     26    494   -0.123865  0.000123  0.000017
    20     25    500   -0.123864  0.000121  0.000017
    21     23    483   -0.123861  0.000125  0.000019
    22     22    484   -0.123855  0.000114  0.000018
    23     21    483   -0.123860  0.000126  0.000020
    24     20    480   -0.123861  0.000131  0.000021
    25     20    500   -0.123862  0.000125  0.000020
Fit: plateau = 0.000118 ± 0.000005
     autocorrelation length ~ 4.5 blocks
     plateau reached at block size ~ 18
Blocked AFQMC/pt2CCSD Orbital Energy: -0.123873 +/- 0.000118
total run time: 781.17
--------------------------- AFQMC Sampling Finished ----------------------------


======================== restricted LNO-FRAGMENT 28/72 =========================
Center Atom C
AOs with contribution > 0.01
        AO Label     Amp
     27 C 1s      0.8755
     27 C 2px     0.4888
     27 C 2py     0.4813
     27 C 2pz     0.4671
     27 C 2s      0.3711
     27 C 3pz     0.2612
     27 C 3s      0.1881
     27 C 3px     0.1493
     27 C 3py     0.1444
     28 C 3dxy    0.0895
    34 C 3dx2-y2  0.0879
     34 C 3py     0.0811
     23 C 3px     0.0752
     23 C 3dxy    0.0662
     28 C 3px     0.0638
     28 C 3s      0.0628
    23 C 3dx2-y2  0.0607
     34 C 3s      0.0598
     23 C 3s      0.0594
    28 C 3dx2-y2  0.0499
     28 C 3py     0.0498
     28 C 3pz     0.0455
     34 C 3dyz    0.0427
     23 C 3pz     0.0424
     34 C 3dxy    0.0422
     34 C 3pz     0.0419
     23 C 3py     0.0375
     23 C 3dxz    0.0361
     28 C 3dxz    0.0321
     34 C 3px     0.0298
     28 C 3dz^2   0.0241
     34 C 3dz^2   0.0228
     23 C 3dz^2   0.0227
     28 C 2s      0.0204
     29 C 3py     0.0193
     22 C 3px     0.0191
     23 C 2s      0.0180
     34 C 2s      0.0177
     28 C 3dyz    0.0169
     60 H 2s      0.0168
     62 H 2s      0.0162
     33 C 3py     0.0160
     24 C 3py     0.0153
     34 C 2py     0.0145
     27 C 3dz^2   0.0139
     23 C 2px     0.0119
     28 C 2px     0.0103
LAS occupied orbitals: 26
LAS virtual orbitals: 114
CCSD time: 55.434728 s
LNO-MP2 Orbital Energy: -0.11705835
LNO-CCSD Orbital Energy: -0.11770158
Calculating Effective Active Space One-electron Integrals
number of active occupied orbitals 26
number of active virtual orbitals 114
DF loop 0 number of DF vectors 240
DF loop 1 number of DF vectors 240
DF loop 2 number of DF vectors 240
DF loop 3 number of DF vectors 240
DF loop 4 number of DF vectors 240
DF loop 5 number of DF vectors 240
DF loop 6 number of DF vectors 240
DF loop 7 number of DF vectors 240
DF loop 8 number of DF vectors 240
DF loop 9 number of DF vectors 240
DF loop 10 number of DF vectors 240
DF loop 11 number of DF vectors 240
DF loop 12 number of DF vectors 240
DF loop 13 number of DF vectors 240
DF loop 14 number of DF vectors 240
DF loop 15 number of DF vectors 240
DF loop 16 number of DF vectors 240
DF loop 17 number of DF vectors 114
build JK time: 5.661478 s
build ecore time: 0.198607 s
build h1eff time: 5.935850 s
Generating Cholesky Integrals
Composing AO ERIs from DF basis
Raw CDERI in LAS shape: (4194, 9870)
Compress CDERI into LAS Cholesky Vectors by SVD
Cholesky cutoff: 1e-05
Build effective h0 and h1 time: 6.079153 s
Build CDERI in LAS time: 5.577513 s
Compress CDERI to LAS Choleskey Vectors time: 2.433246 s
Build Integral total time: 14.090200 s
Finished calculating Cholesky integrals
Size of the correlation space
Number of electrons: (26,26)
Number of basis functions: 140
Cholesky shape: (1286, 140, 140)
running AFQMC on GPU
Hostname: gpua059.delta.ncsa.illinois.edu
System Type: Linux
Machine Type: x86_64
Processor: x86_64
Using GPU.
System: Linux
Node Name: gpua059.delta.ncsa.illinois.edu
Release: 5.14.0-427.91.1.el9_4.x86_64
Version: #1 SMP PREEMPT_DYNAMIC Wed Sep 17 10:08:59 EDT 2025
Machine: x86_64
Processor: x86_64
AFQMC script: /u/yzhang65/myprojects/software/afqmc/afqmc/lno_afqmc/ccsd_pt2/run_afqmc.py
---------------------------- AFQMC Sampling Started ----------------------------
Hostname: gpua059.delta.ncsa.illinois.edu
System Type: Linux
Machine Type: x86_64
Processor: x86_64
Using GPU.
System: Linux
Node Name: gpua059.delta.ncsa.illinois.edu
Release: 5.14.0-427.91.1.el9_4.x86_64
Version: #1 SMP PREEMPT_DYNAMIC Wed Sep 17 10:08:59 EDT 2025
Machine: x86_64
Processor: x86_64
Trial: ccsd_pt2(norb=140, nelec=(26, 26), n_batch=1, nchol_chunk=100, mix_precision=True)
Sampler: sampler_pt2(n_prop_steps=50, n_blocks=500, n_chol=1286)
norb: 140
nelec: (26, 26)
nchol: 1286
n_eql: 100
n_prop_steps: 50
n_blocks: 500
n_walkers: 300
nchol_chunk: 100
mix_precision: True
n_batch: 1
seed: 2281
walker_type: rhf
trial: ccsd_pt2
dt: 0.005
use_gpu: True
max_error: 5.892556509887897e-05
n_exp_terms: 6
Propagating with 300 walkers
Initial Orbital energy: -0.117705
-------------------------------- Equilibration ---------------------------------
inv_T        energy   runTime
 0.00  -2055.865070     13.50
 2.50  -2057.064749     22.72
 5.00  -2057.068679     26.66
 7.50  -2057.073310     30.59
10.00  -2057.008358     34.53
12.50  -2057.058685     38.46
15.00  -2057.061221     42.39
17.50  -2057.052046     46.33
20.00  -2056.994929     50.26
22.50  -2057.068349     54.19
25.00  -2057.040990     58.13
------------------------------- Sampling Blocks --------------------------------
Target Final Error ~ 0.000059
   N      E(Guide)     Error      E(Orb)     Error  Kill_WK      Time
  20  -2057.050242  0.004262   -0.123545  0.000331        0     96.56
  40  -2057.048154  0.003139   -0.123663  0.000233        0    124.70
  60  -2057.042098  0.003231   -0.123536  0.000180        0    152.87
  80  -2057.039023  0.002833   -0.123451  0.000152        0    181.04
 100  -2057.038349  0.002545   -0.123529  0.000145        0    209.21
 120  -2057.037393  0.002273   -0.123564  0.000129        0    237.38
 140  -2057.037035  0.002055   -0.123554  0.000116        0    268.08
 160  -2057.037329  0.001861   -0.123550  0.000106        0    296.28
 180  -2057.037193  0.001715   -0.123509  0.000101        0    324.48
 200  -2057.038630  0.001664   -0.123422  0.000096        0    352.64
 220  -2057.038310  0.001555   -0.123526  0.000097        0    380.81
 240  -2057.038692  0.001487   -0.123545  0.000093        0    408.96
 260  -2057.039013  0.001412   -0.123550  0.000087        0    437.12
 280  -2057.038658  0.001372   -0.123543  0.000082        0    465.28
 300  -2057.038900  0.001306   -0.123558  0.000079        0    493.44
 320  -2057.037566  0.001279   -0.123557  0.000077        0    523.35
 340  -2057.038378  0.001234   -0.123587  0.000076        0    551.53
 360  -2057.038909  0.001224   -0.123628  0.000075        0    579.74
 380  -2057.039787  0.001207   -0.123679  0.000078        0    607.91
 400  -2057.040126  0.001163   -0.123674  0.000074        0    636.07
 420  -2057.040880  0.001158   -0.123672  0.000072        0    664.22
 440  -2057.041600  0.001216   -0.123695  0.000071        0    692.38
 460  -2057.041361  0.001192   -0.123721  0.000069        0    720.54
 480  -2057.041607  0.001156   -0.123734  0.000068        0    748.74
 500  -2057.041802  0.001126   -0.123706  0.000066        0    776.93
------------------------------- Post Propagation -------------------------------
Total number of samples 500
Raw AFQMC/HF Energy: -2057.041802 +/- 0.001126
Raw AFQMC/pt2CCSD Orbital Energy (covariance): -0.123706 +/- 0.000066
Raw AFQMC/pt2CCSD Orbital Energy (direct obs): -0.123706 +/- 0.000058
------------------------------ Clean Observation -------------------------------
Energy bound [-0.145688, -0.101363]
Removed 0 Outliers
Outliers Orbital Energy []
Clean AFQMC/pt2CCSD Orbital Energy (covariance): -0.123706 +/- 0.000066
Clean AFQMC/pt2CCSD Orbital Energy (direct obs): -0.123706 +/- 0.000058
------------------------------ Blocking Analysis -------------------------------
nsample = 500, max_block_size = 25, min_nblocks = 20
Blk_SZ   NBlk   NSmp      Energy     Error    dError
     1    500    500   -0.123675  0.000058  0.000002
     2    250    500   -0.123681  0.000066  0.000003
     3    166    498   -0.123685  0.000073  0.000004
     4    125    500   -0.123685  0.000073  0.000005
     5    100    500   -0.123688  0.000077  0.000006
     6     83    498   -0.123689  0.000082  0.000006
     7     71    497   -0.123695  0.000081  0.000007
     8     62    496   -0.123697  0.000088  0.000008
     9     55    495   -0.123701  0.000090  0.000009
    10     50    500   -0.123691  0.000091  0.000009
    11     45    495   -0.123703  0.000090  0.000010
    12     41    492   -0.123708  0.000089  0.000010
    13     38    494   -0.123706  0.000093  0.000011
    14     35    490   -0.123717  0.000088  0.000011
    15     33    495   -0.123707  0.000086  0.000011
    16     31    496   -0.123701  0.000098  0.000013
    17     29    493   -0.123712  0.000083  0.000011
    18     27    486   -0.123721  0.000101  0.000014
    19     26    494   -0.123710  0.000088  0.000012
    20     25    500   -0.123702  0.000095  0.000014
    21     23    483   -0.123732  0.000090  0.000014
    22     22    484   -0.123730  0.000095  0.000015
    23     21    483   -0.123732  0.000089  0.000014
    24     20    480   -0.123729  0.000102  0.000016
    25     20    500   -0.123700  0.000106  0.000017
Fit: plateau = 0.000093 ± 0.000004
     autocorrelation length ~ 4.5 blocks
     plateau reached at block size ~ 18
Blocked AFQMC/pt2CCSD Orbital Energy: -0.123706 +/- 0.000093
total run time: 776.94
--------------------------- AFQMC Sampling Finished ----------------------------


======================== restricted LNO-FRAGMENT 29/72 =========================
Center Atom C
AOs with contribution > 0.01
        AO Label     Amp
     28 C 1s      0.8761
     28 C 2py     0.4781
     28 C 2px     0.4740
     28 C 2pz     0.4586
     28 C 2s      0.3754
     28 C 3pz     0.2949
     28 C 3s      0.1909
     60 H 2px     0.1735
     28 C 3py     0.1584
     28 C 3px     0.1449
    29 C 3dx2-y2  0.0889
     29 C 3py     0.0870
     27 C 3dxy    0.0855
     60 H 2py     0.0732
     27 C 3px     0.0697
     60 H 1s      0.0690
     60 H 2s      0.0632
     29 C 3s      0.0628
     27 C 3s      0.0622
     27 C 3py     0.0501
    27 C 3dx2-y2  0.0481
     60 H 2pz     0.0481
     29 C 3dyz    0.0480
     27 C 3pz     0.0473
     29 C 3pz     0.0473
     29 C 3dxy    0.0446
     29 C 3px     0.0322
     27 C 3dxz    0.0312
     29 C 3dz^2   0.0236
     27 C 3dz^2   0.0234
     23 C 3px     0.0205
     29 C 2s      0.0197
     27 C 2s      0.0193
     34 C 3py     0.0186
     27 C 3dyz    0.0172
     37 C 3py     0.0170
     29 C 2py     0.0149
     30 C 3py     0.0125
     28 C 3dz^2   0.0122
     30 C 3px     0.0101
LAS occupied orbitals: 29
LAS virtual orbitals: 119
CCSD time: 65.500011 s
LNO-MP2 Orbital Energy: -0.11642743
LNO-CCSD Orbital Energy: -0.11898447
Calculating Effective Active Space One-electron Integrals
number of active occupied orbitals 29
number of active virtual orbitals 119
DF loop 0 number of DF vectors 240
DF loop 1 number of DF vectors 240
DF loop 2 number of DF vectors 240
DF loop 3 number of DF vectors 240
DF loop 4 number of DF vectors 240
DF loop 5 number of DF vectors 240
DF loop 6 number of DF vectors 240
DF loop 7 number of DF vectors 240
DF loop 8 number of DF vectors 240
DF loop 9 number of DF vectors 240
DF loop 10 number of DF vectors 240
DF loop 11 number of DF vectors 240
DF loop 12 number of DF vectors 240
DF loop 13 number of DF vectors 240
DF loop 14 number of DF vectors 240
DF loop 15 number of DF vectors 240
DF loop 16 number of DF vectors 240
DF loop 17 number of DF vectors 114
build JK time: 7.113326 s
build ecore time: 1.250988 s
build h1eff time: 8.479187 s
Generating Cholesky Integrals
Composing AO ERIs from DF basis
Raw CDERI in LAS shape: (4194, 11026)
Compress CDERI into LAS Cholesky Vectors by SVD
Cholesky cutoff: 1e-05
Build effective h0 and h1 time: 10.117804 s
Build CDERI in LAS time: 6.419089 s
Compress CDERI to LAS Choleskey Vectors time: 3.079926 s
Build Integral total time: 19.617244 s
Finished calculating Cholesky integrals
Size of the correlation space
Number of electrons: (29,29)
Number of basis functions: 148
Cholesky shape: (1379, 148, 148)
running AFQMC on GPU
Hostname: gpua059.delta.ncsa.illinois.edu
System Type: Linux
Machine Type: x86_64
Processor: x86_64
Using GPU.
System: Linux
Node Name: gpua059.delta.ncsa.illinois.edu
Release: 5.14.0-427.91.1.el9_4.x86_64
Version: #1 SMP PREEMPT_DYNAMIC Wed Sep 17 10:08:59 EDT 2025
Machine: x86_64
Processor: x86_64
AFQMC script: /u/yzhang65/myprojects/software/afqmc/afqmc/lno_afqmc/ccsd_pt2/run_afqmc.py
---------------------------- AFQMC Sampling Started ----------------------------
Hostname: gpua059.delta.ncsa.illinois.edu
System Type: Linux
Machine Type: x86_64
Processor: x86_64
Using GPU.
System: Linux
Node Name: gpua059.delta.ncsa.illinois.edu
Release: 5.14.0-427.91.1.el9_4.x86_64
Version: #1 SMP PREEMPT_DYNAMIC Wed Sep 17 10:08:59 EDT 2025
Machine: x86_64
Processor: x86_64
Trial: ccsd_pt2(norb=148, nelec=(29, 29), n_batch=1, nchol_chunk=100, mix_precision=True)
Sampler: sampler_pt2(n_prop_steps=50, n_blocks=500, n_chol=1379)
norb: 148
nelec: (29, 29)
nchol: 1379
n_eql: 100
n_prop_steps: 50
n_blocks: 500
n_walkers: 300
nchol_chunk: 100
mix_precision: True
n_batch: 1
seed: 5251
walker_type: rhf
trial: ccsd_pt2
dt: 0.005
use_gpu: True
max_error: 5.892556509887897e-05
n_exp_terms: 6
Propagating with 300 walkers
Initial Orbital energy: -0.118978
-------------------------------- Equilibration ---------------------------------
inv_T        energy   runTime
 0.00  -2055.865063     22.83
 2.50  -2057.056747     33.31
 5.00  -2057.022451     38.20
 7.50  -2057.063915     43.09
10.00  -2057.040928     47.99
12.50  -2057.114375     52.88
15.00  -2057.109479     57.78
17.50  -2057.093516     62.67
20.00  -2057.081040     67.56
22.50  -2057.021227     72.46
25.00  -2057.119161     77.35
------------------------------- Sampling Blocks --------------------------------
Target Final Error ~ 0.000059
   N      E(Guide)     Error      E(Orb)     Error  Kill_WK      Time
  20  -2057.106335  0.005072   -0.124211  0.000269        0    125.95
  40  -2057.100987  0.003493   -0.124434  0.000243        0    163.98
  60  -2057.101897  0.002893   -0.124489  0.000177        0    202.02
  80  -2057.102657  0.002392   -0.124753  0.000158        0    240.03
 100  -2057.105018  0.002470   -0.124997  0.000149        0    278.03
 120  -2057.106271  0.002215   -0.125056  0.000131        0    316.03
 140  -2057.107610  0.002132   -0.124941  0.000132        0    353.99
 160  -2057.109156  0.002081   -0.124781  0.000124        0    392.03
 180  -2057.108601  0.001943   -0.124836  0.000116        0    430.06
 200  -2057.109303  0.001960   -0.124944  0.000117        0    468.08
 220  -2057.109384  0.001846   -0.124874  0.000111        0    506.13
 240  -2057.107566  0.001785   -0.124929  0.000105        0    544.18
 260  -2057.107063  0.001688   -0.124944  0.000103        0    582.20
 280  -2057.108036  0.001626   -0.124982  0.000101        0    620.24
 300  -2057.109209  0.001586   -0.125018  0.000097        0    658.26
 320  -2057.109985  0.001523   -0.125026  0.000096        0    696.25
 340  -2057.109607  0.001462   -0.125038  0.000093        0    734.25
 360  -2057.109205  0.001409   -0.125062  0.000090        0    772.27
 380  -2057.109183  0.001348   -0.125072  0.000087        0    810.30
 400  -2057.108849  0.001328   -0.125108  0.000087        0    848.33
 420  -2057.108364  0.001293   -0.125108  0.000084        0    886.38
 440  -2057.107744  0.001284   -0.125165  0.000092        0    924.43
 460  -2057.106598  0.001275   -0.125165  0.000089        0    962.45
 480  -2057.106545  0.001268   -0.125136  0.000086        0   1000.46
 500  -2057.107133  0.001247   -0.125160  0.000084        0   1038.52
------------------------------- Post Propagation -------------------------------
Total number of samples 500
Raw AFQMC/HF Energy: -2057.107133 +/- 0.001247
Raw AFQMC/pt2CCSD Orbital Energy (covariance): -0.125160 +/- 0.000084
Raw AFQMC/pt2CCSD Orbital Energy (direct obs): -0.125160 +/- 0.000073
------------------------------ Clean Observation -------------------------------
Energy bound [-0.150191, -0.099636]
Removed 0 Outliers
Outliers Orbital Energy []
Clean AFQMC/pt2CCSD Orbital Energy (covariance): -0.125160 +/- 0.000084
Clean AFQMC/pt2CCSD Orbital Energy (direct obs): -0.125160 +/- 0.000073
------------------------------ Blocking Analysis -------------------------------
nsample = 500, max_block_size = 25, min_nblocks = 20
Blk_SZ   NBlk   NSmp      Energy     Error    dError
     1    500    500   -0.125130  0.000073  0.000002
     2    250    500   -0.125138  0.000090  0.000004
     3    166    498   -0.125138  0.000095  0.000005
     4    125    500   -0.125145  0.000104  0.000007
     5    100    500   -0.125149  0.000098  0.000007
     6     83    498   -0.125146  0.000114  0.000009
     7     71    497   -0.125148  0.000109  0.000009
     8     62    496   -0.125147  0.000117  0.000011
     9     55    495   -0.125146  0.000114  0.000011
    10     50    500   -0.125152  0.000118  0.000012
    11     45    495   -0.125150  0.000111  0.000012
    12     41    492   -0.125153  0.000120  0.000013
    13     38    494   -0.125152  0.000114  0.000013
    14     35    490   -0.125154  0.000125  0.000015
    15     33    495   -0.125153  0.000125  0.000016
    16     31    496   -0.125154  0.000131  0.000017
    17     29    493   -0.125154  0.000123  0.000016
    18     27    486   -0.125138  0.000137  0.000019
    19     26    494   -0.125156  0.000118  0.000017
    20     25    500   -0.125159  0.000130  0.000019
    21     23    483   -0.125135  0.000124  0.000019
    22     22    484   -0.125138  0.000129  0.000020
    23     21    483   -0.125135  0.000139  0.000022
    24     20    480   -0.125135  0.000132  0.000021
    25     20    500   -0.125160  0.000128  0.000021
Fit: plateau = 0.000124 ± 0.000005
     autocorrelation length ~ 3.9 blocks
     plateau reached at block size ~ 16
Blocked AFQMC/pt2CCSD Orbital Energy: -0.125160 +/- 0.000124
total run time: 1038.53
--------------------------- AFQMC Sampling Finished ----------------------------


======================== restricted LNO-FRAGMENT 30/72 =========================
Center Atom C
AOs with contribution > 0.01
        AO Label     Amp
     29 C 1s      0.8755
     29 C 2px     0.4886
     29 C 2py     0.4817
     29 C 2pz     0.4671
     29 C 2s      0.3710
     29 C 3pz     0.2611
     29 C 3s      0.1880
     29 C 3px     0.1495
     29 C 3py     0.1441
    28 C 3dx2-y2  0.0922
     37 C 3dxy    0.0854
     28 C 3py     0.0822
     30 C 3px     0.0752
     30 C 3dxy    0.0668
     37 C 3px     0.0627
     28 C 3s      0.0625
    30 C 3dx2-y2  0.0603
     37 C 3s      0.0599
     30 C 3s      0.0594
     28 C 3dyz    0.0485
     37 C 3py     0.0484
     28 C 3dxy    0.0472
     28 C 3pz     0.0455
    37 C 3dx2-y2  0.0444
     30 C 3pz     0.0424
     37 C 3pz     0.0418
     30 C 3py     0.0376
     30 C 3dxz    0.0358
     28 C 3px     0.0316
     37 C 3dxz    0.0277
     28 C 3dz^2   0.0240
     37 C 3dz^2   0.0227
     30 C 3dz^2   0.0227
     28 C 2s      0.0203
     36 C 3py     0.0199
     24 C 3px     0.0193
     30 C 2s      0.0180
     37 C 2s      0.0178
     60 H 2s      0.0166
     64 H 2s      0.0160
     28 C 2py     0.0159
     27 C 3py     0.0156
     32 C 3py     0.0152
     37 C 3dyz    0.0152
     29 C 3dz^2   0.0139
     30 C 2px     0.0118
LAS occupied orbitals: 26
LAS virtual orbitals: 114
CCSD time: 55.748340 s
LNO-MP2 Orbital Energy: -0.11703784
LNO-CCSD Orbital Energy: -0.11769527
Calculating Effective Active Space One-electron Integrals
number of active occupied orbitals 26
number of active virtual orbitals 114
DF loop 0 number of DF vectors 240
DF loop 1 number of DF vectors 240
DF loop 2 number of DF vectors 240
DF loop 3 number of DF vectors 240
DF loop 4 number of DF vectors 240
DF loop 5 number of DF vectors 240
DF loop 6 number of DF vectors 240
DF loop 7 number of DF vectors 240
DF loop 8 number of DF vectors 240
DF loop 9 number of DF vectors 240
DF loop 10 number of DF vectors 240
DF loop 11 number of DF vectors 240
DF loop 12 number of DF vectors 240
DF loop 13 number of DF vectors 240
DF loop 14 number of DF vectors 240
DF loop 15 number of DF vectors 240
DF loop 16 number of DF vectors 240
DF loop 17 number of DF vectors 114
build JK time: 5.685756 s
build ecore time: 0.205235 s
build h1eff time: 5.965974 s
Generating Cholesky Integrals
Composing AO ERIs from DF basis
Raw CDERI in LAS shape: (4194, 9870)
Compress CDERI into LAS Cholesky Vectors by SVD
Cholesky cutoff: 1e-05
Build effective h0 and h1 time: 6.110765 s
Build CDERI in LAS time: 5.545901 s
Compress CDERI to LAS Choleskey Vectors time: 2.433252 s
Build Integral total time: 14.090181 s
Finished calculating Cholesky integrals
Size of the correlation space
Number of electrons: (26,26)
Number of basis functions: 140
Cholesky shape: (1285, 140, 140)
running AFQMC on GPU
Hostname: gpua059.delta.ncsa.illinois.edu
System Type: Linux
Machine Type: x86_64
Processor: x86_64
Using GPU.
System: Linux
Node Name: gpua059.delta.ncsa.illinois.edu
Release: 5.14.0-427.91.1.el9_4.x86_64
Version: #1 SMP PREEMPT_DYNAMIC Wed Sep 17 10:08:59 EDT 2025
Machine: x86_64
Processor: x86_64
AFQMC script: /u/yzhang65/myprojects/software/afqmc/afqmc/lno_afqmc/ccsd_pt2/run_afqmc.py
---------------------------- AFQMC Sampling Started ----------------------------
Hostname: gpua059.delta.ncsa.illinois.edu
System Type: Linux
Machine Type: x86_64
Processor: x86_64
Using GPU.
System: Linux
Node Name: gpua059.delta.ncsa.illinois.edu
Release: 5.14.0-427.91.1.el9_4.x86_64
Version: #1 SMP PREEMPT_DYNAMIC Wed Sep 17 10:08:59 EDT 2025
Machine: x86_64
Processor: x86_64
Trial: ccsd_pt2(norb=140, nelec=(26, 26), n_batch=1, nchol_chunk=100, mix_precision=True)
Sampler: sampler_pt2(n_prop_steps=50, n_blocks=500, n_chol=1285)
norb: 140
nelec: (26, 26)
nchol: 1285
n_eql: 100
n_prop_steps: 50
n_blocks: 500
n_walkers: 300
nchol_chunk: 100
mix_precision: True
n_batch: 1
seed: 16
walker_type: rhf
trial: ccsd_pt2
dt: 0.005
use_gpu: True
max_error: 5.892556509887897e-05
n_exp_terms: 6
Propagating with 300 walkers
Initial Orbital energy: -0.117700
-------------------------------- Equilibration ---------------------------------
inv_T        energy   runTime
 0.00  -2055.865069     13.41
 2.50  -2057.023467     22.59
 5.00  -2057.047673     26.52
 7.50  -2057.027098     30.46
10.00  -2057.027722     34.40
12.50  -2057.046161     38.33
15.00  -2057.031584     42.27
17.50  -2057.040864     46.21
20.00  -2056.991140     50.16
22.50  -2056.974487     54.10
25.00  -2057.062038     58.03
------------------------------- Sampling Blocks --------------------------------
Target Final Error ~ 0.000059
   N      E(Guide)     Error      E(Orb)     Error  Kill_WK      Time
  20  -2057.050400  0.005810   -0.124090  0.000377        0     96.21
  40  -2057.044885  0.004184   -0.123883  0.000242        0    124.40
  60  -2057.039277  0.003170   -0.123581  0.000193        0    152.57
  80  -2057.037088  0.002680   -0.123709  0.000154        0    180.76
 100  -2057.038439  0.002300   -0.123801  0.000208        0    208.92
 120  -2057.037423  0.002015   -0.123678  0.000181        0    237.10
 140  -2057.038681  0.001861   -0.123645  0.000159        0    265.29
 160  -2057.041517  0.001944   -0.123696  0.000144        0    293.48
 180  -2057.043513  0.001894   -0.123782  0.000138        0    321.67
 200  -2057.042992  0.001785   -0.123883  0.000138        0    349.86
 220  -2057.041806  0.001778   -0.123857  0.000127        0    378.06
 240  -2057.042135  0.001699   -0.123875  0.000119        0    406.24
 260  -2057.043078  0.001610   -0.123882  0.000113        0    434.43
 280  -2057.043538  0.001599   -0.123865  0.000108        0    462.60
 300  -2057.043639  0.001513   -0.123856  0.000103        0    490.78
 320  -2057.043135  0.001453   -0.123832  0.000098        0    518.95
 340  -2057.043473  0.001404   -0.123812  0.000094        0    547.13
 360  -2057.043073  0.001350   -0.123807  0.000090        0    575.30
 380  -2057.044461  0.001358   -0.123796  0.000086        0    603.48
 400  -2057.044364  0.001329   -0.123793  0.000083        0    631.66
 420  -2057.043487  0.001321   -0.123774  0.000080        0    659.84
 440  -2057.043275  0.001285   -0.123780  0.000077        0    688.00
 460  -2057.042986  0.001262   -0.123813  0.000079        0    716.19
 480  -2057.042736  0.001226   -0.123818  0.000076        0    744.37
 500  -2057.042878  0.001193   -0.123802  0.000074        0    772.55
------------------------------- Post Propagation -------------------------------
Total number of samples 500
Raw AFQMC/HF Energy: -2057.042878 +/- 0.001193
Raw AFQMC/pt2CCSD Orbital Energy (covariance): -0.123802 +/- 0.000074
Raw AFQMC/pt2CCSD Orbital Energy (direct obs): -0.123802 +/- 0.000058
------------------------------ Clean Observation -------------------------------
Energy bound [-0.145616, -0.101567]
Removed 0 Outliers
Outliers Orbital Energy []
Clean AFQMC/pt2CCSD Orbital Energy (covariance): -0.123802 +/- 0.000074
Clean AFQMC/pt2CCSD Orbital Energy (direct obs): -0.123802 +/- 0.000058
------------------------------ Blocking Analysis -------------------------------
nsample = 500, max_block_size = 25, min_nblocks = 20
Blk_SZ   NBlk   NSmp      Energy     Error    dError
     1    500    500   -0.123769  0.000058  0.000002
     2    250    500   -0.123775  0.000068  0.000003
     3    166    498   -0.123779  0.000070  0.000004
     4    125    500   -0.123780  0.000073  0.000005
     5    100    500   -0.123785  0.000072  0.000005
     6     83    498   -0.123786  0.000074  0.000006
     7     71    497   -0.123788  0.000075  0.000006
     8     62    496   -0.123789  0.000078  0.000007
     9     55    495   -0.123790  0.000088  0.000008
    10     50    500   -0.123791  0.000084  0.000009
    11     45    495   -0.123794  0.000081  0.000009
    12     41    492   -0.123796  0.000085  0.000009
    13     38    494   -0.123797  0.000081  0.000009
    14     35    490   -0.123803  0.000084  0.000010
    15     33    495   -0.123798  0.000092  0.000012
    16     31    496   -0.123794  0.000090  0.000012
    17     29    493   -0.123803  0.000093  0.000012
    18     27    486   -0.123813  0.000096  0.000013
    19     26    494   -0.123796  0.000085  0.000012
    20     25    500   -0.123797  0.000087  0.000013
    21     23    483   -0.123806  0.000096  0.000015
    22     22    484   -0.123811  0.000095  0.000015
    23     21    483   -0.123809  0.000079  0.000013
    24     20    480   -0.123810  0.000090  0.000015
    25     20    500   -0.123797  0.000095  0.000015
Fit: plateau = 0.000090 ± 0.000005
     autocorrelation length ~ 5.8 blocks
     plateau reached at block size ~ 22
Blocked AFQMC/pt2CCSD Orbital Energy: -0.123802 +/- 0.000090
total run time: 772.55
--------------------------- AFQMC Sampling Finished ----------------------------


======================== restricted LNO-FRAGMENT 31/72 =========================
Center Atom C
AOs with contribution > 0.01
        AO Label     Amp
     30 C 1s      0.8758
     30 C 2py     0.4808
     30 C 2px     0.4806
     30 C 2pz     0.4674
     30 C 2s      0.3693
     30 C 3pz     0.2609
     30 C 3s      0.1880
     30 C 3px     0.1447
     30 C 3py     0.1444
    32 C 3dx2-y2  0.0868
     32 C 3py     0.0844
     24 C 3dxy    0.0842
     29 C 3px     0.0739
     29 C 3dxy    0.0667
     24 C 3px     0.0656
    29 C 3dx2-y2  0.0609
     24 C 3s      0.0600
     32 C 3s      0.0599
     29 C 3s      0.0595
     24 C 3py     0.0480
    24 C 3dx2-y2  0.0456
     32 C 3dyz    0.0443
     24 C 3pz     0.0434
     32 C 3pz     0.0431
     32 C 3dxy    0.0426
     29 C 3pz     0.0424
     29 C 3py     0.0376
     29 C 3dxz    0.0361
     24 C 3dxz    0.0297
     32 C 3px     0.0293
     24 C 3dz^2   0.0230
     32 C 3dz^2   0.0230
     29 C 3dz^2   0.0227
     21 C 3px     0.0201
     37 C 3px     0.0195
     24 C 2s      0.0186
     32 C 2s      0.0185
     23 C 3py     0.0183
     29 C 2s      0.0177
     28 C 3py     0.0166
     24 C 3dyz    0.0156
     35 C 3py     0.0153
     32 C 2py     0.0142
     30 C 3dz^2   0.0140
     31 C 3py     0.0122
     29 C 2px     0.0119
LAS occupied orbitals: 30
LAS virtual orbitals: 127
CCSD time: 88.988645 s
LNO-MP2 Orbital Energy: -0.12051630
LNO-CCSD Orbital Energy: -0.11997697
Calculating Effective Active Space One-electron Integrals
number of active occupied orbitals 30
number of active virtual orbitals 127
DF loop 0 number of DF vectors 240
DF loop 1 number of DF vectors 240
DF loop 2 number of DF vectors 240
DF loop 3 number of DF vectors 240
DF loop 4 number of DF vectors 240
DF loop 5 number of DF vectors 240
DF loop 6 number of DF vectors 240
DF loop 7 number of DF vectors 240
DF loop 8 number of DF vectors 240
DF loop 9 number of DF vectors 240
DF loop 10 number of DF vectors 240
DF loop 11 number of DF vectors 240
DF loop 12 number of DF vectors 240
DF loop 13 number of DF vectors 240
DF loop 14 number of DF vectors 240
DF loop 15 number of DF vectors 240
DF loop 16 number of DF vectors 240
DF loop 17 number of DF vectors 114
build JK time: 5.640352 s
build ecore time: 0.195838 s
build h1eff time: 5.912422 s
Generating Cholesky Integrals
Composing AO ERIs from DF basis
Raw CDERI in LAS shape: (4194, 12403)
Compress CDERI into LAS Cholesky Vectors by SVD
Cholesky cutoff: 1e-05
Build effective h0 and h1 time: 6.053502 s
Build CDERI in LAS time: 5.732389 s
Compress CDERI to LAS Choleskey Vectors time: 2.613451 s
Build Integral total time: 14.399649 s
Finished calculating Cholesky integrals
Size of the correlation space
Number of electrons: (30,30)
Number of basis functions: 157
Cholesky shape: (1481, 157, 157)
running AFQMC on GPU
Hostname: gpua059.delta.ncsa.illinois.edu
System Type: Linux
Machine Type: x86_64
Processor: x86_64
Using GPU.
System: Linux
Node Name: gpua059.delta.ncsa.illinois.edu
Release: 5.14.0-427.91.1.el9_4.x86_64
Version: #1 SMP PREEMPT_DYNAMIC Wed Sep 17 10:08:59 EDT 2025
Machine: x86_64
Processor: x86_64
AFQMC script: /u/yzhang65/myprojects/software/afqmc/afqmc/lno_afqmc/ccsd_pt2/run_afqmc.py
---------------------------- AFQMC Sampling Started ----------------------------
Hostname: gpua059.delta.ncsa.illinois.edu
System Type: Linux
Machine Type: x86_64
Processor: x86_64
Using GPU.
System: Linux
Node Name: gpua059.delta.ncsa.illinois.edu
Release: 5.14.0-427.91.1.el9_4.x86_64
Version: #1 SMP PREEMPT_DYNAMIC Wed Sep 17 10:08:59 EDT 2025
Machine: x86_64
Processor: x86_64
Trial: ccsd_pt2(norb=157, nelec=(30, 30), n_batch=1, nchol_chunk=100, mix_precision=True)
Sampler: sampler_pt2(n_prop_steps=50, n_blocks=500, n_chol=1481)
norb: 157
nelec: (30, 30)
nchol: 1481
n_eql: 100
n_prop_steps: 50
n_blocks: 500
n_walkers: 300
nchol_chunk: 100
mix_precision: True
n_batch: 1
seed: 4936
walker_type: rhf
trial: ccsd_pt2
dt: 0.005
use_gpu: True
max_error: 5.892556509887897e-05
n_exp_terms: 6
Propagating with 300 walkers
Initial Orbital energy: -0.119983
-------------------------------- Equilibration ---------------------------------
inv_T        energy   runTime
 0.00  -2055.865062     14.34
 2.50  -2057.229291     25.08
 5.00  -2057.231704     30.75
 7.50  -2057.190760     36.42
10.00  -2057.190793     42.08
12.50  -2057.270432     47.74
15.00  -2057.210239     53.40
17.50  -2057.172404     59.05
20.00  -2057.217677     64.71
22.50  -2057.268165     70.36
25.00  -2057.253229     76.02
------------------------------- Sampling Blocks --------------------------------
Target Final Error ~ 0.000059
   N      E(Guide)     Error      E(Orb)     Error  Kill_WK      Time
  20  -2057.238877  0.005316   -0.126132  0.000256        0    132.31
  40  -2057.228536  0.003712   -0.126329  0.000183        0    178.12
  60  -2057.225562  0.003253   -0.126323  0.000144        0    223.92
  80  -2057.224200  0.002870   -0.126104  0.000137        0    269.70
 100  -2057.224061  0.002519   -0.126105  0.000119        0    315.50
 120  -2057.222022  0.002340   -0.126055  0.000105        0    361.31
 140  -2057.220019  0.002148   -0.126070  0.000098        0    407.13
 160  -2057.218789  0.002033   -0.126098  0.000109        0    452.95
 180  -2057.219510  0.002044   -0.126343  0.000171        0    498.77
 200  -2057.219720  0.001913   -0.126361  0.000158        0    544.59
 220  -2057.219044  0.001821   -0.126319  0.000146        0    590.41
 240  -2057.218886  0.001743   -0.126254  0.000136        0    637.62
 260  -2057.219568  0.001656   -0.126252  0.000129        0    683.41
 280  -2057.219582  0.001616   -0.126223  0.000123        0    729.22
 300  -2057.219365  0.001586   -0.126194  0.000116        0    775.01
 320  -2057.219517  0.001544   -0.126206  0.000111        0    820.80
 340  -2057.219227  0.001493   -0.126184  0.000106        0    866.58
 360  -2057.220118  0.001447   -0.126203  0.000101        0    912.38
 380  -2057.219729  0.001395   -0.126198  0.000097        0    958.19
 400  -2057.220700  0.001413   -0.126240  0.000094        0   1004.04
 420  -2057.220369  0.001369   -0.126236  0.000091        0   1049.85
 440  -2057.220972  0.001366   -0.126267  0.000088        0   1095.69
 460  -2057.220793  0.001324   -0.126220  0.000086        0   1141.51
 480  -2057.219893  0.001304   -0.126213  0.000083        0   1187.32
 500  -2057.219804  0.001278   -0.126198  0.000081        0   1233.12
------------------------------- Post Propagation -------------------------------
Total number of samples 500
Raw AFQMC/HF Energy: -2057.219804 +/- 0.001278
Raw AFQMC/pt2CCSD Orbital Energy (covariance): -0.126198 +/- 0.000081
Raw AFQMC/pt2CCSD Orbital Energy (direct obs): -0.126198 +/- 0.000072
------------------------------ Clean Observation -------------------------------
Energy bound [-0.150324, -0.101586]
Removed 0 Outliers
Outliers Orbital Energy []
Clean AFQMC/pt2CCSD Orbital Energy (covariance): -0.126198 +/- 0.000081
Clean AFQMC/pt2CCSD Orbital Energy (direct obs): -0.126198 +/- 0.000072
------------------------------ Blocking Analysis -------------------------------
nsample = 500, max_block_size = 25, min_nblocks = 20
Blk_SZ   NBlk   NSmp      Energy     Error    dError
     1    500    500   -0.126164  0.000072  0.000002
     2    250    500   -0.126172  0.000085  0.000004
     3    166    498   -0.126175  0.000099  0.000005
     4    125    500   -0.126176  0.000094  0.000006
     5    100    500   -0.126179  0.000098  0.000007
     6     83    498   -0.126184  0.000107  0.000008
     7     71    497   -0.126189  0.000101  0.000009
     8     62    496   -0.126193  0.000101  0.000009
     9     55    495   -0.126195  0.000112  0.000011
    10     50    500   -0.126189  0.000106  0.000011
    11     45    495   -0.126195  0.000112  0.000012
    12     41    492   -0.126192  0.000119  0.000013
    13     38    494   -0.126192  0.000122  0.000014
    14     35    490   -0.126195  0.000121  0.000015
    15     33    495   -0.126200  0.000114  0.000014
    16     31    496   -0.126196  0.000123  0.000016
    17     29    493   -0.126196  0.000129  0.000017
    18     27    486   -0.126202  0.000113  0.000016
    19     26    494   -0.126195  0.000127  0.000018
    20     25    500   -0.126191  0.000122  0.000018
    21     23    483   -0.126198  0.000132  0.000020
    22     22    484   -0.126199  0.000144  0.000022
    23     21    483   -0.126202  0.000116  0.000018
    24     20    480   -0.126205  0.000124  0.000020
    25     20    500   -0.126193  0.000127  0.000021
Fit: plateau = 0.000121 ± 0.000005
     autocorrelation length ~ 4.5 blocks
     plateau reached at block size ~ 18
Blocked AFQMC/pt2CCSD Orbital Energy: -0.126198 +/- 0.000121
total run time: 1233.12
--------------------------- AFQMC Sampling Finished ----------------------------


======================== restricted LNO-FRAGMENT 32/72 =========================
Center Atom C
AOs with contribution > 0.01
        AO Label     Amp
     31 C 1s      0.8752
     31 C 2px     0.4804
     31 C 2py     0.4803
     31 C 2pz     0.4672
     31 C 2s      0.3688
     31 C 3pz     0.2595
     31 C 3s      0.1872
     31 C 3py     0.1444
     31 C 3px     0.1443
    40 C 3dx2-y2  0.0871
     40 C 3py     0.0840
     20 C 3dxy    0.0833
     32 C 3px     0.0752
     32 C 3dxy    0.0677
     20 C 3px     0.0654
    32 C 3dx2-y2  0.0622
     40 C 3s      0.0600
     32 C 3s      0.0600
     20 C 3s      0.0594
     20 C 3py     0.0477
    20 C 3dx2-y2  0.0450
     40 C 3dyz    0.0447
     32 C 3pz     0.0434
     40 C 3pz     0.0434
     40 C 3dxy    0.0429
     20 C 3pz     0.0426
     32 C 3py     0.0381
     32 C 3dxz    0.0377
     40 C 3px     0.0293
     20 C 3dxz    0.0291
     40 C 3dz^2   0.0231
     32 C 3dz^2   0.0230
     20 C 3dz^2   0.0229
     19 C 3px     0.0201
     35 C 3px     0.0191
     40 C 2s      0.0187
     32 C 2s      0.0187
     20 C 2s      0.0182
     21 C 3py     0.0182
     30 C 3py     0.0155
     39 C 3py     0.0153
     20 C 3dyz    0.0151
     40 C 2py     0.0143
     31 C 3dz^2   0.0141
     32 C 2px     0.0122
     41 C 3py     0.0121
LAS occupied orbitals: 29
LAS virtual orbitals: 126
CCSD time: 67.361771 s
LNO-MP2 Orbital Energy: -0.12016209
LNO-CCSD Orbital Energy: -0.11971280
Calculating Effective Active Space One-electron Integrals
number of active occupied orbitals 29
number of active virtual orbitals 126
DF loop 0 number of DF vectors 240
DF loop 1 number of DF vectors 240
DF loop 2 number of DF vectors 240
DF loop 3 number of DF vectors 240
DF loop 4 number of DF vectors 240
DF loop 5 number of DF vectors 240
DF loop 6 number of DF vectors 240
DF loop 7 number of DF vectors 240
DF loop 8 number of DF vectors 240
DF loop 9 number of DF vectors 240
DF loop 10 number of DF vectors 240
DF loop 11 number of DF vectors 240
DF loop 12 number of DF vectors 240
DF loop 13 number of DF vectors 240
DF loop 14 number of DF vectors 240
DF loop 15 number of DF vectors 240
DF loop 16 number of DF vectors 240
DF loop 17 number of DF vectors 114
build JK time: 5.632608 s
build ecore time: 0.197174 s
build h1eff time: 5.907581 s
Generating Cholesky Integrals
Composing AO ERIs from DF basis
Raw CDERI in LAS shape: (4194, 12090)
Compress CDERI into LAS Cholesky Vectors by SVD
Cholesky cutoff: 1e-05
Build effective h0 and h1 time: 6.062349 s
Build CDERI in LAS time: 5.476015 s
Compress CDERI to LAS Choleskey Vectors time: 2.644639 s
Build Integral total time: 14.183308 s
Finished calculating Cholesky integrals
Size of the correlation space
Number of electrons: (29,29)
Number of basis functions: 155
Cholesky shape: (1516, 155, 155)
running AFQMC on GPU
Hostname: gpua059.delta.ncsa.illinois.edu
System Type: Linux
Machine Type: x86_64
Processor: x86_64
Using GPU.
System: Linux
Node Name: gpua059.delta.ncsa.illinois.edu
Release: 5.14.0-427.91.1.el9_4.x86_64
Version: #1 SMP PREEMPT_DYNAMIC Wed Sep 17 10:08:59 EDT 2025
Machine: x86_64
Processor: x86_64
AFQMC script: /u/yzhang65/myprojects/software/afqmc/afqmc/lno_afqmc/ccsd_pt2/run_afqmc.py
---------------------------- AFQMC Sampling Started ----------------------------
Hostname: gpua059.delta.ncsa.illinois.edu
System Type: Linux
Machine Type: x86_64
Processor: x86_64
Using GPU.
System: Linux
Node Name: gpua059.delta.ncsa.illinois.edu
Release: 5.14.0-427.91.1.el9_4.x86_64
Version: #1 SMP PREEMPT_DYNAMIC Wed Sep 17 10:08:59 EDT 2025
Machine: x86_64
Processor: x86_64
Trial: ccsd_pt2(norb=155, nelec=(29, 29), n_batch=1, nchol_chunk=100, mix_precision=True)
Sampler: sampler_pt2(n_prop_steps=50, n_blocks=500, n_chol=1516)
norb: 155
nelec: (29, 29)
nchol: 1516
n_eql: 100
n_prop_steps: 50
n_blocks: 500
n_walkers: 300
nchol_chunk: 100
mix_precision: True
n_batch: 1
seed: 4986
walker_type: rhf
trial: ccsd_pt2
dt: 0.005
use_gpu: True
max_error: 5.892556509887897e-05
n_exp_terms: 6
Propagating with 300 walkers
Initial Orbital energy: -0.119716
-------------------------------- Equilibration ---------------------------------
inv_T        energy   runTime
 0.00  -2055.865060     14.80
 2.50  -2057.135933     25.61
 5.00  -2057.190327     31.06
 7.50  -2057.164661     36.52
10.00  -2057.190827     41.96
12.50  -2057.171657     47.42
15.00  -2057.191774     52.87
17.50  -2057.168686     58.33
20.00  -2057.198104     63.78
22.50  -2057.162314     69.23
25.00  -2057.162863     74.69
------------------------------- Sampling Blocks --------------------------------
Target Final Error ~ 0.000059
   N      E(Guide)     Error      E(Orb)     Error  Kill_WK      Time
  20  -2057.170536  0.003980   -0.125614  0.000323        0    136.37
  40  -2057.178093  0.003781   -0.125914  0.000239        0    181.55
  60  -2057.190393  0.003686   -0.125978  0.000205        0    226.67
  80  -2057.186543  0.003251   -0.125938  0.000167        0    271.82
 100  -2057.185120  0.002818   -0.125932  0.000147        0    316.96
 120  -2057.184018  0.002647   -0.125952  0.000136        0    362.09
 140  -2057.185507  0.002394   -0.126007  0.000125        0    407.22
 160  -2057.185173  0.002203   -0.126033  0.000115        0    452.38
 180  -2057.185859  0.002094   -0.126008  0.000109        0    497.52
 200  -2057.187011  0.001959   -0.126041  0.000102        0    542.69
 220  -2057.186947  0.001850   -0.126031  0.000095        0    587.82
 240  -2057.186705  0.001751   -0.126006  0.000091        0    632.96
 260  -2057.186597  0.001663   -0.126002  0.000090        0    678.11
 280  -2057.187951  0.001654   -0.126000  0.000088        0    723.25
 300  -2057.188756  0.001585   -0.126027  0.000085        0    768.39
 320  -2057.188239  0.001527   -0.126002  0.000082        0    813.55
 340  -2057.188199  0.001468   -0.126002  0.000079        0    858.69
 360  -2057.188844  0.001427   -0.125999  0.000076        0    903.82
 380  -2057.188710  0.001382   -0.125999  0.000077        0    948.94
 400  -2057.188807  0.001328   -0.125986  0.000076        0    994.09
 420  -2057.189666  0.001299   -0.126009  0.000075        0   1039.25
 440  -2057.189425  0.001257   -0.125995  0.000073        0   1084.41
 460  -2057.189718  0.001227   -0.126026  0.000079        0   1129.58
 480  -2057.189076  0.001199   -0.126045  0.000077        0   1174.73
 500  -2057.188767  0.001171   -0.126012  0.000075        0   1219.86
------------------------------- Post Propagation -------------------------------
Total number of samples 500
Raw AFQMC/HF Energy: -2057.188767 +/- 0.001171
Raw AFQMC/pt2CCSD Orbital Energy (covariance): -0.126012 +/- 0.000075
Raw AFQMC/pt2CCSD Orbital Energy (direct obs): -0.126012 +/- 0.000065
------------------------------ Clean Observation -------------------------------
Energy bound [-0.148567, -0.103144]
Removed 0 Outliers
Outliers Orbital Energy []
Clean AFQMC/pt2CCSD Orbital Energy (covariance): -0.126012 +/- 0.000075
Clean AFQMC/pt2CCSD Orbital Energy (direct obs): -0.126012 +/- 0.000065
------------------------------ Blocking Analysis -------------------------------
nsample = 500, max_block_size = 25, min_nblocks = 20
Blk_SZ   NBlk   NSmp      Energy     Error    dError
     1    500    500   -0.125984  0.000065  0.000002
     2    250    500   -0.125990  0.000072  0.000003
     3    166    498   -0.125991  0.000076  0.000004
     4    125    500   -0.125997  0.000076  0.000005
     5    100    500   -0.125999  0.000077  0.000005
     6     83    498   -0.125997  0.000076  0.000006
     7     71    497   -0.126005  0.000083  0.000007
     8     62    496   -0.126009  0.000082  0.000007
     9     55    495   -0.126007  0.000065  0.000006
    10     50    500   -0.126003  0.000075  0.000008
    11     45    495   -0.126009  0.000081  0.000009
    12     41    492   -0.126017  0.000081  0.000009
    13     38    494   -0.126013  0.000091  0.000011
    14     35    490   -0.126023  0.000076  0.000009
    15     33    495   -0.126012  0.000075  0.000009
    16     31    496   -0.126011  0.000077  0.000010
    17     29    493   -0.126016  0.000069  0.000009
    18     27    486   -0.126031  0.000074  0.000010
    19     26    494   -0.126012  0.000098  0.000014
    20     25    500   -0.126008  0.000067  0.000010
    21     23    483   -0.126038  0.000082  0.000012
    22     22    484   -0.126037  0.000076  0.000012
    23     21    483   -0.126040  0.000070  0.000011
    24     20    480   -0.126045  0.000077  0.000012
    25     20    500   -0.126010  0.000087  0.000014
Fit: plateau = 0.000077 ± 0.000002
     autocorrelation length ~ 1.0 blocks
     plateau reached at block size ~ 4
Blocked AFQMC/pt2CCSD Orbital Energy: -0.126012 +/- 0.000077
total run time: 1221.70
--------------------------- AFQMC Sampling Finished ----------------------------


======================== restricted LNO-FRAGMENT 33/72 =========================
Center Atom C
AOs with contribution > 0.01
        AO Label     Amp
     32 C 1s      0.8758
     32 C 2px     0.4807
     32 C 2py     0.4806
     32 C 2pz     0.4674
     32 C 2s      0.3693
     32 C 3pz     0.2608
     32 C 3s      0.1879
     32 C 3px     0.1447
     32 C 3py     0.1444
    30 C 3dx2-y2  0.0867
     30 C 3py     0.0844
     35 C 3dxy    0.0833
     31 C 3px     0.0754
     31 C 3dxy    0.0678
     35 C 3px     0.0642
    31 C 3dx2-y2  0.0620
     31 C 3s      0.0600
     30 C 3s      0.0599
     35 C 3s      0.0594
     35 C 3py     0.0473
     30 C 3dyz    0.0443
    35 C 3dx2-y2  0.0442
     31 C 3pz     0.0435
     30 C 3pz     0.0431
     30 C 3dxy    0.0427
     35 C 3pz     0.0424
     31 C 3py     0.0382
     31 C 3dxz    0.0379
     30 C 3px     0.0293
     35 C 3dxz    0.0285
     31 C 3dz^2   0.0230
     30 C 3dz^2   0.0230
     35 C 3dz^2   0.0227
     36 C 3px     0.0205
     38 C 3py     0.0194
     20 C 3px     0.0194
     31 C 2s      0.0187
     30 C 2s      0.0185
     35 C 2s      0.0177
     24 C 3py     0.0156
     40 C 3py     0.0155
     35 C 3dyz    0.0148
     30 C 2py     0.0142
     32 C 3dz^2   0.0140
     31 C 2px     0.0122
     29 C 3py     0.0118
LAS occupied orbitals: 30
LAS virtual orbitals: 127
CCSD time: 90.047380 s
LNO-MP2 Orbital Energy: -0.12053016
LNO-CCSD Orbital Energy: -0.11998850
Calculating Effective Active Space One-electron Integrals
number of active occupied orbitals 30
number of active virtual orbitals 127
DF loop 0 number of DF vectors 240
DF loop 1 number of DF vectors 240
DF loop 2 number of DF vectors 240
DF loop 3 number of DF vectors 240
DF loop 4 number of DF vectors 240
DF loop 5 number of DF vectors 240
DF loop 6 number of DF vectors 240
DF loop 7 number of DF vectors 240
DF loop 8 number of DF vectors 240
DF loop 9 number of DF vectors 240
DF loop 10 number of DF vectors 240
DF loop 11 number of DF vectors 240
DF loop 12 number of DF vectors 240
DF loop 13 number of DF vectors 240
DF loop 14 number of DF vectors 240
DF loop 15 number of DF vectors 240
DF loop 16 number of DF vectors 240
DF loop 17 number of DF vectors 114
build JK time: 5.959729 s
build ecore time: 0.196964 s
build h1eff time: 6.236912 s
Generating Cholesky Integrals
Composing AO ERIs from DF basis
Raw CDERI in LAS shape: (4194, 12403)
Compress CDERI into LAS Cholesky Vectors by SVD
Cholesky cutoff: 1e-05
Build effective h0 and h1 time: 6.738164 s
Build CDERI in LAS time: 5.781698 s
Compress CDERI to LAS Choleskey Vectors time: 3.106480 s
Build Integral total time: 15.626645 s
Finished calculating Cholesky integrals
Size of the correlation space
Number of electrons: (30,30)
Number of basis functions: 157
Cholesky shape: (1479, 157, 157)
running AFQMC on GPU
Hostname: gpua059.delta.ncsa.illinois.edu
System Type: Linux
Machine Type: x86_64
Processor: x86_64
Using GPU.
System: Linux
Node Name: gpua059.delta.ncsa.illinois.edu
Release: 5.14.0-427.91.1.el9_4.x86_64
Version: #1 SMP PREEMPT_DYNAMIC Wed Sep 17 10:08:59 EDT 2025
Machine: x86_64
Processor: x86_64
AFQMC script: /u/yzhang65/myprojects/software/afqmc/afqmc/lno_afqmc/ccsd_pt2/run_afqmc.py
---------------------------- AFQMC Sampling Started ----------------------------
Hostname: gpua059.delta.ncsa.illinois.edu
System Type: Linux
Machine Type: x86_64
Processor: x86_64
Using GPU.
System: Linux
Node Name: gpua059.delta.ncsa.illinois.edu
Release: 5.14.0-427.91.1.el9_4.x86_64
Version: #1 SMP PREEMPT_DYNAMIC Wed Sep 17 10:08:59 EDT 2025
Machine: x86_64
Processor: x86_64
Trial: ccsd_pt2(norb=157, nelec=(30, 30), n_batch=1, nchol_chunk=100, mix_precision=True)
Sampler: sampler_pt2(n_prop_steps=50, n_blocks=500, n_chol=1479)
norb: 157
nelec: (30, 30)
nchol: 1479
n_eql: 100
n_prop_steps: 50
n_blocks: 500
n_walkers: 300
nchol_chunk: 100
mix_precision: True
n_batch: 1
seed: 6676
walker_type: rhf
trial: ccsd_pt2
dt: 0.005
use_gpu: True
max_error: 5.892556509887897e-05
n_exp_terms: 6
Propagating with 300 walkers
Initial Orbital energy: -0.119994
-------------------------------- Equilibration ---------------------------------
inv_T        energy   runTime
 0.00  -2055.865062     58.69
 2.50  -2057.122350     70.00
 5.00  -2057.215698     75.55
 7.50  -2057.200354     81.09
10.00  -2057.234748     86.63
12.50  -2057.225574     92.18
15.00  -2057.211106     97.72
17.50  -2057.242212    103.27
20.00  -2057.217979    108.81
22.50  -2057.233293    114.35
25.00  -2057.230147    119.90
------------------------------- Sampling Blocks --------------------------------
Target Final Error ~ 0.000059
   N      E(Guide)     Error      E(Orb)     Error  Kill_WK      Time
  20  -2057.218938  0.004165   -0.126213  0.000345        0    176.17
  40  -2057.224978  0.003628   -0.126550  0.000299        0    221.99
  60  -2057.226914  0.002740   -0.126563  0.000229        0    267.84
  80  -2057.229442  0.002382   -0.126617  0.000190        0    313.74
 100  -2057.225623  0.002253   -0.126531  0.000164        0    359.60
 120  -2057.223392  0.002119   -0.126490  0.000146        0    405.44
 140  -2057.223694  0.002113   -0.126580  0.000153        0    451.27
 160  -2057.221013  0.002108   -0.126543  0.000139        0    497.10
 180  -2057.221425  0.001959   -0.126566  0.000128        0    542.93
 200  -2057.221484  0.001970   -0.126526  0.000123        0    588.77
 220  -2057.220684  0.001875   -0.126591  0.000122        0    634.62
 240  -2057.220907  0.001778   -0.126591  0.000115        0    680.48
 260  -2057.221706  0.001708   -0.126578  0.000108        0    726.33
 280  -2057.221170  0.001661   -0.126599  0.000108        0    772.17
 300  -2057.220333  0.001605   -0.126616  0.000103        0    817.99
 320  -2057.220183  0.001534   -0.126586  0.000099        0    863.84
 340  -2057.219143  0.001492   -0.126576  0.000095        0    909.69
 360  -2057.219726  0.001446   -0.126566  0.000091        0    955.56
 380  -2057.218809  0.001429   -0.126520  0.000088        0   1001.42
 400  -2057.218244  0.001400   -0.126519  0.000086        0   1047.27
 420  -2057.219162  0.001375   -0.126524  0.000083        0   1093.10
 440  -2057.220654  0.001376   -0.126571  0.000084        0   1138.94
 460  -2057.220720  0.001346   -0.126570  0.000081        0   1184.80
 480  -2057.220926  0.001327   -0.126583  0.000080        0   1230.66
 500  -2057.220904  0.001300   -0.126569  0.000078        0   1276.52
------------------------------- Post Propagation -------------------------------
Total number of samples 500
Raw AFQMC/HF Energy: -2057.220904 +/- 0.001300
Raw AFQMC/pt2CCSD Orbital Energy (covariance): -0.126569 +/- 0.000078
Raw AFQMC/pt2CCSD Orbital Energy (direct obs): -0.126569 +/- 0.000068
------------------------------ Clean Observation -------------------------------
Energy bound [-0.151200, -0.101438]
Removed 0 Outliers
Outliers Orbital Energy []
Clean AFQMC/pt2CCSD Orbital Energy (covariance): -0.126569 +/- 0.000078
Clean AFQMC/pt2CCSD Orbital Energy (direct obs): -0.126569 +/- 0.000068
------------------------------ Blocking Analysis -------------------------------
nsample = 500, max_block_size = 25, min_nblocks = 20
Blk_SZ   NBlk   NSmp      Energy     Error    dError
     1    500    500   -0.126530  0.000068  0.000002
     2    250    500   -0.126537  0.000081  0.000004
     3    166    498   -0.126544  0.000087  0.000005
     4    125    500   -0.126544  0.000091  0.000006
     5    100    500   -0.126547  0.000095  0.000007
     6     83    498   -0.126553  0.000093  0.000007
     7     71    497   -0.126556  0.000095  0.000008
     8     62    496   -0.126556  0.000100  0.000009
     9     55    495   -0.126557  0.000106  0.000010
    10     50    500   -0.126555  0.000091  0.000009
    11     45    495   -0.126559  0.000092  0.000010
    12     41    492   -0.126567  0.000112  0.000013
    13     38    494   -0.126571  0.000087  0.000010
    14     35    490   -0.126566  0.000091  0.000011
    15     33    495   -0.126564  0.000090  0.000011
    16     31    496   -0.126562  0.000104  0.000013
    17     29    493   -0.126570  0.000097  0.000013
    18     27    486   -0.126578  0.000094  0.000013
    19     26    494   -0.126569  0.000100  0.000014
    20     25    500   -0.126562  0.000080  0.000012
    21     23    483   -0.126570  0.000083  0.000013
    22     22    484   -0.126577  0.000081  0.000012
    23     21    483   -0.126573  0.000104  0.000016
    24     20    480   -0.126574  0.000100  0.000016
    25     20    500   -0.126563  0.000086  0.000014
Fit: plateau = 0.000094 ± 0.000002
     autocorrelation length ~ 1.4 blocks
     plateau reached at block size ~ 6
Blocked AFQMC/pt2CCSD Orbital Energy: -0.126569 +/- 0.000094
total run time: 1276.53
--------------------------- AFQMC Sampling Finished ----------------------------


======================== restricted LNO-FRAGMENT 34/72 =========================
Center Atom C
AOs with contribution > 0.01
        AO Label     Amp
     33 C 1s      0.8752
     33 C 2px     0.4837
     33 C 2py     0.4722
     33 C 2pz     0.4593
     33 C 2s      0.3758
     33 C 3pz     0.2934
     61 H 2py     0.1955
     33 C 3s      0.1904
     33 C 3px     0.1645
     33 C 3py     0.1413
     34 C 3dxy    0.0928
     26 C 3px     0.0770
     61 H 1s      0.0690
     34 C 3s      0.0665
     34 C 3px     0.0660
     26 C 3dxy    0.0639
     61 H 2s      0.0625
    26 C 3dx2-y2  0.0606
     26 C 3s      0.0603
    34 C 3dx2-y2  0.0556
     34 C 3py     0.0536
     61 H 2px     0.0516
     34 C 3pz     0.0516
     61 H 2pz     0.0480
     26 C 3pz     0.0437
     26 C 3py     0.0400
     34 C 3dxz    0.0374
     26 C 3dxz    0.0359
     34 C 3dz^2   0.0253
     34 C 2s      0.0228
     26 C 3dz^2   0.0226
     25 C 3px     0.0212
     27 C 3py     0.0193
     34 C 3dyz    0.0187
     62 H 2s      0.0185
     26 C 2s      0.0174
     22 C 3py     0.0152
     33 C 3dz^2   0.0121
     26 C 2px     0.0117
     34 C 2px     0.0115
     33 C 3dxy    0.0115
LAS occupied orbitals: 21
LAS virtual orbitals: 95
CCSD time: 27.149967 s
LNO-MP2 Orbital Energy: -0.11257707
LNO-CCSD Orbital Energy: -0.11691682
Calculating Effective Active Space One-electron Integrals
number of active occupied orbitals 21
number of active virtual orbitals 95
DF loop 0 number of DF vectors 240
DF loop 1 number of DF vectors 240
DF loop 2 number of DF vectors 240
DF loop 3 number of DF vectors 240
DF loop 4 number of DF vectors 240
DF loop 5 number of DF vectors 240
DF loop 6 number of DF vectors 240
DF loop 7 number of DF vectors 240
DF loop 8 number of DF vectors 240
DF loop 9 number of DF vectors 240
DF loop 10 number of DF vectors 240
DF loop 11 number of DF vectors 240
DF loop 12 number of DF vectors 240
DF loop 13 number of DF vectors 240
DF loop 14 number of DF vectors 240
DF loop 15 number of DF vectors 240
DF loop 16 number of DF vectors 240
DF loop 17 number of DF vectors 114
build JK time: 5.610829 s
build ecore time: 0.196614 s
build h1eff time: 5.883682 s
Generating Cholesky Integrals
Composing AO ERIs from DF basis
Raw CDERI in LAS shape: (4194, 6786)
Compress CDERI into LAS Cholesky Vectors by SVD
Cholesky cutoff: 1e-05
Build effective h0 and h1 time: 6.023703 s
Build CDERI in LAS time: 5.438217 s
Compress CDERI to LAS Choleskey Vectors time: 2.224253 s
Build Integral total time: 13.691806 s
Finished calculating Cholesky integrals
Size of the correlation space
Number of electrons: (21,21)
Number of basis functions: 116
Cholesky shape: (1019, 116, 116)
running AFQMC on GPU
Hostname: gpua059.delta.ncsa.illinois.edu
System Type: Linux
Machine Type: x86_64
Processor: x86_64
Using GPU.
System: Linux
Node Name: gpua059.delta.ncsa.illinois.edu
Release: 5.14.0-427.91.1.el9_4.x86_64
Version: #1 SMP PREEMPT_DYNAMIC Wed Sep 17 10:08:59 EDT 2025
Machine: x86_64
Processor: x86_64
AFQMC script: /u/yzhang65/myprojects/software/afqmc/afqmc/lno_afqmc/ccsd_pt2/run_afqmc.py
---------------------------- AFQMC Sampling Started ----------------------------
Hostname: gpua059.delta.ncsa.illinois.edu
System Type: Linux
Machine Type: x86_64
Processor: x86_64
Using GPU.
System: Linux
Node Name: gpua059.delta.ncsa.illinois.edu
Release: 5.14.0-427.91.1.el9_4.x86_64
Version: #1 SMP PREEMPT_DYNAMIC Wed Sep 17 10:08:59 EDT 2025
Machine: x86_64
Processor: x86_64
Trial: ccsd_pt2(norb=116, nelec=(21, 21), n_batch=1, nchol_chunk=100, mix_precision=True)
Sampler: sampler_pt2(n_prop_steps=50, n_blocks=500, n_chol=1019)
norb: 116
nelec: (21, 21)
nchol: 1019
n_eql: 100
n_prop_steps: 50
n_blocks: 500
n_walkers: 300
nchol_chunk: 100
mix_precision: True
n_batch: 1
seed: 3766
walker_type: rhf
trial: ccsd_pt2
dt: 0.005
use_gpu: True
max_error: 5.892556509887897e-05
n_exp_terms: 6
Propagating with 300 walkers
Initial Orbital energy: -0.116908
-------------------------------- Equilibration ---------------------------------
inv_T        energy   runTime
 0.00  -2055.865067     12.99
 2.50  -2056.761998     20.68
 5.00  -2056.786627     23.02
 7.50  -2056.755868     25.36
10.00  -2056.799172     27.70
12.50  -2056.776955     30.04
15.00  -2056.773626     32.38
17.50  -2056.818068     34.73
20.00  -2056.771236     37.07
22.50  -2056.791063     39.43
25.00  -2056.827722     41.77
------------------------------- Sampling Blocks --------------------------------
Target Final Error ~ 0.000059
   N      E(Guide)     Error      E(Orb)     Error  Kill_WK      Time
  20  -2056.811474  0.005136   -0.123367  0.000400        0     65.76
  40  -2056.818890  0.003662   -0.123038  0.000270        0     79.93
  60  -2056.814427  0.002913   -0.122534  0.000224        0     94.11
  80  -2056.813489  0.002432   -0.122503  0.000188        0    108.31
 100  -2056.812313  0.002193   -0.122375  0.000161        0    122.49
 120  -2056.810161  0.002023   -0.122222  0.000144        0    136.67
 140  -2056.806631  0.001956   -0.122203  0.000132        0    150.86
 160  -2056.807553  0.001851   -0.122257  0.000133        0    165.05
 180  -2056.805763  0.001747   -0.122310  0.000122        0    179.23
 200  -2056.805708  0.001702   -0.122340  0.000113        0    193.42
 220  -2056.804915  0.001606   -0.122266  0.000108        0    207.61
 240  -2056.804356  0.001521   -0.122252  0.000102        0    221.79
 260  -2056.804193  0.001457   -0.122249  0.000100        0    235.97
 280  -2056.804617  0.001376   -0.122323  0.000100        0    250.15
 300  -2056.803861  0.001339   -0.122350  0.000097        0    264.33
 320  -2056.804028  0.001305   -0.122379  0.000094        0    278.52
 340  -2056.803218  0.001263   -0.122365  0.000089        0    292.69
 360  -2056.803028  0.001263   -0.122379  0.000087        0    306.85
 380  -2056.802561  0.001218   -0.122366  0.000084        0    321.03
 400  -2056.802140  0.001174   -0.122347  0.000081        0    335.20
 420  -2056.802192  0.001149   -0.122331  0.000079        0    349.38
 440  -2056.802114  0.001105   -0.122330  0.000076        0    363.56
 460  -2056.802024  0.001080   -0.122343  0.000075        0    377.75
 480  -2056.801610  0.001057   -0.122333  0.000073        0    393.48
 500  -2056.801198  0.001044   -0.122300  0.000071        0    407.69
------------------------------- Post Propagation -------------------------------
Total number of samples 500
Raw AFQMC/HF Energy: -2056.801198 +/- 0.001044
Raw AFQMC/pt2CCSD Orbital Energy (covariance): -0.122300 +/- 0.000071
Raw AFQMC/pt2CCSD Orbital Energy (direct obs): -0.122300 +/- 0.000059
------------------------------ Clean Observation -------------------------------
Energy bound [-0.145116, -0.098978]
Removed 0 Outliers
Outliers Orbital Energy []
Clean AFQMC/pt2CCSD Orbital Energy (covariance): -0.122300 +/- 0.000071
Clean AFQMC/pt2CCSD Orbital Energy (direct obs): -0.122300 +/- 0.000059
------------------------------ Blocking Analysis -------------------------------
nsample = 500, max_block_size = 25, min_nblocks = 20
Blk_SZ   NBlk   NSmp      Energy     Error    dError
     1    500    500   -0.122262  0.000059  0.000002
     2    250    500   -0.122269  0.000069  0.000003
     3    166    498   -0.122280  0.000076  0.000004
     4    125    500   -0.122276  0.000081  0.000005
     5    100    500   -0.122278  0.000081  0.000006
     6     83    498   -0.122283  0.000086  0.000007
     7     71    497   -0.122288  0.000088  0.000007
     8     62    496   -0.122294  0.000088  0.000008
     9     55    495   -0.122295  0.000093  0.000009
    10     50    500   -0.122282  0.000085  0.000009
    11     45    495   -0.122297  0.000091  0.000010
    12     41    492   -0.122297  0.000098  0.000011
    13     38    494   -0.122294  0.000095  0.000011
    14     35    490   -0.122304  0.000094  0.000011
    15     33    495   -0.122299  0.000093  0.000012
    16     31    496   -0.122299  0.000095  0.000012
    17     29    493   -0.122304  0.000093  0.000012
    18     27    486   -0.122314  0.000103  0.000014
    19     26    494   -0.122301  0.000099  0.000014
    20     25    500   -0.122291  0.000104  0.000015
    21     23    483   -0.122315  0.000107  0.000016
    22     22    484   -0.122318  0.000105  0.000016
    23     21    483   -0.122316  0.000096  0.000015
    24     20    480   -0.122325  0.000101  0.000016
    25     20    500   -0.122292  0.000106  0.000017
Fit: plateau = 0.000098 ± 0.000004
     autocorrelation length ~ 4.1 blocks
     plateau reached at block size ~ 16
Blocked AFQMC/pt2CCSD Orbital Energy: -0.122300 +/- 0.000098
total run time: 407.70
--------------------------- AFQMC Sampling Finished ----------------------------


======================== restricted LNO-FRAGMENT 35/72 =========================
Center Atom C
AOs with contribution > 0.01
        AO Label     Amp
     34 C 1s      0.8752
     34 C 2py     0.4827
     34 C 2px     0.4731
     34 C 2pz     0.4593
     34 C 2s      0.3758
     34 C 3pz     0.2934
     34 C 3s      0.1904
     62 H 2px     0.1744
     34 C 3py     0.1615
     34 C 3px     0.1440
     33 C 3dxy    0.0948
     27 C 3py     0.0866
    27 C 3dx2-y2  0.0846
     62 H 2py     0.0734
     62 H 1s      0.0697
     33 C 3px     0.0694
     33 C 3s      0.0660
     62 H 2s      0.0627
     27 C 3s      0.0602
    33 C 3dx2-y2  0.0537
     33 C 3pz     0.0516
     33 C 3py     0.0506
     62 H 2pz     0.0479
     27 C 3pz     0.0437
     27 C 3dyz    0.0420
     27 C 3dxy    0.0398
     33 C 3dxz    0.0363
     27 C 3px     0.0303
     33 C 3dz^2   0.0251
     27 C 3dz^2   0.0225
     33 C 2s      0.0225
     26 C 3px     0.0207
     33 C 3dyz    0.0198
     61 H 2s      0.0183
     27 C 2s      0.0174
     28 C 3py     0.0173
     27 C 2py     0.0135
     23 C 3py     0.0122
     34 C 3dz^2   0.0121
     33 C 2px     0.0117
LAS occupied orbitals: 21
LAS virtual orbitals: 95
CCSD time: 27.738898 s
LNO-MP2 Orbital Energy: -0.11257563
LNO-CCSD Orbital Energy: -0.11691583
Calculating Effective Active Space One-electron Integrals
number of active occupied orbitals 21
number of active virtual orbitals 95
DF loop 0 number of DF vectors 240
DF loop 1 number of DF vectors 240
DF loop 2 number of DF vectors 240
DF loop 3 number of DF vectors 240
DF loop 4 number of DF vectors 240
DF loop 5 number of DF vectors 240
DF loop 6 number of DF vectors 240
DF loop 7 number of DF vectors 240
DF loop 8 number of DF vectors 240
DF loop 9 number of DF vectors 240
DF loop 10 number of DF vectors 240
DF loop 11 number of DF vectors 240
DF loop 12 number of DF vectors 240
DF loop 13 number of DF vectors 240
DF loop 14 number of DF vectors 240
DF loop 15 number of DF vectors 240
DF loop 16 number of DF vectors 240
DF loop 17 number of DF vectors 114
build JK time: 6.521073 s
build ecore time: 1.220056 s
build h1eff time: 7.853092 s
Generating Cholesky Integrals
Composing AO ERIs from DF basis
Raw CDERI in LAS shape: (4194, 6786)
Compress CDERI into LAS Cholesky Vectors by SVD
Cholesky cutoff: 1e-05
Build effective h0 and h1 time: 8.824398 s
Build CDERI in LAS time: 5.995277 s
Compress CDERI to LAS Choleskey Vectors time: 2.703713 s
Build Integral total time: 17.529109 s
Finished calculating Cholesky integrals
Size of the correlation space
Number of electrons: (21,21)
Number of basis functions: 116
Cholesky shape: (1018, 116, 116)
running AFQMC on GPU
Hostname: gpua059.delta.ncsa.illinois.edu
System Type: Linux
Machine Type: x86_64
Processor: x86_64
Using GPU.
System: Linux
Node Name: gpua059.delta.ncsa.illinois.edu
Release: 5.14.0-427.91.1.el9_4.x86_64
Version: #1 SMP PREEMPT_DYNAMIC Wed Sep 17 10:08:59 EDT 2025
Machine: x86_64
Processor: x86_64
AFQMC script: /u/yzhang65/myprojects/software/afqmc/afqmc/lno_afqmc/ccsd_pt2/run_afqmc.py
---------------------------- AFQMC Sampling Started ----------------------------
Hostname: gpua059.delta.ncsa.illinois.edu
System Type: Linux
Machine Type: x86_64
Processor: x86_64
Using GPU.
System: Linux
Node Name: gpua059.delta.ncsa.illinois.edu
Release: 5.14.0-427.91.1.el9_4.x86_64
Version: #1 SMP PREEMPT_DYNAMIC Wed Sep 17 10:08:59 EDT 2025
Machine: x86_64
Processor: x86_64
Trial: ccsd_pt2(norb=116, nelec=(21, 21), n_batch=1, nchol_chunk=100, mix_precision=True)
Sampler: sampler_pt2(n_prop_steps=50, n_blocks=500, n_chol=1018)
norb: 116
nelec: (21, 21)
nchol: 1018
n_eql: 100
n_prop_steps: 50
n_blocks: 500
n_walkers: 300
nchol_chunk: 100
mix_precision: True
n_batch: 1
seed: 5791
walker_type: rhf
trial: ccsd_pt2
dt: 0.005
use_gpu: True
max_error: 5.892556509887897e-05
n_exp_terms: 6
Propagating with 300 walkers
Initial Orbital energy: -0.116908
-------------------------------- Equilibration ---------------------------------
inv_T        energy   runTime
 0.00  -2055.865067     19.52
 2.50  -2056.771938     27.55
 5.00  -2056.826766     29.89
 7.50  -2056.768812     32.24
10.00  -2056.791043     34.59
12.50  -2056.789595     36.93
15.00  -2056.777868     39.27
17.50  -2056.823259     41.62
20.00  -2056.797753     43.96
22.50  -2056.788038     46.30
25.00  -2056.764188     48.65
------------------------------- Sampling Blocks --------------------------------
Target Final Error ~ 0.000059
   N      E(Guide)     Error      E(Orb)     Error  Kill_WK      Time
  20  -2056.796375  0.004985   -0.122888  0.000280        0     72.71
  40  -2056.793178  0.003534   -0.122494  0.000206        0     86.91
  60  -2056.800350  0.003169   -0.122359  0.000193        0    101.10
  80  -2056.796371  0.002787   -0.122235  0.000161        0    115.31
 100  -2056.798868  0.002714   -0.122192  0.000175        0    129.51
 120  -2056.799770  0.002688   -0.122230  0.000156        0    143.72
 140  -2056.800765  0.002397   -0.122390  0.000148        0    157.92
 160  -2056.801503  0.002171   -0.122362  0.000137        0    172.11
 180  -2056.801363  0.001964   -0.122405  0.000134        0    186.30
 200  -2056.801968  0.001877   -0.122382  0.000124        0    200.50
 220  -2056.802288  0.001782   -0.122422  0.000118        0    214.69
 240  -2056.803718  0.001732   -0.122447  0.000112        0    228.88
 260  -2056.803674  0.001649   -0.122417  0.000106        0    243.08
 280  -2056.803192  0.001567   -0.122412  0.000101        0    257.27
 300  -2056.803124  0.001497   -0.122388  0.000095        0    271.46
 320  -2056.802359  0.001443   -0.122350  0.000091        0    285.65
 340  -2056.801510  0.001396   -0.122306  0.000088        0    299.84
 360  -2056.801535  0.001352   -0.122275  0.000085        0    314.04
 380  -2056.800670  0.001311   -0.122262  0.000082        0    328.23
 400  -2056.800710  0.001266   -0.122270  0.000080        0    342.42
 420  -2056.800466  0.001216   -0.122256  0.000078        0    356.60
 440  -2056.801181  0.001184   -0.122292  0.000077        0    370.78
 460  -2056.800802  0.001150   -0.122256  0.000076        0    384.97
 480  -2056.801183  0.001144   -0.122290  0.000075        0    399.16
 500  -2056.801590  0.001121   -0.122330  0.000074        0    413.34
------------------------------- Post Propagation -------------------------------
Total number of samples 500
Raw AFQMC/HF Energy: -2056.801590 +/- 0.001121
Raw AFQMC/pt2CCSD Orbital Energy (covariance): -0.122330 +/- 0.000074
Raw AFQMC/pt2CCSD Orbital Energy (direct obs): -0.122330 +/- 0.000064
------------------------------ Clean Observation -------------------------------
Energy bound [-0.147433, -0.096795]
Removed 0 Outliers
Outliers Orbital Energy []
Clean AFQMC/pt2CCSD Orbital Energy (covariance): -0.122330 +/- 0.000074
Clean AFQMC/pt2CCSD Orbital Energy (direct obs): -0.122330 +/- 0.000064
------------------------------ Blocking Analysis -------------------------------
nsample = 500, max_block_size = 25, min_nblocks = 20
Blk_SZ   NBlk   NSmp      Energy     Error    dError
     1    500    500   -0.122280  0.000064  0.000002
     2    250    500   -0.122286  0.000073  0.000003
     3    166    498   -0.122290  0.000078  0.000004
     4    125    500   -0.122296  0.000082  0.000005
     5    100    500   -0.122300  0.000087  0.000006
     6     83    498   -0.122298  0.000088  0.000007
     7     71    497   -0.122295  0.000092  0.000008
     8     62    496   -0.122299  0.000089  0.000008
     9     55    495   -0.122289  0.000094  0.000009
    10     50    500   -0.122309  0.000100  0.000010
    11     45    495   -0.122296  0.000090  0.000010
    12     41    492   -0.122283  0.000096  0.000011
    13     38    494   -0.122293  0.000107  0.000012
    14     35    490   -0.122286  0.000102  0.000012
    15     33    495   -0.122298  0.000109  0.000014
    16     31    496   -0.122303  0.000106  0.000014
    17     29    493   -0.122292  0.000098  0.000013
    18     27    486   -0.122281  0.000109  0.000015
    19     26    494   -0.122295  0.000103  0.000015
    20     25    500   -0.122318  0.000107  0.000015
    21     23    483   -0.122275  0.000107  0.000016
    22     22    484   -0.122284  0.000107  0.000016
    23     21    483   -0.122281  0.000101  0.000016
    24     20    480   -0.122283  0.000100  0.000016
    25     20    500   -0.122324  0.000104  0.000017
Fit: plateau = 0.000104 ± 0.000005
     autocorrelation length ~ 5.2 blocks
     plateau reached at block size ~ 20
Blocked AFQMC/pt2CCSD Orbital Energy: -0.122330 +/- 0.000104
total run time: 413.35
--------------------------- AFQMC Sampling Finished ----------------------------


======================== restricted LNO-FRAGMENT 36/72 =========================
Center Atom C
AOs with contribution > 0.01
        AO Label     Amp
     35 C 1s      0.8754
     35 C 2px     0.4865
     35 C 2py     0.4833
     35 C 2pz     0.4670
     35 C 2s      0.3709
     35 C 3pz     0.2610
     35 C 3s      0.1879
     35 C 3px     0.1480
     35 C 3py     0.1454
    38 C 3dx2-y2  0.0935
     32 C 3dxy    0.0830
     38 C 3py     0.0818
     36 C 3px     0.0717
     36 C 3dxy    0.0676
     32 C 3px     0.0653
    36 C 3dx2-y2  0.0628
     38 C 3s      0.0626
     36 C 3s      0.0601
     32 C 3s      0.0593
     38 C 3dyz    0.0485
     32 C 3py     0.0475
     38 C 3dxy    0.0459
     38 C 3pz     0.0455
    32 C 3dx2-y2  0.0440
     32 C 3pz     0.0424
     36 C 3pz     0.0419
     36 C 3py     0.0390
     36 C 3dxz    0.0355
     38 C 3px     0.0318
     32 C 3dxz    0.0282
     38 C 3dz^2   0.0241
     36 C 3dz^2   0.0230
     32 C 3dz^2   0.0226
     38 C 2s      0.0204
     31 C 3px     0.0200
     32 C 2s      0.0180
     30 C 3py     0.0179
     36 C 2s      0.0179
     37 C 3py     0.0173
     65 H 2s      0.0166
     63 H 2s      0.0162
     38 C 2py     0.0157
     32 C 3dyz    0.0150
     35 C 3dz^2   0.0139
     39 C 3py     0.0119
     36 C 2px     0.0118
     39 C 3px     0.0108
LAS occupied orbitals: 25
LAS virtual orbitals: 114
CCSD time: 48.515944 s
LNO-MP2 Orbital Energy: -0.11682402
LNO-CCSD Orbital Energy: -0.11753450
Calculating Effective Active Space One-electron Integrals
number of active occupied orbitals 25
number of active virtual orbitals 114
DF loop 0 number of DF vectors 240
DF loop 1 number of DF vectors 240
DF loop 2 number of DF vectors 240
DF loop 3 number of DF vectors 240
DF loop 4 number of DF vectors 240
DF loop 5 number of DF vectors 240
DF loop 6 number of DF vectors 240
DF loop 7 number of DF vectors 240
DF loop 8 number of DF vectors 240
DF loop 9 number of DF vectors 240
DF loop 10 number of DF vectors 240
DF loop 11 number of DF vectors 240
DF loop 12 number of DF vectors 240
DF loop 13 number of DF vectors 240
DF loop 14 number of DF vectors 240
DF loop 15 number of DF vectors 240
DF loop 16 number of DF vectors 240
DF loop 17 number of DF vectors 114
build JK time: 5.604990 s
build ecore time: 0.225325 s
build h1eff time: 5.911246 s
Generating Cholesky Integrals
Composing AO ERIs from DF basis
Raw CDERI in LAS shape: (4194, 9730)
Compress CDERI into LAS Cholesky Vectors by SVD
Cholesky cutoff: 1e-05
Build effective h0 and h1 time: 6.064121 s
Build CDERI in LAS time: 5.537468 s
Compress CDERI to LAS Choleskey Vectors time: 2.436680 s
Build Integral total time: 14.038537 s
Finished calculating Cholesky integrals
Size of the correlation space
Number of electrons: (25,25)
Number of basis functions: 139
Cholesky shape: (1282, 139, 139)
running AFQMC on GPU
Hostname: gpua059.delta.ncsa.illinois.edu
System Type: Linux
Machine Type: x86_64
Processor: x86_64
Using GPU.
System: Linux
Node Name: gpua059.delta.ncsa.illinois.edu
Release: 5.14.0-427.91.1.el9_4.x86_64
Version: #1 SMP PREEMPT_DYNAMIC Wed Sep 17 10:08:59 EDT 2025
Machine: x86_64
Processor: x86_64
AFQMC script: /u/yzhang65/myprojects/software/afqmc/afqmc/lno_afqmc/ccsd_pt2/run_afqmc.py
---------------------------- AFQMC Sampling Started ----------------------------
Hostname: gpua059.delta.ncsa.illinois.edu
System Type: Linux
Machine Type: x86_64
Processor: x86_64
Using GPU.
System: Linux
Node Name: gpua059.delta.ncsa.illinois.edu
Release: 5.14.0-427.91.1.el9_4.x86_64
Version: #1 SMP PREEMPT_DYNAMIC Wed Sep 17 10:08:59 EDT 2025
Machine: x86_64
Processor: x86_64
Trial: ccsd_pt2(norb=139, nelec=(25, 25), n_batch=1, nchol_chunk=100, mix_precision=True)
Sampler: sampler_pt2(n_prop_steps=50, n_blocks=500, n_chol=1282)
norb: 139
nelec: (25, 25)
nchol: 1282
n_eql: 100
n_prop_steps: 50
n_blocks: 500
n_walkers: 300
nchol_chunk: 100
mix_precision: True
n_batch: 1
seed: 2681
walker_type: rhf
trial: ccsd_pt2
dt: 0.005
use_gpu: True
max_error: 5.892556509887897e-05
n_exp_terms: 6
Propagating with 300 walkers
Initial Orbital energy: -0.117538
-------------------------------- Equilibration ---------------------------------
inv_T        energy   runTime
 0.00  -2055.865072     13.61
 2.50  -2056.949558     22.67
 5.00  -2056.985838     26.48
 7.50  -2057.047642     30.29
10.00  -2056.974849     34.10
12.50  -2056.987498     37.92
15.00  -2056.994766     41.73
17.50  -2056.982128     45.54
20.00  -2057.041399     49.35
22.50  -2057.027725     53.15
25.00  -2056.994553     56.96
------------------------------- Sampling Blocks --------------------------------
Target Final Error ~ 0.000059
   N      E(Guide)     Error      E(Orb)     Error  Kill_WK      Time
  20  -2057.006901  0.007838   -0.124139  0.000240        0     93.88
  40  -2057.012235  0.004644   -0.124021  0.000198        0    120.54
  60  -2057.009518  0.003472   -0.123913  0.000168        0    147.17
  80  -2057.005268  0.002929   -0.123763  0.000154        0    173.84
 100  -2057.008397  0.003396   -0.123596  0.000157        0    200.46
 120  -2057.014614  0.003439   -0.123787  0.000164        0    227.09
 140  -2057.013925  0.003007   -0.123776  0.000146        0    253.70
 160  -2057.011927  0.002746   -0.123768  0.000133        0    280.30
 180  -2057.011506  0.002489   -0.123751  0.000122        0    306.91
 200  -2057.012086  0.002308   -0.123806  0.000115        0    333.52
 220  -2057.009379  0.002211   -0.123743  0.000109        0    360.15
 240  -2057.008264  0.002076   -0.123706  0.000103        0    386.80
 260  -2057.009154  0.001950   -0.123671  0.000097        0    413.42
 280  -2057.009851  0.001861   -0.123628  0.000093        0    440.06
 300  -2057.009330  0.001769   -0.123658  0.000089        0    466.70
 320  -2057.010172  0.001697   -0.123683  0.000085        0    493.32
 340  -2057.011040  0.001726   -0.123679  0.000087        0    519.94
 360  -2057.011127  0.001651   -0.123652  0.000084        0    546.55
 380  -2057.011164  0.001576   -0.123693  0.000083        0    573.15
 400  -2057.009890  0.001540   -0.123688  0.000081        0    599.76
 420  -2057.009463  0.001499   -0.123676  0.000078        0    626.38
 440  -2057.010018  0.001456   -0.123708  0.000076        0    653.01
 460  -2057.009825  0.001411   -0.123694  0.000074        0    679.62
 480  -2057.009928  0.001361   -0.123705  0.000072        0    706.25
 500  -2057.010441  0.001351   -0.123714  0.000071        0    732.88
------------------------------- Post Propagation -------------------------------
Total number of samples 500
Raw AFQMC/HF Energy: -2057.010441 +/- 0.001351
Raw AFQMC/pt2CCSD Orbital Energy (covariance): -0.123714 +/- 0.000071
Raw AFQMC/pt2CCSD Orbital Energy (direct obs): -0.123714 +/- 0.000057
------------------------------ Clean Observation -------------------------------
Energy bound [-0.147402, -0.099589]
Removed 0 Outliers
Outliers Orbital Energy []
Clean AFQMC/pt2CCSD Orbital Energy (covariance): -0.123714 +/- 0.000071
Clean AFQMC/pt2CCSD Orbital Energy (direct obs): -0.123714 +/- 0.000057
------------------------------ Blocking Analysis -------------------------------
nsample = 500, max_block_size = 25, min_nblocks = 20
Blk_SZ   NBlk   NSmp      Energy     Error    dError
     1    500    500   -0.123674  0.000057  0.000002
     2    250    500   -0.123681  0.000066  0.000003
     3    166    498   -0.123685  0.000072  0.000004
     4    125    500   -0.123689  0.000077  0.000005
     5    100    500   -0.123691  0.000078  0.000006
     6     83    498   -0.123692  0.000082  0.000006
     7     71    497   -0.123684  0.000081  0.000007
     8     62    496   -0.123686  0.000084  0.000008
     9     55    495   -0.123688  0.000087  0.000008
    10     50    500   -0.123697  0.000083  0.000008
    11     45    495   -0.123693  0.000095  0.000010
    12     41    492   -0.123679  0.000088  0.000010
    13     38    494   -0.123692  0.000077  0.000009
    14     35    490   -0.123683  0.000088  0.000011
    15     33    495   -0.123695  0.000078  0.000010
    16     31    496   -0.123693  0.000090  0.000012
    17     29    493   -0.123693  0.000089  0.000012
    18     27    486   -0.123685  0.000084  0.000012
    19     26    494   -0.123693  0.000093  0.000013
    20     25    500   -0.123704  0.000094  0.000014
    21     23    483   -0.123695  0.000077  0.000012
    22     22    484   -0.123691  0.000078  0.000012
    23     21    483   -0.123691  0.000082  0.000013
    24     20    480   -0.123694  0.000108  0.000018
    25     20    500   -0.123706  0.000088  0.000014
Fit: plateau = 0.000086 ± 0.000003
     autocorrelation length ~ 2.9 blocks
     plateau reached at block size ~ 12
Blocked AFQMC/pt2CCSD Orbital Energy: -0.123714 +/- 0.000086
total run time: 732.89
--------------------------- AFQMC Sampling Finished ----------------------------


======================== restricted LNO-FRAGMENT 37/72 =========================
Center Atom C
AOs with contribution > 0.01
        AO Label     Amp
     36 C 1s      0.8752
     36 C 2py     0.4781
     36 C 2px     0.4772
     36 C 2pz     0.4592
     36 C 2s      0.3757
     36 C 3pz     0.2935
     36 C 3s      0.1903
     36 C 3py     0.1545
     36 C 3px     0.1503
     63 H 2px     0.1478
     63 H 2py     0.1003
    37 C 3dx2-y2  0.0956
     37 C 3py     0.0844
     35 C 3px     0.0782
     63 H 1s      0.0701
     35 C 3dxy    0.0665
     37 C 3s      0.0663
     63 H 2s      0.0629
     35 C 3s      0.0595
    35 C 3dx2-y2  0.0581
     37 C 3dyz    0.0552
     37 C 3dxy    0.0531
     37 C 3pz     0.0515
     63 H 2pz     0.0479
     35 C 3pz     0.0438
     35 C 3py     0.0392
     37 C 3px     0.0347
     35 C 3dxz    0.0344
     37 C 3dz^2   0.0253
     37 C 2s      0.0226
     35 C 3dz^2   0.0223
     64 H 2s      0.0194
     32 C 3px     0.0193
     37 C 2py     0.0171
     35 C 2s      0.0170
     29 C 3py     0.0157
     38 C 3py     0.0154
     36 C 3dz^2   0.0121
    36 C 3dx2-y2  0.0111
     35 C 2px     0.0107
LAS occupied orbitals: 21
LAS virtual orbitals: 95
CCSD time: 27.356813 s
LNO-MP2 Orbital Energy: -0.11254853
LNO-CCSD Orbital Energy: -0.11687859
Calculating Effective Active Space One-electron Integrals
number of active occupied orbitals 21
number of active virtual orbitals 95
DF loop 0 number of DF vectors 240
DF loop 1 number of DF vectors 240
DF loop 2 number of DF vectors 240
DF loop 3 number of DF vectors 240
DF loop 4 number of DF vectors 240
DF loop 5 number of DF vectors 240
DF loop 6 number of DF vectors 240
DF loop 7 number of DF vectors 240
DF loop 8 number of DF vectors 240
DF loop 9 number of DF vectors 240
DF loop 10 number of DF vectors 240
DF loop 11 number of DF vectors 240
DF loop 12 number of DF vectors 240
DF loop 13 number of DF vectors 240
DF loop 14 number of DF vectors 240
DF loop 15 number of DF vectors 240
DF loop 16 number of DF vectors 240
DF loop 17 number of DF vectors 114
build JK time: 5.618924 s
build ecore time: 0.197328 s
build h1eff time: 5.892606 s
Generating Cholesky Integrals
Composing AO ERIs from DF basis
Raw CDERI in LAS shape: (4194, 6786)
Compress CDERI into LAS Cholesky Vectors by SVD
Cholesky cutoff: 1e-05
Build effective h0 and h1 time: 6.030700 s
Build CDERI in LAS time: 5.420729 s
Compress CDERI to LAS Choleskey Vectors time: 2.259597 s
Build Integral total time: 13.716482 s
Finished calculating Cholesky integrals
Size of the correlation space
Number of electrons: (21,21)
Number of basis functions: 116
Cholesky shape: (1020, 116, 116)
running AFQMC on GPU
Hostname: gpua059.delta.ncsa.illinois.edu
System Type: Linux
Machine Type: x86_64
Processor: x86_64
Using GPU.
System: Linux
Node Name: gpua059.delta.ncsa.illinois.edu
Release: 5.14.0-427.91.1.el9_4.x86_64
Version: #1 SMP PREEMPT_DYNAMIC Wed Sep 17 10:08:59 EDT 2025
Machine: x86_64
Processor: x86_64
AFQMC script: /u/yzhang65/myprojects/software/afqmc/afqmc/lno_afqmc/ccsd_pt2/run_afqmc.py
---------------------------- AFQMC Sampling Started ----------------------------
Hostname: gpua059.delta.ncsa.illinois.edu
System Type: Linux
Machine Type: x86_64
Processor: x86_64
Using GPU.
System: Linux
Node Name: gpua059.delta.ncsa.illinois.edu
Release: 5.14.0-427.91.1.el9_4.x86_64
Version: #1 SMP PREEMPT_DYNAMIC Wed Sep 17 10:08:59 EDT 2025
Machine: x86_64
Processor: x86_64
Trial: ccsd_pt2(norb=116, nelec=(21, 21), n_batch=1, nchol_chunk=100, mix_precision=True)
Sampler: sampler_pt2(n_prop_steps=50, n_blocks=500, n_chol=1020)
norb: 116
nelec: (21, 21)
nchol: 1020
n_eql: 100
n_prop_steps: 50
n_blocks: 500
n_walkers: 300
nchol_chunk: 100
mix_precision: True
n_batch: 1
seed: 1687
walker_type: rhf
trial: ccsd_pt2
dt: 0.005
use_gpu: True
max_error: 5.892556509887897e-05
n_exp_terms: 6
Propagating with 300 walkers
Initial Orbital energy: -0.116870
-------------------------------- Equilibration ---------------------------------
inv_T        energy   runTime
 0.00  -2055.865068     12.32
 2.50  -2056.784621     20.09
 5.00  -2056.792091     22.44
 7.50  -2056.788652     24.80
10.00  -2056.832335     27.16
12.50  -2056.803671     29.51
15.00  -2056.810383     31.87
17.50  -2056.813860     34.23
20.00  -2056.868060     36.58
22.50  -2056.803432     38.94
25.00  -2056.796355     41.29
------------------------------- Sampling Blocks --------------------------------
Target Final Error ~ 0.000059
   N      E(Guide)     Error      E(Orb)     Error  Kill_WK      Time
  20  -2056.812095  0.006042   -0.122348  0.000355        0     65.37
  40  -2056.803615  0.003891   -0.122132  0.000231        0     79.56
  60  -2056.799963  0.003026   -0.121978  0.000179        0     93.76
  80  -2056.801275  0.002632   -0.122026  0.000152        0    109.24
 100  -2056.803516  0.002367   -0.122064  0.000135        0    123.44
 120  -2056.807582  0.002320   -0.122184  0.000140        0    137.66
 140  -2056.805753  0.002095   -0.122165  0.000124        0    153.14
 160  -2056.807452  0.001953   -0.122153  0.000115        0    167.33
 180  -2056.807488  0.001792   -0.122183  0.000107        0    181.53
 200  -2056.805503  0.001733   -0.122177  0.000103        0    195.73
 220  -2056.805123  0.001676   -0.122136  0.000097        0    209.92
 240  -2056.804604  0.001612   -0.122223  0.000095        0    224.12
 260  -2056.805309  0.001543   -0.122190  0.000091        0    238.31
 280  -2056.804652  0.001463   -0.122155  0.000088        0    252.56
 300  -2056.804413  0.001436   -0.122237  0.000101        0    266.76
 320  -2056.803588  0.001374   -0.122258  0.000099        0    280.95
 340  -2056.802909  0.001327   -0.122232  0.000095        0    295.16
 360  -2056.802681  0.001296   -0.122266  0.000094        0    309.40
 380  -2056.802231  0.001255   -0.122261  0.000091        0    323.60
 400  -2056.802361  0.001210   -0.122290  0.000088        0    337.80
 420  -2056.801521  0.001185   -0.122274  0.000085        0    352.01
 440  -2056.801719  0.001153   -0.122293  0.000083        0    366.22
 460  -2056.802048  0.001119   -0.122280  0.000081        0    380.41
 480  -2056.802356  0.001100   -0.122272  0.000079        0    394.63
 500  -2056.801628  0.001101   -0.122253  0.000077        0    408.84
------------------------------- Post Propagation -------------------------------
Total number of samples 500
Raw AFQMC/HF Energy: -2056.801628 +/- 0.001101
Raw AFQMC/pt2CCSD Orbital Energy (covariance): -0.122253 +/- 0.000077
Raw AFQMC/pt2CCSD Orbital Energy (direct obs): -0.122253 +/- 0.000064
------------------------------ Clean Observation -------------------------------
Energy bound [-0.147779, -0.096116]
Removed 0 Outliers
Outliers Orbital Energy []
Clean AFQMC/pt2CCSD Orbital Energy (covariance): -0.122253 +/- 0.000077
Clean AFQMC/pt2CCSD Orbital Energy (direct obs): -0.122253 +/- 0.000064
------------------------------ Blocking Analysis -------------------------------
nsample = 500, max_block_size = 25, min_nblocks = 20
Blk_SZ   NBlk   NSmp      Energy     Error    dError
     1    500    500   -0.122214  0.000064  0.000002
     2    250    500   -0.122221  0.000074  0.000003
     3    166    498   -0.122229  0.000076  0.000004
     4    125    500   -0.122228  0.000087  0.000005
     5    100    500   -0.122233  0.000084  0.000006
     6     83    498   -0.122237  0.000079  0.000006
     7     71    497   -0.122242  0.000086  0.000007
     8     62    496   -0.122239  0.000094  0.000008
     9     55    495   -0.122240  0.000090  0.000009
    10     50    500   -0.122241  0.000093  0.000009
    11     45    495   -0.122244  0.000090  0.000010
    12     41    492   -0.122249  0.000080  0.000009
    13     38    494   -0.122250  0.000089  0.000010
    14     35    490   -0.122256  0.000090  0.000011
    15     33    495   -0.122248  0.000083  0.000010
    16     31    496   -0.122248  0.000091  0.000012
    17     29    493   -0.122253  0.000091  0.000012
    18     27    486   -0.122258  0.000087  0.000012
    19     26    494   -0.122253  0.000088  0.000012
    20     25    500   -0.122249  0.000096  0.000014
    21     23    483   -0.122264  0.000091  0.000014
    22     22    484   -0.122266  0.000092  0.000014
    23     21    483   -0.122266  0.000079  0.000012
    24     20    480   -0.122268  0.000071  0.000012
    25     20    500   -0.122248  0.000104  0.000017
Fit: plateau = 0.000088 ± 0.000003
     autocorrelation length ~ 2.1 blocks
     plateau reached at block size ~ 9
Blocked AFQMC/pt2CCSD Orbital Energy: -0.122253 +/- 0.000088
total run time: 408.85
--------------------------- AFQMC Sampling Finished ----------------------------


======================== restricted LNO-FRAGMENT 38/72 =========================
Center Atom C
AOs with contribution > 0.01
        AO Label     Amp
     37 C 1s      0.8739
     37 C 2py     0.4795
     37 C 2px     0.4748
     37 C 2pz     0.4580
     37 C 2s      0.3748
     37 C 3pz     0.2928
     37 C 3s      0.1889
     64 H 2px     0.1813
     37 C 3py     0.1606
     37 C 3px     0.1433
    36 C 3dx2-y2  0.0981
     36 C 3py     0.0833
     29 C 3dxy    0.0809
     64 H 2py     0.0735
     64 H 1s      0.0726
     29 C 3px     0.0688
     36 C 3s      0.0664
     64 H 2s      0.0625
     29 C 3s      0.0594
     36 C 3dyz    0.0553
     36 C 3pz     0.0514
     64 H 2pz     0.0506
     36 C 3dxy    0.0498
     29 C 3py     0.0487
     29 C 3pz     0.0436
    29 C 3dx2-y2  0.0433
     36 C 3px     0.0344
     29 C 3dxz    0.0267
     36 C 3dz^2   0.0253
     36 C 2s      0.0229
     29 C 3dz^2   0.0222
     30 C 3px     0.0197
     28 C 3py     0.0188
     63 H 2s      0.0181
     36 C 2py     0.0172
     29 C 2s      0.0169
     29 C 3dyz    0.0154
     37 C 3dz^2   0.0123
     35 C 3py     0.0119
     35 C 3px     0.0110
LAS occupied orbitals: 21
LAS virtual orbitals: 95
CCSD time: 27.672151 s
LNO-MP2 Orbital Energy: -0.11261729
LNO-CCSD Orbital Energy: -0.11693765
Calculating Effective Active Space One-electron Integrals
number of active occupied orbitals 21
number of active virtual orbitals 95
DF loop 0 number of DF vectors 240
DF loop 1 number of DF vectors 240
DF loop 2 number of DF vectors 240
DF loop 3 number of DF vectors 240
DF loop 4 number of DF vectors 240
DF loop 5 number of DF vectors 240
DF loop 6 number of DF vectors 240
DF loop 7 number of DF vectors 240
DF loop 8 number of DF vectors 240
DF loop 9 number of DF vectors 240
DF loop 10 number of DF vectors 240
DF loop 11 number of DF vectors 240
DF loop 12 number of DF vectors 240
DF loop 13 number of DF vectors 240
DF loop 14 number of DF vectors 240
DF loop 15 number of DF vectors 240
DF loop 16 number of DF vectors 240
DF loop 17 number of DF vectors 114
build JK time: 5.616952 s
build ecore time: 0.206870 s
build h1eff time: 5.903197 s
Generating Cholesky Integrals
Composing AO ERIs from DF basis
Raw CDERI in LAS shape: (4194, 6786)
Compress CDERI into LAS Cholesky Vectors by SVD
Cholesky cutoff: 1e-05
Build effective h0 and h1 time: 6.040736 s
Build CDERI in LAS time: 5.475545 s
Compress CDERI to LAS Choleskey Vectors time: 2.284926 s
Build Integral total time: 13.807268 s
Finished calculating Cholesky integrals
Size of the correlation space
Number of electrons: (21,21)
Number of basis functions: 116
Cholesky shape: (1020, 116, 116)
running AFQMC on GPU
Hostname: gpua059.delta.ncsa.illinois.edu
System Type: Linux
Machine Type: x86_64
Processor: x86_64
Using GPU.
System: Linux
Node Name: gpua059.delta.ncsa.illinois.edu
Release: 5.14.0-427.91.1.el9_4.x86_64
Version: #1 SMP PREEMPT_DYNAMIC Wed Sep 17 10:08:59 EDT 2025
Machine: x86_64
Processor: x86_64
AFQMC script: /u/yzhang65/myprojects/software/afqmc/afqmc/lno_afqmc/ccsd_pt2/run_afqmc.py
---------------------------- AFQMC Sampling Started ----------------------------
Hostname: gpua059.delta.ncsa.illinois.edu
System Type: Linux
Machine Type: x86_64
Processor: x86_64
Using GPU.
System: Linux
Node Name: gpua059.delta.ncsa.illinois.edu
Release: 5.14.0-427.91.1.el9_4.x86_64
Version: #1 SMP PREEMPT_DYNAMIC Wed Sep 17 10:08:59 EDT 2025
Machine: x86_64
Processor: x86_64
Trial: ccsd_pt2(norb=116, nelec=(21, 21), n_batch=1, nchol_chunk=100, mix_precision=True)
Sampler: sampler_pt2(n_prop_steps=50, n_blocks=500, n_chol=1020)
norb: 116
nelec: (21, 21)
nchol: 1020
n_eql: 100
n_prop_steps: 50
n_blocks: 500
n_walkers: 300
nchol_chunk: 100
mix_precision: True
n_batch: 1
seed: 4513
walker_type: rhf
trial: ccsd_pt2
dt: 0.005
use_gpu: True
max_error: 5.892556509887897e-05
n_exp_terms: 6
Propagating with 300 walkers
Initial Orbital energy: -0.116930
-------------------------------- Equilibration ---------------------------------
inv_T        energy   runTime
 0.00  -2055.865067     12.80
 2.50  -2056.713590     20.48
 5.00  -2056.777540     22.84
 7.50  -2056.795754     25.19
10.00  -2056.787378     27.55
12.50  -2056.774667     29.91
15.00  -2056.818084     32.26
17.50  -2056.773204     34.62
20.00  -2056.788075     36.97
22.50  -2056.794824     39.33
25.00  -2056.803930     41.69
------------------------------- Sampling Blocks --------------------------------
Target Final Error ~ 0.000059
   N      E(Guide)     Error      E(Orb)     Error  Kill_WK      Time
  20  -2056.798951  0.005533   -0.122268  0.000371        0     65.59
  40  -2056.798443  0.003074   -0.122063  0.000219        0     79.79
  60  -2056.800168  0.002251   -0.122335  0.000198        0     93.99
  80  -2056.803893  0.003438   -0.123241  0.001011        0    108.19
 100  -2056.805983  0.002956   -0.123032  0.000809        0    122.42
 120  -2056.806648  0.002666   -0.122762  0.000678        0    136.61
 140  -2056.807477  0.002387   -0.122638  0.000584        0    150.80
 160  -2056.807499  0.002141   -0.122526  0.000512        0    165.01
 180  -2056.809044  0.001979   -0.122484  0.000457        0    179.22
 200  -2056.808145  0.001863   -0.122495  0.000412        0    193.42
 220  -2056.806850  0.001790   -0.122527  0.000377        0    207.62
 240  -2056.805749  0.001714   -0.122503  0.000347        0    221.83
 260  -2056.806511  0.001650   -0.122486  0.000321        0    236.05
 280  -2056.806346  0.001572   -0.122459  0.000299        0    250.25
 300  -2056.805511  0.001504   -0.122423  0.000280        0    264.46
 320  -2056.803770  0.001505   -0.122379  0.000264        0    278.65
 340  -2056.803499  0.001433   -0.122374  0.000249        0    292.86
 360  -2056.803956  0.001368   -0.122349  0.000236        0    307.08
 380  -2056.803576  0.001324   -0.122344  0.000224        0    321.28
 400  -2056.803811  0.001272   -0.122342  0.000213        0    335.49
 420  -2056.803992  0.001227   -0.122339  0.000204        0    349.69
 440  -2056.803089  0.001217   -0.122339  0.000195        0    363.92
 460  -2056.803062  0.001190   -0.122350  0.000187        0    378.11
 480  -2056.802788  0.001157   -0.122350  0.000180        0    392.31
 500  -2056.801857  0.001146   -0.122359  0.000173        0    406.50
------------------------------- Post Propagation -------------------------------
Total number of samples 500
Raw AFQMC/HF Energy: -2056.801857 +/- 0.001146
Raw AFQMC/pt2CCSD Orbital Energy (covariance): -0.122359 +/- 0.000173
Raw AFQMC/pt2CCSD Orbital Energy (direct obs): -0.122359 +/- 0.000123
------------------------------ Clean Observation -------------------------------
Energy bound [-0.143180, -0.100848]
Removed 1 Outliers
Outliers Orbital Energy [-0.17723202]
Clean AFQMC/pt2CCSD Orbital Energy (covariance): -0.122214 +/- 0.000065
Clean AFQMC/pt2CCSD Orbital Energy (direct obs): -0.122214 +/- 0.000056
------------------------------ Blocking Analysis -------------------------------
nsample = 499, max_block_size = 24, min_nblocks = 20
Blk_SZ   NBlk   NSmp      Energy     Error    dError
     1    499    499   -0.122177  0.000056  0.000002
     2    249    498   -0.122185  0.000062  0.000003
     3    166    498   -0.122188  0.000068  0.000004
     4    124    496   -0.122183  0.000067  0.000004
     5     99    495   -0.122188  0.000067  0.000005
     6     83    498   -0.122199  0.000070  0.000006
     7     71    497   -0.122194  0.000077  0.000006
     8     62    496   -0.122192  0.000074  0.000007
     9     55    495   -0.122196  0.000076  0.000007
    10     49    490   -0.122193  0.000070  0.000007
    11     45    495   -0.122197  0.000068  0.000007
    12     41    492   -0.122199  0.000066  0.000007
    13     38    494   -0.122202  0.000069  0.000008
    14     35    490   -0.122194  0.000078  0.000009
    15     33    495   -0.122198  0.000070  0.000009
    16     31    496   -0.122198  0.000080  0.000010
    17     29    493   -0.122207  0.000083  0.000011
    18     27    486   -0.122186  0.000065  0.000009
    19     26    494   -0.122202  0.000078  0.000011
    20     24    480   -0.122192  0.000076  0.000011
    21     23    483   -0.122195  0.000075  0.000011
    22     22    484   -0.122189  0.000076  0.000012
    23     21    483   -0.122192  0.000078  0.000012
    24     20    480   -0.122193  0.000068  0.000011
Fit: plateau = 0.000073 ± 0.000002
     autocorrelation length ~ 2.2 blocks
     plateau reached at block size ~ 8
Blocked AFQMC/pt2CCSD Orbital Energy: -0.122214 +/- 0.000073
total run time: 406.54
--------------------------- AFQMC Sampling Finished ----------------------------


======================== restricted LNO-FRAGMENT 39/72 =========================
Center Atom C
AOs with contribution > 0.01
        AO Label     Amp
     38 C 1s      0.8759
     38 C 2py     0.4769
     38 C 2px     0.4749
     38 C 2pz     0.4585
     38 C 2s      0.3752
     38 C 3pz     0.2946
     38 C 3s      0.1907
     38 C 3py     0.1547
     38 C 3px     0.1482
     65 H 2px     0.1479
     65 H 2py     0.0993
    35 C 3dx2-y2  0.0875
     35 C 3py     0.0872
     39 C 3px     0.0790
     39 C 3dxy    0.0708
     65 H 1s      0.0694
     65 H 2s      0.0634
    39 C 3dx2-y2  0.0630
     35 C 3s      0.0625
     39 C 3s      0.0622
     65 H 2pz     0.0481
     35 C 3dyz    0.0478
     39 C 3pz     0.0474
     35 C 3pz     0.0473
     35 C 3dxy    0.0461
     39 C 3py     0.0406
     39 C 3dxz    0.0400
     35 C 3px     0.0321
     35 C 3dz^2   0.0236
     39 C 3dz^2   0.0235
     40 C 3px     0.0199
     35 C 2s      0.0196
     39 C 2s      0.0194
     32 C 3py     0.0161
     52 C 3py     0.0154
     35 C 2py     0.0146
     36 C 3py     0.0134
     38 C 3dz^2   0.0122
     39 C 2px     0.0121
    38 C 3dx2-y2  0.0103
LAS occupied orbitals: 29
LAS virtual orbitals: 119
CCSD time: 65.038503 s
LNO-MP2 Orbital Energy: -0.11642004
LNO-CCSD Orbital Energy: -0.11897277
Calculating Effective Active Space One-electron Integrals
number of active occupied orbitals 29
number of active virtual orbitals 119
DF loop 0 number of DF vectors 240
DF loop 1 number of DF vectors 240
DF loop 2 number of DF vectors 240
DF loop 3 number of DF vectors 240
DF loop 4 number of DF vectors 240
DF loop 5 number of DF vectors 240
DF loop 6 number of DF vectors 240
DF loop 7 number of DF vectors 240
DF loop 8 number of DF vectors 240
DF loop 9 number of DF vectors 240
DF loop 10 number of DF vectors 240
DF loop 11 number of DF vectors 240
DF loop 12 number of DF vectors 240
DF loop 13 number of DF vectors 240
DF loop 14 number of DF vectors 240
DF loop 15 number of DF vectors 240
DF loop 16 number of DF vectors 240
DF loop 17 number of DF vectors 114
build JK time: 5.623811 s
build ecore time: 0.196704 s
build h1eff time: 5.896935 s
Generating Cholesky Integrals
Composing AO ERIs from DF basis
Raw CDERI in LAS shape: (4194, 11026)
Compress CDERI into LAS Cholesky Vectors by SVD
Cholesky cutoff: 1e-05
Build effective h0 and h1 time: 6.036669 s
Build CDERI in LAS time: 5.528459 s
Compress CDERI to LAS Choleskey Vectors time: 2.480602 s
Build Integral total time: 14.046229 s
Finished calculating Cholesky integrals
Size of the correlation space
Number of electrons: (29,29)
Number of basis functions: 148
Cholesky shape: (1377, 148, 148)
running AFQMC on GPU
Hostname: gpua059.delta.ncsa.illinois.edu
System Type: Linux
Machine Type: x86_64
Processor: x86_64
Using GPU.
System: Linux
Node Name: gpua059.delta.ncsa.illinois.edu
Release: 5.14.0-427.91.1.el9_4.x86_64
Version: #1 SMP PREEMPT_DYNAMIC Wed Sep 17 10:08:59 EDT 2025
Machine: x86_64
Processor: x86_64
AFQMC script: /u/yzhang65/myprojects/software/afqmc/afqmc/lno_afqmc/ccsd_pt2/run_afqmc.py
---------------------------- AFQMC Sampling Started ----------------------------
Hostname: gpua059.delta.ncsa.illinois.edu
System Type: Linux
Machine Type: x86_64
Processor: x86_64
Using GPU.
System: Linux
Node Name: gpua059.delta.ncsa.illinois.edu
Release: 5.14.0-427.91.1.el9_4.x86_64
Version: #1 SMP PREEMPT_DYNAMIC Wed Sep 17 10:08:59 EDT 2025
Machine: x86_64
Processor: x86_64
Trial: ccsd_pt2(norb=148, nelec=(29, 29), n_batch=1, nchol_chunk=100, mix_precision=True)
Sampler: sampler_pt2(n_prop_steps=50, n_blocks=500, n_chol=1377)
norb: 148
nelec: (29, 29)
nchol: 1377
n_eql: 100
n_prop_steps: 50
n_blocks: 500
n_walkers: 300
nchol_chunk: 100
mix_precision: True
n_batch: 1
seed: 4421
walker_type: rhf
trial: ccsd_pt2
dt: 0.005
use_gpu: True
max_error: 5.892556509887897e-05
n_exp_terms: 6
Propagating with 300 walkers
Initial Orbital energy: -0.118966
-------------------------------- Equilibration ---------------------------------
inv_T        energy   runTime
 0.00  -2055.865063     14.13
 2.50  -2057.072844     24.34
 5.00  -2057.122482     29.16
 7.50  -2057.118505     33.97
10.00  -2057.085412     38.78
12.50  -2057.101337     43.60
15.00  -2057.111737     48.41
17.50  -2057.023123     53.22
20.00  -2057.091737     58.04
22.50  -2057.117077     62.85
25.00  -2057.090853     67.66
------------------------------- Sampling Blocks --------------------------------
Target Final Error ~ 0.000059
   N      E(Guide)     Error      E(Orb)     Error  Kill_WK      Time
  20  -2057.084528  0.005375   -0.125024  0.000389        0    116.25
  40  -2057.087215  0.004099   -0.124652  0.000237        0    154.28
  60  -2057.083003  0.003085   -0.124653  0.000190        0    192.30
  80  -2057.086214  0.002809   -0.124736  0.000166        0    230.32
 100  -2057.088301  0.002601   -0.124863  0.000151        0    268.39
 120  -2057.091800  0.002436   -0.125077  0.000159        0    306.49
 140  -2057.096579  0.002619   -0.125192  0.000161        0    344.62
 160  -2057.097829  0.002400   -0.125155  0.000151        0    382.71
 180  -2057.099962  0.002258   -0.125053  0.000144        0    420.79
 200  -2057.100338  0.002156   -0.125082  0.000142        0    458.90
 220  -2057.101863  0.002034   -0.125062  0.000133        0    496.97
 240  -2057.101580  0.001935   -0.125059  0.000133        0    535.02
 260  -2057.101123  0.001839   -0.125039  0.000124        0    574.00
 280  -2057.100799  0.001776   -0.125059  0.000117        0    612.08
 300  -2057.100846  0.001704   -0.125077  0.000111        0    650.16
 320  -2057.100308  0.001618   -0.125023  0.000107        0    688.24
 340  -2057.101385  0.001565   -0.125006  0.000102        0    726.33
 360  -2057.102145  0.001517   -0.125005  0.000098        0    764.44
 380  -2057.102522  0.001495   -0.124992  0.000095        0    802.52
 400  -2057.102552  0.001453   -0.125003  0.000091        0    840.58
 420  -2057.102601  0.001400   -0.124983  0.000088        0    878.60
 440  -2057.103530  0.001377   -0.124990  0.000085        0    916.68
 460  -2057.103912  0.001347   -0.125015  0.000084        0    954.75
 480  -2057.103254  0.001319   -0.125006  0.000083        0    993.09
 500  -2057.103080  0.001276   -0.125009  0.000080        0   1031.19
------------------------------- Post Propagation -------------------------------
Total number of samples 500
Raw AFQMC/HF Energy: -2057.103080 +/- 0.001276
Raw AFQMC/pt2CCSD Orbital Energy (covariance): -0.125009 +/- 0.000080
Raw AFQMC/pt2CCSD Orbital Energy (direct obs): -0.125009 +/- 0.000066
------------------------------ Clean Observation -------------------------------
Energy bound [-0.148459, -0.101059]
Removed 0 Outliers
Outliers Orbital Energy []
Clean AFQMC/pt2CCSD Orbital Energy (covariance): -0.125009 +/- 0.000080
Clean AFQMC/pt2CCSD Orbital Energy (direct obs): -0.125009 +/- 0.000066
------------------------------ Blocking Analysis -------------------------------
nsample = 500, max_block_size = 25, min_nblocks = 20
Blk_SZ   NBlk   NSmp      Energy     Error    dError
     1    500    500   -0.124966  0.000066  0.000002
     2    250    500   -0.124973  0.000076  0.000003
     3    166    498   -0.124974  0.000080  0.000004
     4    125    500   -0.124981  0.000085  0.000005
     5    100    500   -0.124984  0.000086  0.000006
     6     83    498   -0.124983  0.000084  0.000007
     7     71    497   -0.124981  0.000087  0.000007
     8     62    496   -0.124984  0.000089  0.000008
     9     55    495   -0.124980  0.000088  0.000008
    10     50    500   -0.124991  0.000094  0.000009
    11     45    495   -0.124983  0.000091  0.000010
    12     41    492   -0.124982  0.000097  0.000011
    13     38    494   -0.124990  0.000094  0.000011
    14     35    490   -0.124990  0.000093  0.000011
    15     33    495   -0.124991  0.000088  0.000011
    16     31    496   -0.124994  0.000096  0.000012
    17     29    493   -0.124989  0.000084  0.000011
    18     27    486   -0.124996  0.000104  0.000014
    19     26    494   -0.124990  0.000093  0.000013
    20     25    500   -0.125001  0.000090  0.000013
    21     23    483   -0.124996  0.000091  0.000014
    22     22    484   -0.124994  0.000095  0.000015
    23     21    483   -0.124993  0.000100  0.000016
    24     20    480   -0.124999  0.000096  0.000016
    25     20    500   -0.125002  0.000095  0.000015
Fit: plateau = 0.000092 ± 0.000003
     autocorrelation length ~ 2.5 blocks
     plateau reached at block size ~ 10
Blocked AFQMC/pt2CCSD Orbital Energy: -0.125009 +/- 0.000092
total run time: 1031.20
--------------------------- AFQMC Sampling Finished ----------------------------


======================== restricted LNO-FRAGMENT 40/72 =========================
Center Atom C
AOs with contribution > 0.01
        AO Label     Amp
     39 C 1s      0.8754
     39 C 2px     0.4869
     39 C 2py     0.4831
     39 C 2pz     0.4670
     39 C 2s      0.3710
     39 C 3pz     0.2609
     39 C 3s      0.1879
     39 C 3px     0.1478
     39 C 3py     0.1458
    52 C 3dx2-y2  0.0884
     40 C 3dxy    0.0827
     52 C 3py     0.0805
     38 C 3px     0.0731
     38 C 3dxy    0.0716
    38 C 3dx2-y2  0.0680
     40 C 3px     0.0653
     38 C 3s      0.0628
     52 C 3s      0.0598
     40 C 3s      0.0593
     40 C 3py     0.0475
     38 C 3pz     0.0456
    40 C 3dx2-y2  0.0443
     52 C 3dyz    0.0425
     40 C 3pz     0.0424
     52 C 3pz     0.0418
     52 C 3dxy    0.0413
     38 C 3dxz    0.0410
     38 C 3py     0.0405
     52 C 3px     0.0301
     40 C 3dxz    0.0287
     38 C 3dz^2   0.0242
     52 C 3dz^2   0.0228
     40 C 3dz^2   0.0227
     38 C 2s      0.0205
     41 C 3px     0.0198
     31 C 3py     0.0180
     40 C 2s      0.0180
     52 C 2s      0.0177
     65 H 2s      0.0167
     35 C 3py     0.0167
     70 H 2s      0.0162
     40 C 3dyz    0.0144
     52 C 2py     0.0142
     39 C 3dz^2   0.0138
     38 C 2px     0.0131
     53 C 3py     0.0121
     53 C 3px     0.0112
LAS occupied orbitals: 26
LAS virtual orbitals: 115
CCSD time: 57.429994 s
LNO-MP2 Orbital Energy: -0.11704257
LNO-CCSD Orbital Energy: -0.11768328
Calculating Effective Active Space One-electron Integrals
number of active occupied orbitals 26
number of active virtual orbitals 115
DF loop 0 number of DF vectors 240
DF loop 1 number of DF vectors 240
DF loop 2 number of DF vectors 240
DF loop 3 number of DF vectors 240
DF loop 4 number of DF vectors 240
DF loop 5 number of DF vectors 240
DF loop 6 number of DF vectors 240
DF loop 7 number of DF vectors 240
DF loop 8 number of DF vectors 240
DF loop 9 number of DF vectors 240
DF loop 10 number of DF vectors 240
DF loop 11 number of DF vectors 240
DF loop 12 number of DF vectors 240
DF loop 13 number of DF vectors 240
DF loop 14 number of DF vectors 240
DF loop 15 number of DF vectors 240
DF loop 16 number of DF vectors 240
DF loop 17 number of DF vectors 114
build JK time: 7.201481 s
build ecore time: 0.233355 s
build h1eff time: 7.522469 s
Generating Cholesky Integrals
Composing AO ERIs from DF basis
Raw CDERI in LAS shape: (4194, 10011)
Compress CDERI into LAS Cholesky Vectors by SVD
Cholesky cutoff: 1e-05
Build effective h0 and h1 time: 7.671988 s
Build CDERI in LAS time: 5.451404 s
Compress CDERI to LAS Choleskey Vectors time: 2.512217 s
Build Integral total time: 15.636114 s
Finished calculating Cholesky integrals
Size of the correlation space
Number of electrons: (26,26)
Number of basis functions: 141
Cholesky shape: (1294, 141, 141)
running AFQMC on GPU
Hostname: gpua059.delta.ncsa.illinois.edu
System Type: Linux
Machine Type: x86_64
Processor: x86_64
Using GPU.
System: Linux
Node Name: gpua059.delta.ncsa.illinois.edu
Release: 5.14.0-427.91.1.el9_4.x86_64
Version: #1 SMP PREEMPT_DYNAMIC Wed Sep 17 10:08:59 EDT 2025
Machine: x86_64
Processor: x86_64
AFQMC script: /u/yzhang65/myprojects/software/afqmc/afqmc/lno_afqmc/ccsd_pt2/run_afqmc.py
---------------------------- AFQMC Sampling Started ----------------------------
Hostname: gpua059.delta.ncsa.illinois.edu
System Type: Linux
Machine Type: x86_64
Processor: x86_64
Using GPU.
System: Linux
Node Name: gpua059.delta.ncsa.illinois.edu
Release: 5.14.0-427.91.1.el9_4.x86_64
Version: #1 SMP PREEMPT_DYNAMIC Wed Sep 17 10:08:59 EDT 2025
Machine: x86_64
Processor: x86_64
Trial: ccsd_pt2(norb=141, nelec=(26, 26), n_batch=1, nchol_chunk=100, mix_precision=True)
Sampler: sampler_pt2(n_prop_steps=50, n_blocks=500, n_chol=1294)
norb: 141
nelec: (26, 26)
nchol: 1294
n_eql: 100
n_prop_steps: 50
n_blocks: 500
n_walkers: 300
nchol_chunk: 100
mix_precision: True
n_batch: 1
seed: 5572
walker_type: rhf
trial: ccsd_pt2
dt: 0.005
use_gpu: True
max_error: 5.892556509887897e-05
n_exp_terms: 6
Propagating with 300 walkers
Initial Orbital energy: -0.117688
-------------------------------- Equilibration ---------------------------------
inv_T        energy   runTime
 0.00  -2055.865070     15.00
 2.50  -2057.066531     24.22
 5.00  -2057.042582     28.20
 7.50  -2057.042201     32.38
10.00  -2057.022485     37.56
12.50  -2057.070450     43.46
15.00  -2057.034238     47.44
17.50  -2057.044725     51.42
20.00  -2057.058886     55.40
22.50  -2057.046564     59.37
25.00  -2057.051405     63.35
------------------------------- Sampling Blocks --------------------------------
Target Final Error ~ 0.000059
   N      E(Guide)     Error      E(Orb)     Error  Kill_WK      Time
  20  -2057.057996  0.006972   -0.123652  0.000293        0    102.12
  40  -2057.046966  0.005282   -0.123867  0.000227        0    130.56
  60  -2057.050597  0.004167   -0.123969  0.000266        0    159.01
  80  -2057.054455  0.003576   -0.124243  0.000254        0    187.47
 100  -2057.059421  0.003194   -0.124186  0.000214        0    215.91
 120  -2057.057229  0.002820   -0.124048  0.000186        0    244.34
 140  -2057.051903  0.002767   -0.123937  0.000165        0    272.77
 160  -2057.052043  0.002671   -0.123844  0.000154        0    301.19
 180  -2057.051602  0.002434   -0.123812  0.000140        0    329.62
 200  -2057.050302  0.002240   -0.123776  0.000130        0    358.05
 220  -2057.050738  0.002071   -0.123744  0.000121        0    386.49
 240  -2057.048341  0.002005   -0.123713  0.000114        0    414.93
 260  -2057.047054  0.001907   -0.123711  0.000108        0    443.39
 280  -2057.046521  0.001797   -0.123729  0.000107        0    471.83
 300  -2057.047410  0.001755   -0.123777  0.000102        0    500.29
 320  -2057.047170  0.001669   -0.123771  0.000097        0    528.72
 340  -2057.047121  0.001603   -0.123752  0.000094        0    557.15
 360  -2057.046974  0.001551   -0.123742  0.000090        0    585.57
 380  -2057.046837  0.001503   -0.123729  0.000086        0    614.00
 400  -2057.047130  0.001447   -0.123758  0.000085        0    642.44
 420  -2057.048120  0.001455   -0.123778  0.000085        0    672.02
 440  -2057.047763  0.001418   -0.123801  0.000082        0    700.68
 460  -2057.047331  0.001367   -0.123804  0.000080        0    730.67
 480  -2057.047945  0.001336   -0.123811  0.000080        0    759.13
 500  -2057.047458  0.001301   -0.123803  0.000077        0    787.58
------------------------------- Post Propagation -------------------------------
Total number of samples 500
Raw AFQMC/HF Energy: -2057.047458 +/- 0.001301
Raw AFQMC/pt2CCSD Orbital Energy (covariance): -0.123803 +/- 0.000077
Raw AFQMC/pt2CCSD Orbital Energy (direct obs): -0.123803 +/- 0.000068
------------------------------ Clean Observation -------------------------------
Energy bound [-0.147295, -0.099721]
Removed 0 Outliers
Outliers Orbital Energy []
Clean AFQMC/pt2CCSD Orbital Energy (covariance): -0.123803 +/- 0.000077
Clean AFQMC/pt2CCSD Orbital Energy (direct obs): -0.123803 +/- 0.000068
------------------------------ Blocking Analysis -------------------------------
nsample = 500, max_block_size = 25, min_nblocks = 20
Blk_SZ   NBlk   NSmp      Energy     Error    dError
     1    500    500   -0.123764  0.000068  0.000002
     2    250    500   -0.123771  0.000082  0.000004
     3    166    498   -0.123779  0.000086  0.000005
     4    125    500   -0.123778  0.000091  0.000006
     5    100    500   -0.123781  0.000099  0.000007
     6     83    498   -0.123786  0.000097  0.000008
     7     71    497   -0.123787  0.000098  0.000008
     8     62    496   -0.123791  0.000103  0.000009
     9     55    495   -0.123796  0.000104  0.000010
    10     50    500   -0.123789  0.000095  0.000010
    11     45    495   -0.123796  0.000104  0.000011
    12     41    492   -0.123806  0.000103  0.000011
    13     38    494   -0.123800  0.000091  0.000011
    14     35    490   -0.123808  0.000101  0.000012
    15     33    495   -0.123799  0.000097  0.000012
    16     31    496   -0.123796  0.000106  0.000014
    17     29    493   -0.123803  0.000103  0.000014
    18     27    486   -0.123812  0.000105  0.000015
    19     26    494   -0.123806  0.000092  0.000013
    20     25    500   -0.123793  0.000090  0.000013
    21     23    483   -0.123810  0.000107  0.000016
    22     22    484   -0.123807  0.000108  0.000017
    23     21    483   -0.123805  0.000110  0.000017
    24     20    480   -0.123803  0.000111  0.000018
    25     20    500   -0.123795  0.000097  0.000016
Fit: plateau = 0.000101 ± 0.000003
     autocorrelation length ~ 2.1 blocks
     plateau reached at block size ~ 9
Blocked AFQMC/pt2CCSD Orbital Energy: -0.123803 +/- 0.000101
total run time: 787.59
--------------------------- AFQMC Sampling Finished ----------------------------


======================== restricted LNO-FRAGMENT 41/72 =========================
Center Atom C
AOs with contribution > 0.01
        AO Label     Amp
     40 C 1s      0.8758
     40 C 2py     0.4809
     40 C 2px     0.4804
     40 C 2pz     0.4675
     40 C 2s      0.3693
     40 C 3pz     0.2605
     40 C 3s      0.1879
     40 C 3py     0.1449
     40 C 3px     0.1446
    31 C 3dx2-y2  0.0870
     31 C 3py     0.0843
     39 C 3dxy    0.0832
     41 C 3px     0.0754
     41 C 3dxy    0.0673
     39 C 3px     0.0649
    41 C 3dx2-y2  0.0614
     31 C 3s      0.0601
     41 C 3s      0.0599
     39 C 3s      0.0594
     39 C 3py     0.0467
     31 C 3dyz    0.0450
    39 C 3dx2-y2  0.0442
     31 C 3pz     0.0434
     41 C 3pz     0.0433
     31 C 3dxy    0.0429
     39 C 3pz     0.0423
     41 C 3py     0.0381
     41 C 3dxz    0.0378
     31 C 3px     0.0294
     39 C 3dxz    0.0285
     31 C 3dz^2   0.0230
     41 C 3dz^2   0.0229
     39 C 3dz^2   0.0227
     38 C 3px     0.0211
     42 C 3px     0.0194
     52 C 3py     0.0188
     31 C 2s      0.0187
     41 C 2s      0.0185
     39 C 2s      0.0177
     20 C 3py     0.0156
     50 C 3py     0.0151
     39 C 3dyz    0.0148
     31 C 2py     0.0144
     40 C 3dz^2   0.0139
     32 C 3py     0.0122
     41 C 2px     0.0121
LAS occupied orbitals: 30
LAS virtual orbitals: 127
CCSD time: 89.326382 s
LNO-MP2 Orbital Energy: -0.12052805
LNO-CCSD Orbital Energy: -0.11998747
Calculating Effective Active Space One-electron Integrals
number of active occupied orbitals 30
number of active virtual orbitals 127
DF loop 0 number of DF vectors 240
DF loop 1 number of DF vectors 240
DF loop 2 number of DF vectors 240
DF loop 3 number of DF vectors 240
DF loop 4 number of DF vectors 240
DF loop 5 number of DF vectors 240
DF loop 6 number of DF vectors 240
DF loop 7 number of DF vectors 240
DF loop 8 number of DF vectors 240
DF loop 9 number of DF vectors 240
DF loop 10 number of DF vectors 240
DF loop 11 number of DF vectors 240
DF loop 12 number of DF vectors 240
DF loop 13 number of DF vectors 240
DF loop 14 number of DF vectors 240
DF loop 15 number of DF vectors 240
DF loop 16 number of DF vectors 240
DF loop 17 number of DF vectors 114
build JK time: 5.618548 s
build ecore time: 0.196737 s
build h1eff time: 5.891961 s
Generating Cholesky Integrals
Composing AO ERIs from DF basis
Raw CDERI in LAS shape: (4194, 12403)
Compress CDERI into LAS Cholesky Vectors by SVD
Cholesky cutoff: 1e-05
Build effective h0 and h1 time: 6.031841 s
Build CDERI in LAS time: 5.789153 s
Compress CDERI to LAS Choleskey Vectors time: 2.599177 s
Build Integral total time: 14.420477 s
Finished calculating Cholesky integrals
Size of the correlation space
Number of electrons: (30,30)
Number of basis functions: 157
Cholesky shape: (1478, 157, 157)
running AFQMC on GPU
Hostname: gpua059.delta.ncsa.illinois.edu
System Type: Linux
Machine Type: x86_64
Processor: x86_64
Using GPU.
System: Linux
Node Name: gpua059.delta.ncsa.illinois.edu
Release: 5.14.0-427.91.1.el9_4.x86_64
Version: #1 SMP PREEMPT_DYNAMIC Wed Sep 17 10:08:59 EDT 2025
Machine: x86_64
Processor: x86_64
AFQMC script: /u/yzhang65/myprojects/software/afqmc/afqmc/lno_afqmc/ccsd_pt2/run_afqmc.py
---------------------------- AFQMC Sampling Started ----------------------------
Hostname: gpua059.delta.ncsa.illinois.edu
System Type: Linux
Machine Type: x86_64
Processor: x86_64
Using GPU.
System: Linux
Node Name: gpua059.delta.ncsa.illinois.edu
Release: 5.14.0-427.91.1.el9_4.x86_64
Version: #1 SMP PREEMPT_DYNAMIC Wed Sep 17 10:08:59 EDT 2025
Machine: x86_64
Processor: x86_64
Trial: ccsd_pt2(norb=157, nelec=(30, 30), n_batch=1, nchol_chunk=100, mix_precision=True)
Sampler: sampler_pt2(n_prop_steps=50, n_blocks=500, n_chol=1478)
norb: 157
nelec: (30, 30)
nchol: 1478
n_eql: 100
n_prop_steps: 50
n_blocks: 500
n_walkers: 300
nchol_chunk: 100
mix_precision: True
n_batch: 1
seed: 4985
walker_type: rhf
trial: ccsd_pt2
dt: 0.005
use_gpu: True
max_error: 5.892556509887897e-05
n_exp_terms: 6
Propagating with 300 walkers
Initial Orbital energy: -0.119993
-------------------------------- Equilibration ---------------------------------
inv_T        energy   runTime
 0.00  -2055.865063     14.32
 2.50  -2057.178919     25.08
 5.00  -2057.176026     30.61
 7.50  -2057.205447     36.19
10.00  -2057.226570     41.73
12.50  -2057.213006     47.26
15.00  -2057.214925     52.80
17.50  -2057.228419     58.33
20.00  -2057.247131     63.87
22.50  -2057.217738     69.40
25.00  -2057.194778     74.94
------------------------------- Sampling Blocks --------------------------------
Target Final Error ~ 0.000059
   N      E(Guide)     Error      E(Orb)     Error  Kill_WK      Time
  20  -2057.206104  0.006045   -0.125898  0.000335        0    131.28
  40  -2057.214381  0.005748   -0.126568  0.000473        0    177.02
  60  -2057.213633  0.004177   -0.126430  0.000326        0    222.79
  80  -2057.214120  0.003468   -0.126470  0.000254        0    268.52
 100  -2057.216305  0.003046   -0.126523  0.000217        0    314.27
 120  -2057.215656  0.002658   -0.126477  0.000186        0    360.04
 140  -2057.216723  0.002400   -0.126368  0.000168        0    405.80
 160  -2057.216703  0.002228   -0.126293  0.000150        0    451.54
 180  -2057.217261  0.002113   -0.126335  0.000141        0    498.54
 200  -2057.216630  0.002019   -0.126299  0.000129        0    544.29
 220  -2057.217309  0.001880   -0.126325  0.000122        0    590.13
 240  -2057.217500  0.001807   -0.126455  0.000135        0    636.38
 260  -2057.217777  0.001730   -0.126437  0.000128        0    682.13
 280  -2057.218238  0.001649   -0.126524  0.000128        0    727.89
 300  -2057.218635  0.001580   -0.126561  0.000126        0    775.08
 320  -2057.218636  0.001499   -0.126516  0.000119        0    820.89
 340  -2057.219263  0.001472   -0.126493  0.000113        0    866.65
 360  -2057.219567  0.001424   -0.126462  0.000108        0    912.44
 380  -2057.219655  0.001393   -0.126456  0.000105        0    958.19
 400  -2057.219509  0.001358   -0.126447  0.000101        0   1003.97
 420  -2057.219374  0.001333   -0.126460  0.000098        0   1051.48
 440  -2057.218644  0.001309   -0.126426  0.000095        0   1097.22
 460  -2057.218084  0.001281   -0.126423  0.000092        0   1144.88
 480  -2057.217764  0.001250   -0.126406  0.000089        0   1191.22
 500  -2057.217503  0.001229   -0.126391  0.000086        0   1238.55
------------------------------- Post Propagation -------------------------------
Total number of samples 500
Raw AFQMC/HF Energy: -2057.217503 +/- 0.001229
Raw AFQMC/pt2CCSD Orbital Energy (covariance): -0.126391 +/- 0.000086
Raw AFQMC/pt2CCSD Orbital Energy (direct obs): -0.126391 +/- 0.000075
------------------------------ Clean Observation -------------------------------
Energy bound [-0.151005, -0.101307]
Removed 0 Outliers
Outliers Orbital Energy []
Clean AFQMC/pt2CCSD Orbital Energy (covariance): -0.126391 +/- 0.000086
Clean AFQMC/pt2CCSD Orbital Energy (direct obs): -0.126391 +/- 0.000075
------------------------------ Blocking Analysis -------------------------------
nsample = 500, max_block_size = 25, min_nblocks = 20
Blk_SZ   NBlk   NSmp      Energy     Error    dError
     1    500    500   -0.126362  0.000075  0.000002
     2    250    500   -0.126370  0.000091  0.000004
     3    166    498   -0.126376  0.000101  0.000006
     4    125    500   -0.126377  0.000098  0.000006
     5    100    500   -0.126382  0.000094  0.000007
     6     83    498   -0.126387  0.000113  0.000009
     7     71    497   -0.126388  0.000098  0.000008
     8     62    496   -0.126390  0.000100  0.000009
     9     55    495   -0.126391  0.000103  0.000010
    10     50    500   -0.126388  0.000104  0.000011
    11     45    495   -0.126392  0.000112  0.000012
    12     41    492   -0.126398  0.000110  0.000012
    13     38    494   -0.126393  0.000114  0.000013
    14     35    490   -0.126403  0.000107  0.000013
    15     33    495   -0.126394  0.000105  0.000013
    16     31    496   -0.126391  0.000104  0.000013
    17     29    493   -0.126396  0.000117  0.000016
    18     27    486   -0.126407  0.000117  0.000016
    19     26    494   -0.126394  0.000119  0.000017
    20     25    500   -0.126389  0.000117  0.000017
    21     23    483   -0.126410  0.000108  0.000016
    22     22    484   -0.126407  0.000131  0.000020
    23     21    483   -0.126409  0.000111  0.000018
    24     20    480   -0.126405  0.000117  0.000019
    25     20    500   -0.126387  0.000106  0.000017
Fit: plateau = 0.000108 ± 0.000003
     autocorrelation length ~ 1.9 blocks
     plateau reached at block size ~ 8
Blocked AFQMC/pt2CCSD Orbital Energy: -0.126391 +/- 0.000108
total run time: 1238.56
--------------------------- AFQMC Sampling Finished ----------------------------


======================== restricted LNO-FRAGMENT 42/72 =========================
Center Atom C
AOs with contribution > 0.01
        AO Label     Amp
     41 C 1s      0.8758
     41 C 2px     0.4809
     41 C 2py     0.4804
     41 C 2pz     0.4675
     41 C 2s      0.3693
     41 C 3pz     0.2604
     41 C 3s      0.1880
     41 C 3px     0.1449
     41 C 3py     0.1447
    50 C 3dx2-y2  0.0860
     42 C 3dxy    0.0840
     50 C 3py     0.0828
     40 C 3px     0.0752
     40 C 3dxy    0.0671
     42 C 3px     0.0657
    40 C 3dx2-y2  0.0616
     42 C 3s      0.0600
     40 C 3s      0.0599
     50 C 3s      0.0594
     42 C 3py     0.0480
    42 C 3dx2-y2  0.0458
     42 C 3pz     0.0434
     40 C 3pz     0.0432
     50 C 3dyz    0.0431
     50 C 3pz     0.0424
     50 C 3dxy    0.0412
     40 C 3py     0.0383
     40 C 3dxz    0.0379
     42 C 3dxz    0.0298
     50 C 3px     0.0288
     42 C 3dz^2   0.0231
     40 C 3dz^2   0.0229
     50 C 3dz^2   0.0227
     43 C 3px     0.0201
     39 C 3px     0.0190
     42 C 2s      0.0186
     40 C 2s      0.0186
     19 C 3py     0.0182
     50 C 2s      0.0177
     31 C 3py     0.0155
     42 C 3dyz    0.0155
     53 C 3py     0.0154
     50 C 2py     0.0140
     41 C 3dz^2   0.0139
     51 C 3py     0.0123
     40 C 2px     0.0120
     51 C 3px     0.0107
LAS occupied orbitals: 30
LAS virtual orbitals: 127
CCSD time: 89.503899 s
LNO-MP2 Orbital Energy: -0.12049620
LNO-CCSD Orbital Energy: -0.11995837
Calculating Effective Active Space One-electron Integrals
number of active occupied orbitals 30
number of active virtual orbitals 127
DF loop 0 number of DF vectors 240
DF loop 1 number of DF vectors 240
DF loop 2 number of DF vectors 240
DF loop 3 number of DF vectors 240
DF loop 4 number of DF vectors 240
DF loop 5 number of DF vectors 240
DF loop 6 number of DF vectors 240
DF loop 7 number of DF vectors 240
DF loop 8 number of DF vectors 240
DF loop 9 number of DF vectors 240
DF loop 10 number of DF vectors 240
DF loop 11 number of DF vectors 240
DF loop 12 number of DF vectors 240
DF loop 13 number of DF vectors 240
DF loop 14 number of DF vectors 240
DF loop 15 number of DF vectors 240
DF loop 16 number of DF vectors 240
DF loop 17 number of DF vectors 114
build JK time: 5.614559 s
build ecore time: 0.196246 s
build h1eff time: 5.887977 s
Generating Cholesky Integrals
Composing AO ERIs from DF basis
Raw CDERI in LAS shape: (4194, 12403)
Compress CDERI into LAS Cholesky Vectors by SVD
Cholesky cutoff: 1e-05
Build effective h0 and h1 time: 6.028061 s
Build CDERI in LAS time: 5.527327 s
Compress CDERI to LAS Choleskey Vectors time: 2.559028 s
Build Integral total time: 14.114705 s
Finished calculating Cholesky integrals
Size of the correlation space
Number of electrons: (30,30)
Number of basis functions: 157
Cholesky shape: (1475, 157, 157)
running AFQMC on GPU
Hostname: gpua059.delta.ncsa.illinois.edu
System Type: Linux
Machine Type: x86_64
Processor: x86_64
Using GPU.
System: Linux
Node Name: gpua059.delta.ncsa.illinois.edu
Release: 5.14.0-427.91.1.el9_4.x86_64
Version: #1 SMP PREEMPT_DYNAMIC Wed Sep 17 10:08:59 EDT 2025
Machine: x86_64
Processor: x86_64
AFQMC script: /u/yzhang65/myprojects/software/afqmc/afqmc/lno_afqmc/ccsd_pt2/run_afqmc.py
---------------------------- AFQMC Sampling Started ----------------------------
Hostname: gpua059.delta.ncsa.illinois.edu
System Type: Linux
Machine Type: x86_64
Processor: x86_64
Using GPU.
System: Linux
Node Name: gpua059.delta.ncsa.illinois.edu
Release: 5.14.0-427.91.1.el9_4.x86_64
Version: #1 SMP PREEMPT_DYNAMIC Wed Sep 17 10:08:59 EDT 2025
Machine: x86_64
Processor: x86_64
Trial: ccsd_pt2(norb=157, nelec=(30, 30), n_batch=1, nchol_chunk=100, mix_precision=True)
Sampler: sampler_pt2(n_prop_steps=50, n_blocks=500, n_chol=1475)
norb: 157
nelec: (30, 30)
nchol: 1475
n_eql: 100
n_prop_steps: 50
n_blocks: 500
n_walkers: 300
nchol_chunk: 100
mix_precision: True
n_batch: 1
seed: 976
walker_type: rhf
trial: ccsd_pt2
dt: 0.005
use_gpu: True
max_error: 5.892556509887897e-05
n_exp_terms: 6
Propagating with 300 walkers
Initial Orbital energy: -0.119963
-------------------------------- Equilibration ---------------------------------
inv_T        energy   runTime
 0.00  -2055.865062     16.40
 2.50  -2057.179979     27.18
 5.00  -2057.178421     33.86
 7.50  -2057.208331     39.40
10.00  -2057.235697     46.25
12.50  -2057.246581     52.32
15.00  -2057.195874     57.86
17.50  -2057.207086     63.40
20.00  -2057.264358     68.93
22.50  -2057.214912     75.67
25.00  -2057.195506     81.21
------------------------------- Sampling Blocks --------------------------------
Target Final Error ~ 0.000059
   N      E(Guide)     Error      E(Orb)     Error  Kill_WK      Time
  20  -2057.213640  0.005273   -0.126499  0.000295        0    138.60
  40  -2057.218643  0.004089   -0.126653  0.000220        0    185.90
  60  -2057.219791  0.003360   -0.126510  0.000176        0    232.94
  80  -2057.218003  0.003117   -0.126350  0.000151        0    278.80
 100  -2057.217719  0.002726   -0.126334  0.000134        0    324.72
 120  -2057.220065  0.002508   -0.126307  0.000123        0    370.96
 140  -2057.219662  0.002304   -0.126367  0.000113        0    416.79
 160  -2057.221001  0.002099   -0.126390  0.000105        0    462.60
 180  -2057.221481  0.001947   -0.126389  0.000098        0    508.42
 200  -2057.220465  0.001913   -0.126453  0.000093        0    554.25
 220  -2057.217874  0.001899   -0.126411  0.000088        0    600.09
 240  -2057.219010  0.001796   -0.126419  0.000087        0    645.93
 260  -2057.218005  0.001705   -0.126396  0.000084        0    691.75
 280  -2057.218119  0.001645   -0.126411  0.000083        0    737.56
 300  -2057.218578  0.001562   -0.126354  0.000080        0    783.40
 320  -2057.221255  0.001656   -0.126394  0.000079        0    829.24
 340  -2057.221132  0.001602   -0.126357  0.000077        0    875.11
 360  -2057.220748  0.001538   -0.126323  0.000075        0    920.93
 380  -2057.221744  0.001501   -0.126328  0.000073        0    966.76
 400  -2057.222067  0.001454   -0.126353  0.000071        0   1013.73
 420  -2057.222216  0.001402   -0.126377  0.000069        0   1060.75
 440  -2057.221476  0.001369   -0.126360  0.000067        0   1108.04
 460  -2057.221863  0.001328   -0.126353  0.000066        0   1154.90
 480  -2057.221571  0.001289   -0.126313  0.000065        0   1201.00
 500  -2057.221837  0.001272   -0.126310  0.000064        0   1246.83
------------------------------- Post Propagation -------------------------------
Total number of samples 500
Raw AFQMC/HF Energy: -2057.221837 +/- 0.001272
Raw AFQMC/pt2CCSD Orbital Energy (covariance): -0.126310 +/- 0.000064
Raw AFQMC/pt2CCSD Orbital Energy (direct obs): -0.126310 +/- 0.000054
------------------------------ Clean Observation -------------------------------
Energy bound [-0.149678, -0.102620]
Removed 0 Outliers
Outliers Orbital Energy []
Clean AFQMC/pt2CCSD Orbital Energy (covariance): -0.126310 +/- 0.000064
Clean AFQMC/pt2CCSD Orbital Energy (direct obs): -0.126310 +/- 0.000054
------------------------------ Blocking Analysis -------------------------------
nsample = 500, max_block_size = 25, min_nblocks = 20
Blk_SZ   NBlk   NSmp      Energy     Error    dError
     1    500    500   -0.126281  0.000054  0.000002
     2    250    500   -0.126289  0.000062  0.000003
     3    166    498   -0.126289  0.000067  0.000004
     4    125    500   -0.126294  0.000071  0.000005
     5    100    500   -0.126296  0.000073  0.000005
     6     83    498   -0.126296  0.000075  0.000006
     7     71    497   -0.126298  0.000076  0.000006
     8     62    496   -0.126299  0.000077  0.000007
     9     55    495   -0.126299  0.000079  0.000008
    10     50    500   -0.126300  0.000076  0.000008
    11     45    495   -0.126299  0.000086  0.000009
    12     41    492   -0.126297  0.000076  0.000008
    13     38    494   -0.126300  0.000079  0.000009
    14     35    490   -0.126303  0.000085  0.000010
    15     33    495   -0.126301  0.000081  0.000010
    16     31    496   -0.126304  0.000081  0.000010
    17     29    493   -0.126298  0.000087  0.000012
    18     27    486   -0.126312  0.000078  0.000011
    19     26    494   -0.126299  0.000088  0.000012
    20     25    500   -0.126304  0.000089  0.000013
    21     23    483   -0.126309  0.000077  0.000012
    22     22    484   -0.126309  0.000087  0.000013
    23     21    483   -0.126308  0.000088  0.000014
    24     20    480   -0.126308  0.000073  0.000012
    25     20    500   -0.126305  0.000098  0.000016
Fit: plateau = 0.000082 ± 0.000003
     autocorrelation length ~ 3.4 blocks
     plateau reached at block size ~ 14
Blocked AFQMC/pt2CCSD Orbital Energy: -0.126310 +/- 0.000082
total run time: 1246.83
--------------------------- AFQMC Sampling Finished ----------------------------


======================== restricted LNO-FRAGMENT 43/72 =========================
Center Atom C
AOs with contribution > 0.01
        AO Label     Amp
     42 C 1s      0.8753
     42 C 2py     0.4805
     42 C 2px     0.4802
     42 C 2pz     0.4673
     42 C 2s      0.3689
     42 C 3pz     0.2591
     42 C 3s      0.1873
     42 C 3px     0.1449
     42 C 3py     0.1444
    19 C 3dx2-y2  0.0860
     41 C 3dxy    0.0842
     19 C 3py     0.0841
     43 C 3px     0.0749
     43 C 3dxy    0.0674
     41 C 3px     0.0655
    43 C 3dx2-y2  0.0614
     43 C 3s      0.0600
     41 C 3s      0.0600
     19 C 3s      0.0595
     41 C 3py     0.0478
    41 C 3dx2-y2  0.0457
     19 C 3dyz    0.0440
     43 C 3pz     0.0437
     41 C 3pz     0.0433
     19 C 3pz     0.0426
     19 C 3dxy    0.0421
     43 C 3dxz    0.0382
     43 C 3py     0.0381
     41 C 3dxz    0.0296
     19 C 3px     0.0292
     41 C 3dz^2   0.0231
     43 C 3dz^2   0.0230
     19 C 3dz^2   0.0229
     40 C 3px     0.0201
     44 C 3px     0.0194
     41 C 2s      0.0187
     43 C 2s      0.0187
     19 C 2s      0.0183
     50 C 3py     0.0180
     18 C 3py     0.0157
     41 C 3dyz    0.0154
     48 C 3py     0.0153
     19 C 2py     0.0141
     42 C 3dz^2   0.0139
     43 C 2px     0.0121
     20 C 3py     0.0121
LAS occupied orbitals: 29
LAS virtual orbitals: 126
CCSD time: 67.565208 s
LNO-MP2 Orbital Energy: -0.12015358
LNO-CCSD Orbital Energy: -0.11971024
Calculating Effective Active Space One-electron Integrals
number of active occupied orbitals 29
number of active virtual orbitals 126
DF loop 0 number of DF vectors 240
DF loop 1 number of DF vectors 240
DF loop 2 number of DF vectors 240
DF loop 3 number of DF vectors 240
DF loop 4 number of DF vectors 240
DF loop 5 number of DF vectors 240
DF loop 6 number of DF vectors 240
DF loop 7 number of DF vectors 240
DF loop 8 number of DF vectors 240
DF loop 9 number of DF vectors 240
DF loop 10 number of DF vectors 240
DF loop 11 number of DF vectors 240
DF loop 12 number of DF vectors 240
DF loop 13 number of DF vectors 240
DF loop 14 number of DF vectors 240
DF loop 15 number of DF vectors 240
DF loop 16 number of DF vectors 240
DF loop 17 number of DF vectors 114
build JK time: 5.799370 s
build ecore time: 0.200287 s
build h1eff time: 6.080778 s
Generating Cholesky Integrals
Composing AO ERIs from DF basis
Raw CDERI in LAS shape: (4194, 12090)
Compress CDERI into LAS Cholesky Vectors by SVD
Cholesky cutoff: 1e-05
Build effective h0 and h1 time: 6.226223 s
Build CDERI in LAS time: 5.452513 s
Compress CDERI to LAS Choleskey Vectors time: 2.638901 s
Build Integral total time: 14.317930 s
Finished calculating Cholesky integrals
Size of the correlation space
Number of electrons: (29,29)
Number of basis functions: 155
Cholesky shape: (1510, 155, 155)
running AFQMC on GPU
Hostname: gpua059.delta.ncsa.illinois.edu
System Type: Linux
Machine Type: x86_64
Processor: x86_64
Using GPU.
System: Linux
Node Name: gpua059.delta.ncsa.illinois.edu
Release: 5.14.0-427.91.1.el9_4.x86_64
Version: #1 SMP PREEMPT_DYNAMIC Wed Sep 17 10:08:59 EDT 2025
Machine: x86_64
Processor: x86_64
AFQMC script: /u/yzhang65/myprojects/software/afqmc/afqmc/lno_afqmc/ccsd_pt2/run_afqmc.py
---------------------------- AFQMC Sampling Started ----------------------------
Hostname: gpua059.delta.ncsa.illinois.edu
System Type: Linux
Machine Type: x86_64
Processor: x86_64
Using GPU.
System: Linux
Node Name: gpua059.delta.ncsa.illinois.edu
Release: 5.14.0-427.91.1.el9_4.x86_64
Version: #1 SMP PREEMPT_DYNAMIC Wed Sep 17 10:08:59 EDT 2025
Machine: x86_64
Processor: x86_64
Trial: ccsd_pt2(norb=155, nelec=(29, 29), n_batch=1, nchol_chunk=100, mix_precision=True)
Sampler: sampler_pt2(n_prop_steps=50, n_blocks=500, n_chol=1510)
norb: 155
nelec: (29, 29)
nchol: 1510
n_eql: 100
n_prop_steps: 50
n_blocks: 500
n_walkers: 300
nchol_chunk: 100
mix_precision: True
n_batch: 1
seed: 2277
walker_type: rhf
trial: ccsd_pt2
dt: 0.005
use_gpu: True
max_error: 5.892556509887897e-05
n_exp_terms: 6
Propagating with 300 walkers
Initial Orbital energy: -0.119712
-------------------------------- Equilibration ---------------------------------
inv_T        energy   runTime
 0.00  -2055.865060     16.55
 2.50  -2057.113484     27.50
 5.00  -2057.195955     32.90
 7.50  -2057.196154     38.30
10.00  -2057.211844     43.72
12.50  -2057.204629     49.12
15.00  -2057.179037     54.51
17.50  -2057.223552     59.91
20.00  -2057.198504     65.31
22.50  -2057.182163     70.70
25.00  -2057.178105     76.10
------------------------------- Sampling Blocks --------------------------------
Target Final Error ~ 0.000059
   N      E(Guide)     Error      E(Orb)     Error  Kill_WK      Time
  20  -2057.180806  0.003403   -0.126011  0.000291        0    132.13
  40  -2057.187498  0.003499   -0.126091  0.000210        0    177.18
  60  -2057.184570  0.002712   -0.125936  0.000175        0    222.22
  80  -2057.185285  0.002492   -0.126031  0.000159        0    269.55
 100  -2057.186524  0.002370   -0.126010  0.000135        0    314.63
 120  -2057.185945  0.002108   -0.126005  0.000121        0    359.71
 140  -2057.186937  0.002045   -0.126013  0.000113        0    404.83
 160  -2057.188866  0.001975   -0.126055  0.000112        0    449.85
 180  -2057.191052  0.001935   -0.126092  0.000112        0    494.89
 200  -2057.193622  0.002133   -0.126040  0.000110        0    539.97
 220  -2057.193126  0.002003   -0.126010  0.000105        0    585.03
 240  -2057.192271  0.001878   -0.125987  0.000106        0    630.07
 260  -2057.192389  0.001803   -0.126051  0.000116        0    675.10
 280  -2057.191713  0.001707   -0.126008  0.000111        0    720.16
 300  -2057.190074  0.001713   -0.125982  0.000105        0    765.29
 320  -2057.191696  0.001661   -0.126059  0.000109        0    810.31
 340  -2057.192400  0.001665   -0.126157  0.000114        0    855.39
 360  -2057.193418  0.001631   -0.126213  0.000113        0    900.45
 380  -2057.192640  0.001577   -0.126180  0.000108        0    945.51
 400  -2057.191990  0.001537   -0.126162  0.000103        0    990.54
 420  -2057.191476  0.001498   -0.126196  0.000100        0   1035.58
 440  -2057.191222  0.001450   -0.126174  0.000097        0   1080.60
 460  -2057.191064  0.001416   -0.126165  0.000094        0   1125.86
 480  -2057.190063  0.001395   -0.126161  0.000091        0   1170.95
 500  -2057.189587  0.001364   -0.126138  0.000088        0   1216.05
------------------------------- Post Propagation -------------------------------
Total number of samples 500
Raw AFQMC/HF Energy: -2057.189587 +/- 0.001364
Raw AFQMC/pt2CCSD Orbital Energy (covariance): -0.126138 +/- 0.000088
Raw AFQMC/pt2CCSD Orbital Energy (direct obs): -0.126138 +/- 0.000074
------------------------------ Clean Observation -------------------------------
Energy bound [-0.148979, -0.102622]
Removed 0 Outliers
Outliers Orbital Energy []
Clean AFQMC/pt2CCSD Orbital Energy (covariance): -0.126138 +/- 0.000088
Clean AFQMC/pt2CCSD Orbital Energy (direct obs): -0.126138 +/- 0.000074
------------------------------ Blocking Analysis -------------------------------
nsample = 500, max_block_size = 25, min_nblocks = 20
Blk_SZ   NBlk   NSmp      Energy     Error    dError
     1    500    500   -0.126090  0.000074  0.000002
     2    250    500   -0.126100  0.000085  0.000004
     3    166    498   -0.126104  0.000096  0.000005
     4    125    500   -0.126107  0.000097  0.000006
     5    100    500   -0.126111  0.000103  0.000007
     6     83    498   -0.126116  0.000107  0.000008
     7     71    497   -0.126117  0.000106  0.000009
     8     62    496   -0.126122  0.000113  0.000010
     9     55    495   -0.126127  0.000122  0.000012
    10     50    500   -0.126121  0.000111  0.000011
    11     45    495   -0.126130  0.000111  0.000012
    12     41    492   -0.126139  0.000119  0.000013
    13     38    494   -0.126133  0.000117  0.000014
    14     35    490   -0.126146  0.000112  0.000014
    15     33    495   -0.126132  0.000116  0.000015
    16     31    496   -0.126131  0.000116  0.000015
    17     29    493   -0.126142  0.000119  0.000016
    18     27    486   -0.126149  0.000131  0.000018
    19     26    494   -0.126137  0.000135  0.000019
    20     25    500   -0.126126  0.000120  0.000017
    21     23    483   -0.126149  0.000111  0.000017
    22     22    484   -0.126150  0.000119  0.000018
    23     21    483   -0.126149  0.000122  0.000019
    24     20    480   -0.126152  0.000124  0.000020
    25     20    500   -0.126126  0.000127  0.000021
Fit: plateau = 0.000119 ± 0.000005
     autocorrelation length ~ 3.8 blocks
     plateau reached at block size ~ 15
Blocked AFQMC/pt2CCSD Orbital Energy: -0.126138 +/- 0.000119
total run time: 1216.07
--------------------------- AFQMC Sampling Finished ----------------------------


======================== restricted LNO-FRAGMENT 44/72 =========================
Center Atom C
AOs with contribution > 0.01
        AO Label     Amp
     43 C 1s      0.8758
     43 C 2px     0.4808
     43 C 2py     0.4804
     43 C 2pz     0.4676
     43 C 2s      0.3693
     43 C 3pz     0.2599
     43 C 3s      0.1880
     43 C 3px     0.1455
     43 C 3py     0.1446
    48 C 3dx2-y2  0.0861
     44 C 3dxy    0.0835
     48 C 3py     0.0828
     42 C 3px     0.0753
     42 C 3dxy    0.0671
     44 C 3px     0.0654
    42 C 3dx2-y2  0.0615
     42 C 3s      0.0600
     44 C 3s      0.0599
     48 C 3s      0.0595
     44 C 3py     0.0482
    44 C 3dx2-y2  0.0453
     42 C 3pz     0.0436
     48 C 3dyz    0.0433
     44 C 3pz     0.0432
     48 C 3pz     0.0424
     48 C 3dxy    0.0412
     42 C 3dxz    0.0386
     42 C 3py     0.0382
     44 C 3dxz    0.0297
     48 C 3px     0.0287
     44 C 3dz^2   0.0230
     42 C 3dz^2   0.0229
     48 C 3dz^2   0.0227
     45 C 3px     0.0195
     41 C 3px     0.0195
     42 C 2s      0.0186
     44 C 2s      0.0186
     17 C 3py     0.0183
     48 C 2s      0.0177
     51 C 3py     0.0160
     44 C 3dyz    0.0158
     19 C 3py     0.0154
     48 C 2py     0.0140
     43 C 3dz^2   0.0137
     42 C 2px     0.0121
     49 C 3py     0.0118
     49 C 3px     0.0104
LAS occupied orbitals: 30
LAS virtual orbitals: 127
CCSD time: 5299.472821 s
LNO-MP2 Orbital Energy: -0.12048010
LNO-CCSD Orbital Energy: -0.11994669
Calculating Effective Active Space One-electron Integrals
number of active occupied orbitals 30
number of active virtual orbitals 127
DF loop 0 number of DF vectors 240
DF loop 1 number of DF vectors 240
DF loop 2 number of DF vectors 240
DF loop 3 number of DF vectors 240
DF loop 4 number of DF vectors 240
DF loop 5 number of DF vectors 240
DF loop 6 number of DF vectors 240
DF loop 7 number of DF vectors 240
DF loop 8 number of DF vectors 240
DF loop 9 number of DF vectors 240
DF loop 10 number of DF vectors 240
DF loop 11 number of DF vectors 240
DF loop 12 number of DF vectors 240
DF loop 13 number of DF vectors 240
DF loop 14 number of DF vectors 240
DF loop 15 number of DF vectors 240
DF loop 16 number of DF vectors 240
DF loop 17 number of DF vectors 114
build JK time: 6.558180 s
build ecore time: 0.656713 s
build h1eff time: 7.369950 s
Generating Cholesky Integrals
Composing AO ERIs from DF basis
Raw CDERI in LAS shape: (4194, 12403)
Compress CDERI into LAS Cholesky Vectors by SVD
Cholesky cutoff: 1e-05
Build effective h0 and h1 time: 9.615003 s
Build CDERI in LAS time: 1320.149777 s
Compress CDERI to LAS Choleskey Vectors time: 4.817151 s
Build Integral total time: 1334.582254 s
Finished calculating Cholesky integrals
Size of the correlation space
Number of electrons: (30,30)
Number of basis functions: 157
Cholesky shape: (1474, 157, 157)
running AFQMC on GPU
Hostname: gpua059.delta.ncsa.illinois.edu
System Type: Linux
Machine Type: x86_64
Processor: x86_64
Using GPU.
System: Linux
Node Name: gpua059.delta.ncsa.illinois.edu
Release: 5.14.0-427.91.1.el9_4.x86_64
Version: #1 SMP PREEMPT_DYNAMIC Wed Sep 17 10:08:59 EDT 2025
Machine: x86_64
Processor: x86_64
AFQMC script: /u/yzhang65/myprojects/software/afqmc/afqmc/lno_afqmc/ccsd_pt2/run_afqmc.py
---------------------------- AFQMC Sampling Started ----------------------------
Hostname: gpua059.delta.ncsa.illinois.edu
System Type: Linux
Machine Type: x86_64
Processor: x86_64
Using GPU.
System: Linux
Node Name: gpua059.delta.ncsa.illinois.edu
Release: 5.14.0-427.91.1.el9_4.x86_64
Version: #1 SMP PREEMPT_DYNAMIC Wed Sep 17 10:08:59 EDT 2025
Machine: x86_64
Processor: x86_64
Trial: ccsd_pt2(norb=157, nelec=(30, 30), n_batch=1, nchol_chunk=100, mix_precision=True)
Sampler: sampler_pt2(n_prop_steps=50, n_blocks=500, n_chol=1474)
norb: 157
nelec: (30, 30)
nchol: 1474
n_eql: 100
n_prop_steps: 50
n_blocks: 500
n_walkers: 300
nchol_chunk: 100
mix_precision: True
n_batch: 1
seed: 1937
walker_type: rhf
trial: ccsd_pt2
dt: 0.005
use_gpu: True
max_error: 5.892556509887897e-05
n_exp_terms: 6
Propagating with 300 walkers
Initial Orbital energy: -0.119952
-------------------------------- Equilibration ---------------------------------
inv_T        energy   runTime
 0.00  -2055.865063     84.81
 2.50  -2057.172153     96.77
 5.00  -2057.192549    102.30
 7.50  -2057.184316    107.84
10.00  -2057.200224    113.38
12.50  -2057.207357    118.91
15.00  -2057.226013    124.45
17.50  -2057.224531    129.99
20.00  -2057.181123    135.53
22.50  -2057.228169    141.06
25.00  -2057.211872    146.61
------------------------------- Sampling Blocks --------------------------------
Target Final Error ~ 0.000059
   N      E(Guide)     Error      E(Orb)     Error  Kill_WK      Time
  20  -2057.222478  0.007467   -0.126824  0.000328        0    203.74
  40  -2057.219746  0.004207   -0.126886  0.000232        0    249.54
  60  -2057.219561  0.003318   -0.126624  0.000184        0    295.23
  80  -2057.222232  0.002859   -0.126563  0.000153        0    340.96
 100  -2057.223376  0.002508   -0.126603  0.000140        0    386.77
 120  -2057.217031  0.002599   -0.126399  0.000130        0    432.56
 140  -2057.215483  0.002455   -0.126419  0.000121        0    478.29
 160  -2057.217521  0.002298   -0.126593  0.000189        0    524.03
 180  -2057.219068  0.002117   -0.126611  0.000171        0    569.73
 200  -2057.218760  0.001988   -0.126551  0.000157        0    615.44
 220  -2057.219173  0.001896   -0.126512  0.000145        0    661.25
 240  -2057.218095  0.001781   -0.126458  0.000136        0    707.06
 260  -2057.216897  0.001693   -0.126424  0.000127        0    753.43
 280  -2057.216355  0.001615   -0.126390  0.000121        0    799.19
 300  -2057.217394  0.001568   -0.126402  0.000115        0    844.98
 320  -2057.218750  0.001569   -0.126423  0.000109        0    890.77
 340  -2057.218790  0.001490   -0.126400  0.000105        0    936.72
 360  -2057.218727  0.001459   -0.126414  0.000101        0    985.59
 380  -2057.219921  0.001422   -0.126407  0.000097        0   1031.42
 400  -2057.220022  0.001367   -0.126393  0.000093        0   1077.27
 420  -2057.220912  0.001348   -0.126387  0.000090        0   1123.03
 440  -2057.220430  0.001319   -0.126351  0.000087        0   1169.53
 460  -2057.220397  0.001308   -0.126338  0.000084        0   1215.31
 480  -2057.220429  0.001286   -0.126361  0.000083        0   1261.11
 500  -2057.221008  0.001270   -0.126394  0.000082        0   1308.64
------------------------------- Post Propagation -------------------------------
Total number of samples 500
Raw AFQMC/HF Energy: -2057.221008 +/- 0.001270
Raw AFQMC/pt2CCSD Orbital Energy (covariance): -0.126394 +/- 0.000082
Raw AFQMC/pt2CCSD Orbital Energy (direct obs): -0.126394 +/- 0.000072
------------------------------ Clean Observation -------------------------------
Energy bound [-0.150604, -0.101733]
Removed 0 Outliers
Outliers Orbital Energy []
Clean AFQMC/pt2CCSD Orbital Energy (covariance): -0.126394 +/- 0.000082
Clean AFQMC/pt2CCSD Orbital Energy (direct obs): -0.126394 +/- 0.000072
------------------------------ Blocking Analysis -------------------------------
nsample = 500, max_block_size = 25, min_nblocks = 20
Blk_SZ   NBlk   NSmp      Energy     Error    dError
     1    500    500   -0.126362  0.000072  0.000002
     2    250    500   -0.126368  0.000082  0.000004
     3    166    498   -0.126371  0.000089  0.000005
     4    125    500   -0.126374  0.000088  0.000006
     5    100    500   -0.126375  0.000090  0.000006
     6     83    498   -0.126378  0.000097  0.000008
     7     71    497   -0.126380  0.000097  0.000008
     8     62    496   -0.126382  0.000094  0.000008
     9     55    495   -0.126374  0.000106  0.000010
    10     50    500   -0.126385  0.000090  0.000009
    11     45    495   -0.126380  0.000097  0.000010
    12     41    492   -0.126373  0.000110  0.000012
    13     38    494   -0.126377  0.000101  0.000012
    14     35    490   -0.126376  0.000104  0.000013
    15     33    495   -0.126380  0.000104  0.000013
    16     31    496   -0.126384  0.000104  0.000013
    17     29    493   -0.126375  0.000114  0.000015
    18     27    486   -0.126349  0.000111  0.000015
    19     26    494   -0.126378  0.000114  0.000016
    20     25    500   -0.126387  0.000107  0.000015
    21     23    483   -0.126351  0.000100  0.000015
    22     22    484   -0.126352  0.000108  0.000017
    23     21    483   -0.126352  0.000105  0.000017
    24     20    480   -0.126354  0.000115  0.000019
    25     20    500   -0.126387  0.000117  0.000019
Fit: plateau = 0.000106 ± 0.000005
     autocorrelation length ~ 4.5 blocks
     plateau reached at block size ~ 17
Blocked AFQMC/pt2CCSD Orbital Energy: -0.126394 +/- 0.000106
total run time: 1309.33
--------------------------- AFQMC Sampling Finished ----------------------------


======================== restricted LNO-FRAGMENT 45/72 =========================
Center Atom C
AOs with contribution > 0.01
        AO Label     Amp
     44 C 1s      0.8759
     44 C 2py     0.4810
     44 C 2px     0.4804
     44 C 2pz     0.4677
     44 C 2s      0.3695
     44 C 3pz     0.2600
     44 C 3s      0.1881
     44 C 3px     0.1455
     44 C 3py     0.1449
    17 C 3dx2-y2  0.0866
     17 C 3py     0.0843
     43 C 3dxy    0.0836
     45 C 3px     0.0742
     45 C 3dxy    0.0658
     43 C 3px     0.0657
    45 C 3dx2-y2  0.0602
     17 C 3s      0.0600
     43 C 3s      0.0599
     45 C 3s      0.0594
     43 C 3py     0.0480
    43 C 3dx2-y2  0.0452
     17 C 3dyz    0.0450
     17 C 3pz     0.0433
     43 C 3pz     0.0432
     45 C 3pz     0.0426
     17 C 3dxy    0.0425
     45 C 3py     0.0371
     45 C 3dxz    0.0369
     43 C 3dxz    0.0296
     17 C 3px     0.0294
     17 C 3dz^2   0.0230
     43 C 3dz^2   0.0230
     45 C 3dz^2   0.0226
     42 C 3px     0.0201
     46 C 3px     0.0200
     17 C 2s      0.0186
     43 C 2s      0.0185
     48 C 3py     0.0178
     45 C 2s      0.0176
     47 C 3py     0.0162
     43 C 3dyz    0.0159
      3 C 3py     0.0157
     17 C 2py     0.0143
     44 C 3dz^2   0.0136
     18 C 3py     0.0120
     45 C 2px     0.0118
LAS occupied orbitals: 30
LAS virtual orbitals: 127
CCSD time: 98.535464 s
LNO-MP2 Orbital Energy: -0.12052870
LNO-CCSD Orbital Energy: -0.11998905
Calculating Effective Active Space One-electron Integrals
number of active occupied orbitals 30
number of active virtual orbitals 127
DF loop 0 number of DF vectors 240
DF loop 1 number of DF vectors 240
DF loop 2 number of DF vectors 240
DF loop 3 number of DF vectors 240
DF loop 4 number of DF vectors 240
DF loop 5 number of DF vectors 240
DF loop 6 number of DF vectors 240
DF loop 7 number of DF vectors 240
DF loop 8 number of DF vectors 240
DF loop 9 number of DF vectors 240
DF loop 10 number of DF vectors 240
DF loop 11 number of DF vectors 240
DF loop 12 number of DF vectors 240
DF loop 13 number of DF vectors 240
DF loop 14 number of DF vectors 240
DF loop 15 number of DF vectors 240
DF loop 16 number of DF vectors 240
DF loop 17 number of DF vectors 114
build JK time: 5.758578 s
build ecore time: 0.242074 s
build h1eff time: 6.093605 s
Generating Cholesky Integrals
Composing AO ERIs from DF basis
Raw CDERI in LAS shape: (4194, 12403)
Compress CDERI into LAS Cholesky Vectors by SVD
Cholesky cutoff: 1e-05
Build effective h0 and h1 time: 6.432873 s
Build CDERI in LAS time: 5.905091 s
Compress CDERI to LAS Choleskey Vectors time: 2.979885 s
Build Integral total time: 15.318153 s
Finished calculating Cholesky integrals
Size of the correlation space
Number of electrons: (30,30)
Number of basis functions: 157
Cholesky shape: (1476, 157, 157)
running AFQMC on GPU
Hostname: gpua059.delta.ncsa.illinois.edu
System Type: Linux
Machine Type: x86_64
Processor: x86_64
Using GPU.
System: Linux
Node Name: gpua059.delta.ncsa.illinois.edu
Release: 5.14.0-427.91.1.el9_4.x86_64
Version: #1 SMP PREEMPT_DYNAMIC Wed Sep 17 10:08:59 EDT 2025
Machine: x86_64
Processor: x86_64
AFQMC script: /u/yzhang65/myprojects/software/afqmc/afqmc/lno_afqmc/ccsd_pt2/run_afqmc.py
---------------------------- AFQMC Sampling Started ----------------------------
Hostname: gpua059.delta.ncsa.illinois.edu
System Type: Linux
Machine Type: x86_64
Processor: x86_64
Using GPU.
System: Linux
Node Name: gpua059.delta.ncsa.illinois.edu
Release: 5.14.0-427.91.1.el9_4.x86_64
Version: #1 SMP PREEMPT_DYNAMIC Wed Sep 17 10:08:59 EDT 2025
Machine: x86_64
Processor: x86_64
Trial: ccsd_pt2(norb=157, nelec=(30, 30), n_batch=1, nchol_chunk=100, mix_precision=True)
Sampler: sampler_pt2(n_prop_steps=50, n_blocks=500, n_chol=1476)
norb: 157
nelec: (30, 30)
nchol: 1476
n_eql: 100
n_prop_steps: 50
n_blocks: 500
n_walkers: 300
nchol_chunk: 100
mix_precision: True
n_batch: 1
seed: 4779
walker_type: rhf
trial: ccsd_pt2
dt: 0.005
use_gpu: True
max_error: 5.892556509887897e-05
n_exp_terms: 6
Propagating with 300 walkers
Initial Orbital energy: -0.119994
-------------------------------- Equilibration ---------------------------------
inv_T        energy   runTime
 0.00  -2055.865063     17.33
 2.50  -2057.166304     28.46
 5.00  -2057.166747     34.06
 7.50  -2057.233749     39.63
10.00  -2057.197230     45.20
12.50  -2057.258389     50.76
15.00  -2057.240598     56.34
17.50  -2057.207071     61.90
20.00  -2057.222662     67.47
22.50  -2057.245587     73.03
25.00  -2057.298275     78.60
------------------------------- Sampling Blocks --------------------------------
Target Final Error ~ 0.000059
   N      E(Guide)     Error      E(Orb)     Error  Kill_WK      Time
  20  -2057.226178  0.004575   -0.125818  0.000257        0    135.29
  40  -2057.220365  0.003403   -0.126247  0.000210        0    181.18
  60  -2057.218388  0.003299   -0.126393  0.000177        0    227.09
  80  -2057.218770  0.002748   -0.126388  0.000149        0    273.02
 100  -2057.219365  0.002680   -0.126361  0.000152        0    318.95
 120  -2057.216023  0.002610   -0.126214  0.000136        0    364.83
 140  -2057.218669  0.002472   -0.126224  0.000121        0    410.75
 160  -2057.222601  0.002508   -0.126265  0.000117        0    456.63
 180  -2057.222429  0.002291   -0.126239  0.000109        0    502.53
 200  -2057.222064  0.002160   -0.126344  0.000117        0    548.47
 220  -2057.223195  0.002069   -0.126387  0.000111        0    594.43
 240  -2057.222892  0.001966   -0.126333  0.000105        0    640.37
 260  -2057.222516  0.001857   -0.126292  0.000099        0    686.37
 280  -2057.223227  0.001753   -0.126348  0.000095        0    732.28
 300  -2057.224615  0.001724   -0.126404  0.000103        0    778.22
 320  -2057.223821  0.001659   -0.126387  0.000099        0    824.07
 340  -2057.223704  0.001592   -0.126405  0.000095        0    869.95
 360  -2057.223527  0.001543   -0.126404  0.000092        0    915.99
 380  -2057.223613  0.001491   -0.126376  0.000088        0    962.08
 400  -2057.223897  0.001448   -0.126374  0.000085        0   1007.97
 420  -2057.223525  0.001404   -0.126356  0.000082        0   1053.88
 440  -2057.223376  0.001385   -0.126354  0.000079        0   1099.79
 460  -2057.223736  0.001339   -0.126371  0.000079        0   1145.80
 480  -2057.224626  0.001314   -0.126448  0.000080        0   1191.63
 500  -2057.224492  0.001282   -0.126432  0.000077        0   1237.48
------------------------------- Post Propagation -------------------------------
Total number of samples 500
Raw AFQMC/HF Energy: -2057.224492 +/- 0.001282
Raw AFQMC/pt2CCSD Orbital Energy (covariance): -0.126432 +/- 0.000077
Raw AFQMC/pt2CCSD Orbital Energy (direct obs): -0.126432 +/- 0.000068
------------------------------ Clean Observation -------------------------------
Energy bound [-0.151026, -0.101399]
Removed 0 Outliers
Outliers Orbital Energy []
Clean AFQMC/pt2CCSD Orbital Energy (covariance): -0.126432 +/- 0.000077
Clean AFQMC/pt2CCSD Orbital Energy (direct obs): -0.126432 +/- 0.000068
------------------------------ Blocking Analysis -------------------------------
nsample = 500, max_block_size = 25, min_nblocks = 20
Blk_SZ   NBlk   NSmp      Energy     Error    dError
     1    500    500   -0.126405  0.000068  0.000002
     2    250    500   -0.126412  0.000079  0.000004
     3    166    498   -0.126420  0.000080  0.000004
     4    125    500   -0.126419  0.000092  0.000006
     5    100    500   -0.126419  0.000092  0.000007
     6     83    498   -0.126424  0.000094  0.000007
     7     71    497   -0.126424  0.000098  0.000008
     8     62    496   -0.126428  0.000102  0.000009
     9     55    495   -0.126427  0.000099  0.000009
    10     50    500   -0.126423  0.000100  0.000010
    11     45    495   -0.126427  0.000102  0.000011
    12     41    492   -0.126428  0.000104  0.000012
    13     38    494   -0.126429  0.000114  0.000013
    14     35    490   -0.126424  0.000110  0.000013
    15     33    495   -0.126429  0.000101  0.000013
    16     31    496   -0.126429  0.000101  0.000013
    17     29    493   -0.126428  0.000111  0.000015
    18     27    486   -0.126431  0.000100  0.000014
    19     26    494   -0.126432  0.000103  0.000015
    20     25    500   -0.126426  0.000117  0.000017
    21     23    483   -0.126438  0.000124  0.000019
    22     22    484   -0.126436  0.000117  0.000018
    23     21    483   -0.126438  0.000119  0.000019
    24     20    480   -0.126444  0.000135  0.000022
    25     20    500   -0.126428  0.000105  0.000017
Fit: plateau = 0.000110 ± 0.000005
     autocorrelation length ~ 4.5 blocks
     plateau reached at block size ~ 18
Blocked AFQMC/pt2CCSD Orbital Energy: -0.126432 +/- 0.000110
total run time: 1237.49
--------------------------- AFQMC Sampling Finished ----------------------------


======================== restricted LNO-FRAGMENT 46/72 =========================
Center Atom C
AOs with contribution > 0.01
        AO Label     Amp
     45 C 1s      0.8755
     45 C 2px     0.4887
     45 C 2py     0.4813
     45 C 2pz     0.4673
     45 C 2s      0.3711
     45 C 3pz     0.2603
     45 C 3s      0.1881
     45 C 3px     0.1502
     45 C 3py     0.1445
     46 C 3dxy    0.0889
    47 C 3dx2-y2  0.0878
     47 C 3py     0.0811
     44 C 3px     0.0749
     44 C 3dxy    0.0656
     46 C 3px     0.0638
     46 C 3s      0.0627
    44 C 3dx2-y2  0.0600
     47 C 3s      0.0598
     44 C 3s      0.0594
     46 C 3py     0.0498
    46 C 3dx2-y2  0.0496
     46 C 3pz     0.0455
     47 C 3dyz    0.0428
     44 C 3pz     0.0427
     47 C 3dxy    0.0420
     47 C 3pz     0.0418
     44 C 3py     0.0375
     44 C 3dxz    0.0370
     46 C 3dxz    0.0323
     47 C 3px     0.0298
     46 C 3dz^2   0.0241
     47 C 3dz^2   0.0229
     44 C 3dz^2   0.0225
     46 C 2s      0.0204
      2 C 3py     0.0193
     43 C 3px     0.0190
     44 C 2s      0.0180
     47 C 2s      0.0177
     46 C 3dyz    0.0173
     66 H 2s      0.0168
     67 H 2s      0.0162
     49 C 3py     0.0160
     17 C 3py     0.0153
     47 C 2py     0.0145
     45 C 3dz^2   0.0135
     44 C 2px     0.0118
     46 C 2px     0.0103
LAS occupied orbitals: 26
LAS virtual orbitals: 115
CCSD time: 62.248719 s
LNO-MP2 Orbital Energy: -0.11708312
LNO-CCSD Orbital Energy: -0.11771730
Calculating Effective Active Space One-electron Integrals
number of active occupied orbitals 26
number of active virtual orbitals 115
DF loop 0 number of DF vectors 240
DF loop 1 number of DF vectors 240
DF loop 2 number of DF vectors 240
DF loop 3 number of DF vectors 240
DF loop 4 number of DF vectors 240
DF loop 5 number of DF vectors 240
DF loop 6 number of DF vectors 240
DF loop 7 number of DF vectors 240
DF loop 8 number of DF vectors 240
DF loop 9 number of DF vectors 240
DF loop 10 number of DF vectors 240
DF loop 11 number of DF vectors 240
DF loop 12 number of DF vectors 240
DF loop 13 number of DF vectors 240
DF loop 14 number of DF vectors 240
DF loop 15 number of DF vectors 240
DF loop 16 number of DF vectors 240
DF loop 17 number of DF vectors 114
build JK time: 5.824921 s
build ecore time: 0.256712 s
build h1eff time: 6.180707 s
Generating Cholesky Integrals
Composing AO ERIs from DF basis
Raw CDERI in LAS shape: (4194, 10011)
Compress CDERI into LAS Cholesky Vectors by SVD
Cholesky cutoff: 1e-05
Build effective h0 and h1 time: 6.453035 s
Build CDERI in LAS time: 5.888837 s
Compress CDERI to LAS Choleskey Vectors time: 3.122873 s
Build Integral total time: 15.465059 s
Finished calculating Cholesky integrals
Size of the correlation space
Number of electrons: (26,26)
Number of basis functions: 141
Cholesky shape: (1294, 141, 141)
running AFQMC on GPU
Hostname: gpua059.delta.ncsa.illinois.edu
System Type: Linux
Machine Type: x86_64
Processor: x86_64
Using GPU.
System: Linux
Node Name: gpua059.delta.ncsa.illinois.edu
Release: 5.14.0-427.91.1.el9_4.x86_64
Version: #1 SMP PREEMPT_DYNAMIC Wed Sep 17 10:08:59 EDT 2025
Machine: x86_64
Processor: x86_64
AFQMC script: /u/yzhang65/myprojects/software/afqmc/afqmc/lno_afqmc/ccsd_pt2/run_afqmc.py
---------------------------- AFQMC Sampling Started ----------------------------
Hostname: gpua059.delta.ncsa.illinois.edu
System Type: Linux
Machine Type: x86_64
Processor: x86_64
Using GPU.
System: Linux
Node Name: gpua059.delta.ncsa.illinois.edu
Release: 5.14.0-427.91.1.el9_4.x86_64
Version: #1 SMP PREEMPT_DYNAMIC Wed Sep 17 10:08:59 EDT 2025
Machine: x86_64
Processor: x86_64
Trial: ccsd_pt2(norb=141, nelec=(26, 26), n_batch=1, nchol_chunk=100, mix_precision=True)
Sampler: sampler_pt2(n_prop_steps=50, n_blocks=500, n_chol=1294)
norb: 141
nelec: (26, 26)
nchol: 1294
n_eql: 100
n_prop_steps: 50
n_blocks: 500
n_walkers: 300
nchol_chunk: 100
mix_precision: True
n_batch: 1
seed: 809
walker_type: rhf
trial: ccsd_pt2
dt: 0.005
use_gpu: True
max_error: 5.892556509887897e-05
n_exp_terms: 6
Propagating with 300 walkers
Initial Orbital energy: -0.117722
-------------------------------- Equilibration ---------------------------------
inv_T        energy   runTime
 0.00  -2055.865071     19.43
 2.50  -2057.008656     29.10
 5.00  -2057.048600     33.09
 7.50  -2057.028181     37.07
10.00  -2057.066971     41.05
12.50  -2057.025627     45.03
15.00  -2057.037877     49.02
17.50  -2056.994968     53.00
20.00  -2057.033298     56.98
22.50  -2057.034068     60.96
25.00  -2057.061846     64.95
------------------------------- Sampling Blocks --------------------------------
Target Final Error ~ 0.000059
   N      E(Guide)     Error      E(Orb)     Error  Kill_WK      Time
  20  -2057.049200  0.007285   -0.124018  0.000398        0    105.31
  40  -2057.045645  0.004888   -0.123996  0.000431        0    134.15
  60  -2057.046869  0.003872   -0.124015  0.000303        0   1566.67
  80  -2057.047049  0.003301   -0.124020  0.000260        0   2106.31
 100  -2057.050358  0.002830   -0.124099  0.000219        0   2134.76
 120  -2057.048657  0.002444   -0.124163  0.000197        0   2163.20
 140  -2057.047848  0.002284   -0.124147  0.000173        0   2191.68
 160  -2057.049207  0.002207   -0.124429  0.000202        0   2220.10
 180  -2057.049764  0.002035   -0.124402  0.000185        0   2248.58
 200  -2057.049810  0.001910   -0.124385  0.000173        0   2277.01
 220  -2057.050800  0.001843   -0.124439  0.000166        0   2305.45
 240  -2057.050842  0.001741   -0.124370  0.000154        0   2333.87
 260  -2057.051199  0.001638   -0.124318  0.000144        0   2362.30
 280  -2057.051864  0.001569   -0.124253  0.000136        0   2390.74
 300  -2057.051667  0.001511   -0.124238  0.000128        0   2419.19
 320  -2057.050828  0.001451   -0.124233  0.000123        0   2447.64
 340  -2057.050813  0.001407   -0.124192  0.000117        0   2476.07
 360  -2057.049638  0.001382   -0.124160  0.000111        0   2504.51
 380  -2057.048990  0.001336   -0.124093  0.000107        0   2532.94
 400  -2057.048361  0.001309   -0.124057  0.000104        0   2561.38
 420  -2057.047944  0.001283   -0.124049  0.000099        0   2589.80
 440  -2057.048625  0.001258   -0.124071  0.000096        0   2618.25
 460  -2057.048259  0.001227   -0.124078  0.000093        0   2646.68
 480  -2057.047263  0.001216   -0.124063  0.000090        0   2675.13
 500  -2057.047375  0.001180   -0.124052  0.000087        0   2703.57
------------------------------- Post Propagation -------------------------------
Total number of samples 500
Raw AFQMC/HF Energy: -2057.047375 +/- 0.001180
Raw AFQMC/pt2CCSD Orbital Energy (covariance): -0.124052 +/- 0.000087
Raw AFQMC/pt2CCSD Orbital Energy (direct obs): -0.124052 +/- 0.000071
------------------------------ Clean Observation -------------------------------
Energy bound [-0.147666, -0.099840]
Removed 0 Outliers
Outliers Orbital Energy []
Clean AFQMC/pt2CCSD Orbital Energy (covariance): -0.124052 +/- 0.000087
Clean AFQMC/pt2CCSD Orbital Energy (direct obs): -0.124052 +/- 0.000071
------------------------------ Blocking Analysis -------------------------------
nsample = 500, max_block_size = 25, min_nblocks = 20
Blk_SZ   NBlk   NSmp      Energy     Error    dError
     1    500    500   -0.124021  0.000071  0.000002
     2    250    500   -0.124028  0.000085  0.000004
     3    166    498   -0.124023  0.000092  0.000005
     4    125    500   -0.124034  0.000097  0.000006
     5    100    500   -0.124038  0.000101  0.000007
     6     83    498   -0.124031  0.000107  0.000008
     7     71    497   -0.124031  0.000114  0.000010
     8     62    496   -0.124035  0.000117  0.000011
     9     55    495   -0.124040  0.000114  0.000011
    10     50    500   -0.124042  0.000118  0.000012
    11     45    495   -0.124040  0.000121  0.000013
    12     41    492   -0.124039  0.000130  0.000015
    13     38    494   -0.124039  0.000127  0.000015
    14     35    490   -0.124039  0.000120  0.000015
    15     33    495   -0.124040  0.000119  0.000015
    16     31    496   -0.124038  0.000151  0.000019
    17     29    493   -0.124043  0.000131  0.000018
    18     27    486   -0.124045  0.000140  0.000019
    19     26    494   -0.124042  0.000129  0.000018
    20     25    500   -0.124047  0.000131  0.000019
    21     23    483   -0.124048  0.000149  0.000022
    22     22    484   -0.124048  0.000119  0.000018
    23     21    483   -0.124050  0.000151  0.000024
    24     20    480   -0.124059  0.000146  0.000024
    25     20    500   -0.124048  0.000117  0.000019
Fit: plateau = 0.000133 ± 0.000007
     autocorrelation length ~ 5.4 blocks
     plateau reached at block size ~ 22
Blocked AFQMC/pt2CCSD Orbital Energy: -0.124052 +/- 0.000133
total run time: 2703.58
--------------------------- AFQMC Sampling Finished ----------------------------


======================== restricted LNO-FRAGMENT 47/72 =========================
Center Atom C
AOs with contribution > 0.01
        AO Label     Amp
     46 C 1s      0.8760
     46 C 2py     0.4781
     46 C 2px     0.4738
     46 C 2pz     0.4586
     46 C 2s      0.3753
     46 C 3pz     0.2933
     46 C 3s      0.1908
     66 H 2px     0.1724
     46 C 3py     0.1583
     46 C 3px     0.1462
     2 C 3dx2-y2  0.0889
      2 C 3py     0.0869
     45 C 3dxy    0.0850
     66 H 2py     0.0734
     45 C 3px     0.0695
     66 H 1s      0.0691
     66 H 2s      0.0633
      2 C 3s      0.0628
     45 C 3s      0.0622
     45 C 3py     0.0500
     66 H 2pz     0.0494
      2 C 3dyz    0.0482
    45 C 3dx2-y2  0.0478
     45 C 3pz     0.0473
      2 C 3pz     0.0472
      2 C 3dxy    0.0447
      2 C 3px     0.0324
     45 C 3dxz    0.0313
      2 C 3dz^2   0.0237
     45 C 3dz^2   0.0235
     44 C 3px     0.0203
      2 C 2s      0.0198
     45 C 2s      0.0193
     47 C 3py     0.0186
     45 C 3dyz    0.0176
      1 C 3py     0.0169
      2 C 2py     0.0149
      3 C 3py     0.0125
     46 C 3dz^2   0.0120
LAS occupied orbitals: 29
LAS virtual orbitals: 119
CCSD time: 66.919351 s
LNO-MP2 Orbital Energy: -0.11642551
LNO-CCSD Orbital Energy: -0.11898080
Calculating Effective Active Space One-electron Integrals
number of active occupied orbitals 29
number of active virtual orbitals 119
DF loop 0 number of DF vectors 240
DF loop 1 number of DF vectors 240
DF loop 2 number of DF vectors 240
DF loop 3 number of DF vectors 240
DF loop 4 number of DF vectors 240
DF loop 5 number of DF vectors 240
DF loop 6 number of DF vectors 240
DF loop 7 number of DF vectors 240
DF loop 8 number of DF vectors 240
DF loop 9 number of DF vectors 240
DF loop 10 number of DF vectors 240
DF loop 11 number of DF vectors 240
DF loop 12 number of DF vectors 240
DF loop 13 number of DF vectors 240
DF loop 14 number of DF vectors 240
DF loop 15 number of DF vectors 240
DF loop 16 number of DF vectors 240
DF loop 17 number of DF vectors 114
build JK time: 5.600846 s
build ecore time: 0.202728 s
build h1eff time: 5.885380 s
Generating Cholesky Integrals
Composing AO ERIs from DF basis
Raw CDERI in LAS shape: (4194, 11026)
Compress CDERI into LAS Cholesky Vectors by SVD
Cholesky cutoff: 1e-05
Build effective h0 and h1 time: 6.025599 s
Build CDERI in LAS time: 5.660489 s
Compress CDERI to LAS Choleskey Vectors time: 2.457065 s
Build Integral total time: 14.143653 s
Finished calculating Cholesky integrals
Size of the correlation space
Number of electrons: (29,29)
Number of basis functions: 148
Cholesky shape: (1377, 148, 148)
running AFQMC on GPU
Hostname: gpua059.delta.ncsa.illinois.edu
System Type: Linux
Machine Type: x86_64
Processor: x86_64
Using GPU.
System: Linux
Node Name: gpua059.delta.ncsa.illinois.edu
Release: 5.14.0-427.91.1.el9_4.x86_64
Version: #1 SMP PREEMPT_DYNAMIC Wed Sep 17 10:08:59 EDT 2025
Machine: x86_64
Processor: x86_64
AFQMC script: /u/yzhang65/myprojects/software/afqmc/afqmc/lno_afqmc/ccsd_pt2/run_afqmc.py
---------------------------- AFQMC Sampling Started ----------------------------
Hostname: gpua059.delta.ncsa.illinois.edu
System Type: Linux
Machine Type: x86_64
Processor: x86_64
Using GPU.
System: Linux
Node Name: gpua059.delta.ncsa.illinois.edu
Release: 5.14.0-427.91.1.el9_4.x86_64
Version: #1 SMP PREEMPT_DYNAMIC Wed Sep 17 10:08:59 EDT 2025
Machine: x86_64
Processor: x86_64
Trial: ccsd_pt2(norb=148, nelec=(29, 29), n_batch=1, nchol_chunk=100, mix_precision=True)
Sampler: sampler_pt2(n_prop_steps=50, n_blocks=500, n_chol=1377)
norb: 148
nelec: (29, 29)
nchol: 1377
n_eql: 100
n_prop_steps: 50
n_blocks: 500
n_walkers: 300
nchol_chunk: 100
mix_precision: True
n_batch: 1
seed: 3385
walker_type: rhf
trial: ccsd_pt2
dt: 0.005
use_gpu: True
max_error: 5.892556509887897e-05
n_exp_terms: 6
Propagating with 300 walkers
Initial Orbital energy: -0.118975
-------------------------------- Equilibration ---------------------------------
inv_T        energy   runTime
 0.00  -2055.865063     15.79
 2.50  -2057.064826     25.96
 5.00  -2057.073906     30.80
 7.50  -2057.080527     35.61
10.00  -2057.098166     40.43
12.50  -2057.139629     45.24
15.00  -2057.111931     50.05
17.50  -2057.088668     54.87
20.00  -2057.119277     59.68
22.50  -2057.096471     64.49
25.00  -2057.044862     69.30
------------------------------- Sampling Blocks --------------------------------
Target Final Error ~ 0.000059
   N      E(Guide)     Error      E(Orb)     Error  Kill_WK      Time
  20  -2057.100726  0.004988   -0.124959  0.000275        0    117.76
  40  -2057.108793  0.004015   -0.124802  0.000205        0    155.77
  60  -2057.109585  0.003520   -0.125135  0.000185        0    193.77
  80  -2057.106117  0.003284   -0.124946  0.000161        0    231.81
 100  -2057.105518  0.002868   -0.124963  0.000152        0    269.88
 120  -2057.102652  0.002513   -0.124889  0.000138        0    307.93
 140  -2057.104384  0.002308   -0.124881  0.000127        0    346.02
 160  -2057.104377  0.002160   -0.124872  0.000120        0    384.05
 180  -2057.105217  0.002054   -0.125074  0.000128        0    422.09
 200  -2057.105586  0.002054   -0.125021  0.000120        0    460.12
 220  -2057.105031  0.001961   -0.125068  0.000115        0    498.16
 240  -2057.105743  0.001863   -0.125080  0.000111        0    536.20
 260  -2057.103639  0.001820   -0.125040  0.000105        0    574.25
 280  -2057.104005  0.001747   -0.125034  0.000100        0    612.30
 300  -2057.103918  0.001662   -0.125006  0.000095        0    650.35
 320  -2057.103405  0.001601   -0.124953  0.000092        0    688.44
 340  -2057.104342  0.001569   -0.124985  0.000090        0    726.48
 360  -2057.104484  0.001520   -0.125009  0.000087        0    764.54
 380  -2057.104207  0.001456   -0.125032  0.000085        0    802.60
 400  -2057.103489  0.001422   -0.125001  0.000082        0    840.66
 420  -2057.103861  0.001366   -0.125011  0.000080        0    878.70
 440  -2057.103648  0.001347   -0.125023  0.000080        0    916.74
 460  -2057.103784  0.001311   -0.125060  0.000084        0    954.80
 480  -2057.103229  0.001281   -0.125091  0.000085        0    992.85
 500  -2057.103876  0.001283   -0.125109  0.000086        0   1030.90
------------------------------- Post Propagation -------------------------------
Total number of samples 500
Raw AFQMC/HF Energy: -2057.103876 +/- 0.001283
Raw AFQMC/pt2CCSD Orbital Energy (covariance): -0.125109 +/- 0.000086
Raw AFQMC/pt2CCSD Orbital Energy (direct obs): -0.125109 +/- 0.000074
------------------------------ Clean Observation -------------------------------
Energy bound [-0.151080, -0.098485]
Removed 0 Outliers
Outliers Orbital Energy []
Clean AFQMC/pt2CCSD Orbital Energy (covariance): -0.125109 +/- 0.000086
Clean AFQMC/pt2CCSD Orbital Energy (direct obs): -0.125109 +/- 0.000074
------------------------------ Blocking Analysis -------------------------------
nsample = 500, max_block_size = 25, min_nblocks = 20
Blk_SZ   NBlk   NSmp      Energy     Error    dError
     1    500    500   -0.125070  0.000074  0.000002
     2    250    500   -0.125077  0.000084  0.000004
     3    166    498   -0.125081  0.000089  0.000005
     4    125    500   -0.125085  0.000093  0.000006
     5    100    500   -0.125088  0.000091  0.000006
     6     83    498   -0.125090  0.000096  0.000007
     7     71    497   -0.125091  0.000098  0.000008
     8     62    496   -0.125091  0.000106  0.000010
     9     55    495   -0.125097  0.000095  0.000009
    10     50    500   -0.125094  0.000102  0.000010
    11     45    495   -0.125097  0.000103  0.000011
    12     41    492   -0.125098  0.000113  0.000013
    13     38    494   -0.125101  0.000120  0.000014
    14     35    490   -0.125102  0.000112  0.000014
    15     33    495   -0.125102  0.000103  0.000013
    16     31    496   -0.125097  0.000115  0.000015
    17     29    493   -0.125105  0.000103  0.000014
    18     27    486   -0.125107  0.000120  0.000017
    19     26    494   -0.125103  0.000111  0.000016
    20     25    500   -0.125102  0.000120  0.000017
    21     23    483   -0.125085  0.000100  0.000015
    22     22    484   -0.125083  0.000093  0.000014
    23     21    483   -0.125088  0.000113  0.000018
    24     20    480   -0.125080  0.000118  0.000019
    25     20    500   -0.125103  0.000102  0.000016
Fit: plateau = 0.000108 ± 0.000004
     autocorrelation length ~ 4.2 blocks
     plateau reached at block size ~ 16
Blocked AFQMC/pt2CCSD Orbital Energy: -0.125109 +/- 0.000108
total run time: 1030.90
--------------------------- AFQMC Sampling Finished ----------------------------


======================== restricted LNO-FRAGMENT 48/72 =========================
Center Atom C
AOs with contribution > 0.01
        AO Label     Amp
     47 C 1s      0.8752
     47 C 2py     0.4827
     47 C 2px     0.4731
     47 C 2pz     0.4594
     47 C 2s      0.3758
     47 C 3pz     0.2921
     47 C 3s      0.1904
     67 H 2px     0.1735
     47 C 3py     0.1616
     47 C 3px     0.1450
     49 C 3dxy    0.0945
     45 C 3py     0.0866
    45 C 3dx2-y2  0.0845
     67 H 2py     0.0735
     67 H 1s      0.0699
     49 C 3px     0.0694
     49 C 3s      0.0660
     67 H 2s      0.0628
     45 C 3s      0.0602
    49 C 3dx2-y2  0.0535
     49 C 3pz     0.0515
     49 C 3py     0.0506
     67 H 2pz     0.0491
     45 C 3pz     0.0437
     45 C 3dyz    0.0421
     45 C 3dxy    0.0397
     49 C 3dxz    0.0363
     45 C 3px     0.0303
     49 C 3dz^2   0.0252
     45 C 3dz^2   0.0226
     49 C 2s      0.0225
     48 C 3px     0.0206
     49 C 3dyz    0.0201
     68 H 2s      0.0183
     45 C 2s      0.0173
     46 C 3py     0.0173
     45 C 2py     0.0135
     44 C 3py     0.0122
     47 C 3dz^2   0.0119
     49 C 2px     0.0117
LAS occupied orbitals: 21
LAS virtual orbitals: 95
CCSD time: 26.652947 s
LNO-MP2 Orbital Energy: -0.11258363
LNO-CCSD Orbital Energy: -0.11691994
Calculating Effective Active Space One-electron Integrals
number of active occupied orbitals 21
number of active virtual orbitals 95
DF loop 0 number of DF vectors 240
DF loop 1 number of DF vectors 240
DF loop 2 number of DF vectors 240
DF loop 3 number of DF vectors 240
DF loop 4 number of DF vectors 240
DF loop 5 number of DF vectors 240
DF loop 6 number of DF vectors 240
DF loop 7 number of DF vectors 240
DF loop 8 number of DF vectors 240
DF loop 9 number of DF vectors 240
DF loop 10 number of DF vectors 240
DF loop 11 number of DF vectors 240
DF loop 12 number of DF vectors 240
DF loop 13 number of DF vectors 240
DF loop 14 number of DF vectors 240
DF loop 15 number of DF vectors 240
DF loop 16 number of DF vectors 240
DF loop 17 number of DF vectors 114
build JK time: 5.600324 s
build ecore time: 0.194279 s
build h1eff time: 5.869899 s
Generating Cholesky Integrals
Composing AO ERIs from DF basis
Raw CDERI in LAS shape: (4194, 6786)
Compress CDERI into LAS Cholesky Vectors by SVD
Cholesky cutoff: 1e-05
Build effective h0 and h1 time: 6.004978 s
Build CDERI in LAS time: 5.443641 s
Compress CDERI to LAS Choleskey Vectors time: 2.231988 s
Build Integral total time: 13.686221 s
Finished calculating Cholesky integrals
Size of the correlation space
Number of electrons: (21,21)
Number of basis functions: 116
Cholesky shape: (1019, 116, 116)
running AFQMC on GPU
Hostname: gpua059.delta.ncsa.illinois.edu
System Type: Linux
Machine Type: x86_64
Processor: x86_64
Using GPU.
System: Linux
Node Name: gpua059.delta.ncsa.illinois.edu
Release: 5.14.0-427.91.1.el9_4.x86_64
Version: #1 SMP PREEMPT_DYNAMIC Wed Sep 17 10:08:59 EDT 2025
Machine: x86_64
Processor: x86_64
AFQMC script: /u/yzhang65/myprojects/software/afqmc/afqmc/lno_afqmc/ccsd_pt2/run_afqmc.py
---------------------------- AFQMC Sampling Started ----------------------------
Hostname: gpua059.delta.ncsa.illinois.edu
System Type: Linux
Machine Type: x86_64
Processor: x86_64
Using GPU.
System: Linux
Node Name: gpua059.delta.ncsa.illinois.edu
Release: 5.14.0-427.91.1.el9_4.x86_64
Version: #1 SMP PREEMPT_DYNAMIC Wed Sep 17 10:08:59 EDT 2025
Machine: x86_64
Processor: x86_64
Trial: ccsd_pt2(norb=116, nelec=(21, 21), n_batch=1, nchol_chunk=100, mix_precision=True)
Sampler: sampler_pt2(n_prop_steps=50, n_blocks=500, n_chol=1019)
norb: 116
nelec: (21, 21)
nchol: 1019
n_eql: 100
n_prop_steps: 50
n_blocks: 500
n_walkers: 300
nchol_chunk: 100
mix_precision: True
n_batch: 1
seed: 4451
walker_type: rhf
trial: ccsd_pt2
dt: 0.005
use_gpu: True
max_error: 5.892556509887897e-05
n_exp_terms: 6
Propagating with 300 walkers
Initial Orbital energy: -0.116911
-------------------------------- Equilibration ---------------------------------
inv_T        energy   runTime
 0.00  -2055.865067     12.56
 2.50  -2056.767379     20.23
 5.00  -2056.785620     22.58
 7.50  -2056.820729     24.93
10.00  -2056.802722     27.28
12.50  -2056.819620     29.63
15.00  -2056.808599     31.97
17.50  -2056.823539     34.32
20.00  -2056.854521     36.67
22.50  -2056.823394     39.01
25.00  -2056.792799     41.36
------------------------------- Sampling Blocks --------------------------------
Target Final Error ~ 0.000059
   N      E(Guide)     Error      E(Orb)     Error  Kill_WK      Time
  20  -2056.802675  0.004062   -0.122237  0.000272        0     65.27
  40  -2056.801330  0.003055   -0.122636  0.000221        0     79.45
  60  -2056.800506  0.002910   -0.122524  0.000192        0     93.63
  80  -2056.800543  0.002550   -0.122405  0.000163        0    107.81
 100  -2056.797233  0.002250   -0.122299  0.000150        0    122.00
 120  -2056.797852  0.002005   -0.122389  0.000165        0    136.18
 140  -2056.801992  0.002021   -0.122613  0.000180        0    150.37
 160  -2056.799952  0.001862   -0.122530  0.000162        0    164.55
 180  -2056.800725  0.001764   -0.122540  0.000157        0    178.76
 200  -2056.800316  0.001641   -0.122606  0.000148        0    192.96
 220  -2056.800782  0.001551   -0.122623  0.000138        0    207.15
 240  -2056.800423  0.001469   -0.122617  0.000130        0    221.33
 260  -2056.800791  0.001428   -0.122634  0.000124        0    235.51
 280  -2056.800869  0.001448   -0.122657  0.000123        0    249.75
 300  -2056.800833  0.001368   -0.122666  0.000116        0    263.94
 320  -2056.801565  0.001381   -0.122657  0.000111        0    278.12
 340  -2056.800431  0.001354   -0.122667  0.000107        0    292.31
 360  -2056.800482  0.001306   -0.122630  0.000102        0    306.50
 380  -2056.800370  0.001261   -0.122605  0.000098        0    320.69
 400  -2056.800759  0.001222   -0.122647  0.000096        0    334.86
 420  -2056.800893  0.001185   -0.122630  0.000094        0    349.04
 440  -2056.800605  0.001143   -0.122608  0.000091        0    363.23
 460  -2056.800192  0.001118   -0.122547  0.000089        0    377.41
 480  -2056.799858  0.001103   -0.122538  0.000087        0    391.59
 500  -2056.799341  0.001077   -0.122524  0.000084        0    405.77
------------------------------- Post Propagation -------------------------------
Total number of samples 500
Raw AFQMC/HF Energy: -2056.799341 +/- 0.001077
Raw AFQMC/pt2CCSD Orbital Energy (covariance): -0.122524 +/- 0.000084
Raw AFQMC/pt2CCSD Orbital Energy (direct obs): -0.122524 +/- 0.000073
------------------------------ Clean Observation -------------------------------
Energy bound [-0.148611, -0.095823]
Removed 0 Outliers
Outliers Orbital Energy []
Clean AFQMC/pt2CCSD Orbital Energy (covariance): -0.122524 +/- 0.000084
Clean AFQMC/pt2CCSD Orbital Energy (direct obs): -0.122524 +/- 0.000073
------------------------------ Blocking Analysis -------------------------------
nsample = 500, max_block_size = 25, min_nblocks = 20
Blk_SZ   NBlk   NSmp      Energy     Error    dError
     1    500    500   -0.122482  0.000073  0.000002
     2    250    500   -0.122491  0.000085  0.000004
     3    166    498   -0.122499  0.000096  0.000005
     4    125    500   -0.122499  0.000102  0.000006
     5    100    500   -0.122502  0.000108  0.000008
     6     83    498   -0.122507  0.000109  0.000009
     7     71    497   -0.122504  0.000119  0.000010
     8     62    496   -0.122513  0.000117  0.000011
     9     55    495   -0.122515  0.000121  0.000012
    10     50    500   -0.122509  0.000120  0.000012
    11     45    495   -0.122515  0.000124  0.000013
    12     41    492   -0.122513  0.000126  0.000014
    13     38    494   -0.122511  0.000137  0.000016
    14     35    490   -0.122516  0.000127  0.000015
    15     33    495   -0.122519  0.000120  0.000015
    16     31    496   -0.122520  0.000135  0.000017
    17     29    493   -0.122516  0.000139  0.000019
    18     27    486   -0.122525  0.000124  0.000017
    19     26    494   -0.122520  0.000136  0.000019
    20     25    500   -0.122518  0.000114  0.000016
    21     23    483   -0.122526  0.000119  0.000018
    22     22    484   -0.122525  0.000150  0.000023
    23     21    483   -0.122527  0.000137  0.000022
    24     20    480   -0.122531  0.000122  0.000020
    25     20    500   -0.122519  0.000120  0.000019
Fit: plateau = 0.000129 ± 0.000005
     autocorrelation length ~ 4.0 blocks
     plateau reached at block size ~ 17
Blocked AFQMC/pt2CCSD Orbital Energy: -0.122524 +/- 0.000129
total run time: 405.78
--------------------------- AFQMC Sampling Finished ----------------------------


======================== restricted LNO-FRAGMENT 49/72 =========================
Center Atom C
AOs with contribution > 0.01
        AO Label     Amp
     48 C 1s      0.8755
     48 C 2py     0.4904
     48 C 2px     0.4796
     48 C 2pz     0.4672
     48 C 2s      0.3710
     48 C 3pz     0.2603
     48 C 3s      0.1880
     48 C 3py     0.1507
     48 C 3px     0.1437
     51 C 3dxy    0.0902
    43 C 3dx2-y2  0.0860
     43 C 3py     0.0842
     49 C 3px     0.0735
     49 C 3dxy    0.0677
     51 C 3px     0.0660
     51 C 3s      0.0625
    49 C 3dx2-y2  0.0610
     49 C 3s      0.0598
     43 C 3s      0.0596
    51 C 3dx2-y2  0.0488
     51 C 3py     0.0477
     51 C 3pz     0.0454
     43 C 3dyz    0.0433
     43 C 3pz     0.0425
     49 C 3pz     0.0421
     43 C 3dxy    0.0409
     49 C 3py     0.0370
     49 C 3dxz    0.0370
     51 C 3dxz    0.0323
     43 C 3px     0.0285
     51 C 3dz^2   0.0241
     43 C 3dz^2   0.0228
     49 C 3dz^2   0.0227
     50 C 3px     0.0207
     51 C 2s      0.0203
     47 C 3px     0.0202
     43 C 2s      0.0182
     49 C 2s      0.0177
     51 C 3dyz    0.0169
     69 H 2s      0.0167
     68 H 2s      0.0162
     44 C 3py     0.0154
     43 C 2py     0.0141
     48 C 3dz^2   0.0136
     49 C 2px     0.0127
     42 C 3py     0.0120
     51 C 2px     0.0114
LAS occupied orbitals: 26
LAS virtual orbitals: 115
CCSD time: 56.639780 s
LNO-MP2 Orbital Energy: -0.11705388
LNO-CCSD Orbital Energy: -0.11769147
Calculating Effective Active Space One-electron Integrals
number of active occupied orbitals 26
number of active virtual orbitals 115
DF loop 0 number of DF vectors 240
DF loop 1 number of DF vectors 240
DF loop 2 number of DF vectors 240
DF loop 3 number of DF vectors 240
DF loop 4 number of DF vectors 240
DF loop 5 number of DF vectors 240
DF loop 6 number of DF vectors 240
DF loop 7 number of DF vectors 240
DF loop 8 number of DF vectors 240
DF loop 9 number of DF vectors 240
DF loop 10 number of DF vectors 240
DF loop 11 number of DF vectors 240
DF loop 12 number of DF vectors 240
DF loop 13 number of DF vectors 240
DF loop 14 number of DF vectors 240
DF loop 15 number of DF vectors 240
DF loop 16 number of DF vectors 240
DF loop 17 number of DF vectors 114
build JK time: 5.595874 s
build ecore time: 0.193184 s
build h1eff time: 5.868291 s
Generating Cholesky Integrals
Composing AO ERIs from DF basis
Raw CDERI in LAS shape: (4194, 10011)
Compress CDERI into LAS Cholesky Vectors by SVD
Cholesky cutoff: 1e-05
Build effective h0 and h1 time: 6.007125 s
Build CDERI in LAS time: 5.426446 s
Compress CDERI to LAS Choleskey Vectors time: 2.462194 s
Build Integral total time: 13.896038 s
Finished calculating Cholesky integrals
Size of the correlation space
Number of electrons: (26,26)
Number of basis functions: 141
Cholesky shape: (1294, 141, 141)
running AFQMC on GPU
Hostname: gpua059.delta.ncsa.illinois.edu
System Type: Linux
Machine Type: x86_64
Processor: x86_64
Using GPU.
System: Linux
Node Name: gpua059.delta.ncsa.illinois.edu
Release: 5.14.0-427.91.1.el9_4.x86_64
Version: #1 SMP PREEMPT_DYNAMIC Wed Sep 17 10:08:59 EDT 2025
Machine: x86_64
Processor: x86_64
AFQMC script: /u/yzhang65/myprojects/software/afqmc/afqmc/lno_afqmc/ccsd_pt2/run_afqmc.py
---------------------------- AFQMC Sampling Started ----------------------------
Hostname: gpua059.delta.ncsa.illinois.edu
System Type: Linux
Machine Type: x86_64
Processor: x86_64
Using GPU.
System: Linux
Node Name: gpua059.delta.ncsa.illinois.edu
Release: 5.14.0-427.91.1.el9_4.x86_64
Version: #1 SMP PREEMPT_DYNAMIC Wed Sep 17 10:08:59 EDT 2025
Machine: x86_64
Processor: x86_64
Trial: ccsd_pt2(norb=141, nelec=(26, 26), n_batch=1, nchol_chunk=100, mix_precision=True)
Sampler: sampler_pt2(n_prop_steps=50, n_blocks=500, n_chol=1294)
norb: 141
nelec: (26, 26)
nchol: 1294
n_eql: 100
n_prop_steps: 50
n_blocks: 500
n_walkers: 300
nchol_chunk: 100
mix_precision: True
n_batch: 1
seed: 4865
walker_type: rhf
trial: ccsd_pt2
dt: 0.005
use_gpu: True
max_error: 5.892556509887897e-05
n_exp_terms: 6
Propagating with 300 walkers
Initial Orbital energy: -0.117695
-------------------------------- Equilibration ---------------------------------
inv_T        energy   runTime
 0.00  -2055.865071     13.25
 2.50  -2057.021608     22.44
 5.00  -2057.027547     26.46
 7.50  -2057.062414     30.44
10.00  -2057.101526     34.42
12.50  -2057.077578     38.40
15.00  -2057.032647     42.38
17.50  -2057.031627     46.35
20.00  -2057.053581     50.33
22.50  -2057.035576     54.31
25.00  -2057.018156     58.29
------------------------------- Sampling Blocks --------------------------------
Target Final Error ~ 0.000059
   N      E(Guide)     Error      E(Orb)     Error  Kill_WK      Time
  20  -2057.034792  0.008078   -0.123318  0.000209        0     96.95
  40  -2057.049956  0.005498   -0.123686  0.000194        0    125.37
  60  -2057.051496  0.003895   -0.123705  0.000185        0    153.79
  80  -2057.050175  0.003143   -0.123531  0.000156        0    182.22
 100  -2057.046990  0.002776   -0.123407  0.000137        0    210.65
 120  -2057.045767  0.002426   -0.123428  0.000123        0    239.08
 140  -2057.047219  0.002388   -0.123470  0.000113        0    267.54
 160  -2057.045465  0.002250   -0.123445  0.000106        0    295.97
 180  -2057.045907  0.002083   -0.123378  0.000097        0    324.42
 200  -2057.046121  0.001983   -0.123467  0.000099        0    352.84
 220  -2057.045611  0.001885   -0.123474  0.000093        0    381.27
 240  -2057.043389  0.001845   -0.123455  0.000088        0    409.71
 260  -2057.043033  0.001735   -0.123459  0.000084        0    438.15
 280  -2057.041784  0.001699   -0.123480  0.000082        0    466.58
 300  -2057.042645  0.001684   -0.123511  0.000081        0    495.00
 320  -2057.042556  0.001639   -0.123531  0.000079        0    523.42
 340  -2057.043826  0.001647   -0.123512  0.000077        0    551.85
 360  -2057.043979  0.001640   -0.123514  0.000075        0    580.32
 380  -2057.043405  0.001576   -0.123508  0.000072        0    608.76
 400  -2057.043575  0.001516   -0.123514  0.000071        0    637.22
 420  -2057.044076  0.001479   -0.123518  0.000069        0    665.66
 440  -2057.044307  0.001447   -0.123541  0.000068        0    694.10
 460  -2057.044724  0.001408   -0.123539  0.000068        0    722.53
 480  -2057.045623  0.001389   -0.123572  0.000067        0    750.95
 500  -2057.046421  0.001353   -0.123602  0.000067        0    779.37
------------------------------- Post Propagation -------------------------------
Total number of samples 500
Raw AFQMC/HF Energy: -2057.046421 +/- 0.001353
Raw AFQMC/pt2CCSD Orbital Energy (covariance): -0.123602 +/- 0.000067
Raw AFQMC/pt2CCSD Orbital Energy (direct obs): -0.123602 +/- 0.000056
------------------------------ Clean Observation -------------------------------
Energy bound [-0.144366, -0.102509]
Removed 0 Outliers
Outliers Orbital Energy []
Clean AFQMC/pt2CCSD Orbital Energy (covariance): -0.123602 +/- 0.000067
Clean AFQMC/pt2CCSD Orbital Energy (direct obs): -0.123602 +/- 0.000056
------------------------------ Blocking Analysis -------------------------------
nsample = 500, max_block_size = 25, min_nblocks = 20
Blk_SZ   NBlk   NSmp      Energy     Error    dError
     1    500    500   -0.123565  0.000056  0.000002
     2    250    500   -0.123572  0.000064  0.000003
     3    166    498   -0.123567  0.000067  0.000004
     4    125    500   -0.123580  0.000072  0.000005
     5    100    500   -0.123581  0.000072  0.000005
     6     83    498   -0.123574  0.000072  0.000006
     7     71    497   -0.123569  0.000069  0.000006
     8     62    496   -0.123570  0.000072  0.000007
     9     55    495   -0.123570  0.000072  0.000007
    10     50    500   -0.123590  0.000072  0.000007
    11     45    495   -0.123572  0.000072  0.000008
    12     41    492   -0.123581  0.000073  0.000008
    13     38    494   -0.123575  0.000074  0.000009
    14     35    490   -0.123578  0.000066  0.000008
    15     33    495   -0.123576  0.000075  0.000009
    16     31    496   -0.123574  0.000077  0.000010
    17     29    493   -0.123578  0.000070  0.000009
    18     27    486   -0.123578  0.000077  0.000011
    19     26    494   -0.123579  0.000074  0.000010
    20     25    500   -0.123596  0.000082  0.000012
    21     23    483   -0.123573  0.000077  0.000012
    22     22    484   -0.123576  0.000084  0.000013
    23     21    483   -0.123578  0.000069  0.000011
    24     20    480   -0.123566  0.000076  0.000012
    25     20    500   -0.123591  0.000094  0.000015
Fit: plateau = 0.000073 ± 0.000002
     autocorrelation length ~ 1.8 blocks
     plateau reached at block size ~ 7
Blocked AFQMC/pt2CCSD Orbital Energy: -0.123602 +/- 0.000073
total run time: 779.38
--------------------------- AFQMC Sampling Finished ----------------------------


======================== restricted LNO-FRAGMENT 50/72 =========================
Center Atom C
AOs with contribution > 0.01
        AO Label     Amp
     49 C 1s      0.8753
     49 C 2px     0.4836
     49 C 2py     0.4722
     49 C 2pz     0.4595
     49 C 2s      0.3758
     49 C 3pz     0.2925
     68 H 2py     0.1953
     49 C 3s      0.1904
     49 C 3px     0.1654
     49 C 3py     0.1414
     47 C 3dxy    0.0925
     48 C 3px     0.0767
     68 H 1s      0.0689
     47 C 3s      0.0665
     47 C 3px     0.0660
     48 C 3dxy    0.0633
     68 H 2s      0.0625
     48 C 3s      0.0603
    48 C 3dx2-y2  0.0599
    47 C 3dx2-y2  0.0554
     47 C 3py     0.0537
     47 C 3pz     0.0516
     68 H 2px     0.0515
     68 H 2pz     0.0481
     48 C 3pz     0.0440
     48 C 3py     0.0399
     47 C 3dxz    0.0374
     48 C 3dxz    0.0368
     47 C 3dz^2   0.0254
     47 C 2s      0.0228
     48 C 3dz^2   0.0224
     51 C 3px     0.0210
     45 C 3py     0.0193
     47 C 3dyz    0.0190
     67 H 2s      0.0185
     48 C 2s      0.0173
     43 C 3py     0.0152
     49 C 3dz^2   0.0118
     48 C 2px     0.0116
     47 C 2px     0.0115
     49 C 3dxy    0.0115
LAS occupied orbitals: 21
LAS virtual orbitals: 95
CCSD time: 25.796792 s
LNO-MP2 Orbital Energy: -0.11258743
LNO-CCSD Orbital Energy: -0.11692477
Calculating Effective Active Space One-electron Integrals
number of active occupied orbitals 21
number of active virtual orbitals 95
DF loop 0 number of DF vectors 240
DF loop 1 number of DF vectors 240
DF loop 2 number of DF vectors 240
DF loop 3 number of DF vectors 240
DF loop 4 number of DF vectors 240
DF loop 5 number of DF vectors 240
DF loop 6 number of DF vectors 240
DF loop 7 number of DF vectors 240
DF loop 8 number of DF vectors 240
DF loop 9 number of DF vectors 240
DF loop 10 number of DF vectors 240
DF loop 11 number of DF vectors 240
DF loop 12 number of DF vectors 240
DF loop 13 number of DF vectors 240
DF loop 14 number of DF vectors 240
DF loop 15 number of DF vectors 240
DF loop 16 number of DF vectors 240
DF loop 17 number of DF vectors 114
build JK time: 5.598646 s
build ecore time: 0.193243 s
build h1eff time: 5.867349 s
Generating Cholesky Integrals
Composing AO ERIs from DF basis
Raw CDERI in LAS shape: (4194, 6786)
Compress CDERI into LAS Cholesky Vectors by SVD
Cholesky cutoff: 1e-05
Build effective h0 and h1 time: 6.001716 s
Build CDERI in LAS time: 5.442611 s
Compress CDERI to LAS Choleskey Vectors time: 2.223158 s
Build Integral total time: 13.667723 s
Finished calculating Cholesky integrals
Size of the correlation space
Number of electrons: (21,21)
Number of basis functions: 116
Cholesky shape: (1019, 116, 116)
running AFQMC on GPU
Hostname: gpua059.delta.ncsa.illinois.edu
System Type: Linux
Machine Type: x86_64
Processor: x86_64
Using GPU.
System: Linux
Node Name: gpua059.delta.ncsa.illinois.edu
Release: 5.14.0-427.91.1.el9_4.x86_64
Version: #1 SMP PREEMPT_DYNAMIC Wed Sep 17 10:08:59 EDT 2025
Machine: x86_64
Processor: x86_64
AFQMC script: /u/yzhang65/myprojects/software/afqmc/afqmc/lno_afqmc/ccsd_pt2/run_afqmc.py
---------------------------- AFQMC Sampling Started ----------------------------
Hostname: gpua059.delta.ncsa.illinois.edu
System Type: Linux
Machine Type: x86_64
Processor: x86_64
Using GPU.
System: Linux
Node Name: gpua059.delta.ncsa.illinois.edu
Release: 5.14.0-427.91.1.el9_4.x86_64
Version: #1 SMP PREEMPT_DYNAMIC Wed Sep 17 10:08:59 EDT 2025
Machine: x86_64
Processor: x86_64
Trial: ccsd_pt2(norb=116, nelec=(21, 21), n_batch=1, nchol_chunk=100, mix_precision=True)
Sampler: sampler_pt2(n_prop_steps=50, n_blocks=500, n_chol=1019)
norb: 116
nelec: (21, 21)
nchol: 1019
n_eql: 100
n_prop_steps: 50
n_blocks: 500
n_walkers: 300
nchol_chunk: 100
mix_precision: True
n_batch: 1
seed: 5457
walker_type: rhf
trial: ccsd_pt2
dt: 0.005
use_gpu: True
max_error: 5.892556509887897e-05
n_exp_terms: 6
Propagating with 300 walkers
Initial Orbital energy: -0.116916
-------------------------------- Equilibration ---------------------------------
inv_T        energy   runTime
 0.00  -2055.865067     12.72
 2.50  -2056.764959     20.41
 5.00  -2056.830849     22.76
 7.50  -2056.797950     25.11
10.00  -2056.796500     27.46
12.50  -2056.751994     29.81
15.00  -2056.785624     32.15
17.50  -2056.766192     34.50
20.00  -2056.771291     36.85
22.50  -2056.789953     39.20
25.00  -2056.764996     41.55
------------------------------- Sampling Blocks --------------------------------
Target Final Error ~ 0.000059
   N      E(Guide)     Error      E(Orb)     Error  Kill_WK      Time
  20  -2056.804989  0.004655   -0.122306  0.000873        0     65.46
  40  -2056.804347  0.002918   -0.122528  0.000468        0     79.67
  60  -2056.806129  0.002440   -0.122535  0.000344        0     93.87
  80  -2056.801861  0.002368   -0.122482  0.000264        0    108.05
 100  -2056.802672  0.002043   -0.122544  0.000224        0    122.24
 120  -2056.803545  0.001812   -0.122585  0.000207        0    136.47
 140  -2056.804401  0.001812   -0.122653  0.000193        0    150.65
 160  -2056.801900  0.001701   -0.122575  0.000173        0    164.84
 180  -2056.799730  0.001638   -0.122593  0.000159        0    179.02
 200  -2056.798567  0.001558   -0.122541  0.000146        0    193.21
 220  -2056.799552  0.001514   -0.122522  0.000137        0    207.37
 240  -2056.798994  0.001427   -0.122456  0.000128        0    221.53
 260  -2056.799133  0.001342   -0.122492  0.000121        0    235.72
 280  -2056.800709  0.001358   -0.122501  0.000116        0    249.94
 300  -2056.801286  0.001315   -0.122545  0.000113        0    264.12
 320  -2056.801572  0.001284   -0.122576  0.000110        0    278.29
 340  -2056.800824  0.001243   -0.122523  0.000105        0    292.49
 360  -2056.800827  0.001214   -0.122524  0.000100        0    306.71
 380  -2056.802116  0.001248   -0.122522  0.000099        0    320.90
 400  -2056.802163  0.001200   -0.122520  0.000096        0    335.10
 420  -2056.802775  0.001170   -0.122524  0.000094        0    349.28
 440  -2056.803440  0.001154   -0.122514  0.000094        0    363.48
 460  -2056.802592  0.001126   -0.122503  0.000091        0    377.70
 480  -2056.802007  0.001092   -0.122498  0.000088        0    391.88
 500  -2056.803143  0.001106   -0.122520  0.000086        0    406.07
------------------------------- Post Propagation -------------------------------
Total number of samples 500
Raw AFQMC/HF Energy: -2056.803143 +/- 0.001106
Raw AFQMC/pt2CCSD Orbital Energy (covariance): -0.122520 +/- 0.000086
Raw AFQMC/pt2CCSD Orbital Energy (direct obs): -0.122520 +/- 0.000071
------------------------------ Clean Observation -------------------------------
Energy bound [-0.148546, -0.096172]
Removed 0 Outliers
Outliers Orbital Energy []
Clean AFQMC/pt2CCSD Orbital Energy (covariance): -0.122520 +/- 0.000086
Clean AFQMC/pt2CCSD Orbital Energy (direct obs): -0.122520 +/- 0.000071
------------------------------ Blocking Analysis -------------------------------
nsample = 500, max_block_size = 25, min_nblocks = 20
Blk_SZ   NBlk   NSmp      Energy     Error    dError
     1    500    500   -0.122463  0.000071  0.000002
     2    250    500   -0.122472  0.000079  0.000004
     3    166    498   -0.122479  0.000089  0.000005
     4    125    500   -0.122484  0.000088  0.000006
     5    100    500   -0.122486  0.000089  0.000006
     6     83    498   -0.122489  0.000093  0.000007
     7     71    497   -0.122495  0.000073  0.000006
     8     62    496   -0.122502  0.000087  0.000008
     9     55    495   -0.122499  0.000097  0.000009
    10     50    500   -0.122499  0.000088  0.000009
    11     45    495   -0.122504  0.000086  0.000009
    12     41    492   -0.122508  0.000083  0.000009
    13     38    494   -0.122504  0.000085  0.000010
    14     35    490   -0.122507  0.000085  0.000010
    15     33    495   -0.122503  0.000074  0.000009
    16     31    496   -0.122505  0.000086  0.000011
    17     29    493   -0.122511  0.000074  0.000010
    18     27    486   -0.122511  0.000077  0.000011
    19     26    494   -0.122506  0.000064  0.000009
    20     25    500   -0.122502  0.000080  0.000012
    21     23    483   -0.122513  0.000070  0.000011
    22     22    484   -0.122516  0.000069  0.000011
    23     21    483   -0.122510  0.000071  0.000011
    24     20    480   -0.122484  0.000080  0.000013
    25     20    500   -0.122507  0.000064  0.000010
Fit: plateau = 0.000082 ± 0.000002
     autocorrelation length ~ 0.5 blocks
     plateau reached at block size ~ 3
Blocked AFQMC/pt2CCSD Orbital Energy: -0.122520 +/- 0.000082
total run time: 406.08
--------------------------- AFQMC Sampling Finished ----------------------------


======================== restricted LNO-FRAGMENT 51/72 =========================
Center Atom C
AOs with contribution > 0.01
        AO Label     Amp
     50 C 1s      0.8754
     50 C 2py     0.4904
     50 C 2px     0.4796
     50 C 2pz     0.4671
     50 C 2s      0.3710
     50 C 3pz     0.2605
     50 C 3s      0.1880
     50 C 3py     0.1507
     50 C 3px     0.1433
    41 C 3dx2-y2  0.0857
     53 C 3dxy    0.0854
     41 C 3py     0.0842
     51 C 3px     0.0745
     51 C 3dxy    0.0734
    51 C 3dx2-y2  0.0652
     53 C 3px     0.0650
     51 C 3s      0.0625
     53 C 3s      0.0599
     41 C 3s      0.0596
     53 C 3py     0.0458
     51 C 3pz     0.0457
    53 C 3dx2-y2  0.0446
     41 C 3dyz    0.0429
     41 C 3pz     0.0424
     53 C 3pz     0.0418
     51 C 3dxz    0.0414
     41 C 3dxy    0.0411
     51 C 3py     0.0391
     53 C 3dxz    0.0288
     41 C 3px     0.0285
     51 C 3dz^2   0.0240
     53 C 3dz^2   0.0229
     41 C 3dz^2   0.0227
     52 C 3px     0.0214
     51 C 2s      0.0203
     48 C 3px     0.0197
     41 C 2s      0.0181
     53 C 2s      0.0177
     69 H 2s      0.0166
     71 H 2s      0.0163
     42 C 3py     0.0155
     53 C 3dyz    0.0142
     41 C 2py     0.0140
     51 C 2px     0.0138
     50 C 3dz^2   0.0137
     40 C 3py     0.0118
     53 C 2px     0.0106
LAS occupied orbitals: 25
LAS virtual orbitals: 114
CCSD time: 46.715868 s
LNO-MP2 Orbital Energy: -0.11683142
LNO-CCSD Orbital Energy: -0.11754432
Calculating Effective Active Space One-electron Integrals
number of active occupied orbitals 25
number of active virtual orbitals 114
DF loop 0 number of DF vectors 240
DF loop 1 number of DF vectors 240
DF loop 2 number of DF vectors 240
DF loop 3 number of DF vectors 240
DF loop 4 number of DF vectors 240
DF loop 5 number of DF vectors 240
DF loop 6 number of DF vectors 240
DF loop 7 number of DF vectors 240
DF loop 8 number of DF vectors 240
DF loop 9 number of DF vectors 240
DF loop 10 number of DF vectors 240
DF loop 11 number of DF vectors 240
DF loop 12 number of DF vectors 240
DF loop 13 number of DF vectors 240
DF loop 14 number of DF vectors 240
DF loop 15 number of DF vectors 240
DF loop 16 number of DF vectors 240
DF loop 17 number of DF vectors 114
build JK time: 5.583614 s
build ecore time: 0.194174 s
build h1eff time: 5.860879 s
Generating Cholesky Integrals
Composing AO ERIs from DF basis
Raw CDERI in LAS shape: (4194, 9730)
Compress CDERI into LAS Cholesky Vectors by SVD
Cholesky cutoff: 1e-05
Build effective h0 and h1 time: 5.995763 s
Build CDERI in LAS time: 5.506483 s
Compress CDERI to LAS Choleskey Vectors time: 2.421979 s
Build Integral total time: 13.924494 s
Finished calculating Cholesky integrals
Size of the correlation space
Number of electrons: (25,25)
Number of basis functions: 139
Cholesky shape: (1281, 139, 139)
running AFQMC on GPU
Hostname: gpua059.delta.ncsa.illinois.edu
System Type: Linux
Machine Type: x86_64
Processor: x86_64
Using GPU.
System: Linux
Node Name: gpua059.delta.ncsa.illinois.edu
Release: 5.14.0-427.91.1.el9_4.x86_64
Version: #1 SMP PREEMPT_DYNAMIC Wed Sep 17 10:08:59 EDT 2025
Machine: x86_64
Processor: x86_64
AFQMC script: /u/yzhang65/myprojects/software/afqmc/afqmc/lno_afqmc/ccsd_pt2/run_afqmc.py
---------------------------- AFQMC Sampling Started ----------------------------
Hostname: gpua059.delta.ncsa.illinois.edu
System Type: Linux
Machine Type: x86_64
Processor: x86_64
Using GPU.
System: Linux
Node Name: gpua059.delta.ncsa.illinois.edu
Release: 5.14.0-427.91.1.el9_4.x86_64
Version: #1 SMP PREEMPT_DYNAMIC Wed Sep 17 10:08:59 EDT 2025
Machine: x86_64
Processor: x86_64
Trial: ccsd_pt2(norb=139, nelec=(25, 25), n_batch=1, nchol_chunk=100, mix_precision=True)
Sampler: sampler_pt2(n_prop_steps=50, n_blocks=500, n_chol=1281)
norb: 139
nelec: (25, 25)
nchol: 1281
n_eql: 100
n_prop_steps: 50
n_blocks: 500
n_walkers: 300
nchol_chunk: 100
mix_precision: True
n_batch: 1
seed: 6772
walker_type: rhf
trial: ccsd_pt2
dt: 0.005
use_gpu: True
max_error: 5.892556509887897e-05
n_exp_terms: 6
Propagating with 300 walkers
Initial Orbital energy: -0.117548
-------------------------------- Equilibration ---------------------------------
inv_T        energy   runTime
 0.00  -2055.865073     13.15
 2.50  -2056.999518     22.16
 5.00  -2057.014854     25.98
 7.50  -2056.967074     29.80
10.00  -2056.990198     33.61
12.50  -2056.979993     37.43
15.00  -2056.983089     41.25
17.50  -2056.993696     45.09
20.00  -2056.991948     48.91
22.50  -2057.037655     52.72
25.00  -2056.984094     56.54
------------------------------- Sampling Blocks --------------------------------
Target Final Error ~ 0.000059
   N      E(Guide)     Error      E(Orb)     Error  Kill_WK      Time
  20  -2057.020964  0.004454   -0.124753  0.000534        0     93.33
  40  -2057.005226  0.003922   -0.124004  0.000334        0    119.95
  60  -2057.007650  0.003285   -0.123747  0.000242        0    146.58
  80  -2057.002938  0.002861   -0.123513  0.000195        0    173.20
 100  -2057.002526  0.002559   -0.123415  0.000168        0    199.81
 120  -2057.003826  0.002357   -0.123547  0.000163        0    226.42
 140  -2057.002842  0.002155   -0.123423  0.000149        0    253.01
 160  -2057.001828  0.001958   -0.123322  0.000135        0    279.61
 180  -2057.001606  0.001811   -0.123323  0.000122        0    306.21
 200  -2057.002805  0.001728   -0.123294  0.000115        0    332.83
 220  -2057.002530  0.001611   -0.123332  0.000107        0    359.46
 240  -2057.002800  0.001534   -0.123421  0.000105        0    386.07
 260  -2057.005742  0.001677   -0.123494  0.000117        0    412.69
 280  -2057.005025  0.001606   -0.123501  0.000111        0    439.35
 300  -2057.005725  0.001540   -0.123482  0.000105        0    465.97
 320  -2057.005536  0.001496   -0.123444  0.000100        0    492.59
 340  -2057.005635  0.001442   -0.123446  0.000096        0    519.20
 360  -2057.006079  0.001382   -0.123494  0.000094        0    545.84
 380  -2057.005880  0.001333   -0.123529  0.000094        0    572.43
 400  -2057.006958  0.001324   -0.123514  0.000091        0    599.03
 420  -2057.007089  0.001291   -0.123536  0.000088        0    625.63
 440  -2057.006388  0.001256   -0.123513  0.000085        0    652.25
 460  -2057.005718  0.001227   -0.123502  0.000082        0    678.86
 480  -2057.005837  0.001195   -0.123456  0.000080        0    705.48
 500  -2057.005755  0.001157   -0.123430  0.000078        0    732.10
------------------------------- Post Propagation -------------------------------
Total number of samples 500
Raw AFQMC/HF Energy: -2057.005755 +/- 0.001157
Raw AFQMC/pt2CCSD Orbital Energy (covariance): -0.123430 +/- 0.000078
Raw AFQMC/pt2CCSD Orbital Energy (direct obs): -0.123430 +/- 0.000064
------------------------------ Clean Observation -------------------------------
Energy bound [-0.145801, -0.100433]
Removed 0 Outliers
Outliers Orbital Energy []
Clean AFQMC/pt2CCSD Orbital Energy (covariance): -0.123430 +/- 0.000078
Clean AFQMC/pt2CCSD Orbital Energy (direct obs): -0.123430 +/- 0.000064
------------------------------ Blocking Analysis -------------------------------
nsample = 500, max_block_size = 25, min_nblocks = 20
Blk_SZ   NBlk   NSmp      Energy     Error    dError
     1    500    500   -0.123399  0.000064  0.000002
     2    250    500   -0.123404  0.000077  0.000003
     3    166    498   -0.123408  0.000084  0.000005
     4    125    500   -0.123412  0.000086  0.000005
     5    100    500   -0.123411  0.000095  0.000007
     6     83    498   -0.123413  0.000094  0.000007
     7     71    497   -0.123416  0.000104  0.000009
     8     62    496   -0.123420  0.000102  0.000009
     9     55    495   -0.123424  0.000107  0.000010
    10     50    500   -0.123417  0.000106  0.000011
    11     45    495   -0.123425  0.000116  0.000012
    12     41    492   -0.123430  0.000109  0.000012
    13     38    494   -0.123430  0.000111  0.000013
    14     35    490   -0.123433  0.000116  0.000014
    15     33    495   -0.123426  0.000122  0.000015
    16     31    496   -0.123422  0.000126  0.000016
    17     29    493   -0.123431  0.000128  0.000017
    18     27    486   -0.123438  0.000126  0.000017
    19     26    494   -0.123431  0.000123  0.000017
    20     25    500   -0.123422  0.000129  0.000019
    21     23    483   -0.123446  0.000121  0.000018
    22     22    484   -0.123446  0.000120  0.000019
    23     21    483   -0.123447  0.000128  0.000020
    24     20    480   -0.123449  0.000122  0.000020
    25     20    500   -0.123424  0.000126  0.000020
Fit: plateau = 0.000125 ± 0.000007
     autocorrelation length ~ 6.3 blocks
     plateau reached at block size ~ 26
     !!!Failed to reach plateau in blocking
     Return max block error
Blocked AFQMC/pt2CCSD Orbital Energy: -0.123430 +/- 0.000129
total run time: 732.13
--------------------------- AFQMC Sampling Finished ----------------------------


======================== restricted LNO-FRAGMENT 52/72 =========================
Center Atom C
AOs with contribution > 0.01
        AO Label     Amp
     51 C 1s      0.8760
     51 C 2px     0.4791
     51 C 2py     0.4730
     51 C 2pz     0.4586
     51 C 2s      0.3754
     51 C 3pz     0.2941
     69 H 2py     0.1951
     51 C 3s      0.1908
     51 C 3px     0.1623
     51 C 3py     0.1419
     48 C 3dxy    0.0849
     50 C 3px     0.0772
     50 C 3dxy    0.0685
     69 H 1s      0.0684
     48 C 3px     0.0673
    50 C 3dx2-y2  0.0644
     69 H 2s      0.0630
     50 C 3s      0.0628
     48 C 3s      0.0625
     48 C 3py     0.0521
     69 H 2px     0.0509
    48 C 3dx2-y2  0.0484
     69 H 2pz     0.0483
     50 C 3pz     0.0475
     48 C 3pz     0.0473
     50 C 3py     0.0418
     50 C 3dxz    0.0413
     48 C 3dxz    0.0324
     50 C 3dz^2   0.0236
     48 C 3dz^2   0.0236
     49 C 3px     0.0211
     53 C 3px     0.0208
     50 C 2s      0.0197
     48 C 2s      0.0195
     43 C 3py     0.0186
     48 C 3dyz    0.0161
     41 C 3py     0.0158
     50 C 2px     0.0128
     51 C 3dz^2   0.0120
     51 C 3dxy    0.0108
     48 C 2px     0.0103
LAS occupied orbitals: 29
LAS virtual orbitals: 119
CCSD time: 65.158409 s
LNO-MP2 Orbital Energy: -0.11642207
LNO-CCSD Orbital Energy: -0.11897835
Calculating Effective Active Space One-electron Integrals
number of active occupied orbitals 29
number of active virtual orbitals 119
DF loop 0 number of DF vectors 240
DF loop 1 number of DF vectors 240
DF loop 2 number of DF vectors 240
DF loop 3 number of DF vectors 240
DF loop 4 number of DF vectors 240
DF loop 5 number of DF vectors 240
DF loop 6 number of DF vectors 240
DF loop 7 number of DF vectors 240
DF loop 8 number of DF vectors 240
DF loop 9 number of DF vectors 240
DF loop 10 number of DF vectors 240
DF loop 11 number of DF vectors 240
DF loop 12 number of DF vectors 240
DF loop 13 number of DF vectors 240
DF loop 14 number of DF vectors 240
DF loop 15 number of DF vectors 240
DF loop 16 number of DF vectors 240
DF loop 17 number of DF vectors 114
build JK time: 5.594846 s
build ecore time: 0.202925 s
build h1eff time: 5.872997 s
Generating Cholesky Integrals
Composing AO ERIs from DF basis
Raw CDERI in LAS shape: (4194, 11026)
Compress CDERI into LAS Cholesky Vectors by SVD
Cholesky cutoff: 1e-05
Build effective h0 and h1 time: 6.009804 s
Build CDERI in LAS time: 5.552413 s
Compress CDERI to LAS Choleskey Vectors time: 2.457552 s
Build Integral total time: 14.020302 s
Finished calculating Cholesky integrals
Size of the correlation space
Number of electrons: (29,29)
Number of basis functions: 148
Cholesky shape: (1376, 148, 148)
running AFQMC on GPU
Hostname: gpua059.delta.ncsa.illinois.edu
System Type: Linux
Machine Type: x86_64
Processor: x86_64
Using GPU.
System: Linux
Node Name: gpua059.delta.ncsa.illinois.edu
Release: 5.14.0-427.91.1.el9_4.x86_64
Version: #1 SMP PREEMPT_DYNAMIC Wed Sep 17 10:08:59 EDT 2025
Machine: x86_64
Processor: x86_64
AFQMC script: /u/yzhang65/myprojects/software/afqmc/afqmc/lno_afqmc/ccsd_pt2/run_afqmc.py
---------------------------- AFQMC Sampling Started ----------------------------
Hostname: gpua059.delta.ncsa.illinois.edu
System Type: Linux
Machine Type: x86_64
Processor: x86_64
Using GPU.
System: Linux
Node Name: gpua059.delta.ncsa.illinois.edu
Release: 5.14.0-427.91.1.el9_4.x86_64
Version: #1 SMP PREEMPT_DYNAMIC Wed Sep 17 10:08:59 EDT 2025
Machine: x86_64
Processor: x86_64
Trial: ccsd_pt2(norb=148, nelec=(29, 29), n_batch=1, nchol_chunk=100, mix_precision=True)
Sampler: sampler_pt2(n_prop_steps=50, n_blocks=500, n_chol=1376)
norb: 148
nelec: (29, 29)
nchol: 1376
n_eql: 100
n_prop_steps: 50
n_blocks: 500
n_walkers: 300
nchol_chunk: 100
mix_precision: True
n_batch: 1
seed: 1478
walker_type: rhf
trial: ccsd_pt2
dt: 0.005
use_gpu: True
max_error: 5.892556509887897e-05
n_exp_terms: 6
Propagating with 300 walkers
Initial Orbital energy: -0.118973
-------------------------------- Equilibration ---------------------------------
inv_T        energy   runTime
 0.00  -2055.865063     13.55
 2.50  -2057.054909     23.51
 5.00  -2057.087038     28.19
 7.50  -2057.067841     32.89
10.00  -2057.072419     37.57
12.50  -2057.091915     42.26
15.00  -2057.084475     46.94
17.50  -2057.123948     51.62
20.00  -2057.106143     56.30
22.50  -2057.125389     60.98
25.00  -2057.075664     65.66
------------------------------- Sampling Blocks --------------------------------
Target Final Error ~ 0.000059
   N      E(Guide)     Error      E(Orb)     Error  Kill_WK      Time
  20  -2057.105010  0.006619   -0.124537  0.000281        0    113.59
  40  -2057.103078  0.004837   -0.124410  0.000200        0    151.34
  60  -2057.101798  0.003513   -0.124810  0.000188        0    189.11
  80  -2057.102996  0.002911   -0.124834  0.000191        0    226.85
 100  -2057.105809  0.002794   -0.125234  0.000228        0    264.56
 120  -2057.105506  0.002488   -0.125305  0.000203        0    302.30
 140  -2057.105488  0.002277   -0.125562  0.000343        0    340.05
 160  -2057.106087  0.002060   -0.125507  0.000302        0    377.79
 180  -2057.106624  0.001978   -0.125607  0.000273        0    415.56
 200  -2057.109119  0.001952   -0.125666  0.000253        0    453.32
 220  -2057.109110  0.001847   -0.125644  0.000234        0    491.05
 240  -2057.108595  0.001748   -0.125559  0.000216        0    528.83
 260  -2057.108550  0.001674   -0.125509  0.000202        0    566.55
 280  -2057.108083  0.001600   -0.125486  0.000189        0    604.29
 300  -2057.107549  0.001526   -0.125389  0.000179        0    642.06
 320  -2057.107136  0.001478   -0.125359  0.000175        0    679.83
 340  -2057.107635  0.001428   -0.125339  0.000166        0    717.60
 360  -2057.106284  0.001414   -0.125295  0.000158        0    755.37
 380  -2057.106251  0.001367   -0.125257  0.000151        0    793.11
 400  -2057.105851  0.001318   -0.125244  0.000144        0    830.84
 420  -2057.105328  0.001279   -0.125234  0.000138        0    868.59
 440  -2057.105067  0.001253   -0.125242  0.000133        0    906.34
 460  -2057.104436  0.001260   -0.125225  0.000127        0    944.10
 480  -2057.104286  0.001221   -0.125253  0.000123        0    981.87
 500  -2057.104176  0.001195   -0.125276  0.000119        0   1019.63
------------------------------- Post Propagation -------------------------------
Total number of samples 500
Raw AFQMC/HF Energy: -2057.104176 +/- 0.001195
Raw AFQMC/pt2CCSD Orbital Energy (covariance): -0.125276 +/- 0.000119
Raw AFQMC/pt2CCSD Orbital Energy (direct obs): -0.125276 +/- 0.000100
------------------------------ Clean Observation -------------------------------
Energy bound [-0.152195, -0.097845]
Removed 1 Outliers
Outliers Orbital Energy [-0.15368945]
Clean AFQMC/pt2CCSD Orbital Energy (covariance): -0.125218 +/- 0.000104
Clean AFQMC/pt2CCSD Orbital Energy (direct obs): -0.125218 +/- 0.000082
------------------------------ Blocking Analysis -------------------------------
nsample = 499, max_block_size = 24, min_nblocks = 20
Blk_SZ   NBlk   NSmp      Energy     Error    dError
     1    499    499   -0.125187  0.000082  0.000003
     2    249    498   -0.125195  0.000088  0.000004
     3    166    498   -0.125198  0.000098  0.000005
     4    124    496   -0.125210  0.000100  0.000006
     5     99    495   -0.125216  0.000111  0.000008
     6     83    498   -0.125206  0.000110  0.000009
     7     71    497   -0.125215  0.000111  0.000009
     8     62    496   -0.125215  0.000117  0.000011
     9     55    495   -0.125219  0.000124  0.000012
    10     49    490   -0.125217  0.000118  0.000012
    11     45    495   -0.125218  0.000118  0.000013
    12     41    492   -0.125217  0.000124  0.000014
    13     38    494   -0.125221  0.000115  0.000013
    14     35    490   -0.125216  0.000135  0.000016
    15     33    495   -0.125223  0.000116  0.000015
    16     31    496   -0.125219  0.000141  0.000018
    17     29    493   -0.125221  0.000121  0.000016
    18     27    486   -0.125224  0.000144  0.000020
    19     26    494   -0.125221  0.000128  0.000018
    20     24    480   -0.125190  0.000139  0.000020
    21     23    483   -0.125206  0.000140  0.000021
    22     22    484   -0.125215  0.000141  0.000022
    23     21    483   -0.125205  0.000141  0.000022
    24     20    480   -0.125191  0.000131  0.000021
Fit: plateau = 0.000136 ± 0.000009
     autocorrelation length ~ 6.9 blocks
     plateau reached at block size ~ 27
     !!!Failed to reach plateau in blocking
     Return max block error
Blocked AFQMC/pt2CCSD Orbital Energy: -0.125218 +/- 0.000144
total run time: 1019.68
--------------------------- AFQMC Sampling Finished ----------------------------


======================== restricted LNO-FRAGMENT 53/72 =========================
Center Atom C
AOs with contribution > 0.01
        AO Label     Amp
     52 C 1s      0.8752
     52 C 2py     0.4810
     52 C 2px     0.4747
     52 C 2pz     0.4593
     52 C 2s      0.3758
     52 C 3pz     0.2932
     52 C 3s      0.1904
     52 C 3py     0.1578
     70 H 2px     0.1491
     52 C 3px     0.1477
     70 H 2py     0.0994
     39 C 3py     0.0868
    39 C 3dx2-y2  0.0826
     53 C 3dxy    0.0796
     53 C 3px     0.0776
     70 H 1s      0.0703
    53 C 3dx2-y2  0.0684
     53 C 3s      0.0659
     70 H 2s      0.0629
     39 C 3s      0.0598
     53 C 3pz     0.0516
     70 H 2pz     0.0480
     53 C 3dxz    0.0464
     39 C 3pz     0.0437
     53 C 3py     0.0424
     39 C 3dyz    0.0417
     39 C 3dxy    0.0414
     39 C 3px     0.0302
     53 C 3dz^2   0.0251
     53 C 2s      0.0225
     39 C 3dz^2   0.0224
     50 C 3px     0.0198
     71 H 2s      0.0182
     39 C 2s      0.0172
     40 C 3py     0.0157
     53 C 2px     0.0144
     38 C 3py     0.0136
     39 C 2py     0.0131
     52 C 3dz^2   0.0120
LAS occupied orbitals: 21
LAS virtual orbitals: 95
CCSD time: 25.773363 s
LNO-MP2 Orbital Energy: -0.11259337
LNO-CCSD Orbital Energy: -0.11693423
Calculating Effective Active Space One-electron Integrals
number of active occupied orbitals 21
number of active virtual orbitals 95
DF loop 0 number of DF vectors 240
DF loop 1 number of DF vectors 240
DF loop 2 number of DF vectors 240
DF loop 3 number of DF vectors 240
DF loop 4 number of DF vectors 240
DF loop 5 number of DF vectors 240
DF loop 6 number of DF vectors 240
DF loop 7 number of DF vectors 240
DF loop 8 number of DF vectors 240
DF loop 9 number of DF vectors 240
DF loop 10 number of DF vectors 240
DF loop 11 number of DF vectors 240
DF loop 12 number of DF vectors 240
DF loop 13 number of DF vectors 240
DF loop 14 number of DF vectors 240
DF loop 15 number of DF vectors 240
DF loop 16 number of DF vectors 240
DF loop 17 number of DF vectors 114
build JK time: 5.620755 s
build ecore time: 0.194123 s
build h1eff time: 5.890259 s
Generating Cholesky Integrals
Composing AO ERIs from DF basis
Raw CDERI in LAS shape: (4194, 6786)
Compress CDERI into LAS Cholesky Vectors by SVD
Cholesky cutoff: 1e-05
Build effective h0 and h1 time: 6.022622 s
Build CDERI in LAS time: 5.466327 s
Compress CDERI to LAS Choleskey Vectors time: 2.224180 s
Build Integral total time: 13.713369 s
Finished calculating Cholesky integrals
Size of the correlation space
Number of electrons: (21,21)
Number of basis functions: 116
Cholesky shape: (1020, 116, 116)
running AFQMC on GPU
Hostname: gpua059.delta.ncsa.illinois.edu
System Type: Linux
Machine Type: x86_64
Processor: x86_64
Using GPU.
System: Linux
Node Name: gpua059.delta.ncsa.illinois.edu
Release: 5.14.0-427.91.1.el9_4.x86_64
Version: #1 SMP PREEMPT_DYNAMIC Wed Sep 17 10:08:59 EDT 2025
Machine: x86_64
Processor: x86_64
AFQMC script: /u/yzhang65/myprojects/software/afqmc/afqmc/lno_afqmc/ccsd_pt2/run_afqmc.py
---------------------------- AFQMC Sampling Started ----------------------------
Hostname: gpua059.delta.ncsa.illinois.edu
System Type: Linux
Machine Type: x86_64
Processor: x86_64
Using GPU.
System: Linux
Node Name: gpua059.delta.ncsa.illinois.edu
Release: 5.14.0-427.91.1.el9_4.x86_64
Version: #1 SMP PREEMPT_DYNAMIC Wed Sep 17 10:08:59 EDT 2025
Machine: x86_64
Processor: x86_64
Trial: ccsd_pt2(norb=116, nelec=(21, 21), n_batch=1, nchol_chunk=100, mix_precision=True)
Sampler: sampler_pt2(n_prop_steps=50, n_blocks=500, n_chol=1020)
norb: 116
nelec: (21, 21)
nchol: 1020
n_eql: 100
n_prop_steps: 50
n_blocks: 500
n_walkers: 300
nchol_chunk: 100
mix_precision: True
n_batch: 1
seed: 5779
walker_type: rhf
trial: ccsd_pt2
dt: 0.005
use_gpu: True
max_error: 5.892556509887897e-05
n_exp_terms: 6
Propagating with 300 walkers
Initial Orbital energy: -0.116926
-------------------------------- Equilibration ---------------------------------
inv_T        energy   runTime
 0.00  -2055.865067     12.05
 2.50  -2056.790562     19.77
 5.00  -2056.775900     22.13
 7.50  -2056.844439     24.49
10.00  -2056.863370     26.85
12.50  -2056.790110     29.21
15.00  -2056.785917     31.56
17.50  -2056.787743     33.92
20.00  -2056.789951     36.28
22.50  -2056.810663     38.63
25.00  -2056.789809     40.99
------------------------------- Sampling Blocks --------------------------------
Target Final Error ~ 0.000059
   N      E(Guide)     Error      E(Orb)     Error  Kill_WK      Time
  20  -2056.796579  0.003342   -0.121762  0.000301        0     64.87
  40  -2056.804949  0.003300   -0.122472  0.000323        0     79.08
  60  -2056.798773  0.002992   -0.122316  0.000241        0     93.28
  80  -2056.799257  0.002516   -0.122314  0.000199        0    107.47
 100  -2056.799812  0.002125   -0.122555  0.000198        0    121.67
 120  -2056.801809  0.002017   -0.122566  0.000178        0    135.87
 140  -2056.803417  0.002020   -0.122547  0.000158        0    150.07
 160  -2056.803437  0.001864   -0.122490  0.000146        0    164.27
 180  -2056.803637  0.001720   -0.122575  0.000233        0    178.46
 200  -2056.804130  0.001626   -0.122582  0.000212        0    192.66
 220  -2056.804799  0.001534   -0.122560  0.000196        0    206.87
 240  -2056.804124  0.001497   -0.122542  0.000181        0    221.08
 260  -2056.802726  0.001468   -0.122464  0.000170        0    235.28
 280  -2056.802617  0.001389   -0.122480  0.000159        0    249.48
 300  -2056.802267  0.001326   -0.122486  0.000150        0    263.68
 320  -2056.801041  0.001309   -0.122474  0.000142        0    277.86
 340  -2056.800678  0.001267   -0.122511  0.000138        0    292.06
 360  -2056.801275  0.001237   -0.122492  0.000131        0    306.25
 380  -2056.800532  0.001198   -0.122469  0.000125        0    320.45
 400  -2056.800172  0.001158   -0.122432  0.000120        0    334.64
 420  -2056.800273  0.001124   -0.122482  0.000128        0    348.83
 440  -2056.799664  0.001102   -0.122475  0.000122        0    363.04
 460  -2056.799492  0.001072   -0.122473  0.000118        0    377.24
 480  -2056.798581  0.001058   -0.122470  0.000114        0    391.44
 500  -2056.798188  0.001035   -0.122471  0.000110        0    405.62
------------------------------- Post Propagation -------------------------------
Total number of samples 500
Raw AFQMC/HF Energy: -2056.798188 +/- 0.001035
Raw AFQMC/pt2CCSD Orbital Energy (covariance): -0.122471 +/- 0.000110
Raw AFQMC/pt2CCSD Orbital Energy (direct obs): -0.122471 +/- 0.000082
------------------------------ Clean Observation -------------------------------
Energy bound [-0.146770, -0.097596]
Removed 0 Outliers
Outliers Orbital Energy []
Clean AFQMC/pt2CCSD Orbital Energy (covariance): -0.122471 +/- 0.000110
Clean AFQMC/pt2CCSD Orbital Energy (direct obs): -0.122471 +/- 0.000082
------------------------------ Blocking Analysis -------------------------------
nsample = 500, max_block_size = 25, min_nblocks = 20
Blk_SZ   NBlk   NSmp      Energy     Error    dError
     1    500    500   -0.122431  0.000082  0.000003
     2    250    500   -0.122440  0.000092  0.000004
     3    166    498   -0.122447  0.000099  0.000005
     4    125    500   -0.122447  0.000098  0.000006
     5    100    500   -0.122451  0.000103  0.000007
     6     83    498   -0.122456  0.000102  0.000008
     7     71    497   -0.122455  0.000096  0.000008
     8     62    496   -0.122455  0.000107  0.000010
     9     55    495   -0.122460  0.000101  0.000010
    10     50    500   -0.122457  0.000105  0.000011
    11     45    495   -0.122460  0.000110  0.000012
    12     41    492   -0.122457  0.000104  0.000012
    13     38    494   -0.122461  0.000100  0.000012
    14     35    490   -0.122463  0.000107  0.000013
    15     33    495   -0.122467  0.000113  0.000014
    16     31    496   -0.122463  0.000108  0.000014
    17     29    493   -0.122462  0.000106  0.000014
    18     27    486   -0.122470  0.000109  0.000015
    19     26    494   -0.122462  0.000103  0.000015
    20     25    500   -0.122462  0.000104  0.000015
    21     23    483   -0.122470  0.000106  0.000016
    22     22    484   -0.122467  0.000110  0.000017
    23     21    483   -0.122470  0.000088  0.000014
    24     20    480   -0.122465  0.000092  0.000015
    25     20    500   -0.122466  0.000091  0.000015
Fit: plateau = 0.000103 ± 0.000003
     autocorrelation length ~ 1.6 blocks
     plateau reached at block size ~ 6
Blocked AFQMC/pt2CCSD Orbital Energy: -0.122471 +/- 0.000103
total run time: 405.63
--------------------------- AFQMC Sampling Finished ----------------------------


======================== restricted LNO-FRAGMENT 54/72 =========================
Center Atom C
AOs with contribution > 0.01
        AO Label     Amp
     53 C 1s      0.8753
     53 C 2px     0.4831
     53 C 2py     0.4728
     53 C 2pz     0.4594
     53 C 2s      0.3758
     53 C 3pz     0.2930
     71 H 2py     0.1951
     53 C 3s      0.1904
     53 C 3px     0.1641
     53 C 3py     0.1420
     50 C 3dxy    0.0804
     52 C 3px     0.0751
     52 C 3dxy    0.0748
    52 C 3dx2-y2  0.0730
     71 H 1s      0.0689
     52 C 3s      0.0668
     50 C 3px     0.0667
     71 H 2s      0.0625
     50 C 3s      0.0600
     52 C 3pz     0.0516
     71 H 2px     0.0516
     50 C 3py     0.0505
     71 H 2pz     0.0481
     52 C 3dxz    0.0473
     52 C 3py     0.0442
    50 C 3dx2-y2  0.0441
     50 C 3pz     0.0437
     50 C 3dxz    0.0288
     52 C 3dz^2   0.0254
     52 C 2s      0.0230
     50 C 3dz^2   0.0225
     51 C 3px     0.0215
     70 H 2s      0.0185
     41 C 3py     0.0178
     50 C 2s      0.0172
     39 C 3py     0.0168
     52 C 2px     0.0145
     50 C 3dyz    0.0135
     53 C 3dz^2   0.0120
     53 C 3dxy    0.0106
LAS occupied orbitals: 21
LAS virtual orbitals: 95
CCSD time: 26.507349 s
LNO-MP2 Orbital Energy: -0.11257811
LNO-CCSD Orbital Energy: -0.11691989
Calculating Effective Active Space One-electron Integrals
number of active occupied orbitals 21
number of active virtual orbitals 95
DF loop 0 number of DF vectors 240
DF loop 1 number of DF vectors 240
DF loop 2 number of DF vectors 240
DF loop 3 number of DF vectors 240
DF loop 4 number of DF vectors 240
DF loop 5 number of DF vectors 240
DF loop 6 number of DF vectors 240
DF loop 7 number of DF vectors 240
DF loop 8 number of DF vectors 240
DF loop 9 number of DF vectors 240
DF loop 10 number of DF vectors 240
DF loop 11 number of DF vectors 240
DF loop 12 number of DF vectors 240
DF loop 13 number of DF vectors 240
DF loop 14 number of DF vectors 240
DF loop 15 number of DF vectors 240
DF loop 16 number of DF vectors 240
DF loop 17 number of DF vectors 114
build JK time: 5.605922 s
build ecore time: 0.195260 s
build h1eff time: 5.877137 s
Generating Cholesky Integrals
Composing AO ERIs from DF basis
Raw CDERI in LAS shape: (4194, 6786)
Compress CDERI into LAS Cholesky Vectors by SVD
Cholesky cutoff: 1e-05
Build effective h0 and h1 time: 6.015749 s
Build CDERI in LAS time: 5.412793 s
Compress CDERI to LAS Choleskey Vectors time: 2.260486 s
Build Integral total time: 13.689296 s
Finished calculating Cholesky integrals
Size of the correlation space
Number of electrons: (21,21)
Number of basis functions: 116
Cholesky shape: (1020, 116, 116)
running AFQMC on GPU
Hostname: gpua059.delta.ncsa.illinois.edu
System Type: Linux
Machine Type: x86_64
Processor: x86_64
Using GPU.
System: Linux
Node Name: gpua059.delta.ncsa.illinois.edu
Release: 5.14.0-427.91.1.el9_4.x86_64
Version: #1 SMP PREEMPT_DYNAMIC Wed Sep 17 10:08:59 EDT 2025
Machine: x86_64
Processor: x86_64
AFQMC script: /u/yzhang65/myprojects/software/afqmc/afqmc/lno_afqmc/ccsd_pt2/run_afqmc.py
---------------------------- AFQMC Sampling Started ----------------------------
Hostname: gpua059.delta.ncsa.illinois.edu
System Type: Linux
Machine Type: x86_64
Processor: x86_64
Using GPU.
System: Linux
Node Name: gpua059.delta.ncsa.illinois.edu
Release: 5.14.0-427.91.1.el9_4.x86_64
Version: #1 SMP PREEMPT_DYNAMIC Wed Sep 17 10:08:59 EDT 2025
Machine: x86_64
Processor: x86_64
Trial: ccsd_pt2(norb=116, nelec=(21, 21), n_batch=1, nchol_chunk=100, mix_precision=True)
Sampler: sampler_pt2(n_prop_steps=50, n_blocks=500, n_chol=1020)
norb: 116
nelec: (21, 21)
nchol: 1020
n_eql: 100
n_prop_steps: 50
n_blocks: 500
n_walkers: 300
nchol_chunk: 100
mix_precision: True
n_batch: 1
seed: 402
walker_type: rhf
trial: ccsd_pt2
dt: 0.005
use_gpu: True
max_error: 5.892556509887897e-05
n_exp_terms: 6
Propagating with 300 walkers
Initial Orbital energy: -0.116911
-------------------------------- Equilibration ---------------------------------
inv_T        energy   runTime
 0.00  -2055.865067     11.99
 2.50  -2056.740934     19.66
 5.00  -2056.772243     22.02
 7.50  -2056.794861     24.38
10.00  -2056.845475     26.74
12.50  -2056.822657     29.09
15.00  -2056.805161     31.45
17.50  -2056.801355     33.81
20.00  -2056.781375     36.16
22.50  -2056.791708     38.52
25.00  -2056.791509     40.88
------------------------------- Sampling Blocks --------------------------------
Target Final Error ~ 0.000059
   N      E(Guide)     Error      E(Orb)     Error  Kill_WK      Time
  20  -2056.796424  0.003052   -0.122934  0.000339        0     64.66
  40  -2056.802153  0.002543   -0.122370  0.000252        0     78.86
  60  -2056.798330  0.002547   -0.122255  0.000217        0     93.05
  80  -2056.802239  0.002366   -0.122275  0.000194        0    107.23
 100  -2056.803125  0.002125   -0.122303  0.000164        0    121.42
 120  -2056.803718  0.001886   -0.122381  0.000142        0    135.62
 140  -2056.803443  0.001703   -0.122373  0.000127        0    149.81
 160  -2056.803042  0.001698   -0.122350  0.000117        0    163.99
 180  -2056.804170  0.001638   -0.122411  0.000110        0    178.18
 200  -2056.802457  0.001555   -0.122384  0.000104        0    192.39
 220  -2056.802482  0.001474   -0.122387  0.000100        0    206.59
 240  -2056.800467  0.001499   -0.122324  0.000102        0    220.78
 260  -2056.800180  0.001423   -0.122334  0.000100        0    234.97
 280  -2056.800603  0.001367   -0.122371  0.000097        0    249.16
 300  -2056.800339  0.001379   -0.122361  0.000094        0    263.36
 320  -2056.800239  0.001339   -0.122316  0.000091        0    277.56
 340  -2056.800319  0.001307   -0.122297  0.000087        0    291.75
 360  -2056.800508  0.001253   -0.122262  0.000084        0    305.94
 380  -2056.800753  0.001210   -0.122273  0.000081        0    320.15
 400  -2056.801637  0.001192   -0.122309  0.000085        0    334.33
 420  -2056.802675  0.001187   -0.122381  0.000095        0    348.50
 440  -2056.802482  0.001152   -0.122371  0.000092        0    362.69
 460  -2056.802811  0.001122   -0.122361  0.000089        0    376.93
 480  -2056.802257  0.001118   -0.122368  0.000087        0    391.13
 500  -2056.802928  0.001092   -0.122410  0.000085        0    405.32
------------------------------- Post Propagation -------------------------------
Total number of samples 500
Raw AFQMC/HF Energy: -2056.802928 +/- 0.001092
Raw AFQMC/pt2CCSD Orbital Energy (covariance): -0.122410 +/- 0.000085
Raw AFQMC/pt2CCSD Orbital Energy (direct obs): -0.122410 +/- 0.000071
------------------------------ Clean Observation -------------------------------
Energy bound [-0.148356, -0.095948]
Removed 0 Outliers
Outliers Orbital Energy []
Clean AFQMC/pt2CCSD Orbital Energy (covariance): -0.122410 +/- 0.000085
Clean AFQMC/pt2CCSD Orbital Energy (direct obs): -0.122410 +/- 0.000071
------------------------------ Blocking Analysis -------------------------------
nsample = 500, max_block_size = 25, min_nblocks = 20
Blk_SZ   NBlk   NSmp      Energy     Error    dError
     1    500    500   -0.122363  0.000071  0.000002
     2    250    500   -0.122375  0.000081  0.000004
     3    166    498   -0.122374  0.000090  0.000005
     4    125    500   -0.122384  0.000091  0.000006
     5    100    500   -0.122387  0.000096  0.000007
     6     83    498   -0.122385  0.000109  0.000009
     7     71    497   -0.122383  0.000101  0.000009
     8     62    496   -0.122381  0.000105  0.000010
     9     55    495   -0.122384  0.000113  0.000011
    10     50    500   -0.122398  0.000103  0.000010
    11     45    495   -0.122385  0.000113  0.000012
    12     41    492   -0.122377  0.000109  0.000012
    13     38    494   -0.122387  0.000112  0.000013
    14     35    490   -0.122373  0.000118  0.000014
    15     33    495   -0.122388  0.000112  0.000014
    16     31    496   -0.122392  0.000120  0.000016
    17     29    493   -0.122384  0.000103  0.000014
    18     27    486   -0.122360  0.000140  0.000019
    19     26    494   -0.122387  0.000124  0.000018
    20     25    500   -0.122402  0.000106  0.000015
    21     23    483   -0.122362  0.000111  0.000017
    22     22    484   -0.122357  0.000128  0.000020
    23     21    483   -0.122359  0.000142  0.000022
    24     20    480   -0.122364  0.000106  0.000017
    25     20    500   -0.122405  0.000119  0.000019
Fit: plateau = 0.000116 ± 0.000005
     autocorrelation length ~ 4.4 blocks
     plateau reached at block size ~ 18
Blocked AFQMC/pt2CCSD Orbital Energy: -0.122410 +/- 0.000116
total run time: 405.33
--------------------------- AFQMC Sampling Finished ----------------------------


======================== restricted LNO-FRAGMENT 55/72 =========================
Center Atom H
AOs with contribution > 0.01
        AO Label     Amp
     54 H 1s      0.3756
     54 H 2s      0.2421
      0 C 3px     0.0767
      0 C 3dxy    0.0644
      0 C 3s      0.0634
      0 C 3py     0.0401
     54 H 2px     0.0232
      1 C 3py     0.0178
      0 C 3dz^2   0.0172
      5 C 3px     0.0167
     54 H 2py     0.0124
LAS occupied orbitals: 7
LAS virtual orbitals: 33
CCSD time: 2.828469 s
LNO-MP2 Orbital Energy: -0.01762939
LNO-CCSD Orbital Energy: -0.01989443
Calculating Effective Active Space One-electron Integrals
number of active occupied orbitals 7
number of active virtual orbitals 33
DF loop 0 number of DF vectors 240
DF loop 1 number of DF vectors 240
DF loop 2 number of DF vectors 240
DF loop 3 number of DF vectors 240
DF loop 4 number of DF vectors 240
DF loop 5 number of DF vectors 240
DF loop 6 number of DF vectors 240
DF loop 7 number of DF vectors 240
DF loop 8 number of DF vectors 240
DF loop 9 number of DF vectors 240
DF loop 10 number of DF vectors 240
DF loop 11 number of DF vectors 240
DF loop 12 number of DF vectors 240
DF loop 13 number of DF vectors 240
DF loop 14 number of DF vectors 240
DF loop 15 number of DF vectors 240
DF loop 16 number of DF vectors 240
DF loop 17 number of DF vectors 114
build JK time: 5.582462 s
build ecore time: 0.193673 s
build h1eff time: 5.894237 s
Generating Cholesky Integrals
Composing AO ERIs from DF basis
Raw CDERI in LAS shape: (4194, 820)
Compress CDERI into LAS Cholesky Vectors by SVD
Cholesky cutoff: 1e-05
Build effective h0 and h1 time: 6.219485 s
Build CDERI in LAS time: 6.308415 s
Compress CDERI to LAS Choleskey Vectors time: 0.966132 s
Build Integral total time: 13.495740 s
Finished calculating Cholesky integrals
Size of the correlation space
Number of electrons: (7,7)
Number of basis functions: 40
Cholesky shape: (355, 40, 40)
running AFQMC on GPU
Hostname: gpua059.delta.ncsa.illinois.edu
System Type: Linux
Machine Type: x86_64
Processor: x86_64
Using GPU.
System: Linux
Node Name: gpua059.delta.ncsa.illinois.edu
Release: 5.14.0-427.91.1.el9_4.x86_64
Version: #1 SMP PREEMPT_DYNAMIC Wed Sep 17 10:08:59 EDT 2025
Machine: x86_64
Processor: x86_64
AFQMC script: /u/yzhang65/myprojects/software/afqmc/afqmc/lno_afqmc/ccsd_pt2/run_afqmc.py
---------------------------- AFQMC Sampling Started ----------------------------
Hostname: gpua059.delta.ncsa.illinois.edu
System Type: Linux
Machine Type: x86_64
Processor: x86_64
Using GPU.
System: Linux
Node Name: gpua059.delta.ncsa.illinois.edu
Release: 5.14.0-427.91.1.el9_4.x86_64
Version: #1 SMP PREEMPT_DYNAMIC Wed Sep 17 10:08:59 EDT 2025
Machine: x86_64
Processor: x86_64
Trial: ccsd_pt2(norb=40, nelec=(7, 7), n_batch=1, nchol_chunk=100, mix_precision=True)
Sampler: sampler_pt2(n_prop_steps=50, n_blocks=500, n_chol=355)
norb: 40
nelec: (7, 7)
nchol: 355
n_eql: 100
n_prop_steps: 50
n_blocks: 500
n_walkers: 300
nchol_chunk: 100
mix_precision: True
n_batch: 1
seed: 138
walker_type: rhf
trial: ccsd_pt2
dt: 0.005
use_gpu: True
max_error: 5.892556509887897e-05
n_exp_terms: 6
Propagating with 300 walkers
Initial Orbital energy: -0.019899
-------------------------------- Equilibration ---------------------------------
inv_T        energy   runTime
 0.00  -2055.865088      9.62
 2.50  -2056.123967     15.84
 5.00  -2056.116024     16.20
 7.50  -2056.124603     16.56
10.00  -2056.126754     16.92
12.50  -2056.134795     17.28
15.00  -2056.132126     17.64
17.50  -2056.146352     18.00
20.00  -2056.102426     18.36
22.50  -2056.128881     18.72
25.00  -2056.114613     19.08
------------------------------- Sampling Blocks --------------------------------
Target Final Error ~ 0.000059
   N      E(Guide)     Error      E(Orb)     Error  Kill_WK      Time
  20  -2056.133342  0.002441   -0.020405  0.000048        0     27.99
  40  -2056.137291  0.001914   -0.020339  0.000036        0     28.99
  60  -2056.134169  0.001560   -0.020363  0.000029        0     29.98
  80  -2056.133369  0.001310   -0.020374  0.000024        0     30.98
 100  -2056.133801  0.001239   -0.020394  0.000024        0     31.98
 120  -2056.133802  0.001093   -0.020388  0.000021        0     32.97
------------------------------- Post Propagation -------------------------------
Total number of samples 120
Raw AFQMC/HF Energy: -2056.133802 +/- 0.001093
Raw AFQMC/pt2CCSD Orbital Energy (covariance): -0.020388 +/- 0.000021
Raw AFQMC/pt2CCSD Orbital Energy (direct obs): -0.020388 +/- 0.000017
------------------------------ Clean Observation -------------------------------
Energy bound [-0.023814, -0.016918]
Removed 0 Outliers
Outliers Orbital Energy []
Clean AFQMC/pt2CCSD Orbital Energy (covariance): -0.020388 +/- 0.000021
Clean AFQMC/pt2CCSD Orbital Energy (direct obs): -0.020388 +/- 0.000017
------------------------------ Blocking Analysis -------------------------------
Warning: small dataset, relaxed min_nblocks to 12
nsample = 120, max_block_size = 10, min_nblocks = 12
Blk_SZ   NBlk   NSmp      Energy     Error    dError
     1    120    120   -0.020387  0.000017  0.000001
     2     60    120   -0.020387  0.000020  0.000002
     3     40    120   -0.020388  0.000023  0.000003
     4     30    120   -0.020388  0.000024  0.000003
     5     24    120   -0.020388  0.000025  0.000004
     6     20    120   -0.020388  0.000021  0.000003
     7     17    119   -0.020389  0.000021  0.000004
     8     15    120   -0.020388  0.000027  0.000005
     9     13    117   -0.020390  0.000022  0.000005
    10     12    120   -0.020388  0.000020  0.000004
Fit: plateau = 0.000023 ± 0.000002
     autocorrelation length ~ 1.0 blocks
     plateau reached at block size ~ 5
Blocked AFQMC/pt2CCSD Orbital Energy: -0.020388 +/- 0.000023
total run time: 32.98
--------------------------- AFQMC Sampling Finished ----------------------------


======================== restricted LNO-FRAGMENT 56/72 =========================
Center Atom H
AOs with contribution > 0.01
        AO Label     Amp
     55 H 1s      0.3755
     55 H 2s      0.2420
      1 C 3px     0.0967
      1 C 3s      0.0634
      1 C 3dxy    0.0398
     1 C 3dx2-y2  0.0311
     55 H 2px     0.0294
      1 C 3py     0.0196
      1 C 3dz^2   0.0167
      2 C 3px     0.0156
      0 C 3py     0.0150
LAS occupied orbitals: 7
LAS virtual orbitals: 33
CCSD time: 2.828751 s
LNO-MP2 Orbital Energy: -0.01762689
LNO-CCSD Orbital Energy: -0.01989108
Calculating Effective Active Space One-electron Integrals
number of active occupied orbitals 7
number of active virtual orbitals 33
DF loop 0 number of DF vectors 240
DF loop 1 number of DF vectors 240
DF loop 2 number of DF vectors 240
DF loop 3 number of DF vectors 240
DF loop 4 number of DF vectors 240
DF loop 5 number of DF vectors 240
DF loop 6 number of DF vectors 240
DF loop 7 number of DF vectors 240
DF loop 8 number of DF vectors 240
DF loop 9 number of DF vectors 240
DF loop 10 number of DF vectors 240
DF loop 11 number of DF vectors 240
DF loop 12 number of DF vectors 240
DF loop 13 number of DF vectors 240
DF loop 14 number of DF vectors 240
DF loop 15 number of DF vectors 240
DF loop 16 number of DF vectors 240
DF loop 17 number of DF vectors 114
build JK time: 5.584982 s
build ecore time: 0.193716 s
build h1eff time: 5.843002 s
Generating Cholesky Integrals
Composing AO ERIs from DF basis
Raw CDERI in LAS shape: (4194, 820)
Compress CDERI into LAS Cholesky Vectors by SVD
Cholesky cutoff: 1e-05
Build effective h0 and h1 time: 6.014022 s
Build CDERI in LAS time: 6.174777 s
Compress CDERI to LAS Choleskey Vectors time: 0.579435 s
Build Integral total time: 12.770277 s
Finished calculating Cholesky integrals
Size of the correlation space
Number of electrons: (7,7)
Number of basis functions: 40
Cholesky shape: (356, 40, 40)
running AFQMC on GPU
Hostname: gpua059.delta.ncsa.illinois.edu
System Type: Linux
Machine Type: x86_64
Processor: x86_64
Using GPU.
System: Linux
Node Name: gpua059.delta.ncsa.illinois.edu
Release: 5.14.0-427.91.1.el9_4.x86_64
Version: #1 SMP PREEMPT_DYNAMIC Wed Sep 17 10:08:59 EDT 2025
Machine: x86_64
Processor: x86_64
AFQMC script: /u/yzhang65/myprojects/software/afqmc/afqmc/lno_afqmc/ccsd_pt2/run_afqmc.py
---------------------------- AFQMC Sampling Started ----------------------------
Hostname: gpua059.delta.ncsa.illinois.edu
System Type: Linux
Machine Type: x86_64
Processor: x86_64
Using GPU.
System: Linux
Node Name: gpua059.delta.ncsa.illinois.edu
Release: 5.14.0-427.91.1.el9_4.x86_64
Version: #1 SMP PREEMPT_DYNAMIC Wed Sep 17 10:08:59 EDT 2025
Machine: x86_64
Processor: x86_64
Trial: ccsd_pt2(norb=40, nelec=(7, 7), n_batch=1, nchol_chunk=100, mix_precision=True)
Sampler: sampler_pt2(n_prop_steps=50, n_blocks=500, n_chol=356)
norb: 40
nelec: (7, 7)
nchol: 356
n_eql: 100
n_prop_steps: 50
n_blocks: 500
n_walkers: 300
nchol_chunk: 100
mix_precision: True
n_batch: 1
seed: 2249
walker_type: rhf
trial: ccsd_pt2
dt: 0.005
use_gpu: True
max_error: 5.892556509887897e-05
n_exp_terms: 6
Propagating with 300 walkers
Initial Orbital energy: -0.019895
-------------------------------- Equilibration ---------------------------------
inv_T        energy   runTime
 0.00  -2055.865088      9.28
 2.50  -2056.117496     14.71
 5.00  -2056.115335     15.06
 7.50  -2056.127399     15.41
10.00  -2056.131412     15.76
12.50  -2056.141813     16.12
15.00  -2056.112741     16.47
17.50  -2056.151337     16.82
20.00  -2056.119240     17.17
22.50  -2056.132895     17.53
25.00  -2056.123399     17.88
------------------------------- Sampling Blocks --------------------------------
Target Final Error ~ 0.000059
   N      E(Guide)     Error      E(Orb)     Error  Kill_WK      Time
  20  -2056.126274  0.002499   -0.020332  0.000038        0     26.67
  40  -2056.127623  0.001912   -0.020373  0.000035        0     27.65
  60  -2056.131420  0.001738   -0.020382  0.000026        0     28.62
  80  -2056.134006  0.002018   -0.020366  0.000025        0     29.60
 100  -2056.133383  0.001739   -0.020395  0.000027        0     30.58
 120  -2056.133832  0.001518   -0.020398  0.000023        0     31.56
------------------------------- Post Propagation -------------------------------
Total number of samples 120
Raw AFQMC/HF Energy: -2056.133832 +/- 0.001518
Raw AFQMC/pt2CCSD Orbital Energy (covariance): -0.020398 +/- 0.000023
Raw AFQMC/pt2CCSD Orbital Energy (direct obs): -0.020398 +/- 0.000020
------------------------------ Clean Observation -------------------------------
Energy bound [-0.023003, -0.017706]
Removed 0 Outliers
Outliers Orbital Energy []
Clean AFQMC/pt2CCSD Orbital Energy (covariance): -0.020398 +/- 0.000023
Clean AFQMC/pt2CCSD Orbital Energy (direct obs): -0.020398 +/- 0.000020
------------------------------ Blocking Analysis -------------------------------
Warning: small dataset, relaxed min_nblocks to 12
nsample = 120, max_block_size = 10, min_nblocks = 12
Blk_SZ   NBlk   NSmp      Energy     Error    dError
     1    120    120   -0.020394  0.000020  0.000001
     2     60    120   -0.020395  0.000022  0.000002
     3     40    120   -0.020396  0.000024  0.000003
     4     30    120   -0.020396  0.000027  0.000003
     5     24    120   -0.020397  0.000028  0.000004
     6     20    120   -0.020397  0.000029  0.000005
     7     17    119   -0.020396  0.000030  0.000005
     8     15    120   -0.020397  0.000029  0.000006
     9     13    117   -0.020393  0.000031  0.000006
    10     12    120   -0.020397  0.000028  0.000006
Fit: plateau = 0.000032 ± 0.000006
     autocorrelation length ~ 3.7 blocks
     plateau reached at block size ~ 15
     !!!Failed to reach plateau in blocking
     Return max block error
Blocked AFQMC/pt2CCSD Orbital Energy: -0.020398 +/- 0.000031
total run time: 31.57
--------------------------- AFQMC Sampling Finished ----------------------------


======================== restricted LNO-FRAGMENT 57/72 =========================
Center Atom H
AOs with contribution > 0.01
        AO Label     Amp
     56 H 1s      0.3749
     56 H 2s      0.2394
      7 C 3px     0.0757
      7 C 3dxy    0.0642
      7 C 3s      0.0629
      7 C 3py     0.0398
     56 H 2px     0.0231
      8 C 3px     0.0175
      7 C 3dz^2   0.0170
      5 C 3py     0.0166
     56 H 2py     0.0122
LAS occupied orbitals: 7
LAS virtual orbitals: 36
CCSD time: 3.042974 s
LNO-MP2 Orbital Energy: -0.01787556
LNO-CCSD Orbital Energy: -0.02007284
Calculating Effective Active Space One-electron Integrals
number of active occupied orbitals 7
number of active virtual orbitals 36
DF loop 0 number of DF vectors 240
DF loop 1 number of DF vectors 240
DF loop 2 number of DF vectors 240
DF loop 3 number of DF vectors 240
DF loop 4 number of DF vectors 240
DF loop 5 number of DF vectors 240
DF loop 6 number of DF vectors 240
DF loop 7 number of DF vectors 240
DF loop 8 number of DF vectors 240
DF loop 9 number of DF vectors 240
DF loop 10 number of DF vectors 240
DF loop 11 number of DF vectors 240
DF loop 12 number of DF vectors 240
DF loop 13 number of DF vectors 240
DF loop 14 number of DF vectors 240
DF loop 15 number of DF vectors 240
DF loop 16 number of DF vectors 240
DF loop 17 number of DF vectors 114
build JK time: 5.598714 s
build ecore time: 0.195212 s
build h1eff time: 5.920648 s
Generating Cholesky Integrals
Composing AO ERIs from DF basis
Raw CDERI in LAS shape: (4194, 946)
Compress CDERI into LAS Cholesky Vectors by SVD
Cholesky cutoff: 1e-05
Build effective h0 and h1 time: 6.087234 s
Build CDERI in LAS time: 5.374365 s
Compress CDERI to LAS Choleskey Vectors time: 0.809505 s
Build Integral total time: 12.273342 s
Finished calculating Cholesky integrals
Size of the correlation space
Number of electrons: (7,7)
Number of basis functions: 43
Cholesky shape: (407, 43, 43)
running AFQMC on GPU
Hostname: gpua059.delta.ncsa.illinois.edu
System Type: Linux
Machine Type: x86_64
Processor: x86_64
Using GPU.
System: Linux
Node Name: gpua059.delta.ncsa.illinois.edu
Release: 5.14.0-427.91.1.el9_4.x86_64
Version: #1 SMP PREEMPT_DYNAMIC Wed Sep 17 10:08:59 EDT 2025
Machine: x86_64
Processor: x86_64
AFQMC script: /u/yzhang65/myprojects/software/afqmc/afqmc/lno_afqmc/ccsd_pt2/run_afqmc.py
---------------------------- AFQMC Sampling Started ----------------------------
Hostname: gpua059.delta.ncsa.illinois.edu
System Type: Linux
Machine Type: x86_64
Processor: x86_64
Using GPU.
System: Linux
Node Name: gpua059.delta.ncsa.illinois.edu
Release: 5.14.0-427.91.1.el9_4.x86_64
Version: #1 SMP PREEMPT_DYNAMIC Wed Sep 17 10:08:59 EDT 2025
Machine: x86_64
Processor: x86_64
Trial: ccsd_pt2(norb=43, nelec=(7, 7), n_batch=1, nchol_chunk=100, mix_precision=True)
Sampler: sampler_pt2(n_prop_steps=50, n_blocks=500, n_chol=407)
norb: 43
nelec: (7, 7)
nchol: 407
n_eql: 100
n_prop_steps: 50
n_blocks: 500
n_walkers: 300
nchol_chunk: 100
mix_precision: True
n_batch: 1
seed: 2353
walker_type: rhf
trial: ccsd_pt2
dt: 0.005
use_gpu: True
max_error: 5.892556509887897e-05
n_exp_terms: 6
Propagating with 300 walkers
Initial Orbital energy: -0.020076
-------------------------------- Equilibration ---------------------------------
inv_T        energy   runTime
 0.00  -2055.865089      9.26
 2.50  -2056.129612     14.89
 5.00  -2056.157705     15.27
 7.50  -2056.128508     15.66
10.00  -2056.124774     16.04
12.50  -2056.149262     16.42
15.00  -2056.154120     16.81
17.50  -2056.145277     17.19
20.00  -2056.127357     17.57
22.50  -2056.127173     17.95
25.00  -2056.130572     18.34
------------------------------- Sampling Blocks --------------------------------
Target Final Error ~ 0.000059
   N      E(Guide)     Error      E(Orb)     Error  Kill_WK      Time
  20  -2056.138385  0.002097   -0.020592  0.000059        0     27.49
  40  -2056.138090  0.001391   -0.020580  0.000038        0     28.60
  60  -2056.137086  0.001207   -0.020560  0.000029        0     29.72
  80  -2056.136371  0.001080   -0.020581  0.000026        0     30.83
 100  -2056.136620  0.001052   -0.020594  0.000022        0     31.94
 120  -2056.135787  0.000942   -0.020596  0.000020        0     33.05
------------------------------- Post Propagation -------------------------------
Total number of samples 120
Raw AFQMC/HF Energy: -2056.135787 +/- 0.000942
Raw AFQMC/pt2CCSD Orbital Energy (covariance): -0.020596 +/- 0.000020
Raw AFQMC/pt2CCSD Orbital Energy (direct obs): -0.020596 +/- 0.000017
------------------------------ Clean Observation -------------------------------
Energy bound [-0.023455, -0.017683]
Removed 0 Outliers
Outliers Orbital Energy []
Clean AFQMC/pt2CCSD Orbital Energy (covariance): -0.020596 +/- 0.000020
Clean AFQMC/pt2CCSD Orbital Energy (direct obs): -0.020596 +/- 0.000017
------------------------------ Blocking Analysis -------------------------------
Warning: small dataset, relaxed min_nblocks to 12
nsample = 120, max_block_size = 10, min_nblocks = 12
Blk_SZ   NBlk   NSmp      Energy     Error    dError
     1    120    120   -0.020594  0.000017  0.000001
     2     60    120   -0.020594  0.000021  0.000002
     3     40    120   -0.020595  0.000024  0.000003
     4     30    120   -0.020595  0.000023  0.000003
     5     24    120   -0.020595  0.000023  0.000003
     6     20    120   -0.020596  0.000025  0.000004
     7     17    119   -0.020598  0.000026  0.000005
     8     15    120   -0.020596  0.000023  0.000004
     9     13    117   -0.020601  0.000024  0.000005
    10     12    120   -0.020596  0.000017  0.000004
Fit: plateau = 0.000023 ± 0.000001
     autocorrelation length ~ 0.8 blocks
     plateau reached at block size ~ 4
Blocked AFQMC/pt2CCSD Orbital Energy: -0.020596 +/- 0.000023
total run time: 33.05
--------------------------- AFQMC Sampling Finished ----------------------------


======================== restricted LNO-FRAGMENT 58/72 =========================
Center Atom H
AOs with contribution > 0.01
        AO Label     Amp
     57 H 1s      0.3755
     57 H 2s      0.2421
     10 C 3px     0.0764
     10 C 3dxy    0.0646
     10 C 3s      0.0634
     10 C 3py     0.0405
     57 H 2px     0.0236
     11 C 3px     0.0192
     10 C 3dz^2   0.0172
      8 C 3py     0.0159
     57 H 2py     0.0122
LAS occupied orbitals: 7
LAS virtual orbitals: 32
CCSD time: 2.894317 s
LNO-MP2 Orbital Energy: -0.01758665
LNO-CCSD Orbital Energy: -0.01986117
Calculating Effective Active Space One-electron Integrals
number of active occupied orbitals 7
number of active virtual orbitals 32
DF loop 0 number of DF vectors 240
DF loop 1 number of DF vectors 240
DF loop 2 number of DF vectors 240
DF loop 3 number of DF vectors 240
DF loop 4 number of DF vectors 240
DF loop 5 number of DF vectors 240
DF loop 6 number of DF vectors 240
DF loop 7 number of DF vectors 240
DF loop 8 number of DF vectors 240
DF loop 9 number of DF vectors 240
DF loop 10 number of DF vectors 240
DF loop 11 number of DF vectors 240
DF loop 12 number of DF vectors 240
DF loop 13 number of DF vectors 240
DF loop 14 number of DF vectors 240
DF loop 15 number of DF vectors 240
DF loop 16 number of DF vectors 240
DF loop 17 number of DF vectors 114
build JK time: 5.741950 s
build ecore time: 0.192766 s
build h1eff time: 6.071711 s
Generating Cholesky Integrals
Composing AO ERIs from DF basis
Raw CDERI in LAS shape: (4194, 780)
Compress CDERI into LAS Cholesky Vectors by SVD
Cholesky cutoff: 1e-05
Build effective h0 and h1 time: 6.255000 s
Build CDERI in LAS time: 5.773563 s
Compress CDERI to LAS Choleskey Vectors time: 0.952645 s
Build Integral total time: 12.982771 s
Finished calculating Cholesky integrals
Size of the correlation space
Number of electrons: (7,7)
Number of basis functions: 39
Cholesky shape: (345, 39, 39)
running AFQMC on GPU
Hostname: gpua059.delta.ncsa.illinois.edu
System Type: Linux
Machine Type: x86_64
Processor: x86_64
Using GPU.
System: Linux
Node Name: gpua059.delta.ncsa.illinois.edu
Release: 5.14.0-427.91.1.el9_4.x86_64
Version: #1 SMP PREEMPT_DYNAMIC Wed Sep 17 10:08:59 EDT 2025
Machine: x86_64
Processor: x86_64
AFQMC script: /u/yzhang65/myprojects/software/afqmc/afqmc/lno_afqmc/ccsd_pt2/run_afqmc.py
---------------------------- AFQMC Sampling Started ----------------------------
Hostname: gpua059.delta.ncsa.illinois.edu
System Type: Linux
Machine Type: x86_64
Processor: x86_64
Using GPU.
System: Linux
Node Name: gpua059.delta.ncsa.illinois.edu
Release: 5.14.0-427.91.1.el9_4.x86_64
Version: #1 SMP PREEMPT_DYNAMIC Wed Sep 17 10:08:59 EDT 2025
Machine: x86_64
Processor: x86_64
Trial: ccsd_pt2(norb=39, nelec=(7, 7), n_batch=1, nchol_chunk=100, mix_precision=True)
Sampler: sampler_pt2(n_prop_steps=50, n_blocks=500, n_chol=345)
norb: 39
nelec: (7, 7)
nchol: 345
n_eql: 100
n_prop_steps: 50
n_blocks: 500
n_walkers: 300
nchol_chunk: 100
mix_precision: True
n_batch: 1
seed: 2428
walker_type: rhf
trial: ccsd_pt2
dt: 0.005
use_gpu: True
max_error: 5.892556509887897e-05
n_exp_terms: 6
Propagating with 300 walkers
Initial Orbital energy: -0.019865
-------------------------------- Equilibration ---------------------------------
inv_T        energy   runTime
 0.00  -2055.865090      9.17
 2.50  -2056.119760     14.58
 5.00  -2056.121681     14.94
 7.50  -2056.121707     15.29
10.00  -2056.115327     15.64
12.50  -2056.104535     16.00
15.00  -2056.142479     16.35
17.50  -2056.170031     16.70
20.00  -2056.122064     17.06
22.50  -2056.134615     17.41
25.00  -2056.130563     17.77
------------------------------- Sampling Blocks --------------------------------
Target Final Error ~ 0.000059
   N      E(Guide)     Error      E(Orb)     Error  Kill_WK      Time
  20  -2056.128074  0.002886   -0.020279  0.000038        0     26.55
  40  -2056.129270  0.002095   -0.020348  0.000042        0     27.52
  60  -2056.131947  0.001696   -0.020400  0.000036        0     28.49
  80  -2056.130438  0.001455   -0.020384  0.000029        0     29.47
 100  -2056.130604  0.001319   -0.020382  0.000025        0     30.45
 120  -2056.129749  0.001160   -0.020364  0.000022        0     31.42
------------------------------- Post Propagation -------------------------------
Total number of samples 120
Raw AFQMC/HF Energy: -2056.129749 +/- 0.001160
Raw AFQMC/pt2CCSD Orbital Energy (covariance): -0.020364 +/- 0.000022
Raw AFQMC/pt2CCSD Orbital Energy (direct obs): -0.020364 +/- 0.000017
------------------------------ Clean Observation -------------------------------
Energy bound [-0.023099, -0.017577]
Removed 0 Outliers
Outliers Orbital Energy []
Clean AFQMC/pt2CCSD Orbital Energy (covariance): -0.020364 +/- 0.000022
Clean AFQMC/pt2CCSD Orbital Energy (direct obs): -0.020364 +/- 0.000017
------------------------------ Blocking Analysis -------------------------------
Warning: small dataset, relaxed min_nblocks to 12
nsample = 120, max_block_size = 10, min_nblocks = 12
Blk_SZ   NBlk   NSmp      Energy     Error    dError
     1    120    120   -0.020360  0.000017  0.000001
     2     60    120   -0.020361  0.000022  0.000002
     3     40    120   -0.020361  0.000025  0.000003
     4     30    120   -0.020362  0.000025  0.000003
     5     24    120   -0.020361  0.000026  0.000004
     6     20    120   -0.020362  0.000030  0.000005
     7     17    119   -0.020363  0.000030  0.000005
     8     15    120   -0.020363  0.000029  0.000006
     9     13    117   -0.020366  0.000036  0.000007
    10     12    120   -0.020363  0.000032  0.000007
Fit: plateau = 0.000034 ± 0.000007
     autocorrelation length ~ 3.8 blocks
     plateau reached at block size ~ 16
     !!!Failed to reach plateau in blocking
     Return max block error
Blocked AFQMC/pt2CCSD Orbital Energy: -0.020364 +/- 0.000036
total run time: 31.42
--------------------------- AFQMC Sampling Finished ----------------------------


======================== restricted LNO-FRAGMENT 59/72 =========================
Center Atom H
AOs with contribution > 0.01
        AO Label     Amp
     58 H 1s      0.3759
     58 H 2s      0.2424
     11 C 3py     0.1162
    11 C 3dx2-y2  0.0688
     11 C 3s      0.0633
     58 H 2py     0.0353
     11 C 3dz^2   0.0178
     12 C 3py     0.0116
     10 C 3py     0.0102
LAS occupied orbitals: 7
LAS virtual orbitals: 33
CCSD time: 2.750607 s
LNO-MP2 Orbital Energy: -0.01765012
LNO-CCSD Orbital Energy: -0.01991855
Calculating Effective Active Space One-electron Integrals
number of active occupied orbitals 7
number of active virtual orbitals 33
DF loop 0 number of DF vectors 240
DF loop 1 number of DF vectors 240
DF loop 2 number of DF vectors 240
DF loop 3 number of DF vectors 240
DF loop 4 number of DF vectors 240
DF loop 5 number of DF vectors 240
DF loop 6 number of DF vectors 240
DF loop 7 number of DF vectors 240
DF loop 8 number of DF vectors 240
DF loop 9 number of DF vectors 240
DF loop 10 number of DF vectors 240
DF loop 11 number of DF vectors 240
DF loop 12 number of DF vectors 240
DF loop 13 number of DF vectors 240
DF loop 14 number of DF vectors 240
DF loop 15 number of DF vectors 240
DF loop 16 number of DF vectors 240
DF loop 17 number of DF vectors 114
build JK time: 5.716904 s
build ecore time: 0.195541 s
build h1eff time: 5.976139 s
Generating Cholesky Integrals
Composing AO ERIs from DF basis
Raw CDERI in LAS shape: (4194, 820)
Compress CDERI into LAS Cholesky Vectors by SVD
Cholesky cutoff: 1e-05
Build effective h0 and h1 time: 6.150748 s
Build CDERI in LAS time: 6.093681 s
Compress CDERI to LAS Choleskey Vectors time: 0.580351 s
Build Integral total time: 12.826741 s
Finished calculating Cholesky integrals
Size of the correlation space
Number of electrons: (7,7)
Number of basis functions: 40
Cholesky shape: (356, 40, 40)
running AFQMC on GPU
Hostname: gpua059.delta.ncsa.illinois.edu
System Type: Linux
Machine Type: x86_64
Processor: x86_64
Using GPU.
System: Linux
Node Name: gpua059.delta.ncsa.illinois.edu
Release: 5.14.0-427.91.1.el9_4.x86_64
Version: #1 SMP PREEMPT_DYNAMIC Wed Sep 17 10:08:59 EDT 2025
Machine: x86_64
Processor: x86_64
AFQMC script: /u/yzhang65/myprojects/software/afqmc/afqmc/lno_afqmc/ccsd_pt2/run_afqmc.py
---------------------------- AFQMC Sampling Started ----------------------------
Hostname: gpua059.delta.ncsa.illinois.edu
System Type: Linux
Machine Type: x86_64
Processor: x86_64
Using GPU.
System: Linux
Node Name: gpua059.delta.ncsa.illinois.edu
Release: 5.14.0-427.91.1.el9_4.x86_64
Version: #1 SMP PREEMPT_DYNAMIC Wed Sep 17 10:08:59 EDT 2025
Machine: x86_64
Processor: x86_64
Trial: ccsd_pt2(norb=40, nelec=(7, 7), n_batch=1, nchol_chunk=100, mix_precision=True)
Sampler: sampler_pt2(n_prop_steps=50, n_blocks=500, n_chol=356)
norb: 40
nelec: (7, 7)
nchol: 356
n_eql: 100
n_prop_steps: 50
n_blocks: 500
n_walkers: 300
nchol_chunk: 100
mix_precision: True
n_batch: 1
seed: 4618
walker_type: rhf
trial: ccsd_pt2
dt: 0.005
use_gpu: True
max_error: 5.892556509887897e-05
n_exp_terms: 6
Propagating with 300 walkers
Initial Orbital energy: -0.019923
-------------------------------- Equilibration ---------------------------------
inv_T        energy   runTime
 0.00  -2055.865088      9.08
 2.50  -2056.136939     14.53
 5.00  -2056.126165     14.89
 7.50  -2056.130201     15.24
10.00  -2056.129445     15.59
12.50  -2056.157106     15.95
15.00  -2056.146123     16.30
17.50  -2056.129696     16.65
20.00  -2056.131769     17.01
22.50  -2056.116185     17.36
25.00  -2056.119225     17.71
------------------------------- Sampling Blocks --------------------------------
Target Final Error ~ 0.000059
   N      E(Guide)     Error      E(Orb)     Error  Kill_WK      Time
  20  -2056.131460  0.002401   -0.020423  0.000034        0     26.58
  40  -2056.130499  0.001524   -0.020436  0.000025        0     27.57
  60  -2056.131623  0.001255   -0.020408  0.000023        0     28.55
  80  -2056.132424  0.001086   -0.020409  0.000023        0     29.54
 100  -2056.132819  0.001266   -0.020387  0.000024        0     30.52
 120  -2056.131707  0.001116   -0.020392  0.000021        0     31.51
------------------------------- Post Propagation -------------------------------
Total number of samples 120
Raw AFQMC/HF Energy: -2056.131707 +/- 0.001116
Raw AFQMC/pt2CCSD Orbital Energy (covariance): -0.020392 +/- 0.000021
Raw AFQMC/pt2CCSD Orbital Energy (direct obs): -0.020392 +/- 0.000018
------------------------------ Clean Observation -------------------------------
Energy bound [-0.023182, -0.017604]
Removed 0 Outliers
Outliers Orbital Energy []
Clean AFQMC/pt2CCSD Orbital Energy (covariance): -0.020392 +/- 0.000021
Clean AFQMC/pt2CCSD Orbital Energy (direct obs): -0.020392 +/- 0.000018
------------------------------ Blocking Analysis -------------------------------
Warning: small dataset, relaxed min_nblocks to 12
nsample = 120, max_block_size = 10, min_nblocks = 12
Blk_SZ   NBlk   NSmp      Energy     Error    dError
     1    120    120   -0.020390  0.000018  0.000001
     2     60    120   -0.020391  0.000018  0.000002
     3     40    120   -0.020391  0.000019  0.000002
     4     30    120   -0.020391  0.000018  0.000002
     5     24    120   -0.020392  0.000020  0.000003
     6     20    120   -0.020392  0.000021  0.000003
     7     17    119   -0.020391  0.000023  0.000004
     8     15    120   -0.020392  0.000023  0.000004
     9     13    117   -0.020391  0.000022  0.000005
    10     12    120   -0.020392  0.000019  0.000004
Fit: plateau = 0.000025 ± 0.000032
     autocorrelation length ~ 11.4 blocks
     plateau reached at block size ~ 40
     !!!Failed to reach plateau in blocking
     Return max block error
Blocked AFQMC/pt2CCSD Orbital Energy: -0.020392 +/- 0.000023
total run time: 31.51
--------------------------- AFQMC Sampling Finished ----------------------------


======================== restricted LNO-FRAGMENT 60/72 =========================
Center Atom H
AOs with contribution > 0.01
        AO Label     Amp
     59 H 1s      0.3750
     59 H 2s      0.2394
     25 C 3py     0.1149
    25 C 3dx2-y2  0.0687
     25 C 3s      0.0629
     59 H 2py     0.0351
     25 C 3dz^2   0.0176
     26 C 3py     0.0123
LAS occupied orbitals: 7
LAS virtual orbitals: 36
CCSD time: 2.976053 s
LNO-MP2 Orbital Energy: -0.01787112
LNO-CCSD Orbital Energy: -0.02006922
Calculating Effective Active Space One-electron Integrals
number of active occupied orbitals 7
number of active virtual orbitals 36
DF loop 0 number of DF vectors 240
DF loop 1 number of DF vectors 240
DF loop 2 number of DF vectors 240
DF loop 3 number of DF vectors 240
DF loop 4 number of DF vectors 240
DF loop 5 number of DF vectors 240
DF loop 6 number of DF vectors 240
DF loop 7 number of DF vectors 240
DF loop 8 number of DF vectors 240
DF loop 9 number of DF vectors 240
DF loop 10 number of DF vectors 240
DF loop 11 number of DF vectors 240
DF loop 12 number of DF vectors 240
DF loop 13 number of DF vectors 240
DF loop 14 number of DF vectors 240
DF loop 15 number of DF vectors 240
DF loop 16 number of DF vectors 240
DF loop 17 number of DF vectors 114
build JK time: 5.675746 s
build ecore time: 0.193630 s
build h1eff time: 5.937558 s
Generating Cholesky Integrals
Composing AO ERIs from DF basis
Raw CDERI in LAS shape: (4194, 946)
Compress CDERI into LAS Cholesky Vectors by SVD
Cholesky cutoff: 1e-05
Build effective h0 and h1 time: 6.101894 s
Build CDERI in LAS time: 5.182574 s
Compress CDERI to LAS Choleskey Vectors time: 0.609712 s
Build Integral total time: 11.896026 s
Finished calculating Cholesky integrals
Size of the correlation space
Number of electrons: (7,7)
Number of basis functions: 43
Cholesky shape: (407, 43, 43)
running AFQMC on GPU
Hostname: gpua059.delta.ncsa.illinois.edu
System Type: Linux
Machine Type: x86_64
Processor: x86_64
Using GPU.
System: Linux
Node Name: gpua059.delta.ncsa.illinois.edu
Release: 5.14.0-427.91.1.el9_4.x86_64
Version: #1 SMP PREEMPT_DYNAMIC Wed Sep 17 10:08:59 EDT 2025
Machine: x86_64
Processor: x86_64
AFQMC script: /u/yzhang65/myprojects/software/afqmc/afqmc/lno_afqmc/ccsd_pt2/run_afqmc.py
---------------------------- AFQMC Sampling Started ----------------------------
Hostname: gpua059.delta.ncsa.illinois.edu
System Type: Linux
Machine Type: x86_64
Processor: x86_64
Using GPU.
System: Linux
Node Name: gpua059.delta.ncsa.illinois.edu
Release: 5.14.0-427.91.1.el9_4.x86_64
Version: #1 SMP PREEMPT_DYNAMIC Wed Sep 17 10:08:59 EDT 2025
Machine: x86_64
Processor: x86_64
Trial: ccsd_pt2(norb=43, nelec=(7, 7), n_batch=1, nchol_chunk=100, mix_precision=True)
Sampler: sampler_pt2(n_prop_steps=50, n_blocks=500, n_chol=407)
norb: 43
nelec: (7, 7)
nchol: 407
n_eql: 100
n_prop_steps: 50
n_blocks: 500
n_walkers: 300
nchol_chunk: 100
mix_precision: True
n_batch: 1
seed: 7014
walker_type: rhf
trial: ccsd_pt2
dt: 0.005
use_gpu: True
max_error: 5.892556509887897e-05
n_exp_terms: 6
Propagating with 300 walkers
Initial Orbital energy: -0.020072
-------------------------------- Equilibration ---------------------------------
inv_T        energy   runTime
 0.00  -2055.865089      9.29
 2.50  -2056.121816     14.90
 5.00  -2056.149671     15.28
 7.50  -2056.131906     15.67
10.00  -2056.128571     16.05
12.50  -2056.133620     16.43
15.00  -2056.144932     16.82
17.50  -2056.132101     17.20
20.00  -2056.120581     17.58
22.50  -2056.133506     17.96
25.00  -2056.138875     18.35
------------------------------- Sampling Blocks --------------------------------
Target Final Error ~ 0.000059
   N      E(Guide)     Error      E(Orb)     Error  Kill_WK      Time
  20  -2056.126311  0.001304   -0.020529  0.000040        0     27.44
  40  -2056.130965  0.001513   -0.020517  0.000030        0     28.56
  60  -2056.132061  0.001156   -0.020527  0.000023        0     29.67
  80  -2056.131306  0.000941   -0.020534  0.000020        0     30.78
 100  -2056.131652  0.000820   -0.020532  0.000018        0     31.89
 120  -2056.133510  0.000870   -0.020540  0.000017        0     33.00
------------------------------- Post Propagation -------------------------------
Total number of samples 120
Raw AFQMC/HF Energy: -2056.133510 +/- 0.000870
Raw AFQMC/pt2CCSD Orbital Energy (covariance): -0.020540 +/- 0.000017
Raw AFQMC/pt2CCSD Orbital Energy (direct obs): -0.020540 +/- 0.000012
------------------------------ Clean Observation -------------------------------
Energy bound [-0.022865, -0.018170]
Removed 0 Outliers
Outliers Orbital Energy []
Clean AFQMC/pt2CCSD Orbital Energy (covariance): -0.020540 +/- 0.000017
Clean AFQMC/pt2CCSD Orbital Energy (direct obs): -0.020540 +/- 0.000012
------------------------------ Blocking Analysis -------------------------------
Warning: small dataset, relaxed min_nblocks to 12
nsample = 120, max_block_size = 10, min_nblocks = 12
Blk_SZ   NBlk   NSmp      Energy     Error    dError
     1    120    120   -0.020538  0.000012  0.000001
     2     60    120   -0.020539  0.000014  0.000001
     3     40    120   -0.020539  0.000014  0.000002
     4     30    120   -0.020539  0.000013  0.000002
     5     24    120   -0.020539  0.000014  0.000002
     6     20    120   -0.020539  0.000017  0.000003
     7     17    119   -0.020540  0.000017  0.000003
     8     15    120   -0.020539  0.000015  0.000003
     9     13    117   -0.020542  0.000014  0.000003
    10     12    120   -0.020539  0.000016  0.000003
Fit: plateau = 0.000016 ± 0.000003
     autocorrelation length ~ 3.2 blocks
     plateau reached at block size ~ 12
     !!!Failed to reach plateau in blocking
     Return max block error
Blocked AFQMC/pt2CCSD Orbital Energy: -0.020540 +/- 0.000017
total run time: 33.00
--------------------------- AFQMC Sampling Finished ----------------------------


======================== restricted LNO-FRAGMENT 61/72 =========================
Center Atom H
AOs with contribution > 0.01
        AO Label     Amp
     60 H 1s      0.3751
     60 H 2s      0.2397
     28 C 3px     0.0968
     28 C 3s      0.0629
     28 C 3dxy    0.0401
    28 C 3dx2-y2  0.0317
     60 H 2px     0.0295
     28 C 3py     0.0195
     28 C 3dz^2   0.0177
     27 C 3px     0.0165
     29 C 3py     0.0141
LAS occupied orbitals: 7
LAS virtual orbitals: 36
CCSD time: 2.940571 s
LNO-MP2 Orbital Energy: -0.01788187
LNO-CCSD Orbital Energy: -0.02008013
Calculating Effective Active Space One-electron Integrals
number of active occupied orbitals 7
number of active virtual orbitals 36
DF loop 0 number of DF vectors 240
DF loop 1 number of DF vectors 240
DF loop 2 number of DF vectors 240
DF loop 3 number of DF vectors 240
DF loop 4 number of DF vectors 240
DF loop 5 number of DF vectors 240
DF loop 6 number of DF vectors 240
DF loop 7 number of DF vectors 240
DF loop 8 number of DF vectors 240
DF loop 9 number of DF vectors 240
DF loop 10 number of DF vectors 240
DF loop 11 number of DF vectors 240
DF loop 12 number of DF vectors 240
DF loop 13 number of DF vectors 240
DF loop 14 number of DF vectors 240
DF loop 15 number of DF vectors 240
DF loop 16 number of DF vectors 240
DF loop 17 number of DF vectors 114
build JK time: 5.665930 s
build ecore time: 0.193013 s
build h1eff time: 5.927540 s
Generating Cholesky Integrals
Composing AO ERIs from DF basis
Raw CDERI in LAS shape: (4194, 946)
Compress CDERI into LAS Cholesky Vectors by SVD
Cholesky cutoff: 1e-05
Build effective h0 and h1 time: 6.081064 s
Build CDERI in LAS time: 5.202719 s
Compress CDERI to LAS Choleskey Vectors time: 0.625142 s
Build Integral total time: 11.910793 s
Finished calculating Cholesky integrals
Size of the correlation space
Number of electrons: (7,7)
Number of basis functions: 43
Cholesky shape: (407, 43, 43)
running AFQMC on GPU
Hostname: gpua059.delta.ncsa.illinois.edu
System Type: Linux
Machine Type: x86_64
Processor: x86_64
Using GPU.
System: Linux
Node Name: gpua059.delta.ncsa.illinois.edu
Release: 5.14.0-427.91.1.el9_4.x86_64
Version: #1 SMP PREEMPT_DYNAMIC Wed Sep 17 10:08:59 EDT 2025
Machine: x86_64
Processor: x86_64
AFQMC script: /u/yzhang65/myprojects/software/afqmc/afqmc/lno_afqmc/ccsd_pt2/run_afqmc.py
---------------------------- AFQMC Sampling Started ----------------------------
Hostname: gpua059.delta.ncsa.illinois.edu
System Type: Linux
Machine Type: x86_64
Processor: x86_64
Using GPU.
System: Linux
Node Name: gpua059.delta.ncsa.illinois.edu
Release: 5.14.0-427.91.1.el9_4.x86_64
Version: #1 SMP PREEMPT_DYNAMIC Wed Sep 17 10:08:59 EDT 2025
Machine: x86_64
Processor: x86_64
Trial: ccsd_pt2(norb=43, nelec=(7, 7), n_batch=1, nchol_chunk=100, mix_precision=True)
Sampler: sampler_pt2(n_prop_steps=50, n_blocks=500, n_chol=407)
norb: 43
nelec: (7, 7)
nchol: 407
n_eql: 100
n_prop_steps: 50
n_blocks: 500
n_walkers: 300
nchol_chunk: 100
mix_precision: True
n_batch: 1
seed: 27
walker_type: rhf
trial: ccsd_pt2
dt: 0.005
use_gpu: True
max_error: 5.892556509887897e-05
n_exp_terms: 6
Propagating with 300 walkers
Initial Orbital energy: -0.020083
-------------------------------- Equilibration ---------------------------------
inv_T        energy   runTime
 0.00  -2055.865089      9.29
 2.50  -2056.136412     14.88
 5.00  -2056.110570     15.26
 7.50  -2056.133425     15.64
10.00  -2056.138974     16.03
12.50  -2056.141738     16.41
15.00  -2056.123719     16.80
17.50  -2056.168405     17.18
20.00  -2056.152765     17.56
22.50  -2056.132871     17.95
25.00  -2056.132339     18.33
------------------------------- Sampling Blocks --------------------------------
Target Final Error ~ 0.000059
   N      E(Guide)     Error      E(Orb)     Error  Kill_WK      Time
  20  -2056.129837  0.002073   -0.020537  0.000031        0     27.42
  40  -2056.133437  0.001802   -0.020532  0.000026        0     28.54
  60  -2056.133851  0.001331   -0.020501  0.000021        0     29.65
  80  -2056.133589  0.001076   -0.020525  0.000019        0     30.76
 100  -2056.133421  0.000932   -0.020522  0.000017        0     31.87
 120  -2056.132738  0.000899   -0.020535  0.000016        0     32.98
------------------------------- Post Propagation -------------------------------
Total number of samples 120
Raw AFQMC/HF Energy: -2056.132738 +/- 0.000899
Raw AFQMC/pt2CCSD Orbital Energy (covariance): -0.020535 +/- 0.000016
Raw AFQMC/pt2CCSD Orbital Energy (direct obs): -0.020535 +/- 0.000013
------------------------------ Clean Observation -------------------------------
Energy bound [-0.023590, -0.017461]
Removed 0 Outliers
Outliers Orbital Energy []
Clean AFQMC/pt2CCSD Orbital Energy (covariance): -0.020535 +/- 0.000016
Clean AFQMC/pt2CCSD Orbital Energy (direct obs): -0.020535 +/- 0.000013
------------------------------ Blocking Analysis -------------------------------
Warning: small dataset, relaxed min_nblocks to 12
nsample = 120, max_block_size = 10, min_nblocks = 12
Blk_SZ   NBlk   NSmp      Energy     Error    dError
     1    120    120   -0.020534  0.000013  0.000001
     2     60    120   -0.020534  0.000014  0.000001
     3     40    120   -0.020535  0.000016  0.000002
     4     30    120   -0.020534  0.000016  0.000002
     5     24    120   -0.020535  0.000016  0.000002
     6     20    120   -0.020535  0.000020  0.000003
     7     17    119   -0.020535  0.000017  0.000003
     8     15    120   -0.020535  0.000018  0.000003
     9     13    117   -0.020532  0.000019  0.000004
    10     12    120   -0.020535  0.000019  0.000004
Fit: plateau = 0.000019 ± 0.000004
     autocorrelation length ~ 3.4 blocks
     plateau reached at block size ~ 14
     !!!Failed to reach plateau in blocking
     Return max block error
Blocked AFQMC/pt2CCSD Orbital Energy: -0.020535 +/- 0.000020
total run time: 32.98
--------------------------- AFQMC Sampling Finished ----------------------------


======================== restricted LNO-FRAGMENT 62/72 =========================
Center Atom H
AOs with contribution > 0.01
        AO Label     Amp
     61 H 1s      0.3757
     61 H 2s      0.2421
     33 C 3py     0.1161
    33 C 3dx2-y2  0.0690
     33 C 3s      0.0633
     61 H 2py     0.0355
     33 C 3dz^2   0.0177
     34 C 3py     0.0140
LAS occupied orbitals: 7
LAS virtual orbitals: 32
CCSD time: 3.059208 s
LNO-MP2 Orbital Energy: -0.01759936
LNO-CCSD Orbital Energy: -0.01987607
Calculating Effective Active Space One-electron Integrals
number of active occupied orbitals 7
number of active virtual orbitals 32
DF loop 0 number of DF vectors 240
DF loop 1 number of DF vectors 240
DF loop 2 number of DF vectors 240
DF loop 3 number of DF vectors 240
DF loop 4 number of DF vectors 240
DF loop 5 number of DF vectors 240
DF loop 6 number of DF vectors 240
DF loop 7 number of DF vectors 240
DF loop 8 number of DF vectors 240
DF loop 9 number of DF vectors 240
DF loop 10 number of DF vectors 240
DF loop 11 number of DF vectors 240
DF loop 12 number of DF vectors 240
DF loop 13 number of DF vectors 240
DF loop 14 number of DF vectors 240
DF loop 15 number of DF vectors 240
DF loop 16 number of DF vectors 240
DF loop 17 number of DF vectors 114
build JK time: 5.658153 s
build ecore time: 0.210028 s
build h1eff time: 5.949356 s
Generating Cholesky Integrals
Composing AO ERIs from DF basis
Raw CDERI in LAS shape: (4194, 780)
Compress CDERI into LAS Cholesky Vectors by SVD
Cholesky cutoff: 1e-05
Build effective h0 and h1 time: 6.182970 s
Build CDERI in LAS time: 5.628851 s
Compress CDERI to LAS Choleskey Vectors time: 0.602953 s
Build Integral total time: 12.416605 s
Finished calculating Cholesky integrals
Size of the correlation space
Number of electrons: (7,7)
Number of basis functions: 39
Cholesky shape: (345, 39, 39)
running AFQMC on GPU
Hostname: gpua059.delta.ncsa.illinois.edu
System Type: Linux
Machine Type: x86_64
Processor: x86_64
Using GPU.
System: Linux
Node Name: gpua059.delta.ncsa.illinois.edu
Release: 5.14.0-427.91.1.el9_4.x86_64
Version: #1 SMP PREEMPT_DYNAMIC Wed Sep 17 10:08:59 EDT 2025
Machine: x86_64
Processor: x86_64
AFQMC script: /u/yzhang65/myprojects/software/afqmc/afqmc/lno_afqmc/ccsd_pt2/run_afqmc.py
---------------------------- AFQMC Sampling Started ----------------------------
Hostname: gpua059.delta.ncsa.illinois.edu
System Type: Linux
Machine Type: x86_64
Processor: x86_64
Using GPU.
System: Linux
Node Name: gpua059.delta.ncsa.illinois.edu
Release: 5.14.0-427.91.1.el9_4.x86_64
Version: #1 SMP PREEMPT_DYNAMIC Wed Sep 17 10:08:59 EDT 2025
Machine: x86_64
Processor: x86_64
Trial: ccsd_pt2(norb=39, nelec=(7, 7), n_batch=1, nchol_chunk=100, mix_precision=True)
Sampler: sampler_pt2(n_prop_steps=50, n_blocks=500, n_chol=345)
norb: 39
nelec: (7, 7)
nchol: 345
n_eql: 100
n_prop_steps: 50
n_blocks: 500
n_walkers: 300
nchol_chunk: 100
mix_precision: True
n_batch: 1
seed: 5850
walker_type: rhf
trial: ccsd_pt2
dt: 0.005
use_gpu: True
max_error: 5.892556509887897e-05
n_exp_terms: 6
Propagating with 300 walkers
Initial Orbital energy: -0.019880
-------------------------------- Equilibration ---------------------------------
inv_T        energy   runTime
 0.00  -2055.865090      9.21
 2.50  -2056.126606     14.64
 5.00  -2056.116844     14.99
 7.50  -2056.125008     15.35
10.00  -2056.115130     15.70
12.50  -2056.108248     16.06
15.00  -2056.124733     16.41
17.50  -2056.121356     16.77
20.00  -2056.139748     17.12
22.50  -2056.126404     17.48
25.00  -2056.110127     17.83
------------------------------- Sampling Blocks --------------------------------
Target Final Error ~ 0.000059
   N      E(Guide)     Error      E(Orb)     Error  Kill_WK      Time
  20  -2056.130784  0.001818   -0.020378  0.000044        0     26.60
  40  -2056.130444  0.001724   -0.020397  0.000035        0     27.58
  60  -2056.128256  0.001344   -0.020374  0.000027        0     28.55
  80  -2056.127422  0.001125   -0.020345  0.000023        0     29.52
 100  -2056.127012  0.000987   -0.020337  0.000020        0     30.50
 120  -2056.126596  0.000940   -0.020345  0.000019        0     31.47
------------------------------- Post Propagation -------------------------------
Total number of samples 120
Raw AFQMC/HF Energy: -2056.126596 +/- 0.000940
Raw AFQMC/pt2CCSD Orbital Energy (covariance): -0.020345 +/- 0.000019
Raw AFQMC/pt2CCSD Orbital Energy (direct obs): -0.020345 +/- 0.000016
------------------------------ Clean Observation -------------------------------
Energy bound [-0.023269, -0.017353]
Removed 0 Outliers
Outliers Orbital Energy []
Clean AFQMC/pt2CCSD Orbital Energy (covariance): -0.020345 +/- 0.000019
Clean AFQMC/pt2CCSD Orbital Energy (direct obs): -0.020345 +/- 0.000016
------------------------------ Blocking Analysis -------------------------------
Warning: small dataset, relaxed min_nblocks to 12
nsample = 120, max_block_size = 10, min_nblocks = 12
Blk_SZ   NBlk   NSmp      Energy     Error    dError
     1    120    120   -0.020343  0.000016  0.000001
     2     60    120   -0.020343  0.000019  0.000002
     3     40    120   -0.020344  0.000020  0.000002
     4     30    120   -0.020343  0.000023  0.000003
     5     24    120   -0.020344  0.000024  0.000004
     6     20    120   -0.020344  0.000026  0.000004
     7     17    119   -0.020345  0.000028  0.000005
     8     15    120   -0.020344  0.000027  0.000005
     9     13    117   -0.020344  0.000029  0.000006
    10     12    120   -0.020344  0.000026  0.000006
Fit: plateau = 0.000031 ± 0.000008
     autocorrelation length ~ 4.7 blocks
     plateau reached at block size ~ 20
     !!!Failed to reach plateau in blocking
     Return max block error
Blocked AFQMC/pt2CCSD Orbital Energy: -0.020345 +/- 0.000029
total run time: 31.47
--------------------------- AFQMC Sampling Finished ----------------------------


======================== restricted LNO-FRAGMENT 63/72 =========================
Center Atom H
AOs with contribution > 0.01
        AO Label     Amp
     62 H 1s      0.3757
     62 H 2s      0.2422
     34 C 3px     0.0976
     34 C 3s      0.0633
     34 C 3dxy    0.0402
    34 C 3dx2-y2  0.0318
     62 H 2px     0.0299
     34 C 3py     0.0198
     33 C 3px     0.0183
     34 C 3dz^2   0.0177
     27 C 3py     0.0137
LAS occupied orbitals: 7
LAS virtual orbitals: 33
CCSD time: 2.756200 s
LNO-MP2 Orbital Energy: -0.01763625
LNO-CCSD Orbital Energy: -0.01990274
Calculating Effective Active Space One-electron Integrals
number of active occupied orbitals 7
number of active virtual orbitals 33
DF loop 0 number of DF vectors 240
DF loop 1 number of DF vectors 240
DF loop 2 number of DF vectors 240
DF loop 3 number of DF vectors 240
DF loop 4 number of DF vectors 240
DF loop 5 number of DF vectors 240
DF loop 6 number of DF vectors 240
DF loop 7 number of DF vectors 240
DF loop 8 number of DF vectors 240
DF loop 9 number of DF vectors 240
DF loop 10 number of DF vectors 240
DF loop 11 number of DF vectors 240
DF loop 12 number of DF vectors 240
DF loop 13 number of DF vectors 240
DF loop 14 number of DF vectors 240
DF loop 15 number of DF vectors 240
DF loop 16 number of DF vectors 240
DF loop 17 number of DF vectors 114
build JK time: 5.592005 s
build ecore time: 0.195079 s
build h1eff time: 5.851114 s
Generating Cholesky Integrals
Composing AO ERIs from DF basis
Raw CDERI in LAS shape: (4194, 820)
Compress CDERI into LAS Cholesky Vectors by SVD
Cholesky cutoff: 1e-05
Build effective h0 and h1 time: 6.028919 s
Build CDERI in LAS time: 6.087381 s
Compress CDERI to LAS Choleskey Vectors time: 0.580334 s
Build Integral total time: 12.698326 s
Finished calculating Cholesky integrals
Size of the correlation space
Number of electrons: (7,7)
Number of basis functions: 40
Cholesky shape: (356, 40, 40)
running AFQMC on GPU
Hostname: gpua059.delta.ncsa.illinois.edu
System Type: Linux
Machine Type: x86_64
Processor: x86_64
Using GPU.
System: Linux
Node Name: gpua059.delta.ncsa.illinois.edu
Release: 5.14.0-427.91.1.el9_4.x86_64
Version: #1 SMP PREEMPT_DYNAMIC Wed Sep 17 10:08:59 EDT 2025
Machine: x86_64
Processor: x86_64
AFQMC script: /u/yzhang65/myprojects/software/afqmc/afqmc/lno_afqmc/ccsd_pt2/run_afqmc.py
---------------------------- AFQMC Sampling Started ----------------------------
Hostname: gpua059.delta.ncsa.illinois.edu
System Type: Linux
Machine Type: x86_64
Processor: x86_64
Using GPU.
System: Linux
Node Name: gpua059.delta.ncsa.illinois.edu
Release: 5.14.0-427.91.1.el9_4.x86_64
Version: #1 SMP PREEMPT_DYNAMIC Wed Sep 17 10:08:59 EDT 2025
Machine: x86_64
Processor: x86_64
Trial: ccsd_pt2(norb=40, nelec=(7, 7), n_batch=1, nchol_chunk=100, mix_precision=True)
Sampler: sampler_pt2(n_prop_steps=50, n_blocks=500, n_chol=356)
norb: 40
nelec: (7, 7)
nchol: 356
n_eql: 100
n_prop_steps: 50
n_blocks: 500
n_walkers: 300
nchol_chunk: 100
mix_precision: True
n_batch: 1
seed: 4222
walker_type: rhf
trial: ccsd_pt2
dt: 0.005
use_gpu: True
max_error: 5.892556509887897e-05
n_exp_terms: 6
Propagating with 300 walkers
Initial Orbital energy: -0.019906
-------------------------------- Equilibration ---------------------------------
inv_T        energy   runTime
 0.00  -2055.865088      9.02
 2.50  -2056.102559     14.45
 5.00  -2056.135630     14.81
 7.50  -2056.125767     15.17
10.00  -2056.138416     15.52
12.50  -2056.104342     15.88
15.00  -2056.135514     16.24
17.50  -2056.123056     16.60
20.00  -2056.138426     16.96
22.50  -2056.127701     17.32
25.00  -2056.131925     17.67
------------------------------- Sampling Blocks --------------------------------
Target Final Error ~ 0.000059
   N      E(Guide)     Error      E(Orb)     Error  Kill_WK      Time
  20  -2056.127686  0.002495   -0.020451  0.000049        0     26.51
  40  -2056.134405  0.002160   -0.020438  0.000036        0     27.50
  60  -2056.132737  0.001604   -0.020433  0.000029        0     28.49
  80  -2056.133141  0.001295   -0.020431  0.000025        0     29.47
 100  -2056.131014  0.001183   -0.020421  0.000023        0     30.47
 120  -2056.130740  0.001059   -0.020408  0.000021        0     31.46
------------------------------- Post Propagation -------------------------------
Total number of samples 120
Raw AFQMC/HF Energy: -2056.130740 +/- 0.001059
Raw AFQMC/pt2CCSD Orbital Energy (covariance): -0.020408 +/- 0.000021
Raw AFQMC/pt2CCSD Orbital Energy (direct obs): -0.020408 +/- 0.000017
------------------------------ Clean Observation -------------------------------
Energy bound [-0.023752, -0.016980]
Removed 0 Outliers
Outliers Orbital Energy []
Clean AFQMC/pt2CCSD Orbital Energy (covariance): -0.020408 +/- 0.000021
Clean AFQMC/pt2CCSD Orbital Energy (direct obs): -0.020408 +/- 0.000017
------------------------------ Blocking Analysis -------------------------------
Warning: small dataset, relaxed min_nblocks to 12
nsample = 120, max_block_size = 10, min_nblocks = 12
Blk_SZ   NBlk   NSmp      Energy     Error    dError
     1    120    120   -0.020405  0.000017  0.000001
     2     60    120   -0.020405  0.000020  0.000002
     3     40    120   -0.020406  0.000021  0.000002
     4     30    120   -0.020406  0.000022  0.000003
     5     24    120   -0.020406  0.000021  0.000003
     6     20    120   -0.020406  0.000025  0.000004
     7     17    119   -0.020407  0.000028  0.000005
     8     15    120   -0.020407  0.000020  0.000004
     9     13    117   -0.020409  0.000026  0.000005
    10     12    120   -0.020407  0.000024  0.000005
Fit: plateau = 0.000024 ± 0.000002
     autocorrelation length ~ 1.9 blocks
     plateau reached at block size ~ 8
Blocked AFQMC/pt2CCSD Orbital Energy: -0.020408 +/- 0.000024
total run time: 31.46
--------------------------- AFQMC Sampling Finished ----------------------------


======================== restricted LNO-FRAGMENT 64/72 =========================
Center Atom H
AOs with contribution > 0.01
        AO Label     Amp
     63 H 1s      0.3757
     63 H 2s      0.2421
     36 C 3px     0.0772
     36 C 3dxy    0.0648
     36 C 3s      0.0632
     36 C 3py     0.0402
     63 H 2px     0.0233
     36 C 3dz^2   0.0177
     37 C 3py     0.0177
     35 C 3px     0.0169
     63 H 2py     0.0124
LAS occupied orbitals: 7
LAS virtual orbitals: 32
CCSD time: 2.876373 s
LNO-MP2 Orbital Energy: -0.01761923
LNO-CCSD Orbital Energy: -0.01990052
Calculating Effective Active Space One-electron Integrals
number of active occupied orbitals 7
number of active virtual orbitals 32
DF loop 0 number of DF vectors 240
DF loop 1 number of DF vectors 240
DF loop 2 number of DF vectors 240
DF loop 3 number of DF vectors 240
DF loop 4 number of DF vectors 240
DF loop 5 number of DF vectors 240
DF loop 6 number of DF vectors 240
DF loop 7 number of DF vectors 240
DF loop 8 number of DF vectors 240
DF loop 9 number of DF vectors 240
DF loop 10 number of DF vectors 240
DF loop 11 number of DF vectors 240
DF loop 12 number of DF vectors 240
DF loop 13 number of DF vectors 240
DF loop 14 number of DF vectors 240
DF loop 15 number of DF vectors 240
DF loop 16 number of DF vectors 240
DF loop 17 number of DF vectors 114
build JK time: 5.594846 s
build ecore time: 0.194007 s
build h1eff time: 5.869545 s
Generating Cholesky Integrals
Composing AO ERIs from DF basis
Raw CDERI in LAS shape: (4194, 780)
Compress CDERI into LAS Cholesky Vectors by SVD
Cholesky cutoff: 1e-05
Build effective h0 and h1 time: 6.021160 s
Build CDERI in LAS time: 5.628269 s
Compress CDERI to LAS Choleskey Vectors time: 0.576774 s
Build Integral total time: 12.228029 s
Finished calculating Cholesky integrals
Size of the correlation space
Number of electrons: (7,7)
Number of basis functions: 39
Cholesky shape: (345, 39, 39)
running AFQMC on GPU
Hostname: gpua059.delta.ncsa.illinois.edu
System Type: Linux
Machine Type: x86_64
Processor: x86_64
Using GPU.
System: Linux
Node Name: gpua059.delta.ncsa.illinois.edu
Release: 5.14.0-427.91.1.el9_4.x86_64
Version: #1 SMP PREEMPT_DYNAMIC Wed Sep 17 10:08:59 EDT 2025
Machine: x86_64
Processor: x86_64
AFQMC script: /u/yzhang65/myprojects/software/afqmc/afqmc/lno_afqmc/ccsd_pt2/run_afqmc.py
---------------------------- AFQMC Sampling Started ----------------------------
Hostname: gpua059.delta.ncsa.illinois.edu
System Type: Linux
Machine Type: x86_64
Processor: x86_64
Using GPU.
System: Linux
Node Name: gpua059.delta.ncsa.illinois.edu
Release: 5.14.0-427.91.1.el9_4.x86_64
Version: #1 SMP PREEMPT_DYNAMIC Wed Sep 17 10:08:59 EDT 2025
Machine: x86_64
Processor: x86_64
Trial: ccsd_pt2(norb=39, nelec=(7, 7), n_batch=1, nchol_chunk=100, mix_precision=True)
Sampler: sampler_pt2(n_prop_steps=50, n_blocks=500, n_chol=345)
norb: 39
nelec: (7, 7)
nchol: 345
n_eql: 100
n_prop_steps: 50
n_blocks: 500
n_walkers: 300
nchol_chunk: 100
mix_precision: True
n_batch: 1
seed: 6565
walker_type: rhf
trial: ccsd_pt2
dt: 0.005
use_gpu: True
max_error: 5.892556509887897e-05
n_exp_terms: 6
Propagating with 300 walkers
Initial Orbital energy: -0.019905
-------------------------------- Equilibration ---------------------------------
inv_T        energy   runTime
 0.00  -2055.865090      9.15
 2.50  -2056.121678     14.56
 5.00  -2056.101133     14.92
 7.50  -2056.115409     15.27
10.00  -2056.121473     15.62
12.50  -2056.114838     15.98
15.00  -2056.124495     16.33
17.50  -2056.117242     16.68
20.00  -2056.102330     17.04
22.50  -2056.123412     17.39
25.00  -2056.124411     17.75
------------------------------- Sampling Blocks --------------------------------
Target Final Error ~ 0.000059
   N      E(Guide)     Error      E(Orb)     Error  Kill_WK      Time
  20  -2056.120096  0.002151   -0.020321  0.000049        0     26.54
  40  -2056.123737  0.001568   -0.020379  0.000047        0     27.52
  60  -2056.125768  0.001374   -0.020450  0.000042        0     28.49
  80  -2056.127508  0.001198   -0.020441  0.000033        0     29.46
 100  -2056.128705  0.001108   -0.020472  0.000033        0     30.43
 120  -2056.127886  0.001006   -0.020461  0.000028        0     31.40
------------------------------- Post Propagation -------------------------------
Total number of samples 120
Raw AFQMC/HF Energy: -2056.127886 +/- 0.001006
Raw AFQMC/pt2CCSD Orbital Energy (covariance): -0.020461 +/- 0.000028
Raw AFQMC/pt2CCSD Orbital Energy (direct obs): -0.020461 +/- 0.000022
------------------------------ Clean Observation -------------------------------
Energy bound [-0.023488, -0.017348]
Removed 0 Outliers
Outliers Orbital Energy []
Clean AFQMC/pt2CCSD Orbital Energy (covariance): -0.020461 +/- 0.000028
Clean AFQMC/pt2CCSD Orbital Energy (direct obs): -0.020461 +/- 0.000022
------------------------------ Blocking Analysis -------------------------------
Warning: small dataset, relaxed min_nblocks to 12
nsample = 120, max_block_size = 10, min_nblocks = 12
Blk_SZ   NBlk   NSmp      Energy     Error    dError
     1    120    120   -0.020458  0.000022  0.000001
     2     60    120   -0.020459  0.000027  0.000002
     3     40    120   -0.020459  0.000030  0.000003
     4     30    120   -0.020460  0.000030  0.000004
     5     24    120   -0.020460  0.000030  0.000004
     6     20    120   -0.020460  0.000027  0.000004
     7     17    119   -0.020460  0.000034  0.000006
     8     15    120   -0.020460  0.000034  0.000007
     9     13    117   -0.020461  0.000036  0.000007
    10     12    120   -0.020460  0.000037  0.000008
Fit: plateau = 0.000033 ± 0.000004
     autocorrelation length ~ 2.1 blocks
     plateau reached at block size ~ 9
Blocked AFQMC/pt2CCSD Orbital Energy: -0.020461 +/- 0.000033
total run time: 31.41
--------------------------- AFQMC Sampling Finished ----------------------------


======================== restricted LNO-FRAGMENT 65/72 =========================
Center Atom H
AOs with contribution > 0.01
        AO Label     Amp
     64 H 1s      0.3719
     64 H 2s      0.2396
     37 C 3px     0.0999
     37 C 3s      0.0645
     37 C 3dxy    0.0371
    37 C 3dx2-y2  0.0369
     64 H 2px     0.0321
     37 C 3dz^2   0.0183
     37 C 3py     0.0170
     36 C 3py     0.0159
     29 C 3px     0.0149
LAS occupied orbitals: 7
LAS virtual orbitals: 32
CCSD time: 2.927650 s
LNO-MP2 Orbital Energy: -0.01739910
LNO-CCSD Orbital Energy: -0.01963647
Calculating Effective Active Space One-electron Integrals
number of active occupied orbitals 7
number of active virtual orbitals 32
DF loop 0 number of DF vectors 240
DF loop 1 number of DF vectors 240
DF loop 2 number of DF vectors 240
DF loop 3 number of DF vectors 240
DF loop 4 number of DF vectors 240
DF loop 5 number of DF vectors 240
DF loop 6 number of DF vectors 240
DF loop 7 number of DF vectors 240
DF loop 8 number of DF vectors 240
DF loop 9 number of DF vectors 240
DF loop 10 number of DF vectors 240
DF loop 11 number of DF vectors 240
DF loop 12 number of DF vectors 240
DF loop 13 number of DF vectors 240
DF loop 14 number of DF vectors 240
DF loop 15 number of DF vectors 240
DF loop 16 number of DF vectors 240
DF loop 17 number of DF vectors 114
build JK time: 5.602713 s
build ecore time: 0.205534 s
build h1eff time: 5.891047 s
Generating Cholesky Integrals
Composing AO ERIs from DF basis
Raw CDERI in LAS shape: (4194, 780)
Compress CDERI into LAS Cholesky Vectors by SVD
Cholesky cutoff: 1e-05
Build effective h0 and h1 time: 6.060472 s
Build CDERI in LAS time: 5.667571 s
Compress CDERI to LAS Choleskey Vectors time: 0.570744 s
Build Integral total time: 12.300363 s
Finished calculating Cholesky integrals
Size of the correlation space
Number of electrons: (7,7)
Number of basis functions: 39
Cholesky shape: (346, 39, 39)
running AFQMC on GPU
Hostname: gpua059.delta.ncsa.illinois.edu
System Type: Linux
Machine Type: x86_64
Processor: x86_64
Using GPU.
System: Linux
Node Name: gpua059.delta.ncsa.illinois.edu
Release: 5.14.0-427.91.1.el9_4.x86_64
Version: #1 SMP PREEMPT_DYNAMIC Wed Sep 17 10:08:59 EDT 2025
Machine: x86_64
Processor: x86_64
AFQMC script: /u/yzhang65/myprojects/software/afqmc/afqmc/lno_afqmc/ccsd_pt2/run_afqmc.py
---------------------------- AFQMC Sampling Started ----------------------------
Hostname: gpua059.delta.ncsa.illinois.edu
System Type: Linux
Machine Type: x86_64
Processor: x86_64
Using GPU.
System: Linux
Node Name: gpua059.delta.ncsa.illinois.edu
Release: 5.14.0-427.91.1.el9_4.x86_64
Version: #1 SMP PREEMPT_DYNAMIC Wed Sep 17 10:08:59 EDT 2025
Machine: x86_64
Processor: x86_64
Trial: ccsd_pt2(norb=39, nelec=(7, 7), n_batch=1, nchol_chunk=100, mix_precision=True)
Sampler: sampler_pt2(n_prop_steps=50, n_blocks=500, n_chol=346)
norb: 39
nelec: (7, 7)
nchol: 346
n_eql: 100
n_prop_steps: 50
n_blocks: 500
n_walkers: 300
nchol_chunk: 100
mix_precision: True
n_batch: 1
seed: 108
walker_type: rhf
trial: ccsd_pt2
dt: 0.005
use_gpu: True
max_error: 5.892556509887897e-05
n_exp_terms: 6
Propagating with 300 walkers
Initial Orbital energy: -0.019642
-------------------------------- Equilibration ---------------------------------
inv_T        energy   runTime
 0.00  -2055.865091      9.14
 2.50  -2056.121616     14.66
 5.00  -2056.128162     15.01
 7.50  -2056.126690     15.37
10.00  -2056.119121     15.72
12.50  -2056.129046     16.07
15.00  -2056.127831     16.43
17.50  -2056.136812     16.78
20.00  -2056.121398     17.13
22.50  -2056.133324     17.49
25.00  -2056.115792     17.84
------------------------------- Sampling Blocks --------------------------------
Target Final Error ~ 0.000059
   N      E(Guide)     Error      E(Orb)     Error  Kill_WK      Time
  20  -2056.120747  0.002492   -0.020182  0.000075        0     26.68
  40  -2056.127142  0.001809   -0.020170  0.000049        0     27.65
  60  -2056.126513  0.001430   -0.020130  0.000036        0     28.62
  80  -2056.125718  0.001276   -0.020129  0.000029        0     29.59
 100  -2056.124789  0.001099   -0.020132  0.000026        0     30.56
 120  -2056.123853  0.001001   -0.020112  0.000022        0     31.53
------------------------------- Post Propagation -------------------------------
Total number of samples 120
Raw AFQMC/HF Energy: -2056.123853 +/- 0.001001
Raw AFQMC/pt2CCSD Orbital Energy (covariance): -0.020112 +/- 0.000022
Raw AFQMC/pt2CCSD Orbital Energy (direct obs): -0.020112 +/- 0.000019
------------------------------ Clean Observation -------------------------------
Energy bound [-0.022947, -0.017185]
Removed 0 Outliers
Outliers Orbital Energy []
Clean AFQMC/pt2CCSD Orbital Energy (covariance): -0.020112 +/- 0.000022
Clean AFQMC/pt2CCSD Orbital Energy (direct obs): -0.020112 +/- 0.000019
------------------------------ Blocking Analysis -------------------------------
Warning: small dataset, relaxed min_nblocks to 12
nsample = 120, max_block_size = 10, min_nblocks = 12
Blk_SZ   NBlk   NSmp      Energy     Error    dError
     1    120    120   -0.020109  0.000019  0.000001
     2     60    120   -0.020110  0.000022  0.000002
     3     40    120   -0.020111  0.000023  0.000003
     4     30    120   -0.020111  0.000024  0.000003
     5     24    120   -0.020111  0.000024  0.000004
     6     20    120   -0.020111  0.000025  0.000004
     7     17    119   -0.020113  0.000025  0.000004
     8     15    120   -0.020112  0.000030  0.000006
     9     13    117   -0.020112  0.000026  0.000005
    10     12    120   -0.020112  0.000026  0.000006
Fit: plateau = 0.000027 ± 0.000004
     autocorrelation length ~ 3.0 blocks
     plateau reached at block size ~ 12
     !!!Failed to reach plateau in blocking
     Return max block error
Blocked AFQMC/pt2CCSD Orbital Energy: -0.020112 +/- 0.000030
total run time: 31.53
--------------------------- AFQMC Sampling Finished ----------------------------


======================== restricted LNO-FRAGMENT 66/72 =========================
Center Atom H
AOs with contribution > 0.01
        AO Label     Amp
     65 H 1s      0.3750
     65 H 2s      0.2394
     38 C 3px     0.0765
     38 C 3dxy    0.0646
     38 C 3s      0.0629
     38 C 3py     0.0397
     65 H 2px     0.0233
     38 C 3dz^2   0.0177
     39 C 3px     0.0177
     35 C 3py     0.0165
     65 H 2py     0.0121
LAS occupied orbitals: 7
LAS virtual orbitals: 36
CCSD time: 3.162740 s
LNO-MP2 Orbital Energy: -0.01788039
LNO-CCSD Orbital Energy: -0.02007916
Calculating Effective Active Space One-electron Integrals
number of active occupied orbitals 7
number of active virtual orbitals 36
DF loop 0 number of DF vectors 240
DF loop 1 number of DF vectors 240
DF loop 2 number of DF vectors 240
DF loop 3 number of DF vectors 240
DF loop 4 number of DF vectors 240
DF loop 5 number of DF vectors 240
DF loop 6 number of DF vectors 240
DF loop 7 number of DF vectors 240
DF loop 8 number of DF vectors 240
DF loop 9 number of DF vectors 240
DF loop 10 number of DF vectors 240
DF loop 11 number of DF vectors 240
DF loop 12 number of DF vectors 240
DF loop 13 number of DF vectors 240
DF loop 14 number of DF vectors 240
DF loop 15 number of DF vectors 240
DF loop 16 number of DF vectors 240
DF loop 17 number of DF vectors 114
build JK time: 5.584246 s
build ecore time: 0.194460 s
build h1eff time: 5.848028 s
Generating Cholesky Integrals
Composing AO ERIs from DF basis
Raw CDERI in LAS shape: (4194, 946)
Compress CDERI into LAS Cholesky Vectors by SVD
Cholesky cutoff: 1e-05
Build effective h0 and h1 time: 6.030057 s
Build CDERI in LAS time: 5.197934 s
Compress CDERI to LAS Choleskey Vectors time: 0.625578 s
Build Integral total time: 11.855766 s
Finished calculating Cholesky integrals
Size of the correlation space
Number of electrons: (7,7)
Number of basis functions: 43
Cholesky shape: (407, 43, 43)
running AFQMC on GPU
Hostname: gpua059.delta.ncsa.illinois.edu
System Type: Linux
Machine Type: x86_64
Processor: x86_64
Using GPU.
System: Linux
Node Name: gpua059.delta.ncsa.illinois.edu
Release: 5.14.0-427.91.1.el9_4.x86_64
Version: #1 SMP PREEMPT_DYNAMIC Wed Sep 17 10:08:59 EDT 2025
Machine: x86_64
Processor: x86_64
AFQMC script: /u/yzhang65/myprojects/software/afqmc/afqmc/lno_afqmc/ccsd_pt2/run_afqmc.py
---------------------------- AFQMC Sampling Started ----------------------------
Hostname: gpua059.delta.ncsa.illinois.edu
System Type: Linux
Machine Type: x86_64
Processor: x86_64
Using GPU.
System: Linux
Node Name: gpua059.delta.ncsa.illinois.edu
Release: 5.14.0-427.91.1.el9_4.x86_64
Version: #1 SMP PREEMPT_DYNAMIC Wed Sep 17 10:08:59 EDT 2025
Machine: x86_64
Processor: x86_64
Trial: ccsd_pt2(norb=43, nelec=(7, 7), n_batch=1, nchol_chunk=100, mix_precision=True)
Sampler: sampler_pt2(n_prop_steps=50, n_blocks=500, n_chol=407)
norb: 43
nelec: (7, 7)
nchol: 407
n_eql: 100
n_prop_steps: 50
n_blocks: 500
n_walkers: 300
nchol_chunk: 100
mix_precision: True
n_batch: 1
seed: 6350
walker_type: rhf
trial: ccsd_pt2
dt: 0.005
use_gpu: True
max_error: 5.892556509887897e-05
n_exp_terms: 6
Propagating with 300 walkers
Initial Orbital energy: -0.020082
-------------------------------- Equilibration ---------------------------------
inv_T        energy   runTime
 0.00  -2055.865089      9.25
 2.50  -2056.117038     14.84
 5.00  -2056.138615     15.22
 7.50  -2056.152182     15.60
10.00  -2056.142771     15.98
12.50  -2056.138268     16.35
15.00  -2056.139016     16.73
17.50  -2056.141250     17.11
20.00  -2056.146390     17.49
22.50  -2056.146369     17.87
25.00  -2056.151154     18.24
------------------------------- Sampling Blocks --------------------------------
Target Final Error ~ 0.000059
   N      E(Guide)     Error      E(Orb)     Error  Kill_WK      Time
  20  -2056.144694  0.003182   -0.020668  0.000056        0     27.34
  40  -2056.139884  0.002113   -0.020610  0.000037        0     28.44
  60  -2056.136409  0.001751   -0.020594  0.000028        0     29.55
  80  -2056.132866  0.001544   -0.020581  0.000023        0     30.65
 100  -2056.133952  0.001321   -0.020583  0.000020        0     31.75
 120  -2056.134702  0.001240   -0.020576  0.000023        0     32.85
------------------------------- Post Propagation -------------------------------
Total number of samples 120
Raw AFQMC/HF Energy: -2056.134702 +/- 0.001240
Raw AFQMC/pt2CCSD Orbital Energy (covariance): -0.020576 +/- 0.000023
Raw AFQMC/pt2CCSD Orbital Energy (direct obs): -0.020576 +/- 0.000017
------------------------------ Clean Observation -------------------------------
Energy bound [-0.023404, -0.017681]
Removed 0 Outliers
Outliers Orbital Energy []
Clean AFQMC/pt2CCSD Orbital Energy (covariance): -0.020576 +/- 0.000023
Clean AFQMC/pt2CCSD Orbital Energy (direct obs): -0.020576 +/- 0.000017
------------------------------ Blocking Analysis -------------------------------
Warning: small dataset, relaxed min_nblocks to 12
nsample = 120, max_block_size = 10, min_nblocks = 12
Blk_SZ   NBlk   NSmp      Energy     Error    dError
     1    120    120   -0.020574  0.000017  0.000001
     2     60    120   -0.020574  0.000022  0.000002
     3     40    120   -0.020575  0.000023  0.000003
     4     30    120   -0.020575  0.000024  0.000003
     5     24    120   -0.020575  0.000025  0.000004
     6     20    120   -0.020575  0.000024  0.000004
     7     17    119   -0.020575  0.000029  0.000005
     8     15    120   -0.020575  0.000025  0.000005
     9     13    117   -0.020575  0.000022  0.000005
    10     12    120   -0.020575  0.000020  0.000004
Fit: plateau = 0.000024 ± 0.000002
     autocorrelation length ~ 0.9 blocks
     plateau reached at block size ~ 5
Blocked AFQMC/pt2CCSD Orbital Energy: -0.020576 +/- 0.000024
total run time: 32.86
--------------------------- AFQMC Sampling Finished ----------------------------


======================== restricted LNO-FRAGMENT 67/72 =========================
Center Atom H
AOs with contribution > 0.01
        AO Label     Amp
     66 H 1s      0.3749
     66 H 2s      0.2394
     46 C 3px     0.0956
     46 C 3s      0.0629
     46 C 3dxy    0.0397
    46 C 3dx2-y2  0.0309
     66 H 2px     0.0292
     46 C 3py     0.0195
     46 C 3dz^2   0.0167
     45 C 3px     0.0164
      2 C 3py     0.0142
LAS occupied orbitals: 7
LAS virtual orbitals: 36
CCSD time: 2.983437 s
LNO-MP2 Orbital Energy: -0.01787584
LNO-CCSD Orbital Energy: -0.02007312
Calculating Effective Active Space One-electron Integrals
number of active occupied orbitals 7
number of active virtual orbitals 36
DF loop 0 number of DF vectors 240
DF loop 1 number of DF vectors 240
DF loop 2 number of DF vectors 240
DF loop 3 number of DF vectors 240
DF loop 4 number of DF vectors 240
DF loop 5 number of DF vectors 240
DF loop 6 number of DF vectors 240
DF loop 7 number of DF vectors 240
DF loop 8 number of DF vectors 240
DF loop 9 number of DF vectors 240
DF loop 10 number of DF vectors 240
DF loop 11 number of DF vectors 240
DF loop 12 number of DF vectors 240
DF loop 13 number of DF vectors 240
DF loop 14 number of DF vectors 240
DF loop 15 number of DF vectors 240
DF loop 16 number of DF vectors 240
DF loop 17 number of DF vectors 114
build JK time: 5.600560 s
build ecore time: 0.194173 s
build h1eff time: 5.863926 s
Generating Cholesky Integrals
Composing AO ERIs from DF basis
Raw CDERI in LAS shape: (4194, 946)
Compress CDERI into LAS Cholesky Vectors by SVD
Cholesky cutoff: 1e-05
Build effective h0 and h1 time: 6.030943 s
Build CDERI in LAS time: 5.190823 s
Compress CDERI to LAS Choleskey Vectors time: 0.618318 s
Build Integral total time: 11.842268 s
Finished calculating Cholesky integrals
Size of the correlation space
Number of electrons: (7,7)
Number of basis functions: 43
Cholesky shape: (407, 43, 43)
running AFQMC on GPU
Hostname: gpua059.delta.ncsa.illinois.edu
System Type: Linux
Machine Type: x86_64
Processor: x86_64
Using GPU.
System: Linux
Node Name: gpua059.delta.ncsa.illinois.edu
Release: 5.14.0-427.91.1.el9_4.x86_64
Version: #1 SMP PREEMPT_DYNAMIC Wed Sep 17 10:08:59 EDT 2025
Machine: x86_64
Processor: x86_64
AFQMC script: /u/yzhang65/myprojects/software/afqmc/afqmc/lno_afqmc/ccsd_pt2/run_afqmc.py
---------------------------- AFQMC Sampling Started ----------------------------
Hostname: gpua059.delta.ncsa.illinois.edu
System Type: Linux
Machine Type: x86_64
Processor: x86_64
Using GPU.
System: Linux
Node Name: gpua059.delta.ncsa.illinois.edu
Release: 5.14.0-427.91.1.el9_4.x86_64
Version: #1 SMP PREEMPT_DYNAMIC Wed Sep 17 10:08:59 EDT 2025
Machine: x86_64
Processor: x86_64
Trial: ccsd_pt2(norb=43, nelec=(7, 7), n_batch=1, nchol_chunk=100, mix_precision=True)
Sampler: sampler_pt2(n_prop_steps=50, n_blocks=500, n_chol=407)
norb: 43
nelec: (7, 7)
nchol: 407
n_eql: 100
n_prop_steps: 50
n_blocks: 500
n_walkers: 300
nchol_chunk: 100
mix_precision: True
n_batch: 1
seed: 3028
walker_type: rhf
trial: ccsd_pt2
dt: 0.005
use_gpu: True
max_error: 5.892556509887897e-05
n_exp_terms: 6
Propagating with 300 walkers
Initial Orbital energy: -0.020077
-------------------------------- Equilibration ---------------------------------
inv_T        energy   runTime
 0.00  -2055.865089      9.28
 2.50  -2056.126232     14.89
 5.00  -2056.120948     15.27
 7.50  -2056.140141     15.66
10.00  -2056.145201     16.04
12.50  -2056.153950     16.42
15.00  -2056.132279     16.80
17.50  -2056.123244     17.19
20.00  -2056.160433     17.57
22.50  -2056.137140     17.95
25.00  -2056.130094     18.34
------------------------------- Sampling Blocks --------------------------------
Target Final Error ~ 0.000059
   N      E(Guide)     Error      E(Orb)     Error  Kill_WK      Time
  20  -2056.128253  0.001751   -0.020586  0.000038        0     27.44
  40  -2056.130419  0.001682   -0.020544  0.000030        0     28.55
  60  -2056.131190  0.001337   -0.020547  0.000024        0     29.66
  80  -2056.132429  0.001203   -0.020569  0.000022        0     30.77
 100  -2056.133424  0.001090   -0.020594  0.000026        0     31.88
 120  -2056.134508  0.001037   -0.020610  0.000025        0     32.99
------------------------------- Post Propagation -------------------------------
Total number of samples 120
Raw AFQMC/HF Energy: -2056.134508 +/- 0.001037
Raw AFQMC/pt2CCSD Orbital Energy (covariance): -0.020610 +/- 0.000025
Raw AFQMC/pt2CCSD Orbital Energy (direct obs): -0.020610 +/- 0.000019
------------------------------ Clean Observation -------------------------------
Energy bound [-0.023472, -0.017701]
Removed 0 Outliers
Outliers Orbital Energy []
Clean AFQMC/pt2CCSD Orbital Energy (covariance): -0.020610 +/- 0.000025
Clean AFQMC/pt2CCSD Orbital Energy (direct obs): -0.020610 +/- 0.000019
------------------------------ Blocking Analysis -------------------------------
Warning: small dataset, relaxed min_nblocks to 12
nsample = 120, max_block_size = 10, min_nblocks = 12
Blk_SZ   NBlk   NSmp      Energy     Error    dError
     1    120    120   -0.020606  0.000019  0.000001
     2     60    120   -0.020607  0.000023  0.000002
     3     40    120   -0.020607  0.000025  0.000003
     4     30    120   -0.020608  0.000026  0.000003
     5     24    120   -0.020608  0.000028  0.000004
     6     20    120   -0.020608  0.000029  0.000005
     7     17    119   -0.020609  0.000030  0.000005
     8     15    120   -0.020608  0.000032  0.000006
     9     13    117   -0.020610  0.000031  0.000006
    10     12    120   -0.020608  0.000033  0.000007
Fit: plateau = 0.000032 ± 0.000006
     autocorrelation length ~ 3.2 blocks
     plateau reached at block size ~ 14
     !!!Failed to reach plateau in blocking
     Return max block error
Blocked AFQMC/pt2CCSD Orbital Energy: -0.020610 +/- 0.000033
total run time: 32.99
--------------------------- AFQMC Sampling Finished ----------------------------


======================== restricted LNO-FRAGMENT 68/72 =========================
Center Atom H
AOs with contribution > 0.01
        AO Label     Amp
     67 H 1s      0.3756
     67 H 2s      0.2421
     47 C 3px     0.0967
     47 C 3s      0.0634
     47 C 3dxy    0.0398
    47 C 3dx2-y2  0.0312
     67 H 2px     0.0297
     47 C 3py     0.0197
     49 C 3px     0.0182
     47 C 3dz^2   0.0168
     45 C 3py     0.0137
LAS occupied orbitals: 7
LAS virtual orbitals: 33
CCSD time: 2.868959 s
LNO-MP2 Orbital Energy: -0.01763066
LNO-CCSD Orbital Energy: -0.01989588
Calculating Effective Active Space One-electron Integrals
number of active occupied orbitals 7
number of active virtual orbitals 33
DF loop 0 number of DF vectors 240
DF loop 1 number of DF vectors 240
DF loop 2 number of DF vectors 240
DF loop 3 number of DF vectors 240
DF loop 4 number of DF vectors 240
DF loop 5 number of DF vectors 240
DF loop 6 number of DF vectors 240
DF loop 7 number of DF vectors 240
DF loop 8 number of DF vectors 240
DF loop 9 number of DF vectors 240
DF loop 10 number of DF vectors 240
DF loop 11 number of DF vectors 240
DF loop 12 number of DF vectors 240
DF loop 13 number of DF vectors 240
DF loop 14 number of DF vectors 240
DF loop 15 number of DF vectors 240
DF loop 16 number of DF vectors 240
DF loop 17 number of DF vectors 114
build JK time: 5.606773 s
build ecore time: 0.193809 s
build h1eff time: 5.865077 s
Generating Cholesky Integrals
Composing AO ERIs from DF basis
Raw CDERI in LAS shape: (4194, 820)
Compress CDERI into LAS Cholesky Vectors by SVD
Cholesky cutoff: 1e-05
Build effective h0 and h1 time: 6.033442 s
Build CDERI in LAS time: 6.129666 s
Compress CDERI to LAS Choleskey Vectors time: 0.586957 s
Build Integral total time: 12.752016 s
Finished calculating Cholesky integrals
Size of the correlation space
Number of electrons: (7,7)
Number of basis functions: 40
Cholesky shape: (356, 40, 40)
running AFQMC on GPU
Hostname: gpua059.delta.ncsa.illinois.edu
System Type: Linux
Machine Type: x86_64
Processor: x86_64
Using GPU.
System: Linux
Node Name: gpua059.delta.ncsa.illinois.edu
Release: 5.14.0-427.91.1.el9_4.x86_64
Version: #1 SMP PREEMPT_DYNAMIC Wed Sep 17 10:08:59 EDT 2025
Machine: x86_64
Processor: x86_64
AFQMC script: /u/yzhang65/myprojects/software/afqmc/afqmc/lno_afqmc/ccsd_pt2/run_afqmc.py
---------------------------- AFQMC Sampling Started ----------------------------
Hostname: gpua059.delta.ncsa.illinois.edu
System Type: Linux
Machine Type: x86_64
Processor: x86_64
Using GPU.
System: Linux
Node Name: gpua059.delta.ncsa.illinois.edu
Release: 5.14.0-427.91.1.el9_4.x86_64
Version: #1 SMP PREEMPT_DYNAMIC Wed Sep 17 10:08:59 EDT 2025
Machine: x86_64
Processor: x86_64
Trial: ccsd_pt2(norb=40, nelec=(7, 7), n_batch=1, nchol_chunk=100, mix_precision=True)
Sampler: sampler_pt2(n_prop_steps=50, n_blocks=500, n_chol=356)
norb: 40
nelec: (7, 7)
nchol: 356
n_eql: 100
n_prop_steps: 50
n_blocks: 500
n_walkers: 300
nchol_chunk: 100
mix_precision: True
n_batch: 1
seed: 1621
walker_type: rhf
trial: ccsd_pt2
dt: 0.005
use_gpu: True
max_error: 5.892556509887897e-05
n_exp_terms: 6
Propagating with 300 walkers
Initial Orbital energy: -0.019901
-------------------------------- Equilibration ---------------------------------
inv_T        energy   runTime
 0.00  -2055.865088      9.04
 2.50  -2056.125435     14.45
 5.00  -2056.122583     14.81
 7.50  -2056.117562     15.16
10.00  -2056.147266     15.51
12.50  -2056.134922     15.86
15.00  -2056.119176     16.22
17.50  -2056.130409     16.57
20.00  -2056.124651     16.92
22.50  -2056.131402     17.28
25.00  -2056.126912     17.63
------------------------------- Sampling Blocks --------------------------------
Target Final Error ~ 0.000059
   N      E(Guide)     Error      E(Orb)     Error  Kill_WK      Time
  20  -2056.133507  0.002368   -0.020342  0.000036        0     26.46
  40  -2056.132337  0.001436   -0.020345  0.000026        0     27.44
  60  -2056.133848  0.001257   -0.020353  0.000023        0     28.43
  80  -2056.134824  0.001223   -0.020376  0.000023        0     29.42
 100  -2056.133689  0.001108   -0.020356  0.000020        0     30.39
 120  -2056.131427  0.001130   -0.020350  0.000018        0     31.37
------------------------------- Post Propagation -------------------------------
Total number of samples 120
Raw AFQMC/HF Energy: -2056.131427 +/- 0.001130
Raw AFQMC/pt2CCSD Orbital Energy (covariance): -0.020350 +/- 0.000018
Raw AFQMC/pt2CCSD Orbital Energy (direct obs): -0.020350 +/- 0.000014
------------------------------ Clean Observation -------------------------------
Energy bound [-0.023181, -0.017479]
Removed 0 Outliers
Outliers Orbital Energy []
Clean AFQMC/pt2CCSD Orbital Energy (covariance): -0.020350 +/- 0.000018
Clean AFQMC/pt2CCSD Orbital Energy (direct obs): -0.020350 +/- 0.000014
------------------------------ Blocking Analysis -------------------------------
Warning: small dataset, relaxed min_nblocks to 12
nsample = 120, max_block_size = 10, min_nblocks = 12
Blk_SZ   NBlk   NSmp      Energy     Error    dError
     1    120    120   -0.020346  0.000014  0.000001
     2     60    120   -0.020346  0.000018  0.000002
     3     40    120   -0.020347  0.000019  0.000002
     4     30    120   -0.020347  0.000021  0.000003
     5     24    120   -0.020348  0.000021  0.000003
     6     20    120   -0.020348  0.000023  0.000004
     7     17    119   -0.020351  0.000022  0.000004
     8     15    120   -0.020348  0.000022  0.000004
     9     13    117   -0.020354  0.000015  0.000003
    10     12    120   -0.020349  0.000021  0.000004
Fit: plateau = 0.000020 ± 0.000001
     autocorrelation length ~ 1.1 blocks
     plateau reached at block size ~ 5
Blocked AFQMC/pt2CCSD Orbital Energy: -0.020350 +/- 0.000020
total run time: 31.38
--------------------------- AFQMC Sampling Finished ----------------------------


======================== restricted LNO-FRAGMENT 69/72 =========================
Center Atom H
AOs with contribution > 0.01
        AO Label     Amp
     68 H 1s      0.3758
     68 H 2s      0.2422
     49 C 3py     0.1161
    49 C 3dx2-y2  0.0689
     49 C 3s      0.0633
     68 H 2py     0.0354
     49 C 3dz^2   0.0176
     47 C 3py     0.0140
LAS occupied orbitals: 7
LAS virtual orbitals: 33
CCSD time: 2.858237 s
LNO-MP2 Orbital Energy: -0.01764172
LNO-CCSD Orbital Energy: -0.01990870
Calculating Effective Active Space One-electron Integrals
number of active occupied orbitals 7
number of active virtual orbitals 33
DF loop 0 number of DF vectors 240
DF loop 1 number of DF vectors 240
DF loop 2 number of DF vectors 240
DF loop 3 number of DF vectors 240
DF loop 4 number of DF vectors 240
DF loop 5 number of DF vectors 240
DF loop 6 number of DF vectors 240
DF loop 7 number of DF vectors 240
DF loop 8 number of DF vectors 240
DF loop 9 number of DF vectors 240
DF loop 10 number of DF vectors 240
DF loop 11 number of DF vectors 240
DF loop 12 number of DF vectors 240
DF loop 13 number of DF vectors 240
DF loop 14 number of DF vectors 240
DF loop 15 number of DF vectors 240
DF loop 16 number of DF vectors 240
DF loop 17 number of DF vectors 114
build JK time: 5.605612 s
build ecore time: 0.194178 s
build h1eff time: 5.864454 s
Generating Cholesky Integrals
Composing AO ERIs from DF basis
Raw CDERI in LAS shape: (4194, 820)
Compress CDERI into LAS Cholesky Vectors by SVD
Cholesky cutoff: 1e-05
Build effective h0 and h1 time: 6.000570 s
Build CDERI in LAS time: 6.104680 s
Compress CDERI to LAS Choleskey Vectors time: 0.575492 s
Build Integral total time: 12.682797 s
Finished calculating Cholesky integrals
Size of the correlation space
Number of electrons: (7,7)
Number of basis functions: 40
Cholesky shape: (356, 40, 40)
running AFQMC on GPU
Hostname: gpua059.delta.ncsa.illinois.edu
System Type: Linux
Machine Type: x86_64
Processor: x86_64
Using GPU.
System: Linux
Node Name: gpua059.delta.ncsa.illinois.edu
Release: 5.14.0-427.91.1.el9_4.x86_64
Version: #1 SMP PREEMPT_DYNAMIC Wed Sep 17 10:08:59 EDT 2025
Machine: x86_64
Processor: x86_64
AFQMC script: /u/yzhang65/myprojects/software/afqmc/afqmc/lno_afqmc/ccsd_pt2/run_afqmc.py
---------------------------- AFQMC Sampling Started ----------------------------
Hostname: gpua059.delta.ncsa.illinois.edu
System Type: Linux
Machine Type: x86_64
Processor: x86_64
Using GPU.
System: Linux
Node Name: gpua059.delta.ncsa.illinois.edu
Release: 5.14.0-427.91.1.el9_4.x86_64
Version: #1 SMP PREEMPT_DYNAMIC Wed Sep 17 10:08:59 EDT 2025
Machine: x86_64
Processor: x86_64
Trial: ccsd_pt2(norb=40, nelec=(7, 7), n_batch=1, nchol_chunk=100, mix_precision=True)
Sampler: sampler_pt2(n_prop_steps=50, n_blocks=500, n_chol=356)
norb: 40
nelec: (7, 7)
nchol: 356
n_eql: 100
n_prop_steps: 50
n_blocks: 500
n_walkers: 300
nchol_chunk: 100
mix_precision: True
n_batch: 1
seed: 6723
walker_type: rhf
trial: ccsd_pt2
dt: 0.005
use_gpu: True
max_error: 5.892556509887897e-05
n_exp_terms: 6
Propagating with 300 walkers
Initial Orbital energy: -0.019913
-------------------------------- Equilibration ---------------------------------
inv_T        energy   runTime
 0.00  -2055.865088      9.05
 2.50  -2056.123004     14.51
 5.00  -2056.135814     14.86
 7.50  -2056.152257     15.22
10.00  -2056.147971     15.57
12.50  -2056.135198     15.93
15.00  -2056.108793     16.29
17.50  -2056.140536     16.64
20.00  -2056.133530     17.00
22.50  -2056.130443     17.35
25.00  -2056.124668     17.71
------------------------------- Sampling Blocks --------------------------------
Target Final Error ~ 0.000059
   N      E(Guide)     Error      E(Orb)     Error  Kill_WK      Time
  20  -2056.128901  0.001677   -0.020544  0.000051        0     26.50
  40  -2056.129253  0.001477   -0.020430  0.000035        0     27.49
  60  -2056.128120  0.001224   -0.020425  0.000027        0     28.48
  80  -2056.130404  0.001249   -0.020466  0.000027        0     29.47
 100  -2056.130699  0.001078   -0.020464  0.000023        0     30.46
 120  -2056.130330  0.000970   -0.020449  0.000021        0     31.45
------------------------------- Post Propagation -------------------------------
Total number of samples 120
Raw AFQMC/HF Energy: -2056.130330 +/- 0.000970
Raw AFQMC/pt2CCSD Orbital Energy (covariance): -0.020449 +/- 0.000021
Raw AFQMC/pt2CCSD Orbital Energy (direct obs): -0.020449 +/- 0.000017
------------------------------ Clean Observation -------------------------------
Energy bound [-0.023913, -0.016921]
Removed 0 Outliers
Outliers Orbital Energy []
Clean AFQMC/pt2CCSD Orbital Energy (covariance): -0.020449 +/- 0.000021
Clean AFQMC/pt2CCSD Orbital Energy (direct obs): -0.020449 +/- 0.000017
------------------------------ Blocking Analysis -------------------------------
Warning: small dataset, relaxed min_nblocks to 12
nsample = 120, max_block_size = 10, min_nblocks = 12
Blk_SZ   NBlk   NSmp      Energy     Error    dError
     1    120    120   -0.020446  0.000017  0.000001
     2     60    120   -0.020447  0.000020  0.000002
     3     40    120   -0.020447  0.000023  0.000003
     4     30    120   -0.020448  0.000023  0.000003
     5     24    120   -0.020448  0.000023  0.000003
     6     20    120   -0.020448  0.000025  0.000004
     7     17    119   -0.020450  0.000025  0.000005
     8     15    120   -0.020448  0.000028  0.000005
     9     13    117   -0.020452  0.000030  0.000006
    10     12    120   -0.020449  0.000029  0.000006
Fit: plateau = 0.000030 ± 0.000008
     autocorrelation length ~ 4.6 blocks
     plateau reached at block size ~ 19
     !!!Failed to reach plateau in blocking
     Return max block error
Blocked AFQMC/pt2CCSD Orbital Energy: -0.020449 +/- 0.000030
total run time: 31.45
--------------------------- AFQMC Sampling Finished ----------------------------


======================== restricted LNO-FRAGMENT 70/72 =========================
Center Atom H
AOs with contribution > 0.01
        AO Label     Amp
     69 H 1s      0.3751
     69 H 2s      0.2395
     51 C 3py     0.1149
    51 C 3dx2-y2  0.0687
     51 C 3s      0.0629
     69 H 2py     0.0350
     51 C 3dz^2   0.0175
     48 C 3py     0.0123
LAS occupied orbitals: 7
LAS virtual orbitals: 36
CCSD time: 3.022373 s
LNO-MP2 Orbital Energy: -0.01787927
LNO-CCSD Orbital Energy: -0.02007794
Calculating Effective Active Space One-electron Integrals
number of active occupied orbitals 7
number of active virtual orbitals 36
DF loop 0 number of DF vectors 240
DF loop 1 number of DF vectors 240
DF loop 2 number of DF vectors 240
DF loop 3 number of DF vectors 240
DF loop 4 number of DF vectors 240
DF loop 5 number of DF vectors 240
DF loop 6 number of DF vectors 240
DF loop 7 number of DF vectors 240
DF loop 8 number of DF vectors 240
DF loop 9 number of DF vectors 240
DF loop 10 number of DF vectors 240
DF loop 11 number of DF vectors 240
DF loop 12 number of DF vectors 240
DF loop 13 number of DF vectors 240
DF loop 14 number of DF vectors 240
DF loop 15 number of DF vectors 240
DF loop 16 number of DF vectors 240
DF loop 17 number of DF vectors 114
build JK time: 5.581134 s
build ecore time: 0.193945 s
build h1eff time: 5.843660 s
Generating Cholesky Integrals
Composing AO ERIs from DF basis
Raw CDERI in LAS shape: (4194, 946)
Compress CDERI into LAS Cholesky Vectors by SVD
Cholesky cutoff: 1e-05
Build effective h0 and h1 time: 5.998466 s
Build CDERI in LAS time: 5.184391 s
Compress CDERI to LAS Choleskey Vectors time: 0.612591 s
Build Integral total time: 11.797377 s
Finished calculating Cholesky integrals
Size of the correlation space
Number of electrons: (7,7)
Number of basis functions: 43
Cholesky shape: (407, 43, 43)
running AFQMC on GPU
Hostname: gpua059.delta.ncsa.illinois.edu
System Type: Linux
Machine Type: x86_64
Processor: x86_64
Using GPU.
System: Linux
Node Name: gpua059.delta.ncsa.illinois.edu
Release: 5.14.0-427.91.1.el9_4.x86_64
Version: #1 SMP PREEMPT_DYNAMIC Wed Sep 17 10:08:59 EDT 2025
Machine: x86_64
Processor: x86_64
AFQMC script: /u/yzhang65/myprojects/software/afqmc/afqmc/lno_afqmc/ccsd_pt2/run_afqmc.py
---------------------------- AFQMC Sampling Started ----------------------------
Hostname: gpua059.delta.ncsa.illinois.edu
System Type: Linux
Machine Type: x86_64
Processor: x86_64
Using GPU.
System: Linux
Node Name: gpua059.delta.ncsa.illinois.edu
Release: 5.14.0-427.91.1.el9_4.x86_64
Version: #1 SMP PREEMPT_DYNAMIC Wed Sep 17 10:08:59 EDT 2025
Machine: x86_64
Processor: x86_64
Trial: ccsd_pt2(norb=43, nelec=(7, 7), n_batch=1, nchol_chunk=100, mix_precision=True)
Sampler: sampler_pt2(n_prop_steps=50, n_blocks=500, n_chol=407)
norb: 43
nelec: (7, 7)
nchol: 407
n_eql: 100
n_prop_steps: 50
n_blocks: 500
n_walkers: 300
nchol_chunk: 100
mix_precision: True
n_batch: 1
seed: 4570
walker_type: rhf
trial: ccsd_pt2
dt: 0.005
use_gpu: True
max_error: 5.892556509887897e-05
n_exp_terms: 6
Propagating with 300 walkers
Initial Orbital energy: -0.020080
-------------------------------- Equilibration ---------------------------------
inv_T        energy   runTime
 0.00  -2055.865089      9.31
 2.50  -2056.136830     14.93
 5.00  -2056.119177     15.31
 7.50  -2056.155853     15.69
10.00  -2056.128940     16.06
12.50  -2056.136063     16.44
15.00  -2056.129586     16.82
17.50  -2056.144197     17.20
20.00  -2056.161339     17.57
22.50  -2056.150643     17.95
25.00  -2056.126292     18.33
------------------------------- Sampling Blocks --------------------------------
Target Final Error ~ 0.000059
   N      E(Guide)     Error      E(Orb)     Error  Kill_WK      Time
  20  -2056.141726  0.001927   -0.020505  0.000038        0     27.43
  40  -2056.136374  0.001752   -0.020547  0.000035        0     28.53
  60  -2056.133804  0.001492   -0.020544  0.000027        0     29.63
  80  -2056.134127  0.001192   -0.020530  0.000023        0     30.73
 100  -2056.134414  0.001069   -0.020517  0.000020        0     31.84
 120  -2056.133598  0.000980   -0.020506  0.000018        0     32.95
------------------------------- Post Propagation -------------------------------
Total number of samples 120
Raw AFQMC/HF Energy: -2056.133598 +/- 0.000980
Raw AFQMC/pt2CCSD Orbital Energy (covariance): -0.020506 +/- 0.000018
Raw AFQMC/pt2CCSD Orbital Energy (direct obs): -0.020506 +/- 0.000016
------------------------------ Clean Observation -------------------------------
Energy bound [-0.023706, -0.017266]
Removed 0 Outliers
Outliers Orbital Energy []
Clean AFQMC/pt2CCSD Orbital Energy (covariance): -0.020506 +/- 0.000018
Clean AFQMC/pt2CCSD Orbital Energy (direct obs): -0.020506 +/- 0.000016
------------------------------ Blocking Analysis -------------------------------
Warning: small dataset, relaxed min_nblocks to 12
nsample = 120, max_block_size = 10, min_nblocks = 12
Blk_SZ   NBlk   NSmp      Energy     Error    dError
     1    120    120   -0.020503  0.000016  0.000001
     2     60    120   -0.020504  0.000016  0.000002
     3     40    120   -0.020505  0.000019  0.000002
     4     30    120   -0.020505  0.000019  0.000002
     5     24    120   -0.020505  0.000021  0.000003
     6     20    120   -0.020505  0.000019  0.000003
     7     17    119   -0.020505  0.000021  0.000004
     8     15    120   -0.020505  0.000024  0.000004
     9     13    117   -0.020504  0.000022  0.000004
    10     12    120   -0.020505  0.000023  0.000005
Fit: plateau = 0.000025 ± 0.000011
     autocorrelation length ~ 6.3 blocks
     plateau reached at block size ~ 25
     !!!Failed to reach plateau in blocking
     Return max block error
Blocked AFQMC/pt2CCSD Orbital Energy: -0.020506 +/- 0.000024
total run time: 32.95
--------------------------- AFQMC Sampling Finished ----------------------------


======================== restricted LNO-FRAGMENT 71/72 =========================
Center Atom H
AOs with contribution > 0.01
        AO Label     Amp
     70 H 1s      0.3756
     70 H 2s      0.2421
     52 C 3px     0.0772
     52 C 3dxy    0.0648
     52 C 3s      0.0634
     52 C 3py     0.0402
     70 H 2px     0.0238
     53 C 3px     0.0193
     52 C 3dz^2   0.0178
     39 C 3py     0.0159
     70 H 2py     0.0121
LAS occupied orbitals: 7
LAS virtual orbitals: 32
CCSD time: 3.039153 s
LNO-MP2 Orbital Energy: -0.01759407
LNO-CCSD Orbital Energy: -0.01986998
Calculating Effective Active Space One-electron Integrals
number of active occupied orbitals 7
number of active virtual orbitals 32
DF loop 0 number of DF vectors 240
DF loop 1 number of DF vectors 240
DF loop 2 number of DF vectors 240
DF loop 3 number of DF vectors 240
DF loop 4 number of DF vectors 240
DF loop 5 number of DF vectors 240
DF loop 6 number of DF vectors 240
DF loop 7 number of DF vectors 240
DF loop 8 number of DF vectors 240
DF loop 9 number of DF vectors 240
DF loop 10 number of DF vectors 240
DF loop 11 number of DF vectors 240
DF loop 12 number of DF vectors 240
DF loop 13 number of DF vectors 240
DF loop 14 number of DF vectors 240
DF loop 15 number of DF vectors 240
DF loop 16 number of DF vectors 240
DF loop 17 number of DF vectors 114
build JK time: 5.603192 s
build ecore time: 0.193782 s
build h1eff time: 5.877670 s
Generating Cholesky Integrals
Composing AO ERIs from DF basis
Raw CDERI in LAS shape: (4194, 780)
Compress CDERI into LAS Cholesky Vectors by SVD
Cholesky cutoff: 1e-05
Build effective h0 and h1 time: 6.062061 s
Build CDERI in LAS time: 5.667243 s
Compress CDERI to LAS Choleskey Vectors time: 0.572789 s
Build Integral total time: 12.303936 s
Finished calculating Cholesky integrals
Size of the correlation space
Number of electrons: (7,7)
Number of basis functions: 39
Cholesky shape: (345, 39, 39)
running AFQMC on GPU
Hostname: gpua059.delta.ncsa.illinois.edu
System Type: Linux
Machine Type: x86_64
Processor: x86_64
Using GPU.
System: Linux
Node Name: gpua059.delta.ncsa.illinois.edu
Release: 5.14.0-427.91.1.el9_4.x86_64
Version: #1 SMP PREEMPT_DYNAMIC Wed Sep 17 10:08:59 EDT 2025
Machine: x86_64
Processor: x86_64
AFQMC script: /u/yzhang65/myprojects/software/afqmc/afqmc/lno_afqmc/ccsd_pt2/run_afqmc.py
---------------------------- AFQMC Sampling Started ----------------------------
Hostname: gpua059.delta.ncsa.illinois.edu
System Type: Linux
Machine Type: x86_64
Processor: x86_64
Using GPU.
System: Linux
Node Name: gpua059.delta.ncsa.illinois.edu
Release: 5.14.0-427.91.1.el9_4.x86_64
Version: #1 SMP PREEMPT_DYNAMIC Wed Sep 17 10:08:59 EDT 2025
Machine: x86_64
Processor: x86_64
Trial: ccsd_pt2(norb=39, nelec=(7, 7), n_batch=1, nchol_chunk=100, mix_precision=True)
Sampler: sampler_pt2(n_prop_steps=50, n_blocks=500, n_chol=345)
norb: 39
nelec: (7, 7)
nchol: 345
n_eql: 100
n_prop_steps: 50
n_blocks: 500
n_walkers: 300
nchol_chunk: 100
mix_precision: True
n_batch: 1
seed: 873
walker_type: rhf
trial: ccsd_pt2
dt: 0.005
use_gpu: True
max_error: 5.892556509887897e-05
n_exp_terms: 6
Propagating with 300 walkers
Initial Orbital energy: -0.019874
-------------------------------- Equilibration ---------------------------------
inv_T        energy   runTime
 0.00  -2055.865090      9.17
 2.50  -2056.099165     14.61
 5.00  -2056.109979     14.96
 7.50  -2056.129919     15.31
10.00  -2056.142530     15.66
12.50  -2056.114511     16.01
15.00  -2056.113984     16.36
17.50  -2056.129804     16.71
20.00  -2056.135207     17.07
22.50  -2056.133755     17.42
25.00  -2056.145121     17.77
------------------------------- Sampling Blocks --------------------------------
Target Final Error ~ 0.000059
   N      E(Guide)     Error      E(Orb)     Error  Kill_WK      Time
  20  -2056.124171  0.001442   -0.020392  0.000034        0     26.55
  40  -2056.123125  0.001179   -0.020354  0.000029        0     27.52
  60  -2056.124205  0.000987   -0.020367  0.000025        0     28.49
  80  -2056.126392  0.001011   -0.020358  0.000021        0     29.46
 100  -2056.127082  0.000926   -0.020345  0.000019        0     30.43
 120  -2056.127258  0.000849   -0.020347  0.000018        0     31.40
------------------------------- Post Propagation -------------------------------
Total number of samples 120
Raw AFQMC/HF Energy: -2056.127258 +/- 0.000849
Raw AFQMC/pt2CCSD Orbital Energy (covariance): -0.020347 +/- 0.000018
Raw AFQMC/pt2CCSD Orbital Energy (direct obs): -0.020347 +/- 0.000015
------------------------------ Clean Observation -------------------------------
Energy bound [-0.023625, -0.017019]
Removed 0 Outliers
Outliers Orbital Energy []
Clean AFQMC/pt2CCSD Orbital Energy (covariance): -0.020347 +/- 0.000018
Clean AFQMC/pt2CCSD Orbital Energy (direct obs): -0.020347 +/- 0.000015
------------------------------ Blocking Analysis -------------------------------
Warning: small dataset, relaxed min_nblocks to 12
nsample = 120, max_block_size = 10, min_nblocks = 12
Blk_SZ   NBlk   NSmp      Energy     Error    dError
     1    120    120   -0.020345  0.000015  0.000001
     2     60    120   -0.020345  0.000018  0.000002
     3     40    120   -0.020346  0.000020  0.000002
     4     30    120   -0.020346  0.000020  0.000003
     5     24    120   -0.020346  0.000020  0.000003
     6     20    120   -0.020346  0.000021  0.000003
     7     17    119   -0.020345  0.000022  0.000004
     8     15    120   -0.020346  0.000023  0.000004
     9     13    117   -0.020342  0.000018  0.000004
    10     12    120   -0.020347  0.000022  0.000005
Fit: plateau = 0.000021 ± 0.000002
     autocorrelation length ~ 1.2 blocks
     plateau reached at block size ~ 6
Blocked AFQMC/pt2CCSD Orbital Energy: -0.020347 +/- 0.000021
total run time: 31.40
--------------------------- AFQMC Sampling Finished ----------------------------


======================== restricted LNO-FRAGMENT 72/72 =========================
Center Atom H
AOs with contribution > 0.01
        AO Label     Amp
     71 H 1s      0.3758
     71 H 2s      0.2423
     53 C 3py     0.1161
    53 C 3dx2-y2  0.0689
     53 C 3s      0.0633
     71 H 2py     0.0353
     53 C 3dz^2   0.0176
     50 C 3py     0.0116
     52 C 3py     0.0102
LAS occupied orbitals: 7
LAS virtual orbitals: 33
CCSD time: 2.887949 s
LNO-MP2 Orbital Energy: -0.01764262
LNO-CCSD Orbital Energy: -0.01991026
Calculating Effective Active Space One-electron Integrals
number of active occupied orbitals 7
number of active virtual orbitals 33
DF loop 0 number of DF vectors 240
DF loop 1 number of DF vectors 240
DF loop 2 number of DF vectors 240
DF loop 3 number of DF vectors 240
DF loop 4 number of DF vectors 240
DF loop 5 number of DF vectors 240
DF loop 6 number of DF vectors 240
DF loop 7 number of DF vectors 240
DF loop 8 number of DF vectors 240
DF loop 9 number of DF vectors 240
DF loop 10 number of DF vectors 240
DF loop 11 number of DF vectors 240
DF loop 12 number of DF vectors 240
DF loop 13 number of DF vectors 240
DF loop 14 number of DF vectors 240
DF loop 15 number of DF vectors 240
DF loop 16 number of DF vectors 240
DF loop 17 number of DF vectors 114
build JK time: 5.620326 s
build ecore time: 0.194858 s
build h1eff time: 5.879510 s
Generating Cholesky Integrals
Composing AO ERIs from DF basis
Raw CDERI in LAS shape: (4194, 820)
Compress CDERI into LAS Cholesky Vectors by SVD
Cholesky cutoff: 1e-05
Build effective h0 and h1 time: 6.044076 s
Build CDERI in LAS time: 6.075155 s
Compress CDERI to LAS Choleskey Vectors time: 0.578314 s
Build Integral total time: 12.699468 s
Finished calculating Cholesky integrals
Size of the correlation space
Number of electrons: (7,7)
Number of basis functions: 40
Cholesky shape: (356, 40, 40)
running AFQMC on GPU
Hostname: gpua059.delta.ncsa.illinois.edu
System Type: Linux
Machine Type: x86_64
Processor: x86_64
Using GPU.
System: Linux
Node Name: gpua059.delta.ncsa.illinois.edu
Release: 5.14.0-427.91.1.el9_4.x86_64
Version: #1 SMP PREEMPT_DYNAMIC Wed Sep 17 10:08:59 EDT 2025
Machine: x86_64
Processor: x86_64
AFQMC script: /u/yzhang65/myprojects/software/afqmc/afqmc/lno_afqmc/ccsd_pt2/run_afqmc.py
---------------------------- AFQMC Sampling Started ----------------------------
Hostname: gpua059.delta.ncsa.illinois.edu
System Type: Linux
Machine Type: x86_64
Processor: x86_64
Using GPU.
System: Linux
Node Name: gpua059.delta.ncsa.illinois.edu
Release: 5.14.0-427.91.1.el9_4.x86_64
Version: #1 SMP PREEMPT_DYNAMIC Wed Sep 17 10:08:59 EDT 2025
Machine: x86_64
Processor: x86_64
Trial: ccsd_pt2(norb=40, nelec=(7, 7), n_batch=1, nchol_chunk=100, mix_precision=True)
Sampler: sampler_pt2(n_prop_steps=50, n_blocks=500, n_chol=356)
norb: 40
nelec: (7, 7)
nchol: 356
n_eql: 100
n_prop_steps: 50
n_blocks: 500
n_walkers: 300
nchol_chunk: 100
mix_precision: True
n_batch: 1
seed: 5473
walker_type: rhf
trial: ccsd_pt2
dt: 0.005
use_gpu: True
max_error: 5.892556509887897e-05
n_exp_terms: 6
Propagating with 300 walkers
Initial Orbital energy: -0.019915
-------------------------------- Equilibration ---------------------------------
inv_T        energy   runTime
 0.00  -2055.865088      9.05
 2.50  -2056.140746     14.55
 5.00  -2056.121467     14.91
 7.50  -2056.132528     15.26
10.00  -2056.132288     15.62
12.50  -2056.124052     15.98
15.00  -2056.133044     16.34
17.50  -2056.118439     16.70
20.00  -2056.119580     17.05
22.50  -2056.129350     17.41
25.00  -2056.130387     17.77
------------------------------- Sampling Blocks --------------------------------
Target Final Error ~ 0.000059
   N      E(Guide)     Error      E(Orb)     Error  Kill_WK      Time
  20  -2056.131886  0.002357   -0.020367  0.000036        0     26.62
  40  -2056.130711  0.001683   -0.020391  0.000034        0     27.61
  60  -2056.131692  0.001336   -0.020408  0.000038        0     28.60
  80  -2056.130495  0.001252   -0.020398  0.000029        0     29.60
 100  -2056.131304  0.001078   -0.020422  0.000025        0     30.59
 120  -2056.131114  0.001006   -0.020424  0.000022        0     31.58
------------------------------- Post Propagation -------------------------------
Total number of samples 120
Raw AFQMC/HF Energy: -2056.131114 +/- 0.001006
Raw AFQMC/pt2CCSD Orbital Energy (covariance): -0.020424 +/- 0.000022
Raw AFQMC/pt2CCSD Orbital Energy (direct obs): -0.020424 +/- 0.000020
------------------------------ Clean Observation -------------------------------
Energy bound [-0.023371, -0.017371]
Removed 0 Outliers
Outliers Orbital Energy []
Clean AFQMC/pt2CCSD Orbital Energy (covariance): -0.020424 +/- 0.000022
Clean AFQMC/pt2CCSD Orbital Energy (direct obs): -0.020424 +/- 0.000020
------------------------------ Blocking Analysis -------------------------------
Warning: small dataset, relaxed min_nblocks to 12
nsample = 120, max_block_size = 10, min_nblocks = 12
Blk_SZ   NBlk   NSmp      Energy     Error    dError
     1    120    120   -0.020421  0.000020  0.000001
     2     60    120   -0.020422  0.000024  0.000002
     3     40    120   -0.020422  0.000026  0.000003
     4     30    120   -0.020422  0.000028  0.000004
     5     24    120   -0.020422  0.000027  0.000004
     6     20    120   -0.020423  0.000031  0.000005
     7     17    119   -0.020424  0.000031  0.000005
     8     15    120   -0.020423  0.000033  0.000006
     9     13    117   -0.020428  0.000018  0.000004
    10     12    120   -0.020423  0.000032  0.000007
Fit: plateau = 0.000027 ± 0.000002
     autocorrelation length ~ 1.0 blocks
     plateau reached at block size ~ 5
Blocked AFQMC/pt2CCSD Orbital Energy: -0.020424 +/- 0.000027
total run time: 31.58
--------------------------- AFQMC Sampling Finished ----------------------------
