#INFO: **** input file is /work/hdd/bdka/yzhang65/l7_dataset/system/c2c2pd/dz/c/lno2/run_lno.py ****
from pyscf import gto, scf

#### C2C2PD complex, L7 dataset ####
path2geo = '../../../C.xyz'
path2chk = '../mf.chk'
path2eri = '../cderi.h5'
path2lno = '../lno_result.out'
path2iao = '../iao.h5'

atoms = ''.join(open(path2geo).readlines()[2:])  # skip the atom count and comment lines
####################################

mol = gto.M(atom=atoms,
            basis='ccpvdz',
            verbose=4,
            unit='A',
            symmetry=0,
            charge=0,
            spin=0,
            max_memory=200000,
            )

# density fitting: 792 AOs, conventional 4-index ERIs would not fit
mf = scf.RHF(mol).density_fit()
# mf.with_df._cderi_to_save = path2eri
mf.with_df._cderi = path2eri
mf.chkfile = path2chk
mf.init_guess = 'chk'
mf.kernel()

stable = False
while not stable:
    print('mean-field stability test')
    mo_i, _, stable, _ = mf.stability(return_status=True)
    if stable:
        print(f'RHF Energy: {mf.e_tot}, stability {stable}')
        break
    dm = mf.make_rdm1(mo_i, mf.mo_occ)
    mf.kernel(dm0=dm)

from afqmc.lno_afqmc import lno_afqmc, tools

lo_coeff, frag_list, frag_name \
    = tools.iao_fragment(mf, 
                         frag_type='h2heavy', 
                         more_loc='pm',
                         save2=None,
                         read_from=path2iao,
                         )

options = {'eql_time': 30,
           'n_prop_steps': 50,
           'n_blocks': 840,
           'n_walkers': 300,
           'max_memory': 200000,
           'mix_precision': True,
           'seed': 27,
           'walker_type': 'rhf',
           'trial': 'pt2ccsd_sto_chol',
           'chol_cost_ratio': 0.2,
           }

lno_afqmc.run_afqmc(
    mf,
    lo_coeff,
    frag_list,
    frag_name,
    lno_thresh = 1e-5,
    qmc_options = options,
    chol_cut = 1e-5,
    target_qmc_err = 5e-4,
    run_frag = None,
    nfrozen = None,
    run_mp = True,
    run_cc = True,
    run_qmc = True,
    plot_las = True,
    )
#INFO: ******************** input file end ********************


System: uname_result(system='Linux', node='gpue08.delta.ncsa.illinois.edu', release='5.14.0-570.131.1.el9_6.x86_64', version='#1 SMP PREEMPT_DYNAMIC Fri Jul 24 10:50:35 EDT 2026', machine='x86_64')  Threads 12
Python 3.11.14 (main, Oct 21 2025, 18:31:21) [GCC 11.2.0]
numpy 2.3.5  scipy 1.16.3  h5py 3.15.1
Date: Fri Sep  4 01:23:15 2026
PySCF version 2.14.0
PySCF path  /u/yzhang65/myprojects/software/pyscf
GIT HEAD      c63a953ba603a5ad8c1d65d88da72aaf05ede4d8

[ENV] PYSCF_TMPDIR /projects/bdka/yzhang65/scratch/pyscf
[ENV] PYSCF_EXT_PATH /u/yzhang65/myprojects/software/pyscf-forge
[CONFIG] conf_file None
[INPUT] verbose = 4
[INPUT] num. atoms = 72
[INPUT] num. electrons = 312
[INPUT] charge = 0
[INPUT] spin (= nelec alpha-beta = 2S) = 0
[INPUT] symmetry 0 subgroup None
[INPUT] Mole.unit = A
[INPUT] Symbol           X                Y                Z      unit          X                Y                Z       unit  Magmom
[INPUT]  1 C     -1.487532000000  -1.231543000000  -1.729000000000 AA   -2.811028081527  -2.327278980625  -3.267336469373 Bohr   0.0
[INPUT]  2 C     -0.065468000000  -1.231543000000  -1.729000000000 AA   -0.123716589923  -2.327278980625  -3.267336469373 Bohr   0.0
[INPUT]  3 C      0.645564000000   0.000000000000  -1.729000000000 AA    1.219939155879   0.000000000000  -3.267336469373 Bohr   0.0
[INPUT]  4 C     -0.065468000000   1.231543000000  -1.729000000000 AA   -0.123716589923   2.327278980625  -3.267336469373 Bohr   0.0
[INPUT]  5 C     -1.487532000000   1.231543000000  -1.729000000000 AA   -2.811028081527   2.327278980625  -3.267336469373 Bohr   0.0
[INPUT]  6 C     -2.198564000000   0.000000000000  -1.729000000000 AA   -4.154683827328   0.000000000000  -3.267336469373 Bohr   0.0
[INPUT]  7 C      0.642292000000  -2.457420000000  -1.729000000000 AA    1.213755971999  -4.643850773029  -3.267336469373 Bohr   0.0
[INPUT]  8 C     -0.093378000000  -3.670823000000  -1.729000000000 AA   -0.176458846060  -6.936850121754  -3.267336469373 Bohr   0.0
[INPUT]  9 C     -1.459622000000  -3.670823000000  -1.729000000000 AA   -2.758285825390  -6.936850121754  -3.267336469373 Bohr   0.0
[INPUT] 10 C     -2.195292000000  -2.457420000000  -1.729000000000 AA   -4.148500643449  -4.643850773029  -3.267336469373 Bohr   0.0
[INPUT] 11 C     -3.614084000000   0.000000000000  -1.729000000000 AA   -6.829628951173   0.000000000000  -3.267336469373 Bohr   0.0
[INPUT] 12 C     -4.297087000000  -1.243810000000  -1.729000000000 AA   -8.120317563429  -2.350460250995  -3.267336469373 Bohr   0.0
[INPUT] 13 C     -3.613965000000  -2.427013000000  -1.729000000000 AA   -6.829404073764  -4.586389870759  -3.267336469373 Bohr   0.0
[INPUT] 14 C     -4.297087000000   1.243810000000  -1.729000000000 AA   -8.120317563429   2.350460250995  -3.267336469373 Bohr   0.0
[INPUT] 15 C     -3.613965000000   2.427013000000  -1.729000000000 AA   -6.829404073764   4.586389870759  -3.267336469373 Bohr   0.0
[INPUT] 16 C     -2.195292000000   2.457420000000  -1.729000000000 AA   -4.148500643449   4.643850773029  -3.267336469373 Bohr   0.0
[INPUT] 17 C     -1.459622000000   3.670823000000  -1.729000000000 AA   -2.758285825390   6.936850121754  -3.267336469373 Bohr   0.0
[INPUT] 18 C     -0.093378000000   3.670823000000  -1.729000000000 AA   -0.176458846060   6.936850121754  -3.267336469373 Bohr   0.0
[INPUT] 19 C      0.642292000000   2.457420000000  -1.729000000000 AA    1.213755971999   4.643850773029  -3.267336469373 Bohr   0.0
[INPUT] 20 C      2.060965000000   2.427013000000  -1.729000000000 AA    3.894659402314   4.586389870759  -3.267336469373 Bohr   0.0
[INPUT] 21 C      2.744087000000   1.243810000000  -1.729000000000 AA    5.185572891979   2.350460250995  -3.267336469373 Bohr   0.0
[INPUT] 22 C      2.061084000000   0.000000000000  -1.729000000000 AA    3.894884279723   0.000000000000  -3.267336469373 Bohr   0.0
[INPUT] 23 C      2.744087000000  -1.243810000000  -1.729000000000 AA    5.185572891979  -2.350460250995  -3.267336469373 Bohr   0.0
[INPUT] 24 C      2.060965000000  -2.427013000000  -1.729000000000 AA    3.894659402314  -4.586389870759  -3.267336469373 Bohr   0.0
[INPUT] 25 H      0.449580000000  -4.607417000000  -1.729000000000 AA    0.849583071082  -8.706756271665  -3.267336469373 Bohr   0.0
[INPUT] 26 H     -2.002581000000  -4.607417000000  -1.729000000000 AA   -3.784329632258  -8.706756271665  -3.267336469373 Bohr   0.0
[INPUT] 27 H     -4.153600000000  -3.365525000000  -1.729000000000 AA   -7.849166430993  -6.359920515377  -3.267336469373 Bohr   0.0
[INPUT] 28 H     -5.379680000000  -1.241892000000  -1.729000000000 AA  -10.166121837800  -2.346835756288  -3.267336469373 Bohr   0.0
[INPUT] 29 H     -5.379680000000   1.241892000000  -1.729000000000 AA  -10.166121837800   2.346835756288  -3.267336469373 Bohr   0.0
[INPUT] 30 H     -4.153600000000   3.365525000000  -1.729000000000 AA   -7.849166430993   6.359920515377  -3.267336469373 Bohr   0.0
[INPUT] 31 H     -2.002581000000   4.607417000000  -1.729000000000 AA   -3.784329632258   8.706756271665  -3.267336469373 Bohr   0.0
[INPUT] 32 H      0.449580000000   4.607417000000  -1.729000000000 AA    0.849583071082   8.706756271665  -3.267336469373 Bohr   0.0
[INPUT] 33 H      2.600600000000   3.365525000000  -1.729000000000 AA    4.914421759544   6.359920515377  -3.267336469373 Bohr   0.0
[INPUT] 34 H      3.826680000000   1.241892000000  -1.729000000000 AA    7.231377166351   2.346835756288  -3.267336469373 Bohr   0.0
[INPUT] 35 H      3.826680000000  -1.241892000000  -1.729000000000 AA    7.231377166351  -2.346835756288  -3.267336469373 Bohr   0.0
[INPUT] 36 H      2.600600000000  -3.365525000000  -1.729000000000 AA    4.914421759544  -6.359920515377  -3.267336469373 Bohr   0.0
[INPUT] 37 C      0.065468000000  -1.231543000000   1.729000000000 AA    0.123716589923  -2.327278980625   3.267336469373 Bohr   0.0
[INPUT] 38 C      1.487532000000  -1.231543000000   1.729000000000 AA    2.811028081527  -2.327278980625   3.267336469373 Bohr   0.0
[INPUT] 39 C      2.198564000000   0.000000000000   1.729000000000 AA    4.154683827328   0.000000000000   3.267336469373 Bohr   0.0
[INPUT] 40 C      1.487532000000   1.231543000000   1.729000000000 AA    2.811028081527   2.327278980625   3.267336469373 Bohr   0.0
[INPUT] 41 C      0.065468000000   1.231543000000   1.729000000000 AA    0.123716589923   2.327278980625   3.267336469373 Bohr   0.0
[INPUT] 42 C     -0.645564000000   0.000000000000   1.729000000000 AA   -1.219939155879   0.000000000000   3.267336469373 Bohr   0.0
[INPUT] 43 C      2.195292000000  -2.457420000000   1.729000000000 AA    4.148500643449  -4.643850773029   3.267336469373 Bohr   0.0
[INPUT] 44 C      1.459622000000  -3.670823000000   1.729000000000 AA    2.758285825390  -6.936850121754   3.267336469373 Bohr   0.0
[INPUT] 45 C      0.093378000000  -3.670823000000   1.729000000000 AA    0.176458846060  -6.936850121754   3.267336469373 Bohr   0.0
[INPUT] 46 C     -0.642292000000  -2.457420000000   1.729000000000 AA   -1.213755971999  -4.643850773029   3.267336469373 Bohr   0.0
[INPUT] 47 C     -2.061084000000   0.000000000000   1.729000000000 AA   -3.894884279723   0.000000000000   3.267336469373 Bohr   0.0
[INPUT] 48 C     -2.744087000000  -1.243810000000   1.729000000000 AA   -5.185572891979  -2.350460250995   3.267336469373 Bohr   0.0
[INPUT] 49 C     -2.060965000000  -2.427013000000   1.729000000000 AA   -3.894659402314  -4.586389870759   3.267336469373 Bohr   0.0
[INPUT] 50 C     -2.744087000000   1.243810000000   1.729000000000 AA   -5.185572891979   2.350460250995   3.267336469373 Bohr   0.0
[INPUT] 51 C     -2.060965000000   2.427013000000   1.729000000000 AA   -3.894659402314   4.586389870759   3.267336469373 Bohr   0.0
[INPUT] 52 C     -0.642292000000   2.457420000000   1.729000000000 AA   -1.213755971999   4.643850773029   3.267336469373 Bohr   0.0
[INPUT] 53 C      0.093378000000   3.670823000000   1.729000000000 AA    0.176458846060   6.936850121754   3.267336469373 Bohr   0.0
[INPUT] 54 C      1.459622000000   3.670823000000   1.729000000000 AA    2.758285825390   6.936850121754   3.267336469373 Bohr   0.0
[INPUT] 55 C      2.195292000000   2.457420000000   1.729000000000 AA    4.148500643449   4.643850773029   3.267336469373 Bohr   0.0
[INPUT] 56 C      3.613965000000   2.427013000000   1.729000000000 AA    6.829404073764   4.586389870759   3.267336469373 Bohr   0.0
[INPUT] 57 C      4.297087000000   1.243810000000   1.729000000000 AA    8.120317563429   2.350460250995   3.267336469373 Bohr   0.0
[INPUT] 58 C      3.614084000000   0.000000000000   1.729000000000 AA    6.829628951173   0.000000000000   3.267336469373 Bohr   0.0
[INPUT] 59 C      4.297087000000  -1.243810000000   1.729000000000 AA    8.120317563429  -2.350460250995   3.267336469373 Bohr   0.0
[INPUT] 60 C      3.613965000000  -2.427013000000   1.729000000000 AA    6.829404073764  -4.586389870759   3.267336469373 Bohr   0.0
[INPUT] 61 H      2.002581000000  -4.607417000000   1.729000000000 AA    3.784329632258  -8.706756271665   3.267336469373 Bohr   0.0
[INPUT] 62 H     -0.449580000000  -4.607417000000   1.729000000000 AA   -0.849583071082  -8.706756271665   3.267336469373 Bohr   0.0
[INPUT] 63 H     -2.600600000000  -3.365525000000   1.729000000000 AA   -4.914421759544  -6.359920515377   3.267336469373 Bohr   0.0
[INPUT] 64 H     -3.826680000000  -1.241892000000   1.729000000000 AA   -7.231377166351  -2.346835756288   3.267336469373 Bohr   0.0
[INPUT] 65 H     -3.826680000000   1.241892000000   1.729000000000 AA   -7.231377166351   2.346835756288   3.267336469373 Bohr   0.0
[INPUT] 66 H     -2.600600000000   3.365525000000   1.729000000000 AA   -4.914421759544   6.359920515377   3.267336469373 Bohr   0.0
[INPUT] 67 H     -0.449580000000   4.607417000000   1.729000000000 AA   -0.849583071082   8.706756271665   3.267336469373 Bohr   0.0
[INPUT] 68 H      2.002581000000   4.607417000000   1.729000000000 AA    3.784329632258   8.706756271665   3.267336469373 Bohr   0.0
[INPUT] 69 H      4.153600000000   3.365525000000   1.729000000000 AA    7.849166430993   6.359920515377   3.267336469373 Bohr   0.0
[INPUT] 70 H      5.379680000000   1.241892000000   1.729000000000 AA   10.166121837800   2.346835756288   3.267336469373 Bohr   0.0
[INPUT] 71 H      5.379680000000  -1.241892000000   1.729000000000 AA   10.166121837800  -2.346835756288   3.267336469373 Bohr   0.0
[INPUT] 72 H      4.153600000000  -3.365525000000   1.729000000000 AA    7.849166430993  -6.359920515377   3.267336469373 Bohr   0.0

nuclear repulsion = 6088.17002359266
number of shells = 312
number of NR pGTOs = 1416
number of NR cGTOs = 792
basis = ccpvdz
ecp = {}
CPU time:         0.40


******** <class 'pyscf.df.df_jk.DFRHF'> ********
method = DFRHF
initial guess = chk
damping factor = 0
level_shift factor = 0
DIIS = <class 'pyscf.scf.diis.CDIIS'>
diis_start_cycle = 1
diis_space = 8
diis_damp = 0
SCF conv_tol = 1e-09
SCF conv_tol_grad = None
SCF max_cycles = 50
direct_scf = False
chkfile to save SCF result = ../mf.chk
max_memory 200000 MB (current use 76 MB)
Set gradient conv threshold to 3.16228e-05
init E= -1832.00523770286
  HOMO = -0.242484478473375  LUMO = 0.0614124320166009  gap/eV = 8.26946
cycle= 1 E= -1832.00523770287  delta_E= -5.46e-12  |g|= 9.84e-06  |ddm|= 2.26e-05
  HOMO = -0.242483759613062  LUMO = 0.0614131902384742  gap/eV = 8.26946
Extra cycle  E= -1832.00523770286  delta_E= 7.28e-12  |g|= 1.12e-05  |ddm|= 2.63e-05
converged SCF energy = -1832.00523770286
mean-field stability test
rhf_internal: lowest eigs of H = [0.39534138 0.39961295 0.41854356]
<class 'pyscf.df.df_jk.DFRHF'> wavefunction is stable in the internal stability analysis
RHF Energy: -1832.0052377028605, stability True
Reading IAO fragments from ../iao.h5
Loaded 48 IAO fragments: ['C0', 'C1', 'C2', 'C3', 'C4', 'C5', 'C6', 'C7H24', 'C8H25', 'C9', 'C10', 'C11H27', 'C12H26', 'C13H28', 'C14H29', 'C15', 'C16H30', 'C17H31', 'C18', 'C19H32', 'C20H33', 'C21', 'C22H34', 'C23H35', 'C36', 'C37', 'C38', 'C39', 'C40', 'C41', 'C42', 'C43H60', 'C44H61', 'C45', 'C46', 'C47H63', 'C48H62', 'C49H64', 'C50H65', 'C51', 'C52H66', 'C53H67', 'C54', 'C55H68', 'C56H69', 'C57', 'C58H70', 'C59H71']

 ******* LNO-CALCULATION ******* 

LNO THRESHOLD = 1e-05
LNO freezes at least the chemcore orbitals for each element!
LO occ span the occupied MO occ space - True.
MO occ span the occupied LO occ space - False.
Run Fragment range(0, 48)

CPU/GPU pipeline: ON (prefetch depth 1)
  the LNO-MP2/CCSD of the next fragment(s) run on the CPU while the current fragment's AFQMC occupies the GPU


========================= LNO-FRAGMENT [C0] 1/(48,48) ==========================
Fragment Num.  1
Fragment Idx.  1
Fragment Name  C0
LNO THRESHOLD  [0.0001, 1e-05]
PySCF Threads  12
LNO-LAS: 45/156 Occ | 182/636 Vir | 227/792 MOs
LNO-MP2 Fragment Energy:  -0.12327668
LNO-CCSD Fragment Energy: -0.12195355
LNO-CPU time (s):         342.08 (LAS 18.13 | MP2 14.65 | CCSD 309.30)
LNO-CPU wait time (s):    342.08 (0.0% hidden)
Find Density Fit Teonsers in MF object
Integrals will be built by DF Tensors
Calculating Effective Active Space One-electron Integrals
*** Correlation Space Size ***
N Occupied Orbitals: 45
N Active Orbitals:   227
Build effective h0 and h1 time: 10.721300 s
Composing CDERIs from DF
Build CDERI in cLAS time: 7.343356 s
Raw CDERI in LAS shape: (3912, 25878)
Compress CDERI 2 Chol: 1e-05
Compress CDERI time: 5.722096 s
Finished calculating Integrals
LAS Cholesky shape: (1683, 227, 227)
AFQMC script: /u/yzhang65/myprojects/software/afqmc/afqmc/lno_afqmc/script/run_lno_afqmc_pt2ccsd.py

LNO-AFQMC Started
Hostname:     gpue08.delta.ncsa.illinois.edu
System:       Linux
Node:         gpue08.delta.ncsa.illinois.edu
Release:      5.14.0-570.131.1.el9_6.x86_64
Machine:      x86_64
Processor:    x86_64
JAX backend:  GPU
JAX devices:  [CudaDevice(id=0)]
Device kind:  NVIDIA H200
Platform:     gpu

QMC Parameters
eql_time        -         30
n_prop_steps    -         50
n_blocks        -        840
n_walkers       -        300
max_memory      -     200000
mix_precision   -       True
seed            -       2375
walker_type     -        rhf
trial           - pt2ccsd_sto_chol
chol_cost_ratio -        0.2
max_error       -    7.2e-05
dt              -      0.005
n_exp_terms     -          6
n_batch         -          1
nchol_chunk     -        100
free_projection -      False

QMC System
Number of Occ. Orbitals:      45
Number of Act. Orbitals:      227
Number of Chol. Vectors:      1683
Mean-Field Energy:            -1832.00523770
Maximum memory per walker:            666.67 MB
Maximum number of Cholesky per chunk: 847
Number of Cholesky chunks:            2
Number of Cholesky per chunk:         842
Number of padding Cholesky:           1
Trial:   pt2ccsd_sto_chol(norb=227, nelec=(45, 45), n_batch=1, nchol_chunk=842, mix_precision=True, n_chol_head=0, head_chol_ratio=None, n_chol_samples=None, chol_cost_ratio=0.2, head_sample_ratio=3.0, chol_score_floor=1e-06, chol_uniform_mix=0.01, head_from_guide=False)
Sampler: sampler_pt2_sto_chol(n_prop_steps=50, n_blocks=840, n_chol=1683, frozen_vir=0)

Initalize QMC walkers by HF

Equilibration
Initial Orbital energy: -0.12194
inv_T  nodes      weight      energy     error   runTime
 0.00      0   300.00000  -1832.00325   0.00000     34.25
 3.00      0   311.31021  -1834.04804   0.03036     44.04
 6.00      0   301.20626  -1834.02598   0.03080     51.63
 9.00      0   298.02497  -1834.01320   0.03080     58.53
12.00      0   297.35761  -1833.98693   0.03030     65.32
15.00      0   297.06594  -1834.04460   0.03285     72.47
18.00      0   297.42965  -1834.06077   0.03419     79.44
21.00      0   297.27333  -1834.03227   0.03188     86.21
24.00      0   297.63936  -1834.03272   0.03373     93.03
27.00      0   298.58987  -1834.08451   0.03314     99.81
30.00      0   297.89072  -1834.07012   0.03209    107.09

Sampling Blocks
Target Final Error ~ 0.000072
   N  nodes      weight      E(Guide)     Error     weightp    E_frag     Error      Time
  20      0   297.30746   -1834.05902   0.00842   305.11535  -0.12827   0.00025    148.06
  40      0   297.14317   -1834.05211   0.00563   305.09529  -0.12812   0.00022    181.03
  60      0   296.90416   -1834.04462   0.00457   305.02786  -0.12836   0.00018    213.63
  80      0   298.22956   -1834.04804   0.00377   305.08403  -0.12860   0.00015    246.67
 100      0   296.63390   -1834.05412   0.00354   305.17217  -0.12870   0.00014    279.93
 120      0   297.06940   -1834.05469   0.00314   305.17056  -0.12883   0.00013    312.85
 140      0   298.18511   -1834.05072   0.00298   305.12803  -0.12883   0.00012    345.83
 160      0   298.17188   -1834.04913   0.00275   305.11191  -0.12887   0.00011    379.11
 180      0   297.88132   -1834.05043   0.00255   305.12799  -0.12890   0.00011    411.79
 200      0   296.54623   -1834.04838   0.00248   305.09666  -0.12883   0.00010    444.66
 220      0   297.73732   -1834.04925   0.00232   305.09298  -0.12878   0.00010    477.42
 240      0   297.83609   -1834.04884   0.00228   305.05021  -0.12873   0.00010    509.85
 260      0   297.32142   -1834.04746   0.00215   304.99034  -0.12871   0.00010    542.99
 280      0   297.55981   -1834.04577   0.00207   304.99616  -0.12871   0.00009    575.52
 300      0   297.13215   -1834.04631   0.00199   304.96814  -0.12877   0.00009    608.15
 320      0   298.67350   -1834.04730   0.00199   305.00522  -0.12880   0.00009    640.47
 340      0   297.90403   -1834.04776   0.00192   305.01758  -0.12880   0.00009    672.59
 360      0   297.91562   -1834.04692   0.00190   305.00767  -0.12882   0.00008    705.30
 380      0   297.09114   -1834.04682   0.00183   304.99346  -0.12887   0.00008    738.66
 400      0   297.24757   -1834.04697   0.00176   304.97698  -0.12885   0.00008    770.98
 420      0   297.65786   -1834.04800   0.00173   304.99913  -0.12886   0.00008    803.35
 440      0   298.17992   -1834.04879   0.00169   305.01392  -0.12888   0.00008    836.65
 460      0   297.71380   -1834.04939   0.00166   305.00570  -0.12885   0.00008    868.81
 480      0   297.46410   -1834.04921   0.00161   304.99144  -0.12884   0.00008    900.82
 500      0   296.76893   -1834.04906   0.00159   304.99409  -0.12881   0.00008    932.88
 520      0   297.42537   -1834.04881   0.00155   304.98395  -0.12881   0.00007    964.89
 540      0   298.51806   -1834.04854   0.00154   304.99732  -0.12886   0.00007    996.92
 560      0   298.07149   -1834.04718   0.00153   305.01916  -0.12884   0.00007   1028.93
 580      0   298.67043   -1834.04619   0.00153   305.03922  -0.12883   0.00007   1060.94
 600      0   297.81561   -1834.04555   0.00150   305.05369  -0.12883   0.00007   1092.98
 620      0   297.83668   -1834.04533   0.00146   305.05689  -0.12881   0.00007   1125.03
 640      0   297.74999   -1834.04563   0.00143   305.07620  -0.12883   0.00007   1157.10
 660      0   298.08794   -1834.04628   0.00142   305.07770  -0.12882   0.00007   1189.13
 680      0   295.54336   -1834.04732   0.00142   305.06521  -0.12900   0.00012   1221.14
 700      0   298.71008   -1834.04715   0.00140   305.07951  -0.12899   0.00011   1253.16
 720      0   298.00405   -1834.04658   0.00138   305.08185  -0.12897   0.00011   1285.20
 740      0   297.67877   -1834.04611   0.00136   305.07929  -0.12893   0.00011   1317.21
 760      0   297.01502   -1834.04659   0.00134   305.07084  -0.12891   0.00011   1349.22
 780      0   297.84001   -1834.04638   0.00132   305.07386  -0.12891   0.00010   1381.23
 800      0   298.62911   -1834.04610   0.00130   305.08299  -0.12891   0.00010   1413.28
 820      0   297.66372   -1834.04636   0.00128   305.07793  -0.12893   0.00010   1445.31
 840      0   297.49726   -1834.04663   0.00126   305.08342  -0.12891   0.00010   1477.31

Post Propagation
Total number of samples 840
Remove Outliers
Remove samples outside Zeta > 30
Outlier bound [-0.16807, -0.08906]
Removed 1 Outliers
Outliers Energy [-0.17486336]
nsample = 840, max_block_size = 42, min_nblocks = 20
   B    NB    NS  Observable     Error    dError
   1   840   840  -1834.04659   0.00126   0.00003
   2   420   840  -1834.04660   0.00157   0.00005
   3   280   840  -1834.04661   0.00178   0.00008
   4   210   840  -1834.04661   0.00193   0.00009
   5   168   840  -1834.04661   0.00200   0.00011
   6   140   840  -1834.04662   0.00213   0.00013
   7   120   840  -1834.04662   0.00222   0.00014
   8   105   840  -1834.04662   0.00232   0.00016
   9    93   837  -1834.04670   0.00236   0.00017
  10    84   840  -1834.04662   0.00226   0.00018
  11    76   836  -1834.04670   0.00242   0.00020
  12    70   840  -1834.04663   0.00244   0.00021
  13    64   832  -1834.04664   0.00249   0.00022
  14    60   840  -1834.04663   0.00253   0.00023
  15    56   840  -1834.04663   0.00264   0.00025
  16    52   832  -1834.04664   0.00282   0.00028
  17    49   833  -1834.04663   0.00258   0.00026
  18    46   828  -1834.04650   0.00243   0.00026
  19    44   836  -1834.04670   0.00248   0.00027
  20    42   840  -1834.04663   0.00253   0.00028
  21    40   840  -1834.04663   0.00269   0.00030
  22    38   836  -1834.04670   0.00265   0.00031
  23    36   828  -1834.04651   0.00287   0.00034
  24    35   840  -1834.04663   0.00262   0.00032
  25    33   825  -1834.04639   0.00285   0.00036
  26    32   832  -1834.04664   0.00283   0.00036
  27    31   837  -1834.04671   0.00285   0.00037
  28    30   840  -1834.04663   0.00285   0.00037
  29    28   812  -1834.04641   0.00273   0.00037
  30    28   840  -1834.04663   0.00257   0.00035
  31    27   837  -1834.04671   0.00287   0.00040
  32    26   832  -1834.04664   0.00301   0.00043
  33    25   825  -1834.04639   0.00278   0.00040
  34    24   816  -1834.04646   0.00297   0.00044
  35    24   840  -1834.04663   0.00312   0.00046
  36    23   828  -1834.04651   0.00290   0.00044
  37    22   814  -1834.04646   0.00288   0.00044
  38    22   836  -1834.04670   0.00306   0.00047
  39    21   819  -1834.04640   0.00311   0.00049
  40    21   840  -1834.04663   0.00302   0.00048
  41    20   820  -1834.04637   0.00306   0.00050
  42    20   840  -1834.04663   0.00286   0.00046
Fit (variance): plateau_var = 7.769e-06 ± 4.870e-07
Fit (error):    plateau = 0.00279 ± 0.00009
     autocorrelation length ~ 7.7 blocks
     plateau reached at block size ~ 35
nsample = 839, max_block_size = 41, min_nblocks = 20
Blk_SZ   NBlk   NSmp      Energy     Error    dError
     1    839    839    -0.12882   0.00008   0.00000
     2    419    838    -0.12883   0.00010   0.00000
     3    279    837    -0.12884   0.00011   0.00000
     4    209    836    -0.12884   0.00011   0.00001
     5    167    835    -0.12884   0.00012   0.00001
     6    139    834    -0.12884   0.00012   0.00001
     7    119    833    -0.12885   0.00012   0.00001
     8    104    832    -0.12885   0.00012   0.00001
     9     93    837    -0.12885   0.00012   0.00001
    10     83    830    -0.12886   0.00012   0.00001
    11     76    836    -0.12885   0.00012   0.00001
    12     69    828    -0.12886   0.00013   0.00001
    13     64    832    -0.12885   0.00012   0.00001
    14     59    826    -0.12885   0.00013   0.00001
    15     55    825    -0.12885   0.00012   0.00001
    16     52    832    -0.12885   0.00013   0.00001
    17     49    833    -0.12886   0.00013   0.00001
    18     46    828    -0.12886   0.00012   0.00001
    19     44    836    -0.12885   0.00012   0.00001
    20     41    820    -0.12886   0.00012   0.00001
    21     39    819    -0.12886   0.00013   0.00002
    22     38    836    -0.12885   0.00012   0.00001
    23     36    828    -0.12886   0.00011   0.00001
    24     34    816    -0.12886   0.00013   0.00002
    25     33    825    -0.12886   0.00012   0.00002
    26     32    832    -0.12886   0.00013   0.00002
    27     31    837    -0.12885   0.00013   0.00002
    28     29    812    -0.12887   0.00014   0.00002
    29     28    812    -0.12887   0.00011   0.00001
    30     27    810    -0.12886   0.00012   0.00002
    31     27    837    -0.12886   0.00013   0.00002
    32     26    832    -0.12886   0.00014   0.00002
    33     25    825    -0.12886   0.00013   0.00002
    34     24    816    -0.12886   0.00014   0.00002
    35     23    805    -0.12885   0.00013   0.00002
    36     23    828    -0.12886   0.00014   0.00002
    37     22    814    -0.12887   0.00014   0.00002
    38     22    836    -0.12886   0.00012   0.00002
    39     21    819    -0.12886   0.00014   0.00002
    40     20    800    -0.12885   0.00013   0.00002
    41     20    820    -0.12887   0.00013   0.00002
Fit (variance): plateau_var = 1.53409e-08 ± 5.73650e-10
Fit (error):    plateau = 0.00012 ± 0.00000
     autocorrelation length ~ 1.9 blocks
     plateau reached at block size ~ 9
Final AFQMC/HF Guiding Energy:      -1834.0466 +/- 0.0028
Final AFQMC/pt2CCSD Orbital Energy: -0.12886 +/- 0.00012
<t1> = weightp/weight = 1.02530
Total run time: 1477.32

AFQMC Sampling Finished

LNO-Integral time (s):    25.66
LNO-AFQMC time (s):       1482.87


========================= LNO-FRAGMENT [C1] 2/(48,48) ==========================
Fragment Num.  2
Fragment Idx.  2
Fragment Name  C1
LNO THRESHOLD  [0.0001, 1e-05]
PySCF Threads  12
LNO-LAS: 48/156 Occ | 185/636 Vir | 233/792 MOs
LNO-MP2 Fragment Energy:  -0.12318198
LNO-CCSD Fragment Energy: -0.12179205
LNO-CPU time (s):         465.27 (LAS 23.40 | MP2 18.03 | CCSD 423.84)
LNO-CPU wait time (s):    0.00 (100.0% hidden)
Find Density Fit Teonsers in MF object
Integrals will be built by DF Tensors
Calculating Effective Active Space One-electron Integrals
*** Correlation Space Size ***
N Occupied Orbitals: 48
N Active Orbitals:   233
Build effective h0 and h1 time: 9.037314 s
Composing CDERIs from DF
Build CDERI in cLAS time: 7.181530 s
Raw CDERI in LAS shape: (3912, 27261)
Compress CDERI 2 Chol: 1e-05
Compress CDERI time: 5.840271 s
Finished calculating Integrals
LAS Cholesky shape: (1771, 233, 233)
AFQMC script: /u/yzhang65/myprojects/software/afqmc/afqmc/lno_afqmc/script/run_lno_afqmc_pt2ccsd.py

LNO-AFQMC Started
Hostname:     gpue08.delta.ncsa.illinois.edu
System:       Linux
Node:         gpue08.delta.ncsa.illinois.edu
Release:      5.14.0-570.131.1.el9_6.x86_64
Machine:      x86_64
Processor:    x86_64
JAX backend:  GPU
JAX devices:  [CudaDevice(id=0)]
Device kind:  NVIDIA H200
Platform:     gpu

QMC Parameters
eql_time        -         30
n_prop_steps    -         50
n_blocks        -        840
n_walkers       -        300
max_memory      -     200000
mix_precision   -       True
seed            -       4158
walker_type     -        rhf
trial           - pt2ccsd_sto_chol
chol_cost_ratio -        0.2
max_error       -    7.2e-05
dt              -      0.005
n_exp_terms     -          6
n_batch         -          1
nchol_chunk     -        100
free_projection -      False

QMC System
Number of Occ. Orbitals:      48
Number of Act. Orbitals:      233
Number of Chol. Vectors:      1771
Mean-Field Energy:            -1832.00523770
Maximum memory per walker:            666.67 MB
Maximum number of Cholesky per chunk: 804
Number of Cholesky chunks:            3
Number of Cholesky per chunk:         591
Number of padding Cholesky:           2
Trial:   pt2ccsd_sto_chol(norb=233, nelec=(48, 48), n_batch=1, nchol_chunk=591, mix_precision=True, n_chol_head=0, head_chol_ratio=None, n_chol_samples=None, chol_cost_ratio=0.2, head_sample_ratio=3.0, chol_score_floor=1e-06, chol_uniform_mix=0.01, head_from_guide=False)
Sampler: sampler_pt2_sto_chol(n_prop_steps=50, n_blocks=840, n_chol=1771, frozen_vir=0)

Initalize QMC walkers by HF

Equilibration
Initial Orbital energy: -0.12180
inv_T  nodes      weight      energy     error   runTime
 0.00      0   300.00000  -1832.00308   0.00000     30.90
 3.00      0   310.55709  -1834.02817   0.02667     43.13
 6.00      0   302.25807  -1834.14828   0.03330     50.47
 9.00      0   299.26132  -1834.12358   0.03211     57.73
12.00      0   297.46316  -1834.12146   0.03294     65.02
15.00      0   297.92434  -1834.09668   0.03086     73.37
18.00      0   298.34177  -1834.08214   0.03064     80.65
21.00      0   298.06689  -1834.08959   0.03151     87.93
24.00      0   298.09260  -1834.13010   0.03332     95.22
27.00      0   298.55204  -1834.10240   0.03268    102.64
30.00      0   297.43110  -1834.16055   0.03193    109.99

Sampling Blocks
Target Final Error ~ 0.000072
   N  nodes      weight      E(Guide)     Error     weightp    E_frag     Error      Time
  20      0   297.67945   -1834.11800   0.00637   304.95630  -0.12836   0.00025    154.90
  40      0   298.31102   -1834.11099   0.00446   305.01481  -0.12828   0.00019    193.25
  60      0   297.58821   -1834.10390   0.00381   304.77381  -0.12824   0.00016    230.95
  80      0   298.45880   -1834.10248   0.00321   304.71009  -0.12839   0.00014    268.64
 100      0   297.17610   -1834.09731   0.00319   304.68390  -0.12845   0.00014    306.73
 120      0   297.21687   -1834.09880   0.00311   304.68127  -0.12864   0.00014    344.85
 140      0   296.38068   -1834.09886   0.00280   304.72386  -0.12860   0.00013    382.46
 160      0   297.40910   -1834.09525   0.00278   304.72783  -0.12857   0.00012    420.04
 180      0   298.41370   -1834.09424   0.00263   304.73151  -0.12863   0.00011    457.37
 200      0   297.85202   -1834.09632   0.00254   304.76761  -0.12862   0.00010    494.04
 220      0   298.53875   -1834.09791   0.00240   304.76770  -0.12875   0.00010    530.70
 240      0   297.84603   -1834.09797   0.00225   304.79641  -0.12876   0.00010    567.33
 260      0   298.01025   -1834.09893   0.00215   304.79413  -0.12880   0.00010    603.97
 280      0   298.60160   -1834.09925   0.00209   304.80237  -0.12884   0.00009    640.64
 300      0   297.11214   -1834.09915   0.00200   304.79120  -0.12882   0.00009    677.28
 320      0   297.81700   -1834.09843   0.00195   304.79936  -0.12880   0.00009    713.96
 340      0   297.36319   -1834.09902   0.00188   304.81210  -0.12883   0.00008    750.62
 360      0   297.07341   -1834.09834   0.00183   304.81609  -0.12880   0.00008    787.29
 380      0   296.05412   -1834.09903   0.00177   304.82742  -0.12879   0.00008    823.98
 400      0   298.03194   -1834.09914   0.00171   304.84480  -0.12877   0.00008    860.65
 420      0   297.16467   -1834.09970   0.00167   304.87847  -0.12879   0.00008    897.31
 440      0   297.49790   -1834.09946   0.00162   304.90957  -0.12877   0.00007    933.98
 460      0   297.86470   -1834.09924   0.00162   304.94253  -0.12878   0.00007    970.66
 480      0   296.75770   -1834.09993   0.00161   304.91083  -0.12881   0.00009   1008.58
 500      0   298.03147   -1834.10017   0.00158   304.90915  -0.12880   0.00009   1045.23
 520      0   296.97904   -1834.10127   0.00156   304.92023  -0.12884   0.00009   1081.92
 540      0   298.28725   -1834.10222   0.00154   304.93758  -0.12882   0.00008   1118.61
 560      0   296.31901   -1834.10220   0.00151   304.94638  -0.12880   0.00008   1155.25
 580      0   296.80688   -1834.10232   0.00149   304.96250  -0.12880   0.00008   1191.88
 600      0   295.81191   -1834.10244   0.00147   304.98075  -0.12879   0.00008   1228.55
 620      0   296.66462   -1834.10214   0.00144   304.98372  -0.12881   0.00008   1265.22
 640      0   296.53832   -1834.10213   0.00142   304.98579  -0.12884   0.00008   1303.20
 660      0   298.25529   -1834.10141   0.00142   304.98846  -0.12884   0.00007   1339.89
 680      0   298.10124   -1834.10222   0.00140   305.01076  -0.12882   0.00007   1376.55
 700      0   296.68209   -1834.10275   0.00138   305.00218  -0.12883   0.00007   1413.22
 720      0   297.03390   -1834.10295   0.00136   305.00761  -0.12883   0.00007   1449.91
 740      0   298.09109   -1834.10302   0.00134   305.03427  -0.12882   0.00007   1486.56
 760      0   297.33146   -1834.10361   0.00132   305.03101  -0.12879   0.00007   1523.25
 780      0   297.40196   -1834.10407   0.00130   305.03320  -0.12880   0.00007   1559.88
 800      0   296.93085   -1834.10332   0.00130   305.02785  -0.12880   0.00007   1596.54
 820      0   297.63517   -1834.10323   0.00128   305.02537  -0.12880   0.00006   1633.22
 840      0   297.62635   -1834.10375   0.00126   305.00578  -0.12887   0.00007   1669.89

Post Propagation
Total number of samples 840
Remove Outliers
Remove samples outside Zeta > 30
Outlier bound [-0.17285, -0.08432]
Removed 0 Outliers
Outliers Energy []
nsample = 840, max_block_size = 42, min_nblocks = 20
   B    NB    NS  Observable     Error    dError
   1   840   840  -1834.10371   0.00126   0.00003
   2   420   840  -1834.10372   0.00157   0.00005
   3   280   840  -1834.10373   0.00176   0.00007
   4   210   840  -1834.10373   0.00190   0.00009
   5   168   840  -1834.10373   0.00201   0.00011
   6   140   840  -1834.10374   0.00211   0.00013
   7   120   840  -1834.10374   0.00220   0.00014
   8   105   840  -1834.10374   0.00219   0.00015
   9    93   837  -1834.10359   0.00224   0.00017
  10    84   840  -1834.10374   0.00226   0.00018
  11    76   836  -1834.10356   0.00230   0.00019
  12    70   840  -1834.10375   0.00241   0.00020
  13    64   832  -1834.10337   0.00228   0.00020
  14    60   840  -1834.10375   0.00244   0.00022
  15    56   840  -1834.10375   0.00245   0.00023
  16    52   832  -1834.10337   0.00241   0.00024
  17    49   833  -1834.10342   0.00240   0.00024
  18    46   828  -1834.10315   0.00252   0.00027
  19    44   836  -1834.10357   0.00243   0.00026
  20    42   840  -1834.10375   0.00229   0.00025
  21    40   840  -1834.10375   0.00236   0.00027
  22    38   836  -1834.10357   0.00252   0.00029
  23    36   828  -1834.10316   0.00247   0.00029
  24    35   840  -1834.10375   0.00236   0.00029
  25    33   825  -1834.10312   0.00257   0.00032
  26    32   832  -1834.10337   0.00243   0.00031
  27    31   837  -1834.10360   0.00246   0.00032
  28    30   840  -1834.10375   0.00281   0.00037
  29    28   812  -1834.10303   0.00264   0.00036
  30    28   840  -1834.10375   0.00272   0.00037
  31    27   837  -1834.10360   0.00233   0.00032
  32    26   832  -1834.10337   0.00249   0.00035
  33    25   825  -1834.10312   0.00246   0.00035
  34    24   816  -1834.10317   0.00279   0.00041
  35    24   840  -1834.10375   0.00293   0.00043
  36    23   828  -1834.10316   0.00242   0.00036
  37    22   814  -1834.10310   0.00263   0.00041
  38    22   836  -1834.10357   0.00216   0.00033
  39    21   819  -1834.10322   0.00276   0.00044
  40    21   840  -1834.10375   0.00194   0.00031
  41    20   820  -1834.10323   0.00284   0.00046
  42    20   840  -1834.10375   0.00254   0.00041
Fit (variance): plateau_var = 5.978e-06 ± 2.906e-07
Fit (error):    plateau = 0.00244 ± 0.00006
     autocorrelation length ~ 4.8 blocks
     plateau reached at block size ~ 22
nsample = 840, max_block_size = 42, min_nblocks = 20
Blk_SZ   NBlk   NSmp      Energy     Error    dError
     1    840    840    -0.12883   0.00007   0.00000
     2    420    840    -0.12884   0.00008   0.00000
     3    280    840    -0.12884   0.00009   0.00000
     4    210    840    -0.12885   0.00009   0.00000
     5    168    840    -0.12885   0.00010   0.00001
     6    140    840    -0.12885   0.00010   0.00001
     7    120    840    -0.12885   0.00009   0.00001
     8    105    840    -0.12885   0.00011   0.00001
     9     93    837    -0.12885   0.00010   0.00001
    10     84    840    -0.12886   0.00011   0.00001
    11     76    836    -0.12885   0.00010   0.00001
    12     70    840    -0.12886   0.00011   0.00001
    13     64    832    -0.12885   0.00011   0.00001
    14     60    840    -0.12886   0.00010   0.00001
    15     56    840    -0.12886   0.00012   0.00001
    16     52    832    -0.12885   0.00011   0.00001
    17     49    833    -0.12885   0.00011   0.00001
    18     46    828    -0.12884   0.00011   0.00001
    19     44    836    -0.12886   0.00011   0.00001
    20     42    840    -0.12886   0.00011   0.00001
    21     40    840    -0.12886   0.00011   0.00001
    22     38    836    -0.12885   0.00011   0.00001
    23     36    828    -0.12885   0.00011   0.00001
    24     35    840    -0.12886   0.00011   0.00001
    25     33    825    -0.12881   0.00010   0.00001
    26     32    832    -0.12885   0.00012   0.00001
    27     31    837    -0.12886   0.00010   0.00001
    28     30    840    -0.12886   0.00012   0.00002
    29     28    812    -0.12879   0.00011   0.00002
    30     28    840    -0.12886   0.00012   0.00002
    31     27    837    -0.12886   0.00012   0.00002
    32     26    832    -0.12886   0.00011   0.00002
    33     25    825    -0.12881   0.00009   0.00001
    34     24    816    -0.12879   0.00009   0.00001
    35     24    840    -0.12886   0.00012   0.00002
    36     23    828    -0.12885   0.00008   0.00001
    37     22    814    -0.12879   0.00007   0.00001
    38     22    836    -0.12886   0.00011   0.00002
    39     21    819    -0.12880   0.00009   0.00001
    40     21    840    -0.12887   0.00011   0.00002
    41     20    820    -0.12880   0.00008   0.00001
    42     20    840    -0.12887   0.00010   0.00002
Fit (variance): plateau_var = 1.05638e-08 ± 4.37520e-10
Fit (error):    plateau = 0.00010 ± 0.00000
     autocorrelation length ~ 2.9 blocks
     plateau reached at block size ~ 13
Final AFQMC/HF Guiding Energy:      -1834.1038 +/- 0.0024
Final AFQMC/pt2CCSD Orbital Energy: -0.12887 +/- 0.00010
<t1> = weightp/weight = 1.02513
Total run time: 1669.89

AFQMC Sampling Finished

LNO-Integral time (s):    25.34
LNO-AFQMC time (s):       1674.33


========================= LNO-FRAGMENT [C2] 3/(48,48) ==========================
Fragment Num.  3
Fragment Idx.  3
Fragment Name  C2
LNO THRESHOLD  [0.0001, 1e-05]
PySCF Threads  12
LNO-LAS: 45/156 Occ | 187/636 Vir | 232/792 MOs
LNO-MP2 Fragment Energy:  -0.12352618
LNO-CCSD Fragment Energy: -0.12215655
LNO-CPU time (s):         419.46 (LAS 21.23 | MP2 22.62 | CCSD 375.61)
LNO-CPU wait time (s):    0.00 (100.0% hidden)
Find Density Fit Teonsers in MF object
Integrals will be built by DF Tensors
Calculating Effective Active Space One-electron Integrals
*** Correlation Space Size ***
N Occupied Orbitals: 45
N Active Orbitals:   232
Build effective h0 and h1 time: 25.907932 s
Composing CDERIs from DF
Build CDERI in cLAS time: 10.002785 s
Raw CDERI in LAS shape: (3912, 27028)
Compress CDERI 2 Chol: 1e-05
Compress CDERI time: 3.888689 s
Finished calculating Integrals
LAS Cholesky shape: (1818, 232, 232)
AFQMC script: /u/yzhang65/myprojects/software/afqmc/afqmc/lno_afqmc/script/run_lno_afqmc_pt2ccsd.py

LNO-AFQMC Started
Hostname:     gpue08.delta.ncsa.illinois.edu
System:       Linux
Node:         gpue08.delta.ncsa.illinois.edu
Release:      5.14.0-570.131.1.el9_6.x86_64
Machine:      x86_64
Processor:    x86_64
JAX backend:  GPU
JAX devices:  [CudaDevice(id=0)]
Device kind:  NVIDIA H200
Platform:     gpu

QMC Parameters
eql_time        -         30
n_prop_steps    -         50
n_blocks        -        840
n_walkers       -        300
max_memory      -     200000
mix_precision   -       True
seed            -        727
walker_type     -        rhf
trial           - pt2ccsd_sto_chol
chol_cost_ratio -        0.2
max_error       -    7.2e-05
dt              -      0.005
n_exp_terms     -          6
n_batch         -          1
nchol_chunk     -        100
free_projection -      False

QMC System
Number of Occ. Orbitals:      45
Number of Act. Orbitals:      232
Number of Chol. Vectors:      1818
Mean-Field Energy:            -1832.00523770
Maximum memory per walker:            666.67 MB
Maximum number of Cholesky per chunk: 811
Number of Cholesky chunks:            3
Number of Cholesky per chunk:         606
Number of padding Cholesky:           0
Trial:   pt2ccsd_sto_chol(norb=232, nelec=(45, 45), n_batch=1, nchol_chunk=606, mix_precision=True, n_chol_head=0, head_chol_ratio=None, n_chol_samples=None, chol_cost_ratio=0.2, head_sample_ratio=3.0, chol_score_floor=1e-06, chol_uniform_mix=0.01, head_from_guide=False)
Sampler: sampler_pt2_sto_chol(n_prop_steps=50, n_blocks=840, n_chol=1818, frozen_vir=0)

Initalize QMC walkers by HF

Equilibration
Initial Orbital energy: -0.12216
inv_T  nodes      weight      energy     error   runTime
 0.00      0   300.00000  -1832.00372   0.00000     31.21
 3.00      0   310.48956  -1834.06726   0.03222     42.52
 6.00      0   301.73280  -1834.06949   0.03321     49.44
 9.00      0   299.71672  -1834.05927   0.03302     56.36
12.00      0   297.76319  -1834.07978   0.03317     63.20
15.00      0   297.72145  -1834.06384   0.03017     69.99
18.00      0   297.52244  -1834.09620   0.03262     76.80
21.00      0   297.68294  -1834.06190   0.03290     83.99
24.00      0   297.73295  -1834.12276   0.03920     90.99
27.00      0   297.14096  -1834.02444   0.02932     97.79
30.00      0   299.11515  -1834.12817   0.03854    104.80

Sampling Blocks
Target Final Error ~ 0.000072
   N  nodes      weight      E(Guide)     Error     weightp    E_frag     Error      Time
  20      0   296.68696   -1834.07321   0.00757   304.72172  -0.12920   0.00033    151.42
  40      0   297.38180   -1834.06445   0.00545   304.44467  -0.12915   0.00025    186.65
  60      0   297.16592   -1834.04973   0.00518   304.40164  -0.12895   0.00019    221.30
  80      0   298.00103   -1834.05112   0.00424   304.67475  -0.12932   0.00027    255.31
 100      0   297.91207   -1834.05691   0.00391   304.73883  -0.12915   0.00022    289.93
 120      0   296.80341   -1834.05533   0.00345   304.87250  -0.12905   0.00020    325.28
 140      0   297.17247   -1834.05580   0.00315   304.92189  -0.12906   0.00017    359.67
 160      0   298.81792   -1834.05604   0.00290   305.00259  -0.12907   0.00016    393.90
 180      0   297.57930   -1834.05751   0.00275   305.04751  -0.12911   0.00014    427.86
 200      0   298.47406   -1834.05767   0.00253   305.05001  -0.12914   0.00013    461.85
 220      0   297.89502   -1834.05529   0.00243   305.04010  -0.12908   0.00012    495.82
 240      0   296.81698   -1834.05469   0.00227   305.06435  -0.12909   0.00012    529.80
 260      0   297.26682   -1834.05364   0.00217   305.13276  -0.12902   0.00011    563.78
 280      0   297.07937   -1834.05497   0.00211   305.14994  -0.12900   0.00011    597.81
 300      0   297.45469   -1834.05518   0.00200   305.11251  -0.12893   0.00010    631.77
 320      0   297.68543   -1834.05562   0.00191   305.08570  -0.12890   0.00010    665.73
 340      0   298.10135   -1834.05462   0.00185   305.09732  -0.12890   0.00009    699.74
 360      0   297.32322   -1834.05539   0.00182   305.10897  -0.12899   0.00009    733.70
 380      0   297.11304   -1834.05483   0.00174   305.10263  -0.12903   0.00009    767.69
 400      0   296.05642   -1834.05489   0.00168   305.08333  -0.12908   0.00009    801.68
 420      0   298.16495   -1834.05465   0.00168   305.06386  -0.12912   0.00009    835.66
 440      0   296.25129   -1834.05620   0.00167   305.05956  -0.12918   0.00009    869.71
 460      0   296.55245   -1834.05558   0.00162   305.05175  -0.12917   0.00008    903.71
 480      0   296.60233   -1834.05565   0.00159   305.06628  -0.12919   0.00008    937.70
 500      0   297.59800   -1834.05782   0.00162   305.05588  -0.12922   0.00008    971.68
 520      0   296.52620   -1834.05821   0.00159   305.04553  -0.12924   0.00008   1005.68
 540      0   297.55563   -1834.05863   0.00156   305.06208  -0.12923   0.00008   1039.65
 560      0   296.13155   -1834.05810   0.00153   305.05403  -0.12921   0.00007   1073.63
 580      0   298.80554   -1834.05865   0.00152   305.06259  -0.12918   0.00007   1107.62
 600      0   298.04570   -1834.05919   0.00150   305.07432  -0.12917   0.00007   1141.59
 620      0   297.13799   -1834.05885   0.00147   305.07097  -0.12917   0.00007   1175.55
 640      0   298.92535   -1834.05960   0.00145   305.06343  -0.12916   0.00007   1209.53
 660      0   298.05492   -1834.06009   0.00142   305.05036  -0.12914   0.00007   1243.51
 680      0   297.90833   -1834.05959   0.00140   305.05478  -0.12913   0.00007   1277.50
 700      0   297.08080   -1834.05966   0.00138   305.05975  -0.12912   0.00007   1311.48
 720      0   297.19547   -1834.05982   0.00137   305.08156  -0.12910   0.00006   1345.47
 740      0   297.74314   -1834.05907   0.00137   305.08263  -0.12910   0.00006   1379.45
 760      0   296.00972   -1834.05846   0.00136   305.06059  -0.12911   0.00006   1413.41
 780      0   298.44889   -1834.05940   0.00137   305.05324  -0.12911   0.00006   1447.39
 800      0   297.21514   -1834.05984   0.00136   305.03638  -0.12911   0.00006   1481.34
 820      0   297.53346   -1834.06000   0.00133   305.02840  -0.12912   0.00006   1515.31
 840      0   298.05166   -1834.06080   0.00132   305.03259  -0.12911   0.00006   1549.25

Post Propagation
Total number of samples 840
Remove Outliers
Remove samples outside Zeta > 30
Outlier bound [-0.17241, -0.08527]
Removed 0 Outliers
Outliers Energy []
nsample = 840, max_block_size = 42, min_nblocks = 20
   B    NB    NS  Observable     Error    dError
   1   840   840  -1834.06075   0.00132   0.00003
   2   420   840  -1834.06076   0.00166   0.00006
   3   280   840  -1834.06077   0.00188   0.00008
   4   210   840  -1834.06077   0.00204   0.00010
   5   168   840  -1834.06078   0.00210   0.00011
   6   140   840  -1834.06078   0.00230   0.00014
   7   120   840  -1834.06078   0.00233   0.00015
   8   105   840  -1834.06078   0.00241   0.00017
   9    93   837  -1834.06047   0.00229   0.00017
  10    84   840  -1834.06079   0.00242   0.00019
  11    76   836  -1834.06046   0.00236   0.00019
  12    70   840  -1834.06079   0.00249   0.00021
  13    64   832  -1834.06020   0.00247   0.00022
  14    60   840  -1834.06079   0.00245   0.00023
  15    56   840  -1834.06079   0.00275   0.00026
  16    52   832  -1834.06020   0.00272   0.00027
  17    49   833  -1834.06027   0.00252   0.00026
  18    46   828  -1834.06030   0.00257   0.00027
  19    44   836  -1834.06046   0.00272   0.00029
  20    42   840  -1834.06079   0.00291   0.00032
  21    40   840  -1834.06080   0.00274   0.00031
  22    38   836  -1834.06046   0.00272   0.00032
  23    36   828  -1834.06030   0.00290   0.00035
  24    35   840  -1834.06080   0.00266   0.00032
  25    33   825  -1834.06014   0.00275   0.00034
  26    32   832  -1834.06021   0.00267   0.00034
  27    31   837  -1834.06048   0.00247   0.00032
  28    30   840  -1834.06080   0.00280   0.00037
  29    28   812  -1834.05993   0.00230   0.00031
  30    28   840  -1834.06080   0.00274   0.00037
  31    27   837  -1834.06047   0.00259   0.00036
  32    26   832  -1834.06021   0.00294   0.00042
  33    25   825  -1834.06014   0.00285   0.00041
  34    24   816  -1834.05996   0.00293   0.00043
  35    24   840  -1834.06080   0.00273   0.00040
  36    23   828  -1834.06030   0.00281   0.00042
  37    22   814  -1834.05992   0.00279   0.00043
  38    22   836  -1834.06046   0.00286   0.00044
  39    21   819  -1834.06002   0.00261   0.00041
  40    21   840  -1834.06080   0.00314   0.00050
  41    20   820  -1834.06000   0.00246   0.00040
  42    20   840  -1834.06080   0.00263   0.00043
Fit (variance): plateau_var = 7.091e-06 ± 3.618e-07
Fit (error):    plateau = 0.00266 ± 0.00007
     autocorrelation length ~ 5.3 blocks
     plateau reached at block size ~ 24
nsample = 840, max_block_size = 42, min_nblocks = 20
Blk_SZ   NBlk   NSmp      Energy     Error    dError
     1    840    840    -0.12907   0.00006   0.00000
     2    420    840    -0.12908   0.00007   0.00000
     3    280    840    -0.12908   0.00007   0.00000
     4    210    840    -0.12908   0.00008   0.00000
     5    168    840    -0.12909   0.00008   0.00000
     6    140    840    -0.12909   0.00008   0.00000
     7    120    840    -0.12909   0.00008   0.00001
     8    105    840    -0.12909   0.00009   0.00001
     9     93    837    -0.12910   0.00008   0.00001
    10     84    840    -0.12910   0.00009   0.00001
    11     76    836    -0.12910   0.00009   0.00001
    12     70    840    -0.12910   0.00009   0.00001
    13     64    832    -0.12910   0.00009   0.00001
    14     60    840    -0.12910   0.00009   0.00001
    15     56    840    -0.12910   0.00010   0.00001
    16     52    832    -0.12910   0.00010   0.00001
    17     49    833    -0.12910   0.00010   0.00001
    18     46    828    -0.12911   0.00009   0.00001
    19     44    836    -0.12911   0.00010   0.00001
    20     42    840    -0.12910   0.00010   0.00001
    21     40    840    -0.12910   0.00009   0.00001
    22     38    836    -0.12911   0.00011   0.00001
    23     36    828    -0.12910   0.00011   0.00001
    24     35    840    -0.12911   0.00010   0.00001
    25     33    825    -0.12911   0.00010   0.00001
    26     32    832    -0.12910   0.00011   0.00001
    27     31    837    -0.12911   0.00010   0.00001
    28     30    840    -0.12911   0.00011   0.00001
    29     28    812    -0.12911   0.00010   0.00001
    30     28    840    -0.12911   0.00011   0.00002
    31     27    837    -0.12911   0.00011   0.00001
    32     26    832    -0.12911   0.00011   0.00002
    33     25    825    -0.12911   0.00011   0.00002
    34     24    816    -0.12911   0.00012   0.00002
    35     24    840    -0.12911   0.00010   0.00002
    36     23    828    -0.12911   0.00011   0.00002
    37     22    814    -0.12911   0.00012   0.00002
    38     22    836    -0.12911   0.00011   0.00002
    39     21    819    -0.12911   0.00013   0.00002
    40     21    840    -0.12911   0.00011   0.00002
    41     20    820    -0.12911   0.00012   0.00002
    42     20    840    -0.12911   0.00012   0.00002
Fit (variance): plateau_var = 1.21769e-08 ± 1.21285e-09
Fit (error):    plateau = 0.00011 ± 0.00001
     autocorrelation length ~ 12.8 blocks
     plateau reached at block size ~ 56
Final AFQMC/HF Guiding Energy:      -1834.0608 +/- 0.0027
Final AFQMC/pt2CCSD Orbital Energy: -0.12911 +/- 0.00011
<t1> = weightp/weight = 1.02510
Total run time: 1549.26

AFQMC Sampling Finished

LNO-Integral time (s):    44.48
LNO-AFQMC time (s):       1554.75


========================= LNO-FRAGMENT [C3] 4/(48,48) ==========================
Fragment Num.  4
Fragment Idx.  4
Fragment Name  C3
LNO THRESHOLD  [0.0001, 1e-05]
PySCF Threads  12
LNO-LAS: 48/156 Occ | 185/636 Vir | 233/792 MOs
LNO-MP2 Fragment Energy:  -0.12318198
LNO-CCSD Fragment Energy: -0.12179205
LNO-CPU time (s):         483.44 (LAS 24.52 | MP2 32.28 | CCSD 426.63)
LNO-CPU wait time (s):    0.00 (100.0% hidden)
Find Density Fit Teonsers in MF object
Integrals will be built by DF Tensors
Calculating Effective Active Space One-electron Integrals
*** Correlation Space Size ***
N Occupied Orbitals: 48
N Active Orbitals:   233
Build effective h0 and h1 time: 9.307151 s
Composing CDERIs from DF
Build CDERI in cLAS time: 6.361704 s
Raw CDERI in LAS shape: (3912, 27261)
Compress CDERI 2 Chol: 1e-05
Compress CDERI time: 2.200198 s
Finished calculating Integrals
LAS Cholesky shape: (1771, 233, 233)
AFQMC script: /u/yzhang65/myprojects/software/afqmc/afqmc/lno_afqmc/script/run_lno_afqmc_pt2ccsd.py

LNO-AFQMC Started
Hostname:     gpue08.delta.ncsa.illinois.edu
System:       Linux
Node:         gpue08.delta.ncsa.illinois.edu
Release:      5.14.0-570.131.1.el9_6.x86_64
Machine:      x86_64
Processor:    x86_64
JAX backend:  GPU
JAX devices:  [CudaDevice(id=0)]
Device kind:  NVIDIA H200
Platform:     gpu

QMC Parameters
eql_time        -         30
n_prop_steps    -         50
n_blocks        -        840
n_walkers       -        300
max_memory      -     200000
mix_precision   -       True
seed            -       1752
walker_type     -        rhf
trial           - pt2ccsd_sto_chol
chol_cost_ratio -        0.2
max_error       -    7.2e-05
dt              -      0.005
n_exp_terms     -          6
n_batch         -          1
nchol_chunk     -        100
free_projection -      False

QMC System
Number of Occ. Orbitals:      48
Number of Act. Orbitals:      233
Number of Chol. Vectors:      1771
Mean-Field Energy:            -1832.00523770
Maximum memory per walker:            666.67 MB
Maximum number of Cholesky per chunk: 804
Number of Cholesky chunks:            3
Number of Cholesky per chunk:         591
Number of padding Cholesky:           2
Trial:   pt2ccsd_sto_chol(norb=233, nelec=(48, 48), n_batch=1, nchol_chunk=591, mix_precision=True, n_chol_head=0, head_chol_ratio=None, n_chol_samples=None, chol_cost_ratio=0.2, head_sample_ratio=3.0, chol_score_floor=1e-06, chol_uniform_mix=0.01, head_from_guide=False)
Sampler: sampler_pt2_sto_chol(n_prop_steps=50, n_blocks=840, n_chol=1771, frozen_vir=0)

Initalize QMC walkers by HF

Equilibration
Initial Orbital energy: -0.12180
inv_T  nodes      weight      energy     error   runTime
 0.00      0   300.00000  -1832.00308   0.00000     38.64
 3.00      0   309.97490  -1834.05345   0.03131     50.17
 6.00      0   300.56653  -1834.09758   0.03121     57.41
 9.00      0   297.85964  -1834.05077   0.02978     64.64
12.00      0   297.42484  -1834.05071   0.03076     72.20
15.00      0   298.71599  -1834.12726   0.03149     79.52
18.00      0   298.68033  -1834.13693   0.03080     86.76
21.00      0   297.71055  -1834.12740   0.03173     94.02
24.00      0   297.40744  -1834.08952   0.03198    101.50
27.00      0   297.06521  -1834.10717   0.03058    108.81
30.00      0   296.97305  -1834.04047   0.03004    116.06

Sampling Blocks
Target Final Error ~ 0.000072
   N  nodes      weight      E(Guide)     Error     weightp    E_frag     Error      Time
  20      0   297.84918   -1834.10020   0.00615   305.23225  -0.12823   0.00024    160.37
  40      0   297.40073   -1834.09516   0.00460   305.24513  -0.12876   0.00019    198.40
  60      0   297.34416   -1834.10369   0.00442   305.21919  -0.12935   0.00019    235.91
  80      0   297.11749   -1834.10168   0.00396   305.07494  -0.12913   0.00016    273.24
 100      0   297.33438   -1834.09850   0.00345   305.08113  -0.12919   0.00014    310.66
 120      0   297.97967   -1834.10036   0.00298   305.19499  -0.12920   0.00013    348.15
 140      0   297.63097   -1834.09715   0.00292   305.22670  -0.12909   0.00012    385.56
 160      0   297.36777   -1834.09990   0.00276   305.23495  -0.12903   0.00011    422.23
 180      0   298.58855   -1834.10124   0.00257   305.22327  -0.12910   0.00011    458.90
 200      0   297.64685   -1834.09954   0.00250   305.25463  -0.12904   0.00011    495.56
 220      0   296.30673   -1834.10105   0.00243   305.23306  -0.12909   0.00011    532.19
 240      0   298.50704   -1834.10362   0.00238   305.27189  -0.12907   0.00010    568.81
 260      0   296.49892   -1834.10585   0.00233   305.29217  -0.12905   0.00010    605.43
 280      0   297.56530   -1834.10574   0.00225   305.26841  -0.12900   0.00009    644.29
 300      0   298.16528   -1834.10596   0.00215   305.19309  -0.12900   0.00009    680.96
 320      0   298.45775   -1834.10529   0.00206   305.17824  -0.12901   0.00009    717.62
 340      0   296.73182   -1834.10412   0.00199   305.13886  -0.12897   0.00008    754.26
 360      0   297.54313   -1834.10416   0.00192   305.12626  -0.12895   0.00008    790.92
 380      0   297.18929   -1834.10462   0.00186   305.10977  -0.12899   0.00008    827.56
 400      0   297.70660   -1834.10307   0.00185   305.11614  -0.12900   0.00008    864.20
 420      0   297.42281   -1834.10335   0.00182   305.10361  -0.12896   0.00008    900.83
 440      0   297.95835   -1834.10345   0.00175   305.10469  -0.12897   0.00007    937.49
 460      0   297.30368   -1834.10270   0.00170   305.09728  -0.12897   0.00007    974.20
 480      0   297.34522   -1834.10214   0.00165   305.06764  -0.12894   0.00007   1010.87
 500      0   298.45108   -1834.10227   0.00161   305.08894  -0.12892   0.00007   1047.54
 520      0   296.39439   -1834.10297   0.00160   305.08483  -0.12890   0.00007   1084.20
 540      0   297.61590   -1834.10302   0.00156   305.09129  -0.12890   0.00007   1120.88
 560      0   297.12168   -1834.10281   0.00152   305.10027  -0.12887   0.00006   1157.54
 580      0   298.12754   -1834.10319   0.00149   305.10171  -0.12885   0.00006   1194.18
 600      0   296.48915   -1834.10339   0.00147   305.09722  -0.12886   0.00006   1230.80
 620      0   296.24987   -1834.10287   0.00143   305.09880  -0.12887   0.00006   1267.49
 640      0   297.54911   -1834.10317   0.00141   305.10004  -0.12887   0.00006   1304.16
 660      0   297.16344   -1834.10409   0.00140   305.09994  -0.12888   0.00006   1340.83
 680      0   296.55170   -1834.10420   0.00137   305.08170  -0.12887   0.00006   1377.48
 700      0   297.27656   -1834.10412   0.00135   305.09269  -0.12889   0.00006   1414.14
 720      0   297.32340   -1834.10456   0.00133   305.09338  -0.12888   0.00006   1450.81
 740      0   298.23371   -1834.10406   0.00130   305.07538  -0.12888   0.00006   1487.46
 760      0   297.36059   -1834.10365   0.00129   305.06085  -0.12889   0.00006   1524.11
 780      0   297.64015   -1834.10343   0.00127   305.05595  -0.12889   0.00006   1560.74
 800      0   296.63969   -1834.10348   0.00125   305.06311  -0.12890   0.00006   1597.41
 820      0   297.12608   -1834.10324   0.00123   305.05426  -0.12892   0.00005   1634.08
 840      0   296.68779   -1834.10251   0.00122   305.04614  -0.12890   0.00005   1670.75

Post Propagation
Total number of samples 840
Remove Outliers
Remove samples outside Zeta > 30
Outlier bound [-0.17159, -0.08583]
Removed 0 Outliers
Outliers Energy []
nsample = 840, max_block_size = 42, min_nblocks = 20
   B    NB    NS  Observable     Error    dError
   1   840   840  -1834.10246   0.00122   0.00003
   2   420   840  -1834.10248   0.00152   0.00005
   3   280   840  -1834.10248   0.00174   0.00007
   4   210   840  -1834.10249   0.00182   0.00009
   5   168   840  -1834.10249   0.00192   0.00010
   6   140   840  -1834.10249   0.00202   0.00012
   7   120   840  -1834.10249   0.00204   0.00013
   8   105   840  -1834.10249   0.00216   0.00015
   9    93   837  -1834.10263   0.00209   0.00015
  10    84   840  -1834.10250   0.00218   0.00017
  11    76   836  -1834.10263   0.00221   0.00018
  12    70   840  -1834.10250   0.00234   0.00020
  13    64   832  -1834.10279   0.00219   0.00020
  14    60   840  -1834.10250   0.00228   0.00021
  15    56   840  -1834.10250   0.00226   0.00022
  16    52   832  -1834.10279   0.00241   0.00024
  17    49   833  -1834.10272   0.00232   0.00024
  18    46   828  -1834.10291   0.00232   0.00024
  19    44   836  -1834.10263   0.00241   0.00026
  20    42   840  -1834.10250   0.00237   0.00026
  21    40   840  -1834.10250   0.00238   0.00027
  22    38   836  -1834.10264   0.00254   0.00030
  23    36   828  -1834.10291   0.00249   0.00030
  24    35   840  -1834.10250   0.00238   0.00029
  25    33   825  -1834.10301   0.00251   0.00031
  26    32   832  -1834.10280   0.00228   0.00029
  27    31   837  -1834.10264   0.00241   0.00031
  28    30   840  -1834.10250   0.00249   0.00033
  29    28   812  -1834.10344   0.00241   0.00033
  30    28   840  -1834.10251   0.00236   0.00032
  31    27   837  -1834.10264   0.00236   0.00033
  32    26   832  -1834.10280   0.00243   0.00034
  33    25   825  -1834.10301   0.00263   0.00038
  34    24   816  -1834.10339   0.00234   0.00035
  35    24   840  -1834.10251   0.00229   0.00034
  36    23   828  -1834.10291   0.00209   0.00031
  37    22   814  -1834.10345   0.00260   0.00040
  38    22   836  -1834.10264   0.00253   0.00039
  39    21   819  -1834.10324   0.00216   0.00034
  40    21   840  -1834.10251   0.00242   0.00038
  41    20   820  -1834.10324   0.00201   0.00033
  42    20   840  -1834.10251   0.00238   0.00039
Fit (variance): plateau_var = 5.521e-06 ± 2.687e-07
Fit (error):    plateau = 0.00235 ± 0.00006
     autocorrelation length ~ 4.8 blocks
     plateau reached at block size ~ 22
nsample = 840, max_block_size = 42, min_nblocks = 20
Blk_SZ   NBlk   NSmp      Energy     Error    dError
     1    840    840    -0.12888   0.00005   0.00000
     2    420    840    -0.12888   0.00006   0.00000
     3    280    840    -0.12889   0.00007   0.00000
     4    210    840    -0.12889   0.00007   0.00000
     5    168    840    -0.12889   0.00007   0.00000
     6    140    840    -0.12889   0.00008   0.00000
     7    120    840    -0.12889   0.00008   0.00000
     8    105    840    -0.12889   0.00007   0.00001
     9     93    837    -0.12890   0.00008   0.00001
    10     84    840    -0.12890   0.00008   0.00001
    11     76    836    -0.12890   0.00008   0.00001
    12     70    840    -0.12890   0.00008   0.00001
    13     64    832    -0.12891   0.00008   0.00001
    14     60    840    -0.12890   0.00007   0.00001
    15     56    840    -0.12890   0.00008   0.00001
    16     52    832    -0.12891   0.00007   0.00001
    17     49    833    -0.12891   0.00007   0.00001
    18     46    828    -0.12891   0.00008   0.00001
    19     44    836    -0.12891   0.00007   0.00001
    20     42    840    -0.12890   0.00008   0.00001
    21     40    840    -0.12890   0.00008   0.00001
    22     38    836    -0.12891   0.00008   0.00001
    23     36    828    -0.12891   0.00007   0.00001
    24     35    840    -0.12890   0.00008   0.00001
    25     33    825    -0.12892   0.00007   0.00001
    26     32    832    -0.12891   0.00007   0.00001
    27     31    837    -0.12891   0.00007   0.00001
    28     30    840    -0.12890   0.00007   0.00001
    29     28    812    -0.12892   0.00008   0.00001
    30     28    840    -0.12890   0.00007   0.00001
    31     27    837    -0.12891   0.00008   0.00001
    32     26    832    -0.12891   0.00007   0.00001
    33     25    825    -0.12892   0.00008   0.00001
    34     24    816    -0.12892   0.00008   0.00001
    35     24    840    -0.12890   0.00008   0.00001
    36     23    828    -0.12891   0.00007   0.00001
    37     22    814    -0.12892   0.00007   0.00001
    38     22    836    -0.12891   0.00007   0.00001
    39     21    819    -0.12892   0.00008   0.00001
    40     21    840    -0.12890   0.00007   0.00001
    41     20    820    -0.12892   0.00007   0.00001
    42     20    840    -0.12890   0.00006   0.00001
Fit (variance): plateau_var = 5.48733e-09 ± 2.11855e-10
Fit (error):    plateau = 0.00007 ± 0.00000
     autocorrelation length ~ 2.4 blocks
     plateau reached at block size ~ 11
Final AFQMC/HF Guiding Energy:      -1834.1025 +/- 0.0023
Final AFQMC/pt2CCSD Orbital Energy: -0.12890 +/- 0.00007
<t1> = weightp/weight = 1.02525
Total run time: 1670.76

AFQMC Sampling Finished

LNO-Integral time (s):    21.90
LNO-AFQMC time (s):       1677.07


========================= LNO-FRAGMENT [C4] 5/(48,48) ==========================
Fragment Num.  5
Fragment Idx.  5
Fragment Name  C4
LNO THRESHOLD  [0.0001, 1e-05]
PySCF Threads  12
LNO-LAS: 45/156 Occ | 182/636 Vir | 227/792 MOs
LNO-MP2 Fragment Energy:  -0.12327668
LNO-CCSD Fragment Energy: -0.12195355
LNO-CPU time (s):         419.48 (LAS 26.17 | MP2 18.69 | CCSD 374.63)
LNO-CPU wait time (s):    0.00 (100.0% hidden)
Find Density Fit Teonsers in MF object
Integrals will be built by DF Tensors
Calculating Effective Active Space One-electron Integrals
*** Correlation Space Size ***
N Occupied Orbitals: 45
N Active Orbitals:   227
Build effective h0 and h1 time: 7.422653 s
Composing CDERIs from DF
Build CDERI in cLAS time: 6.849228 s
Raw CDERI in LAS shape: (3912, 25878)
Compress CDERI 2 Chol: 1e-05
Compress CDERI time: 2.269441 s
Finished calculating Integrals
LAS Cholesky shape: (1683, 227, 227)
AFQMC script: /u/yzhang65/myprojects/software/afqmc/afqmc/lno_afqmc/script/run_lno_afqmc_pt2ccsd.py

LNO-AFQMC Started
Hostname:     gpue08.delta.ncsa.illinois.edu
System:       Linux
Node:         gpue08.delta.ncsa.illinois.edu
Release:      5.14.0-570.131.1.el9_6.x86_64
Machine:      x86_64
Processor:    x86_64
JAX backend:  GPU
JAX devices:  [CudaDevice(id=0)]
Device kind:  NVIDIA H200
Platform:     gpu

QMC Parameters
eql_time        -         30
n_prop_steps    -         50
n_blocks        -        840
n_walkers       -        300
max_memory      -     200000
mix_precision   -       True
seed            -       4155
walker_type     -        rhf
trial           - pt2ccsd_sto_chol
chol_cost_ratio -        0.2
max_error       -    7.2e-05
dt              -      0.005
n_exp_terms     -          6
n_batch         -          1
nchol_chunk     -        100
free_projection -      False

QMC System
Number of Occ. Orbitals:      45
Number of Act. Orbitals:      227
Number of Chol. Vectors:      1683
Mean-Field Energy:            -1832.00523770
Maximum memory per walker:            666.67 MB
Maximum number of Cholesky per chunk: 847
Number of Cholesky chunks:            2
Number of Cholesky per chunk:         842
Number of padding Cholesky:           1
Trial:   pt2ccsd_sto_chol(norb=227, nelec=(45, 45), n_batch=1, nchol_chunk=842, mix_precision=True, n_chol_head=0, head_chol_ratio=None, n_chol_samples=None, chol_cost_ratio=0.2, head_sample_ratio=3.0, chol_score_floor=1e-06, chol_uniform_mix=0.01, head_from_guide=False)
Sampler: sampler_pt2_sto_chol(n_prop_steps=50, n_blocks=840, n_chol=1683, frozen_vir=0)

Initalize QMC walkers by HF

Equilibration
Initial Orbital energy: -0.12194
inv_T  nodes      weight      energy     error   runTime
 0.00      0   300.00000  -1832.00325   0.00000     34.88
 3.00      0   310.78078  -1834.01908   0.03073     45.70
 6.00      0   300.80375  -1834.01342   0.03005     52.94
 9.00      0   298.94397  -1834.02189   0.03107     59.85
12.00      0   298.96179  -1834.08513   0.03534     66.77
15.00      0   297.48710  -1834.06673   0.03506     73.54
18.00      0   297.78650  -1834.02876   0.03540     80.68
21.00      0   297.21169  -1834.03928   0.03156     87.64
24.00      0   297.60094  -1833.98992   0.02868     94.44
27.00      0   297.40331  -1834.04153   0.03168    101.22
30.00      0   297.73443  -1834.03234   0.03138    108.02

Sampling Blocks
Target Final Error ~ 0.000072
   N  nodes      weight      E(Guide)     Error     weightp    E_frag     Error      Time
  20      0   298.61587   -1834.02410   0.00696   304.85151  -0.12843   0.00031    148.60
  40      0   297.45171   -1834.02038   0.00466   304.85003  -0.12829   0.00021    181.89
  60      0   298.53514   -1834.02126   0.00385   305.33912  -0.12842   0.00017    214.65
  80      0   297.49090   -1834.02985   0.00365   305.27442  -0.12860   0.00019    247.73
 100      0   297.47991   -1834.03563   0.00370   305.18546  -0.12861   0.00017    280.40
 120      0   298.39338   -1834.04265   0.00381   305.15540  -0.12870   0.00015    312.84
 140      0   297.86297   -1834.04404   0.00342   304.98674  -0.12885   0.00014    346.03
 160      0   296.82160   -1834.04191   0.00317   304.88640  -0.12880   0.00014    378.72
 180      0   297.56193   -1834.04264   0.00295   304.90640  -0.12886   0.00013    410.83
 200      0   297.70376   -1834.04459   0.00275   304.93433  -0.12897   0.00012    442.87
 220      0   297.71976   -1834.04521   0.00256   304.94501  -0.12895   0.00012    474.88
 240      0   296.43866   -1834.04481   0.00238   304.93091  -0.12895   0.00011    506.90
 260      0   296.59257   -1834.04564   0.00226   304.92084  -0.12893   0.00010    538.96
 280      0   297.41073   -1834.04596   0.00216   304.93118  -0.12899   0.00010    570.97
 300      0   299.21272   -1834.04771   0.00215   305.00021  -0.12900   0.00010    603.02
 320      0   296.76556   -1834.04640   0.00215   304.95897  -0.12895   0.00009    635.04
 340      0   297.48828   -1834.04645   0.00208   304.95983  -0.12892   0.00009    667.04
 360      0   297.22584   -1834.04622   0.00200   304.97536  -0.12890   0.00009    699.05
 380      0   296.86100   -1834.04762   0.00197   305.00125  -0.12892   0.00009    731.10
 400      0   297.21290   -1834.04689   0.00190   305.02638  -0.12886   0.00009    763.14
 420      0   297.94109   -1834.04565   0.00184   305.06137  -0.12885   0.00008    795.14
 440      0   298.55466   -1834.04515   0.00180   305.06410  -0.12883   0.00008    827.16
 460      0   298.10454   -1834.04574   0.00175   305.06977  -0.12883   0.00008    859.21
 480      0   297.10371   -1834.04545   0.00173   305.04664  -0.12885   0.00008    891.26
 500      0   297.30381   -1834.04562   0.00169   305.05727  -0.12884   0.00007    923.31
 520      0   298.44909   -1834.04530   0.00166   305.05971  -0.12883   0.00007    955.35
 540      0   296.91232   -1834.04547   0.00180   305.02134  -0.12892   0.00008    987.38
 560      0   298.23362   -1834.04390   0.00178   305.01654  -0.12890   0.00008   1019.43
 580      0   297.87124   -1834.04432   0.00177   305.06208  -0.12889   0.00007   1051.48
 600      0   297.80342   -1834.04436   0.00174   305.06422  -0.12886   0.00007   1083.51
 620      0   297.80866   -1834.04539   0.00171   305.06560  -0.12884   0.00007   1115.54
 640      0   297.65099   -1834.04501   0.00168   305.05672  -0.12885   0.00007   1147.58
 660      0   297.74552   -1834.04460   0.00164   305.04386  -0.12885   0.00007   1179.60
 680      0   296.52854   -1834.04510   0.00161   305.03673  -0.12883   0.00007   1211.62
 700      0   297.52091   -1834.04578   0.00159   305.03639  -0.12882   0.00007   1243.64
 720      0   297.96839   -1834.04586   0.00157   305.02809  -0.12880   0.00006   1275.64
 740      0   296.80572   -1834.04606   0.00153   305.02349  -0.12878   0.00006   1307.64
 760      0   298.83071   -1834.04570   0.00150   305.02553  -0.12876   0.00006   1339.71
 780      0   297.01204   -1834.04568   0.00148   305.02739  -0.12876   0.00006   1371.72
 800      0   296.38536   -1834.04624   0.00148   305.05395  -0.12876   0.00006   1403.76
 820      0   297.84154   -1834.04628   0.00145   305.06909  -0.12877   0.00006   1435.83
 840      0   297.69569   -1834.04656   0.00143   305.08172  -0.12878   0.00006   1467.86

Post Propagation
Total number of samples 840
Remove Outliers
Remove samples outside Zeta > 30
Outlier bound [-0.17288, -0.08427]
Removed 0 Outliers
Outliers Energy []
nsample = 840, max_block_size = 42, min_nblocks = 20
   B    NB    NS  Observable     Error    dError
   1   840   840  -1834.04649   0.00143   0.00003
   2   420   840  -1834.04651   0.00178   0.00006
   3   280   840  -1834.04651   0.00203   0.00009
   4   210   840  -1834.04652   0.00222   0.00011
   5   168   840  -1834.04653   0.00231   0.00013
   6   140   840  -1834.04653   0.00237   0.00014
   7   120   840  -1834.04653   0.00256   0.00017
   8   105   840  -1834.04654   0.00252   0.00017
   9    93   837  -1834.04644   0.00257   0.00019
  10    84   840  -1834.04654   0.00242   0.00019
  11    76   836  -1834.04649   0.00263   0.00021
  12    70   840  -1834.04654   0.00269   0.00023
  13    64   832  -1834.04648   0.00253   0.00023
  14    60   840  -1834.04655   0.00278   0.00026
  15    56   840  -1834.04654   0.00274   0.00026
  16    52   832  -1834.04648   0.00284   0.00028
  17    49   833  -1834.04654   0.00278   0.00028
  18    46   828  -1834.04630   0.00285   0.00030
  19    44   836  -1834.04650   0.00281   0.00030
  20    42   840  -1834.04655   0.00264   0.00029
  21    40   840  -1834.04655   0.00299   0.00034
  22    38   836  -1834.04650   0.00258   0.00030
  23    36   828  -1834.04630   0.00267   0.00032
  24    35   840  -1834.04655   0.00283   0.00034
  25    33   825  -1834.04622   0.00294   0.00037
  26    32   832  -1834.04649   0.00263   0.00033
  27    31   837  -1834.04645   0.00267   0.00034
  28    30   840  -1834.04655   0.00309   0.00041
  29    28   812  -1834.04646   0.00266   0.00036
  30    28   840  -1834.04655   0.00277   0.00038
  31    27   837  -1834.04645   0.00312   0.00043
  32    26   832  -1834.04649   0.00254   0.00036
  33    25   825  -1834.04623   0.00311   0.00045
  34    24   816  -1834.04631   0.00276   0.00041
  35    24   840  -1834.04655   0.00321   0.00047
  36    23   828  -1834.04631   0.00243   0.00037
  37    22   814  -1834.04646   0.00264   0.00041
  38    22   836  -1834.04650   0.00269   0.00042
  39    21   819  -1834.04627   0.00265   0.00042
  40    21   840  -1834.04655   0.00249   0.00039
  41    20   820  -1834.04628   0.00276   0.00045
  42    20   840  -1834.04655   0.00272   0.00044
Fit (variance): plateau_var = 7.448e-06 ± 3.423e-07
Fit (error):    plateau = 0.00273 ± 0.00006
     autocorrelation length ~ 4.2 blocks
     plateau reached at block size ~ 20
nsample = 840, max_block_size = 42, min_nblocks = 20
Blk_SZ   NBlk   NSmp      Energy     Error    dError
     1    840    840    -0.12873   0.00006   0.00000
     2    420    840    -0.12874   0.00006   0.00000
     3    280    840    -0.12875   0.00007   0.00000
     4    210    840    -0.12875   0.00007   0.00000
     5    168    840    -0.12875   0.00008   0.00000
     6    140    840    -0.12876   0.00008   0.00000
     7    120    840    -0.12876   0.00008   0.00001
     8    105    840    -0.12876   0.00008   0.00001
     9     93    837    -0.12877   0.00009   0.00001
    10     84    840    -0.12877   0.00009   0.00001
    11     76    836    -0.12877   0.00008   0.00001
    12     70    840    -0.12876   0.00008   0.00001
    13     64    832    -0.12877   0.00009   0.00001
    14     60    840    -0.12877   0.00009   0.00001
    15     56    840    -0.12877   0.00009   0.00001
    16     52    832    -0.12878   0.00009   0.00001
    17     49    833    -0.12878   0.00009   0.00001
    18     46    828    -0.12877   0.00009   0.00001
    19     44    836    -0.12878   0.00009   0.00001
    20     42    840    -0.12877   0.00010   0.00001
    21     40    840    -0.12877   0.00009   0.00001
    22     38    836    -0.12878   0.00009   0.00001
    23     36    828    -0.12877   0.00009   0.00001
    24     35    840    -0.12878   0.00009   0.00001
    25     33    825    -0.12877   0.00008   0.00001
    26     32    832    -0.12878   0.00010   0.00001
    27     31    837    -0.12878   0.00010   0.00001
    28     30    840    -0.12877   0.00009   0.00001
    29     28    812    -0.12877   0.00009   0.00001
    30     28    840    -0.12878   0.00010   0.00001
    31     27    837    -0.12878   0.00008   0.00001
    32     26    832    -0.12878   0.00011   0.00001
    33     25    825    -0.12878   0.00009   0.00001
    34     24    816    -0.12877   0.00010   0.00002
    35     24    840    -0.12878   0.00009   0.00001
    36     23    828    -0.12878   0.00010   0.00002
    37     22    814    -0.12878   0.00010   0.00001
    38     22    836    -0.12878   0.00010   0.00002
    39     21    819    -0.12877   0.00010   0.00002
    40     21    840    -0.12878   0.00010   0.00002
    41     20    820    -0.12877   0.00010   0.00002
    42     20    840    -0.12878   0.00011   0.00002
Fit (variance): plateau_var = 8.30695e-09 ± 4.13265e-10
Fit (error):    plateau = 0.00009 ± 0.00000
     autocorrelation length ~ 4.8 blocks
     plateau reached at block size ~ 21
Final AFQMC/HF Guiding Energy:      -1834.0466 +/- 0.0027
Final AFQMC/pt2CCSD Orbital Energy: -0.12878 +/- 0.00009
<t1> = weightp/weight = 1.02520
Total run time: 1467.92

AFQMC Sampling Finished

LNO-Integral time (s):    20.31
LNO-AFQMC time (s):       1474.40


========================= LNO-FRAGMENT [C5] 6/(48,48) ==========================
Fragment Num.  6
Fragment Idx.  6
Fragment Name  C5
LNO THRESHOLD  [0.0001, 1e-05]
PySCF Threads  12
LNO-LAS: 46/156 Occ | 181/636 Vir | 227/792 MOs
LNO-MP2 Fragment Energy:  -0.12294506
LNO-CCSD Fragment Energy: -0.12165602
LNO-CPU time (s):         415.54 (LAS 24.29 | MP2 28.51 | CCSD 362.75)
LNO-CPU wait time (s):    0.00 (100.0% hidden)
Find Density Fit Teonsers in MF object
Integrals will be built by DF Tensors
Calculating Effective Active Space One-electron Integrals
*** Correlation Space Size ***
N Occupied Orbitals: 46
N Active Orbitals:   227
Build effective h0 and h1 time: 17.087866 s
Composing CDERIs from DF
Build CDERI in cLAS time: 9.115026 s
Raw CDERI in LAS shape: (3912, 25878)
Compress CDERI 2 Chol: 1e-05
Compress CDERI time: 2.879078 s
Finished calculating Integrals
LAS Cholesky shape: (1691, 227, 227)
AFQMC script: /u/yzhang65/myprojects/software/afqmc/afqmc/lno_afqmc/script/run_lno_afqmc_pt2ccsd.py

LNO-AFQMC Started
Hostname:     gpue08.delta.ncsa.illinois.edu
System:       Linux
Node:         gpue08.delta.ncsa.illinois.edu
Release:      5.14.0-570.131.1.el9_6.x86_64
Machine:      x86_64
Processor:    x86_64
JAX backend:  GPU
JAX devices:  [CudaDevice(id=0)]
Device kind:  NVIDIA H200
Platform:     gpu

QMC Parameters
eql_time        -         30
n_prop_steps    -         50
n_blocks        -        840
n_walkers       -        300
max_memory      -     200000
mix_precision   -       True
seed            -        687
walker_type     -        rhf
trial           - pt2ccsd_sto_chol
chol_cost_ratio -        0.2
max_error       -    7.2e-05
dt              -      0.005
n_exp_terms     -          6
n_batch         -          1
nchol_chunk     -        100
free_projection -      False

QMC System
Number of Occ. Orbitals:      46
Number of Act. Orbitals:      227
Number of Chol. Vectors:      1691
Mean-Field Energy:            -1832.00523770
Maximum memory per walker:            666.67 MB
Maximum number of Cholesky per chunk: 847
Number of Cholesky chunks:            2
Number of Cholesky per chunk:         846
Number of padding Cholesky:           1
Trial:   pt2ccsd_sto_chol(norb=227, nelec=(46, 46), n_batch=1, nchol_chunk=846, mix_precision=True, n_chol_head=0, head_chol_ratio=None, n_chol_samples=None, chol_cost_ratio=0.2, head_sample_ratio=3.0, chol_score_floor=1e-06, chol_uniform_mix=0.01, head_from_guide=False)
Sampler: sampler_pt2_sto_chol(n_prop_steps=50, n_blocks=840, n_chol=1691, frozen_vir=0)

Initalize QMC walkers by HF

Equilibration
Initial Orbital energy: -0.12165
inv_T  nodes      weight      energy     error   runTime
 0.00      0   300.00000  -1832.00345   0.00000     29.93
 3.00      0   310.76020  -1834.00180   0.03181     40.30
 6.00      0   300.75863  -1834.03947   0.03085     47.76
 9.00      0   298.25149  -1834.07307   0.03005     54.70
12.00      0   297.48395  -1834.05135   0.03541     61.45
15.00      0   296.73694  -1834.04507   0.02794     68.21
18.00      0   296.96282  -1834.08968   0.03385     75.88
21.00      0   298.21675  -1834.07027   0.03234     82.78
24.00      0   297.48066  -1834.05134   0.03259     89.55
27.00      0   297.04520  -1834.09504   0.03414     96.31
30.00      0   296.41120  -1834.02087   0.03028    103.84

Sampling Blocks
Target Final Error ~ 0.000072
   N  nodes      weight      E(Guide)     Error     weightp    E_frag     Error      Time
  20      0   297.42808   -1834.06222   0.00941   304.87850  -0.12827   0.00032    143.62
  40      0   299.16820   -1834.06077   0.00660   304.91567  -0.12811   0.00019    177.49
  60      0   296.93130   -1834.06004   0.00496   304.70881  -0.12809   0.00015    210.33
  80      0   297.43301   -1834.06243   0.00410   304.70299  -0.12810   0.00013    243.05
 100      0   297.42332   -1834.06219   0.00354   304.78360  -0.12829   0.00013    275.73
 120      0   296.57311   -1834.05857   0.00320   304.87976  -0.12822   0.00012    308.43
 140      0   298.31672   -1834.05796   0.00298   304.85346  -0.12823   0.00011    341.14
 160      0   296.96849   -1834.05667   0.00271   304.87145  -0.12843   0.00014    373.86
 180      0   295.73478   -1834.05893   0.00258   304.91192  -0.12837   0.00013    406.58
 200      0   297.20255   -1834.06318   0.00268   304.91890  -0.12836   0.00012    439.30
 220      0   297.42216   -1834.06524   0.00256   304.92865  -0.12841   0.00012    472.06
 240      0   296.27738   -1834.06509   0.00239   304.91169  -0.12837   0.00011    504.74
 260      0   298.25503   -1834.06683   0.00230   304.91222  -0.12838   0.00010    537.40
 280      0   298.40390   -1834.06535   0.00220   304.91076  -0.12838   0.00010    570.06
 300      0   298.55531   -1834.06583   0.00211   304.90044  -0.12840   0.00010    602.74
 320      0   297.80844   -1834.06601   0.00201   304.88120  -0.12848   0.00010    635.48
 340      0   296.73757   -1834.06529   0.00193   304.87059  -0.12853   0.00010    668.17
 360      0   297.00599   -1834.06593   0.00185   304.87607  -0.12849   0.00010    700.90
 380      0   297.22994   -1834.06548   0.00180   304.88738  -0.12855   0.00010    733.66
 400      0   297.71032   -1834.06650   0.00174   304.90985  -0.12855   0.00010    766.37
 420      0   297.66157   -1834.06818   0.00176   304.89525  -0.12865   0.00012    799.09
 440      0   297.63129   -1834.06813   0.00170   304.86460  -0.12864   0.00012    831.80
 460      0   296.85048   -1834.06779   0.00166   304.83704  -0.12862   0.00011    864.50
 480      0   297.39620   -1834.06828   0.00163   304.82978  -0.12860   0.00011    897.21
 500      0   297.58531   -1834.06871   0.00162   304.79759  -0.12859   0.00010    929.94
 520      0   297.46583   -1834.06891   0.00159   304.77763  -0.12858   0.00010    962.65
 540      0   297.61910   -1834.06712   0.00160   304.78162  -0.12858   0.00010    995.37
 560      0   296.88936   -1834.06705   0.00157   304.80933  -0.12855   0.00010   1028.05
 580      0   296.74808   -1834.06682   0.00153   304.82061  -0.12853   0.00009   1062.40
 600      0   297.98363   -1834.06734   0.00150   304.82054  -0.12852   0.00009   1095.13
 620      0   297.20523   -1834.06804   0.00151   304.79989  -0.12853   0.00009   1127.85
 640      0   296.88310   -1834.06749   0.00148   304.77000  -0.12854   0.00009   1160.56
 660      0   297.05218   -1834.06708   0.00146   304.76770  -0.12854   0.00008   1193.28
 680      0   297.28120   -1834.06670   0.00143   304.77742  -0.12853   0.00008   1225.99
 700      0   297.00023   -1834.06666   0.00141   304.79408  -0.12854   0.00008   1258.67
 720      0   298.20379   -1834.06706   0.00139   304.80677  -0.12854   0.00008   1291.38
 740      0   298.46009   -1834.06703   0.00135   304.79626  -0.12854   0.00008   1324.08
 760      0   295.83531   -1834.06727   0.00133   304.78735  -0.12854   0.00008   1356.80
 780      0   298.73798   -1834.06758   0.00130   304.80351  -0.12853   0.00008   1389.51
 800      0   296.70993   -1834.06760   0.00128   304.80237  -0.12853   0.00007   1422.21
 820      0   298.81358   -1834.06829   0.00127   304.81952  -0.12854   0.00007   1454.95
 840      0   297.35637   -1834.06829   0.00124   304.82540  -0.12853   0.00007   1487.65

Post Propagation
Total number of samples 840
Remove Outliers
Remove samples outside Zeta > 30
Outlier bound [-0.17017, -0.08633]
Removed 0 Outliers
Outliers Energy []
nsample = 840, max_block_size = 42, min_nblocks = 20
   B    NB    NS  Observable     Error    dError
   1   840   840  -1834.06824   0.00124   0.00003
   2   420   840  -1834.06825   0.00154   0.00005
   3   280   840  -1834.06826   0.00171   0.00007
   4   210   840  -1834.06827   0.00186   0.00009
   5   168   840  -1834.06827   0.00195   0.00011
   6   140   840  -1834.06827   0.00206   0.00012
   7   120   840  -1834.06827   0.00218   0.00014
   8   105   840  -1834.06828   0.00212   0.00015
   9    93   837  -1834.06827   0.00224   0.00017
  10    84   840  -1834.06828   0.00232   0.00018
  11    76   836  -1834.06826   0.00222   0.00018
  12    70   840  -1834.06828   0.00241   0.00021
  13    64   832  -1834.06835   0.00236   0.00021
  14    60   840  -1834.06828   0.00245   0.00023
  15    56   840  -1834.06828   0.00235   0.00022
  16    52   832  -1834.06836   0.00243   0.00024
  17    49   833  -1834.06835   0.00244   0.00025
  18    46   828  -1834.06835   0.00238   0.00025
  19    44   836  -1834.06827   0.00243   0.00026
  20    42   840  -1834.06828   0.00254   0.00028
  21    40   840  -1834.06828   0.00256   0.00029
  22    38   836  -1834.06827   0.00242   0.00028
  23    36   828  -1834.06835   0.00247   0.00030
  24    35   840  -1834.06828   0.00250   0.00030
  25    33   825  -1834.06839   0.00259   0.00032
  26    32   832  -1834.06836   0.00287   0.00036
  27    31   837  -1834.06828   0.00253   0.00033
  28    30   840  -1834.06829   0.00238   0.00031
  29    28   812  -1834.06784   0.00254   0.00035
  30    28   840  -1834.06828   0.00263   0.00036
  31    27   837  -1834.06828   0.00262   0.00036
  32    26   832  -1834.06836   0.00278   0.00039
  33    25   825  -1834.06839   0.00282   0.00041
  34    24   816  -1834.06795   0.00266   0.00039
  35    24   840  -1834.06829   0.00272   0.00040
  36    23   828  -1834.06835   0.00261   0.00039
  37    22   814  -1834.06788   0.00299   0.00046
  38    22   836  -1834.06827   0.00259   0.00040
  39    21   819  -1834.06819   0.00325   0.00051
  40    21   840  -1834.06829   0.00250   0.00040
  41    20   820  -1834.06829   0.00271   0.00044
  42    20   840  -1834.06829   0.00305   0.00049
Fit (variance): plateau_var = 6.662e-06 ± 3.854e-07
Fit (error):    plateau = 0.00258 ± 0.00007
     autocorrelation length ~ 6.8 blocks
     plateau reached at block size ~ 31
nsample = 840, max_block_size = 42, min_nblocks = 20
Blk_SZ   NBlk   NSmp      Energy     Error    dError
     1    840    840    -0.12850   0.00007   0.00000
     2    420    840    -0.12851   0.00008   0.00000
     3    280    840    -0.12852   0.00009   0.00000
     4    210    840    -0.12852   0.00009   0.00000
     5    168    840    -0.12852   0.00009   0.00001
     6    140    840    -0.12852   0.00010   0.00001
     7    120    840    -0.12852   0.00010   0.00001
     8    105    840    -0.12852   0.00010   0.00001
     9     93    837    -0.12852   0.00010   0.00001
    10     84    840    -0.12853   0.00010   0.00001
    11     76    836    -0.12853   0.00010   0.00001
    12     70    840    -0.12853   0.00011   0.00001
    13     64    832    -0.12854   0.00010   0.00001
    14     60    840    -0.12853   0.00010   0.00001
    15     56    840    -0.12853   0.00010   0.00001
    16     52    832    -0.12854   0.00011   0.00001
    17     49    833    -0.12854   0.00009   0.00001
    18     46    828    -0.12855   0.00010   0.00001
    19     44    836    -0.12853   0.00010   0.00001
    20     42    840    -0.12853   0.00010   0.00001
    21     40    840    -0.12853   0.00009   0.00001
    22     38    836    -0.12853   0.00010   0.00001
    23     36    828    -0.12855   0.00010   0.00001
    24     35    840    -0.12853   0.00010   0.00001
    25     33    825    -0.12855   0.00010   0.00001
    26     32    832    -0.12854   0.00010   0.00001
    27     31    837    -0.12853   0.00009   0.00001
    28     30    840    -0.12853   0.00011   0.00001
    29     28    812    -0.12851   0.00009   0.00001
    30     28    840    -0.12853   0.00009   0.00001
    31     27    837    -0.12853   0.00010   0.00001
    32     26    832    -0.12854   0.00010   0.00001
    33     25    825    -0.12855   0.00009   0.00001
    34     24    816    -0.12851   0.00010   0.00001
    35     24    840    -0.12853   0.00009   0.00001
    36     23    828    -0.12855   0.00010   0.00001
    37     22    814    -0.12850   0.00011   0.00002
    38     22    836    -0.12853   0.00010   0.00001
    39     21    819    -0.12853   0.00009   0.00001
    40     21    840    -0.12853   0.00009   0.00001
    41     20    820    -0.12853   0.00009   0.00001
    42     20    840    -0.12853   0.00010   0.00002
Fit (variance): plateau_var = 9.49824e-09 ± 3.60422e-10
Fit (error):    plateau = 0.00010 ± 0.00000
     autocorrelation length ~ 2.1 blocks
     plateau reached at block size ~ 10
Final AFQMC/HF Guiding Energy:      -1834.0683 +/- 0.0026
Final AFQMC/pt2CCSD Orbital Energy: -0.12853 +/- 0.00010
<t1> = weightp/weight = 1.02450
Total run time: 1487.66

AFQMC Sampling Finished

LNO-Integral time (s):    32.76
LNO-AFQMC time (s):       1492.43


========================= LNO-FRAGMENT [C6] 7/(48,48) ==========================
Fragment Num.  7
Fragment Idx.  7
Fragment Name  C6
LNO THRESHOLD  [0.0001, 1e-05]
PySCF Threads  12
LNO-LAS: 44/156 Occ | 181/636 Vir | 225/792 MOs
LNO-MP2 Fragment Energy:  -0.12045724
LNO-CCSD Fragment Energy: -0.12008952
LNO-CPU time (s):         405.55 (LAS 24.49 | MP2 15.54 | CCSD 365.52)
LNO-CPU wait time (s):    0.00 (100.0% hidden)
Find Density Fit Teonsers in MF object
Integrals will be built by DF Tensors
Calculating Effective Active Space One-electron Integrals
*** Correlation Space Size ***
N Occupied Orbitals: 44
N Active Orbitals:   225
Build effective h0 and h1 time: 6.971941 s
Composing CDERIs from DF
Build CDERI in cLAS time: 6.994732 s
Raw CDERI in LAS shape: (3912, 25425)
Compress CDERI 2 Chol: 1e-05
Compress CDERI time: 3.610851 s
Finished calculating Integrals
LAS Cholesky shape: (1711, 225, 225)
AFQMC script: /u/yzhang65/myprojects/software/afqmc/afqmc/lno_afqmc/script/run_lno_afqmc_pt2ccsd.py

LNO-AFQMC Started
Hostname:     gpue08.delta.ncsa.illinois.edu
System:       Linux
Node:         gpue08.delta.ncsa.illinois.edu
Release:      5.14.0-570.131.1.el9_6.x86_64
Machine:      x86_64
Processor:    x86_64
JAX backend:  GPU
JAX devices:  [CudaDevice(id=0)]
Device kind:  NVIDIA H200
Platform:     gpu

QMC Parameters
eql_time        -         30
n_prop_steps    -         50
n_blocks        -        840
n_walkers       -        300
max_memory      -     200000
mix_precision   -       True
seed            -       3309
walker_type     -        rhf
trial           - pt2ccsd_sto_chol
chol_cost_ratio -        0.2
max_error       -    7.2e-05
dt              -      0.005
n_exp_terms     -          6
n_batch         -          1
nchol_chunk     -        100
free_projection -      False

QMC System
Number of Occ. Orbitals:      44
Number of Act. Orbitals:      225
Number of Chol. Vectors:      1711
Mean-Field Energy:            -1832.00523770
Maximum memory per walker:            666.67 MB
Maximum number of Cholesky per chunk: 863
Number of Cholesky chunks:            2
Number of Cholesky per chunk:         856
Number of padding Cholesky:           1
Trial:   pt2ccsd_sto_chol(norb=225, nelec=(44, 44), n_batch=1, nchol_chunk=856, mix_precision=True, n_chol_head=0, head_chol_ratio=None, n_chol_samples=None, chol_cost_ratio=0.2, head_sample_ratio=3.0, chol_score_floor=1e-06, chol_uniform_mix=0.01, head_from_guide=False)
Sampler: sampler_pt2_sto_chol(n_prop_steps=50, n_blocks=840, n_chol=1711, frozen_vir=0)

Initalize QMC walkers by HF

Equilibration
Initial Orbital energy: -0.12011
inv_T  nodes      weight      energy     error   runTime
 0.00      0   300.00000  -1832.00332   0.00000     30.84
 3.00      0   309.55001  -1833.90140   0.02964     41.49
 6.00      0   301.24474  -1833.97374   0.02993     48.04
 9.00      0   298.89786  -1833.93466   0.02984     54.57
12.00      0   298.75799  -1833.93305   0.02940     61.62
15.00      0   297.71584  -1833.94631   0.03263     68.45
18.00      0   297.47737  -1833.89627   0.02825     75.19
21.00      0   298.57560  -1833.95941   0.03198     81.73
24.00      0   297.10821  -1833.91461   0.02890     88.57
27.00      0   299.38335  -1833.99235   0.03664     95.32
30.00      0   297.28012  -1833.90531   0.02957    101.86

Sampling Blocks
Target Final Error ~ 0.000072
   N  nodes      weight      E(Guide)     Error     weightp    E_frag     Error      Time
  20      0   297.57921   -1833.93976   0.00754   305.88963  -0.12728   0.00040    140.35
  40      0   295.40016   -1833.93759   0.00628   305.50268  -0.12654   0.00027    172.64
  60      0   298.15745   -1833.93423   0.00494   305.54061  -0.12660   0.00022    203.95
  80      0   296.73505   -1833.93717   0.00406   305.49018  -0.12658   0.00017    234.71
 100      0   298.05029   -1833.94196   0.00351   305.70397  -0.12668   0.00015    265.45
 120      0   297.13658   -1833.94046   0.00311   305.63257  -0.12664   0.00013    296.20
 140      0   298.30877   -1833.94093   0.00281   305.63585  -0.12660   0.00014    326.95
 160      0   297.68045   -1833.94201   0.00260   305.57420  -0.12668   0.00013    357.74
 180      0   297.51081   -1833.94428   0.00248   305.45217  -0.12666   0.00013    388.49
 200      0   296.93978   -1833.94445   0.00227   305.38715  -0.12671   0.00012    419.27
 220      0   297.76448   -1833.94384   0.00210   305.36326  -0.12676   0.00012    450.01
 240      0   299.36649   -1833.94201   0.00214   305.36752  -0.12676   0.00011    480.74
 260      0   297.38760   -1833.94090   0.00207   305.38829  -0.12675   0.00011    511.49
 280      0   298.75825   -1833.94022   0.00202   305.34084  -0.12674   0.00010    542.22
 300      0   297.93550   -1833.94115   0.00193   305.33269  -0.12670   0.00010    572.95
 320      0   297.09411   -1833.94086   0.00185   305.33399  -0.12672   0.00009    603.70
 340      0   297.38666   -1833.94013   0.00179   305.32352  -0.12672   0.00009    634.45
 360      0   297.14387   -1833.93937   0.00174   305.29696  -0.12676   0.00009    665.20
 380      0   298.37945   -1833.93950   0.00169   305.29746  -0.12677   0.00008    695.95
 400      0   297.49043   -1833.93974   0.00163   305.31010  -0.12682   0.00008    726.74
 420      0   296.88407   -1833.94053   0.00160   305.31518  -0.12682   0.00008    757.49
 440      0   297.52949   -1833.94109   0.00155   305.34362  -0.12685   0.00008    788.26
 460      0   298.47079   -1833.94112   0.00151   305.36810  -0.12684   0.00007    819.01
 480      0   298.60356   -1833.94103   0.00149   305.38454  -0.12688   0.00007    849.78
 500      0   297.66121   -1833.94086   0.00145   305.36427  -0.12690   0.00007    880.49
 520      0   297.94082   -1833.94143   0.00145   305.37366  -0.12687   0.00007    911.25
 540      0   297.14163   -1833.94211   0.00142   305.37621  -0.12689   0.00007    941.99
 560      0   297.51034   -1833.94199   0.00138   305.38826  -0.12691   0.00007    972.74
 580      0   297.57872   -1833.94263   0.00139   305.38210  -0.12693   0.00007   1003.48
 600      0   297.58857   -1833.94198   0.00136   305.35877  -0.12692   0.00007   1034.22
 620      0   297.99355   -1833.94236   0.00133   305.36387  -0.12690   0.00007   1064.96
 640      0   296.03117   -1833.94244   0.00132   305.36522  -0.12688   0.00006   1095.68
 660      0   297.39182   -1833.94265   0.00129   305.35631  -0.12689   0.00006   1126.42
 680      0   297.74008   -1833.94283   0.00126   305.34399  -0.12688   0.00006   1157.20
 700      0   297.02370   -1833.94347   0.00124   305.33586  -0.12686   0.00006   1187.93
 720      0   298.25667   -1833.94371   0.00122   305.30727  -0.12687   0.00006   1218.68
 740      0   296.85964   -1833.94394   0.00121   305.30276  -0.12687   0.00006   1249.42
 760      0   296.94682   -1833.94381   0.00121   305.28769  -0.12687   0.00006   1280.16
 780      0   297.41437   -1833.94373   0.00120   305.28109  -0.12686   0.00006   1310.90
 800      0   298.05434   -1833.94382   0.00119   305.27902  -0.12688   0.00006   1341.61
 820      0   297.22748   -1833.94384   0.00117   305.27589  -0.12687   0.00006   1372.34
 840      0   297.49415   -1833.94420   0.00116   305.27955  -0.12687   0.00006   1403.06

Post Propagation
Total number of samples 840
Remove Outliers
Remove samples outside Zeta > 30
Outlier bound [-0.17025, -0.08302]
Removed 0 Outliers
Outliers Energy []
nsample = 840, max_block_size = 42, min_nblocks = 20
   B    NB    NS  Observable     Error    dError
   1   840   840  -1833.94416   0.00116   0.00003
   2   420   840  -1833.94417   0.00145   0.00005
   3   280   840  -1833.94417   0.00162   0.00007
   4   210   840  -1833.94418   0.00171   0.00008
   5   168   840  -1833.94418   0.00176   0.00010
   6   140   840  -1833.94419   0.00176   0.00011
   7   120   840  -1833.94419   0.00192   0.00012
   8   105   840  -1833.94419   0.00188   0.00013
   9    93   837  -1833.94434   0.00179   0.00013
  10    84   840  -1833.94419   0.00186   0.00014
  11    76   836  -1833.94433   0.00192   0.00016
  12    70   840  -1833.94419   0.00179   0.00015
  13    64   832  -1833.94419   0.00182   0.00016
  14    60   840  -1833.94419   0.00179   0.00017
  15    56   840  -1833.94419   0.00197   0.00019
  16    52   832  -1833.94419   0.00191   0.00019
  17    49   833  -1833.94421   0.00198   0.00020
  18    46   828  -1833.94415   0.00191   0.00020
  19    44   836  -1833.94433   0.00171   0.00018
  20    42   840  -1833.94420   0.00175   0.00019
  21    40   840  -1833.94420   0.00170   0.00019
  22    38   836  -1833.94433   0.00189   0.00022
  23    36   828  -1833.94416   0.00177   0.00021
  24    35   840  -1833.94420   0.00179   0.00022
  25    33   825  -1833.94408   0.00188   0.00023
  26    32   832  -1833.94419   0.00193   0.00025
  27    31   837  -1833.94435   0.00183   0.00024
  28    30   840  -1833.94420   0.00192   0.00025
  29    28   812  -1833.94384   0.00210   0.00029
  30    28   840  -1833.94420   0.00197   0.00027
  31    27   837  -1833.94434   0.00222   0.00031
  32    26   832  -1833.94419   0.00200   0.00028
  33    25   825  -1833.94408   0.00209   0.00030
  34    24   816  -1833.94392   0.00228   0.00034
  35    24   840  -1833.94420   0.00195   0.00029
  36    23   828  -1833.94416   0.00215   0.00032
  37    22   814  -1833.94390   0.00200   0.00031
  38    22   836  -1833.94433   0.00196   0.00030
  39    21   819  -1833.94386   0.00171   0.00027
  40    21   840  -1833.94420   0.00182   0.00029
  41    20   820  -1833.94384   0.00186   0.00030
  42    20   840  -1833.94420   0.00193   0.00031
Fit (variance): plateau_var = 3.495e-06 ± 1.336e-07
Fit (error):    plateau = 0.00187 ± 0.00004
     autocorrelation length ~ 2.3 blocks
     plateau reached at block size ~ 11
nsample = 840, max_block_size = 42, min_nblocks = 20
Blk_SZ   NBlk   NSmp      Energy     Error    dError
     1    840    840    -0.12684   0.00006   0.00000
     2    420    840    -0.12684   0.00006   0.00000
     3    280    840    -0.12685   0.00007   0.00000
     4    210    840    -0.12685   0.00007   0.00000
     5    168    840    -0.12686   0.00008   0.00000
     6    140    840    -0.12686   0.00008   0.00000
     7    120    840    -0.12686   0.00008   0.00001
     8    105    840    -0.12686   0.00008   0.00001
     9     93    837    -0.12686   0.00008   0.00001
    10     84    840    -0.12686   0.00009   0.00001
    11     76    836    -0.12686   0.00007   0.00001
    12     70    840    -0.12686   0.00008   0.00001
    13     64    832    -0.12686   0.00008   0.00001
    14     60    840    -0.12686   0.00008   0.00001
    15     56    840    -0.12686   0.00008   0.00001
    16     52    832    -0.12686   0.00008   0.00001
    17     49    833    -0.12686   0.00008   0.00001
    18     46    828    -0.12685   0.00008   0.00001
    19     44    836    -0.12686   0.00008   0.00001
    20     42    840    -0.12687   0.00008   0.00001
    21     40    840    -0.12687   0.00008   0.00001
    22     38    836    -0.12686   0.00008   0.00001
    23     36    828    -0.12686   0.00008   0.00001
    24     35    840    -0.12687   0.00008   0.00001
    25     33    825    -0.12686   0.00009   0.00001
    26     32    832    -0.12686   0.00008   0.00001
    27     31    837    -0.12687   0.00008   0.00001
    28     30    840    -0.12687   0.00007   0.00001
    29     28    812    -0.12687   0.00009   0.00001
    30     28    840    -0.12687   0.00007   0.00001
    31     27    837    -0.12687   0.00007   0.00001
    32     26    832    -0.12686   0.00008   0.00001
    33     25    825    -0.12686   0.00008   0.00001
    34     24    816    -0.12687   0.00007   0.00001
    35     24    840    -0.12687   0.00009   0.00001
    36     23    828    -0.12686   0.00006   0.00001
    37     22    814    -0.12687   0.00008   0.00001
    38     22    836    -0.12687   0.00008   0.00001
    39     21    819    -0.12687   0.00007   0.00001
    40     21    840    -0.12687   0.00007   0.00001
    41     20    820    -0.12687   0.00007   0.00001
    42     20    840    -0.12687   0.00007   0.00001
Fit (variance): plateau_var = 6.12378e-09 ± 2.26842e-10
Fit (error):    plateau = 0.00008 ± 0.00000
     autocorrelation length ~ 2.0 blocks
     plateau reached at block size ~ 9
Final AFQMC/HF Guiding Energy:      -1833.9442 +/- 0.0019
Final AFQMC/pt2CCSD Orbital Energy: -0.12687 +/- 0.00008
<t1> = weightp/weight = 1.02591
Total run time: 1403.06

AFQMC Sampling Finished

LNO-Integral time (s):    21.29
LNO-AFQMC time (s):       1408.17


======================== LNO-FRAGMENT [C7H24] 8/(48,48) ========================
Fragment Num.  8
Fragment Idx.  8
Fragment Name  C7H24
LNO THRESHOLD  [0.0001, 1e-05]
PySCF Threads  12
LNO-LAS: 38/156 Occ | 156/636 Vir | 194/792 MOs
LNO-MP2 Fragment Energy:  -0.13405971
LNO-CCSD Fragment Energy: -0.13913052
LNO-CPU time (s):         225.58 (LAS 27.47 | MP2 11.66 | CCSD 186.45)
LNO-CPU wait time (s):    0.00 (100.0% hidden)
Find Density Fit Teonsers in MF object
Integrals will be built by DF Tensors
Calculating Effective Active Space One-electron Integrals
*** Correlation Space Size ***
N Occupied Orbitals: 38
N Active Orbitals:   194
Build effective h0 and h1 time: 16.064127 s
Composing CDERIs from DF
Build CDERI in cLAS time: 8.994165 s
Raw CDERI in LAS shape: (3912, 18915)
Compress CDERI 2 Chol: 1e-05
Compress CDERI time: 4.797728 s
Finished calculating Integrals
LAS Cholesky shape: (1509, 194, 194)
AFQMC script: /u/yzhang65/myprojects/software/afqmc/afqmc/lno_afqmc/script/run_lno_afqmc_pt2ccsd.py

LNO-AFQMC Started
Hostname:     gpue08.delta.ncsa.illinois.edu
System:       Linux
Node:         gpue08.delta.ncsa.illinois.edu
Release:      5.14.0-570.131.1.el9_6.x86_64
Machine:      x86_64
Processor:    x86_64
JAX backend:  GPU
JAX devices:  [CudaDevice(id=0)]
Device kind:  NVIDIA H200
Platform:     gpu

QMC Parameters
eql_time        -         30
n_prop_steps    -         50
n_blocks        -        840
n_walkers       -        300
max_memory      -     200000
mix_precision   -       True
seed            -       2687
walker_type     -        rhf
trial           - pt2ccsd_sto_chol
chol_cost_ratio -        0.2
max_error       -    7.2e-05
dt              -      0.005
n_exp_terms     -          6
n_batch         -          1
nchol_chunk     -        100
free_projection -      False

QMC System
Number of Occ. Orbitals:      38
Number of Act. Orbitals:      194
Number of Chol. Vectors:      1509
Mean-Field Energy:            -1832.00523770
Maximum memory per walker:            666.67 MB
Maximum number of Cholesky per chunk: 1160
Number of Cholesky chunks:            2
Number of Cholesky per chunk:         755
Number of padding Cholesky:           1
Trial:   pt2ccsd_sto_chol(norb=194, nelec=(38, 38), n_batch=1, nchol_chunk=755, mix_precision=True, n_chol_head=0, head_chol_ratio=None, n_chol_samples=None, chol_cost_ratio=0.2, head_sample_ratio=3.0, chol_score_floor=1e-06, chol_uniform_mix=0.01, head_from_guide=False)
Sampler: sampler_pt2_sto_chol(n_prop_steps=50, n_blocks=840, n_chol=1509, frozen_vir=0)

Initalize QMC walkers by HF

Equilibration
Initial Orbital energy: -0.13915
inv_T  nodes      weight      energy     error   runTime
 0.00      0   300.00000  -1832.00376   0.00000     32.44
 3.00      0   307.97164  -1833.61454   0.02533     40.69
 6.00      0   301.51142  -1833.65388   0.03337     45.13
 9.00      0   298.07500  -1833.64304   0.02795     49.84
12.00      0   297.61023  -1833.64571   0.02544     54.51
15.00      0   299.24543  -1833.66361   0.02906     59.53
18.00      0   297.86559  -1833.60872   0.02666     63.92
21.00      0   298.15700  -1833.64146   0.02798     68.32
24.00      0   297.62074  -1833.58277   0.02626     73.00
27.00      0   298.86922  -1833.67504   0.02735     77.46
30.00      0   299.17633  -1833.70208   0.03385     81.85

Sampling Blocks
Target Final Error ~ 0.000072
   N  nodes      weight      E(Guide)     Error     weightp    E_frag     Error      Time
  20      0   298.56105   -1833.64275   0.00783   304.53912  -0.14597   0.00048    108.65
  40      0   297.61575   -1833.64456   0.00536   304.66188  -0.14641   0.00035    127.64
  60      0   298.25694   -1833.64069   0.00406   304.82593  -0.14589   0.00027    145.73
  80      0   297.10674   -1833.64288   0.00334   304.84505  -0.14603   0.00022    164.28
 100      0   296.86213   -1833.64093   0.00284   304.78718  -0.14609   0.00020    182.81
 120      0   297.88379   -1833.63742   0.00279   304.88082  -0.14618   0.00019    200.46
 140      0   297.00785   -1833.63569   0.00257   304.97871  -0.14611   0.00018    218.66
 160      0   299.22270   -1833.63204   0.00245   304.97433  -0.14598   0.00016    236.88
 180      0   297.44287   -1833.63150   0.00230   304.88704  -0.14605   0.00015    254.79
 200      0   297.06197   -1833.63107   0.00214   304.84181  -0.14595   0.00014    273.25
 220      0   299.17161   -1833.63053   0.00203   304.88410  -0.14591   0.00013    291.31
 240      0   297.10419   -1833.63067   0.00205   304.89380  -0.14604   0.00017    309.39
 260      0   297.03374   -1833.62924   0.00198   304.85424  -0.14603   0.00016    326.89
 280      0   297.67751   -1833.62927   0.00190   304.80469  -0.14599   0.00015    344.38
 300      0   298.02566   -1833.62992   0.00184   304.78531  -0.14602   0.00014    361.92
 320      0   297.26451   -1833.62959   0.00181   304.75535  -0.14599   0.00013    379.41
 340      0   296.55020   -1833.62927   0.00173   304.70691  -0.14598   0.00013    396.94
 360      0   299.52099   -1833.62781   0.00172   304.69183  -0.14596   0.00012    414.43
 380      0   297.33226   -1833.62922   0.00167   304.66307  -0.14594   0.00012    431.94
 400      0   297.05481   -1833.62916   0.00161   304.64328  -0.14591   0.00011    449.49
 420      0   297.59591   -1833.62889   0.00156   304.62933  -0.14594   0.00011    466.96
 440      0   298.02466   -1833.62816   0.00153   304.61487  -0.14593   0.00010    484.52
 460      0   297.63618   -1833.62842   0.00151   304.62275  -0.14595   0.00010    502.02
 480      0   297.76765   -1833.62906   0.00148   304.64354  -0.14597   0.00010    519.54
 500      0   297.61729   -1833.62909   0.00143   304.62291  -0.14601   0.00010    537.05
 520      0   297.52301   -1833.62981   0.00139   304.62166  -0.14600   0.00010    554.54
 540      0   298.14225   -1833.62955   0.00138   304.61748  -0.14598   0.00009    572.11
 560      0   299.00883   -1833.62942   0.00134   304.61093  -0.14598   0.00009    589.59
 580      0   298.69204   -1833.62930   0.00131   304.61104  -0.14597   0.00009    607.13
 600      0   297.56738   -1833.62886   0.00129   304.60838  -0.14595   0.00009    624.61
 620      0   297.50334   -1833.62871   0.00125   304.59575  -0.14594   0.00008    642.12
 640      0   298.18086   -1833.62913   0.00123   304.56907  -0.14595   0.00008    659.65
 660      0   297.91288   -1833.62917   0.00122   304.57338  -0.14595   0.00008    677.12
 680      0   298.76636   -1833.62898   0.00119   304.58109  -0.14597   0.00008    694.66
 700      0   297.11501   -1833.62894   0.00117   304.58521  -0.14596   0.00008    712.13
 720      0   298.18868   -1833.62868   0.00115   304.59635  -0.14595   0.00008    729.65
 740      0   297.85985   -1833.62831   0.00113   304.60613  -0.14594   0.00007    747.16
 760      0   298.30855   -1833.62831   0.00112   304.59836  -0.14593   0.00007    764.64
 780      0   296.58838   -1833.62838   0.00110   304.58866  -0.14594   0.00007    782.15
 800      0   297.85110   -1833.62820   0.00109   304.58897  -0.14593   0.00007    799.61
 820      0   296.67366   -1833.62838   0.00107   304.57229  -0.14592   0.00007    817.12
 840      0   298.12988   -1833.62871   0.00106   304.56655  -0.14592   0.00007    834.58

Post Propagation
Total number of samples 840
Remove Outliers
Remove samples outside Zeta > 30
Outlier bound [-0.19160, -0.09970]
Removed 0 Outliers
Outliers Energy []
nsample = 840, max_block_size = 42, min_nblocks = 20
   B    NB    NS  Observable     Error    dError
   1   840   840  -1833.62868   0.00106   0.00003
   2   420   840  -1833.62868   0.00133   0.00005
   3   280   840  -1833.62869   0.00145   0.00006
   4   210   840  -1833.62869   0.00155   0.00008
   5   168   840  -1833.62870   0.00161   0.00009
   6   140   840  -1833.62870   0.00169   0.00010
   7   120   840  -1833.62870   0.00168   0.00011
   8   105   840  -1833.62871   0.00166   0.00012
   9    93   837  -1833.62874   0.00176   0.00013
  10    84   840  -1833.62871   0.00175   0.00014
  11    76   836  -1833.62877   0.00173   0.00014
  12    70   840  -1833.62871   0.00173   0.00015
  13    64   832  -1833.62861   0.00176   0.00016
  14    60   840  -1833.62871   0.00183   0.00017
  15    56   840  -1833.62871   0.00169   0.00016
  16    52   832  -1833.62861   0.00174   0.00017
  17    49   833  -1833.62865   0.00167   0.00017
  18    46   828  -1833.62859   0.00187   0.00020
  19    44   836  -1833.62878   0.00193   0.00021
  20    42   840  -1833.62871   0.00175   0.00019
  21    40   840  -1833.62871   0.00183   0.00021
  22    38   836  -1833.62878   0.00188   0.00022
  23    36   828  -1833.62859   0.00158   0.00019
  24    35   840  -1833.62871   0.00197   0.00024
  25    33   825  -1833.62851   0.00199   0.00025
  26    32   832  -1833.62861   0.00176   0.00022
  27    31   837  -1833.62875   0.00170   0.00022
  28    30   840  -1833.62871   0.00193   0.00025
  29    28   812  -1833.62848   0.00172   0.00023
  30    28   840  -1833.62871   0.00193   0.00026
  31    27   837  -1833.62875   0.00175   0.00024
  32    26   832  -1833.62861   0.00191   0.00027
  33    25   825  -1833.62851   0.00189   0.00027
  34    24   816  -1833.62849   0.00156   0.00023
  35    24   840  -1833.62871   0.00187   0.00028
  36    23   828  -1833.62859   0.00189   0.00028
  37    22   814  -1833.62856   0.00170   0.00026
  38    22   836  -1833.62878   0.00187   0.00029
  39    21   819  -1833.62840   0.00174   0.00027
  40    21   840  -1833.62871   0.00198   0.00031
  41    20   820  -1833.62838   0.00213   0.00035
  42    20   840  -1833.62871   0.00158   0.00026
Fit (variance): plateau_var = 3.138e-06 ± 1.284e-07
Fit (error):    plateau = 0.00177 ± 0.00004
     autocorrelation length ~ 2.9 blocks
     plateau reached at block size ~ 14
nsample = 840, max_block_size = 42, min_nblocks = 20
Blk_SZ   NBlk   NSmp      Energy     Error    dError
     1    840    840    -0.14589   0.00007   0.00000
     2    420    840    -0.14590   0.00008   0.00000
     3    280    840    -0.14590   0.00009   0.00000
     4    210    840    -0.14590   0.00009   0.00000
     5    168    840    -0.14591   0.00009   0.00000
     6    140    840    -0.14591   0.00010   0.00001
     7    120    840    -0.14591   0.00009   0.00001
     8    105    840    -0.14591   0.00010   0.00001
     9     93    837    -0.14591   0.00010   0.00001
    10     84    840    -0.14591   0.00009   0.00001
    11     76    836    -0.14591   0.00008   0.00001
    12     70    840    -0.14591   0.00011   0.00001
    13     64    832    -0.14591   0.00009   0.00001
    14     60    840    -0.14592   0.00010   0.00001
    15     56    840    -0.14591   0.00010   0.00001
    16     52    832    -0.14591   0.00009   0.00001
    17     49    833    -0.14591   0.00008   0.00001
    18     46    828    -0.14591   0.00010   0.00001
    19     44    836    -0.14591   0.00010   0.00001
    20     42    840    -0.14592   0.00009   0.00001
    21     40    840    -0.14592   0.00009   0.00001
    22     38    836    -0.14591   0.00008   0.00001
    23     36    828    -0.14591   0.00009   0.00001
    24     35    840    -0.14592   0.00007   0.00001
    25     33    825    -0.14592   0.00010   0.00001
    26     32    832    -0.14591   0.00008   0.00001
    27     31    837    -0.14591   0.00008   0.00001
    28     30    840    -0.14592   0.00010   0.00001
    29     28    812    -0.14592   0.00007   0.00001
    30     28    840    -0.14592   0.00009   0.00001
    31     27    837    -0.14591   0.00008   0.00001
    32     26    832    -0.14591   0.00010   0.00001
    33     25    825    -0.14592   0.00007   0.00001
    34     24    816    -0.14592   0.00008   0.00001
    35     24    840    -0.14592   0.00009   0.00001
    36     23    828    -0.14591   0.00010   0.00001
    37     22    814    -0.14592   0.00009   0.00001
    38     22    836    -0.14591   0.00010   0.00002
    39     21    819    -0.14592   0.00007   0.00001
    40     21    840    -0.14592   0.00008   0.00001
    41     20    820    -0.14592   0.00009   0.00002
    42     20    840    -0.14592   0.00009   0.00001
Fit (variance): plateau_var = 7.80465e-09 ± 2.67511e-10
Fit (error):    plateau = 0.00009 ± 0.00000
     autocorrelation length ~ 1.3 blocks
     plateau reached at block size ~ 6
Final AFQMC/HF Guiding Energy:      -1833.6287 +/- 0.0018
Final AFQMC/pt2CCSD Orbital Energy: -0.14592 +/- 0.00009
<t1> = weightp/weight = 1.02240
Total run time: 834.59

AFQMC Sampling Finished

LNO-Integral time (s):    32.64
LNO-AFQMC time (s):       840.14


======================== LNO-FRAGMENT [C8H25] 9/(48,48) ========================
Fragment Num.  9
Fragment Idx.  9
Fragment Name  C8H25
LNO THRESHOLD  [0.0001, 1e-05]
PySCF Threads  12
LNO-LAS: 38/156 Occ | 157/636 Vir | 195/792 MOs
LNO-MP2 Fragment Energy:  -0.13467147
LNO-CCSD Fragment Energy: -0.13973091
LNO-CPU time (s):         224.85 (LAS 24.02 | MP2 10.95 | CCSD 189.88)
LNO-CPU wait time (s):    0.00 (100.0% hidden)
Find Density Fit Teonsers in MF object
Integrals will be built by DF Tensors
Calculating Effective Active Space One-electron Integrals
*** Correlation Space Size ***
N Occupied Orbitals: 38
N Active Orbitals:   195
Build effective h0 and h1 time: 7.246005 s
Composing CDERIs from DF
Build CDERI in cLAS time: 7.336510 s
Raw CDERI in LAS shape: (3912, 19110)
Compress CDERI 2 Chol: 1e-05
Compress CDERI time: 4.899180 s
Finished calculating Integrals
LAS Cholesky shape: (1525, 195, 195)
AFQMC script: /u/yzhang65/myprojects/software/afqmc/afqmc/lno_afqmc/script/run_lno_afqmc_pt2ccsd.py

LNO-AFQMC Started
Hostname:     gpue08.delta.ncsa.illinois.edu
System:       Linux
Node:         gpue08.delta.ncsa.illinois.edu
Release:      5.14.0-570.131.1.el9_6.x86_64
Machine:      x86_64
Processor:    x86_64
JAX backend:  GPU
JAX devices:  [CudaDevice(id=0)]
Device kind:  NVIDIA H200
Platform:     gpu

QMC Parameters
eql_time        -         30
n_prop_steps    -         50
n_blocks        -        840
n_walkers       -        300
max_memory      -     200000
mix_precision   -       True
seed            -       3708
walker_type     -        rhf
trial           - pt2ccsd_sto_chol
chol_cost_ratio -        0.2
max_error       -    7.2e-05
dt              -      0.005
n_exp_terms     -          6
n_batch         -          1
nchol_chunk     -        100
free_projection -      False

QMC System
Number of Occ. Orbitals:      38
Number of Act. Orbitals:      195
Number of Chol. Vectors:      1525
Mean-Field Energy:            -1832.00523770
Maximum memory per walker:            666.67 MB
Maximum number of Cholesky per chunk: 1148
Number of Cholesky chunks:            2
Number of Cholesky per chunk:         763
Number of padding Cholesky:           1
Trial:   pt2ccsd_sto_chol(norb=195, nelec=(38, 38), n_batch=1, nchol_chunk=763, mix_precision=True, n_chol_head=0, head_chol_ratio=None, n_chol_samples=None, chol_cost_ratio=0.2, head_sample_ratio=3.0, chol_score_floor=1e-06, chol_uniform_mix=0.01, head_from_guide=False)
Sampler: sampler_pt2_sto_chol(n_prop_steps=50, n_blocks=840, n_chol=1525, frozen_vir=0)

Initalize QMC walkers by HF

Equilibration
Initial Orbital energy: -0.13977
inv_T  nodes      weight      energy     error   runTime
 0.00      0   300.00000  -1832.00390   0.00000     29.98
 3.00      0   307.35109  -1833.58838   0.02420     38.05
 6.00      0   301.37746  -1833.62146   0.02806     42.56
 9.00      0   299.01843  -1833.62927   0.02712     47.07
12.00      0   297.82472  -1833.60671   0.02843     51.58
15.00      0   297.44241  -1833.62890   0.02898     56.24
18.00      0   296.74817  -1833.59605   0.02553     61.02
21.00      0   297.90663  -1833.60651   0.02618     65.64
24.00      0   299.26514  -1833.63364   0.02787     70.16
27.00      0   297.36699  -1833.63947   0.02711     74.68
30.00      0   298.26764  -1833.62998   0.02737     79.20

Sampling Blocks
Target Final Error ~ 0.000072
   N  nodes      weight      E(Guide)     Error     weightp    E_frag     Error      Time
  20      0   298.22317   -1833.63895   0.00486   305.20408  -0.14700   0.00042    105.21
  40      0   298.85473   -1833.63334   0.00359   304.86885  -0.14660   0.00029    124.97
  60      0   298.53804   -1833.63559   0.00343   304.62468  -0.14726   0.00033    143.75
  80      0   298.17450   -1833.63852   0.00294   304.36938  -0.14706   0.00029    162.97
 100      0   297.83517   -1833.63472   0.00271   304.42614  -0.14695   0.00025    182.00
 120      0   298.34929   -1833.63288   0.00241   304.57173  -0.14679   0.00022    200.48
 140      0   297.80081   -1833.63072   0.00232   304.68407  -0.14662   0.00020    219.18
 160      0   297.96989   -1833.63146   0.00214   304.74201  -0.14659   0.00018    238.19
 180      0   298.86075   -1833.63089   0.00205   304.82518  -0.14659   0.00017    257.59
 200      0   298.45516   -1833.62966   0.00196   304.89353  -0.14648   0.00015    276.95
 220      0   297.68184   -1833.63030   0.00190   304.94528  -0.14660   0.00015    295.44
 240      0   298.04795   -1833.62980   0.00186   304.95838  -0.14656   0.00014    313.80
 260      0   298.29978   -1833.62909   0.00176   304.93873  -0.14661   0.00013    332.24
 280      0   298.80307   -1833.62883   0.00176   304.95411  -0.14655   0.00012    350.58
 300      0   298.32179   -1833.62811   0.00168   304.95637  -0.14649   0.00012    368.96
 320      0   298.94327   -1833.62707   0.00167   304.95543  -0.14649   0.00011    387.35
 340      0   297.72248   -1833.62683   0.00161   304.94755  -0.14648   0.00011    405.70
 360      0   297.42657   -1833.62771   0.00156   304.92322  -0.14652   0.00011    424.12
 380      0   299.42766   -1833.62553   0.00162   304.91012  -0.14652   0.00010    442.44
 400      0   298.51825   -1833.62608   0.00156   304.88892  -0.14650   0.00010    460.82
 420      0   297.62684   -1833.62630   0.00151   304.87335  -0.14655   0.00010    479.21
 440      0   298.04730   -1833.62605   0.00147   304.86102  -0.14663   0.00012    497.54
 460      0   297.51482   -1833.62593   0.00144   304.85499  -0.14662   0.00011    515.97
 480      0   296.71363   -1833.62698   0.00145   304.88738  -0.14665   0.00011    534.35
 500      0   298.77865   -1833.62609   0.00142   304.90393  -0.14664   0.00011    552.73
 520      0   297.63942   -1833.62656   0.00141   304.90202  -0.14664   0.00010    571.12
 540      0   298.33538   -1833.62744   0.00140   304.89824  -0.14665   0.00010    589.44
 560      0   298.01568   -1833.62727   0.00135   304.90285  -0.14664   0.00010    607.83
 580      0   298.18067   -1833.62739   0.00132   304.91093  -0.14664   0.00009    626.19
 600      0   297.38492   -1833.62733   0.00129   304.90695  -0.14665   0.00009    644.54
 620      0   298.09538   -1833.62663   0.00126   304.90212  -0.14662   0.00009    662.93
 640      0   297.85562   -1833.62691   0.00123   304.90623  -0.14662   0.00009    681.24
 660      0   298.29861   -1833.62717   0.00121   304.89948  -0.14665   0.00009    699.66
 680      0   297.39728   -1833.62731   0.00118   304.90565  -0.14665   0.00008    718.01
 700      0   298.43494   -1833.62754   0.00116   304.91029  -0.14664   0.00008    736.32
 720      0   298.65012   -1833.62687   0.00114   304.92311  -0.14666   0.00008    754.68
 740      0   298.19097   -1833.62645   0.00113   304.93004  -0.14666   0.00008    773.00
 760      0   298.03953   -1833.62640   0.00110   304.90992  -0.14664   0.00008    791.40
 780      0   297.88185   -1833.62671   0.00109   304.90331  -0.14667   0.00008    809.80
 800      0   297.54319   -1833.62656   0.00108   304.90661  -0.14665   0.00008    828.13
 820      0   297.79327   -1833.62715   0.00107   304.92419  -0.14667   0.00007    846.50
 840      0   297.43438   -1833.62681   0.00106   304.92474  -0.14664   0.00007    864.85

Post Propagation
Total number of samples 840
Remove Outliers
Remove samples outside Zeta > 30
Outlier bound [-0.19359, -0.09904]
Removed 0 Outliers
Outliers Energy []
nsample = 840, max_block_size = 42, min_nblocks = 20
   B    NB    NS  Observable     Error    dError
   1   840   840  -1833.62678   0.00106   0.00003
   2   420   840  -1833.62679   0.00134   0.00005
   3   280   840  -1833.62680   0.00151   0.00006
   4   210   840  -1833.62680   0.00164   0.00008
   5   168   840  -1833.62680   0.00167   0.00009
   6   140   840  -1833.62681   0.00173   0.00010
   7   120   840  -1833.62681   0.00182   0.00012
   8   105   840  -1833.62681   0.00184   0.00013
   9    93   837  -1833.62689   0.00194   0.00014
  10    84   840  -1833.62681   0.00183   0.00014
  11    76   836  -1833.62695   0.00208   0.00017
  12    70   840  -1833.62681   0.00202   0.00017
  13    64   832  -1833.62700   0.00201   0.00018
  14    60   840  -1833.62681   0.00219   0.00020
  15    56   840  -1833.62681   0.00214   0.00020
  16    52   832  -1833.62701   0.00197   0.00019
  17    49   833  -1833.62703   0.00215   0.00022
  18    46   828  -1833.62708   0.00211   0.00022
  19    44   836  -1833.62695   0.00205   0.00022
  20    42   840  -1833.62681   0.00213   0.00023
  21    40   840  -1833.62681   0.00225   0.00025
  22    38   836  -1833.62695   0.00211   0.00025
  23    36   828  -1833.62708   0.00191   0.00023
  24    35   840  -1833.62681   0.00216   0.00026
  25    33   825  -1833.62715   0.00207   0.00026
  26    32   832  -1833.62701   0.00184   0.00023
  27    31   837  -1833.62690   0.00214   0.00028
  28    30   840  -1833.62681   0.00205   0.00027
  29    28   812  -1833.62706   0.00205   0.00028
  30    28   840  -1833.62682   0.00183   0.00025
  31    27   837  -1833.62690   0.00157   0.00022
  32    26   832  -1833.62701   0.00200   0.00028
  33    25   825  -1833.62715   0.00192   0.00028
  34    24   816  -1833.62706   0.00185   0.00027
  35    24   840  -1833.62681   0.00179   0.00026
  36    23   828  -1833.62708   0.00185   0.00028
  37    22   814  -1833.62710   0.00177   0.00027
  38    22   836  -1833.62695   0.00170   0.00026
  39    21   819  -1833.62714   0.00204   0.00032
  40    21   840  -1833.62682   0.00176   0.00028
  41    20   820  -1833.62715   0.00187   0.00030
  42    20   840  -1833.62681   0.00199   0.00032
Fit (variance): plateau_var = 3.855e-06 ± 1.684e-07
Fit (error):    plateau = 0.00196 ± 0.00004
     autocorrelation length ~ 3.6 blocks
     plateau reached at block size ~ 17
nsample = 840, max_block_size = 42, min_nblocks = 20
Blk_SZ   NBlk   NSmp      Energy     Error    dError
     1    840    840    -0.14660   0.00007   0.00000
     2    420    840    -0.14661   0.00008   0.00000
     3    280    840    -0.14661   0.00009   0.00000
     4    210    840    -0.14661   0.00009   0.00000
     5    168    840    -0.14662   0.00010   0.00001
     6    140    840    -0.14662   0.00009   0.00001
     7    120    840    -0.14662   0.00009   0.00001
     8    105    840    -0.14662   0.00010   0.00001
     9     93    837    -0.14663   0.00011   0.00001
    10     84    840    -0.14662   0.00010   0.00001
    11     76    836    -0.14663   0.00009   0.00001
    12     70    840    -0.14663   0.00010   0.00001
    13     64    832    -0.14663   0.00011   0.00001
    14     60    840    -0.14663   0.00010   0.00001
    15     56    840    -0.14663   0.00010   0.00001
    16     52    832    -0.14664   0.00011   0.00001
    17     49    833    -0.14664   0.00011   0.00001
    18     46    828    -0.14665   0.00009   0.00001
    19     44    836    -0.14664   0.00010   0.00001
    20     42    840    -0.14663   0.00011   0.00001
    21     40    840    -0.14663   0.00012   0.00001
    22     38    836    -0.14664   0.00011   0.00001
    23     36    828    -0.14665   0.00009   0.00001
    24     35    840    -0.14663   0.00010   0.00001
    25     33    825    -0.14666   0.00011   0.00001
    26     32    832    -0.14664   0.00010   0.00001
    27     31    837    -0.14664   0.00010   0.00001
    28     30    840    -0.14663   0.00010   0.00001
    29     28    812    -0.14667   0.00010   0.00001
    30     28    840    -0.14663   0.00010   0.00001
    31     27    837    -0.14664   0.00010   0.00001
    32     26    832    -0.14664   0.00011   0.00002
    33     25    825    -0.14666   0.00011   0.00002
    34     24    816    -0.14667   0.00010   0.00002
    35     24    840    -0.14663   0.00011   0.00002
    36     23    828    -0.14665   0.00010   0.00001
    37     22    814    -0.14667   0.00011   0.00002
    38     22    836    -0.14664   0.00010   0.00002
    39     21    819    -0.14666   0.00010   0.00002
    40     21    840    -0.14663   0.00011   0.00002
    41     20    820    -0.14666   0.00009   0.00002
    42     20    840    -0.14664   0.00008   0.00001
Fit (variance): plateau_var = 1.00933e-08 ± 4.10194e-10
Fit (error):    plateau = 0.00010 ± 0.00000
     autocorrelation length ~ 2.8 blocks
     plateau reached at block size ~ 12
Final AFQMC/HF Guiding Energy:      -1833.6268 +/- 0.0020
Final AFQMC/pt2CCSD Orbital Energy: -0.14664 +/- 0.00010
<t1> = weightp/weight = 1.02362
Total run time: 864.86

AFQMC Sampling Finished

LNO-Integral time (s):    28.82
LNO-AFQMC time (s):       870.59


========================= LNO-FRAGMENT [C9] 10/(48,48) =========================
Fragment Num.  10
Fragment Idx.  10
Fragment Name  C9
LNO THRESHOLD  [0.0001, 1e-05]
PySCF Threads  12
LNO-LAS: 43/156 Occ | 174/636 Vir | 217/792 MOs
LNO-MP2 Fragment Energy:  -0.11997393
LNO-CCSD Fragment Energy: -0.11970877
LNO-CPU time (s):         346.42 (LAS 26.62 | MP2 15.25 | CCSD 304.55)
LNO-CPU wait time (s):    0.00 (100.0% hidden)
Find Density Fit Teonsers in MF object
Integrals will be built by DF Tensors
Calculating Effective Active Space One-electron Integrals
*** Correlation Space Size ***
N Occupied Orbitals: 43
N Active Orbitals:   217
Build effective h0 and h1 time: 7.847260 s
Composing CDERIs from DF
Build CDERI in cLAS time: 7.118492 s
Raw CDERI in LAS shape: (3912, 23653)
Compress CDERI 2 Chol: 1e-05
Compress CDERI time: 6.351661 s
Finished calculating Integrals
LAS Cholesky shape: (1594, 217, 217)
AFQMC script: /u/yzhang65/myprojects/software/afqmc/afqmc/lno_afqmc/script/run_lno_afqmc_pt2ccsd.py

LNO-AFQMC Started
Hostname:     gpue08.delta.ncsa.illinois.edu
System:       Linux
Node:         gpue08.delta.ncsa.illinois.edu
Release:      5.14.0-570.131.1.el9_6.x86_64
Machine:      x86_64
Processor:    x86_64
JAX backend:  GPU
JAX devices:  [CudaDevice(id=0)]
Device kind:  NVIDIA H200
Platform:     gpu

QMC Parameters
eql_time        -         30
n_prop_steps    -         50
n_blocks        -        840
n_walkers       -        300
max_memory      -     200000
mix_precision   -       True
seed            -        817
walker_type     -        rhf
trial           - pt2ccsd_sto_chol
chol_cost_ratio -        0.2
max_error       -    7.2e-05
dt              -      0.005
n_exp_terms     -          6
n_batch         -          1
nchol_chunk     -        100
free_projection -      False

QMC System
Number of Occ. Orbitals:      43
Number of Act. Orbitals:      217
Number of Chol. Vectors:      1594
Mean-Field Energy:            -1832.00523770
Maximum memory per walker:            666.67 MB
Maximum number of Cholesky per chunk: 927
Number of Cholesky chunks:            2
Number of Cholesky per chunk:         797
Number of padding Cholesky:           0
Trial:   pt2ccsd_sto_chol(norb=217, nelec=(43, 43), n_batch=1, nchol_chunk=797, mix_precision=True, n_chol_head=0, head_chol_ratio=None, n_chol_samples=None, chol_cost_ratio=0.2, head_sample_ratio=3.0, chol_score_floor=1e-06, chol_uniform_mix=0.01, head_from_guide=False)
Sampler: sampler_pt2_sto_chol(n_prop_steps=50, n_blocks=840, n_chol=1594, frozen_vir=0)

Initalize QMC walkers by HF

Equilibration
Initial Orbital energy: -0.11968
inv_T  nodes      weight      energy     error   runTime
 0.00      0   300.00000  -1832.00345   0.00000     31.79
 3.00      0   309.05426  -1833.88680   0.03211     41.45
 6.00      0   301.99059  -1833.93989   0.03000     47.16
 9.00      0   297.36422  -1833.87968   0.02895     52.79
12.00      0   297.70737  -1833.92341   0.03126     58.62
15.00      0   298.51864  -1833.96413   0.03420     64.83
18.00      0   298.01221  -1833.92565   0.02851     70.50
21.00      0   298.45131  -1833.98492   0.03411     76.39
24.00      0   298.06217  -1833.92624   0.03271     82.03
27.00      0   296.89004  -1833.87677   0.02817     87.75
30.00      0   296.82756  -1833.93067   0.03023     93.98

Sampling Blocks
Target Final Error ~ 0.000072
   N  nodes      weight      E(Guide)     Error     weightp    E_frag     Error      Time
  20      0   296.37123   -1833.92435   0.00631   304.46736  -0.12691   0.00037    128.10
  40      0   297.42242   -1833.93154   0.00716   304.45897  -0.12699   0.00043    155.10
  60      0   297.71467   -1833.93391   0.00534   304.55209  -0.12713   0.00032    181.03
  80      0   296.90337   -1833.92820   0.00439   304.55069  -0.12715   0.00025    206.92
 100      0   299.05981   -1833.92801   0.00376   304.59263  -0.12710   0.00021    232.85
 120      0   297.76067   -1833.93323   0.00352   304.63365  -0.12695   0.00018    258.78
 140      0   297.19441   -1833.93269   0.00342   304.64098  -0.12699   0.00016    284.71
 160      0   296.50907   -1833.93258   0.00314   304.68606  -0.12691   0.00015    310.67
 180      0   298.19470   -1833.93051   0.00288   304.73566  -0.12684   0.00013    336.64
 200      0   297.50214   -1833.92804   0.00268   304.74697  -0.12669   0.00013    362.56
 220      0   297.49928   -1833.92789   0.00250   304.79205  -0.12674   0.00012    388.44
 240      0   298.21808   -1833.92599   0.00243   304.81148  -0.12669   0.00012    414.35
 260      0   297.49586   -1833.92473   0.00232   304.85329  -0.12661   0.00011    440.27
 280      0   297.38404   -1833.92349   0.00224   304.83640  -0.12655   0.00011    466.18
 300      0   295.97603   -1833.92298   0.00215   304.83983  -0.12653   0.00010    492.09
 320      0   297.38962   -1833.92236   0.00205   304.84071  -0.12651   0.00010    518.00
 340      0   297.41820   -1833.92183   0.00199   304.83342  -0.12651   0.00009    543.97
 360      0   296.87401   -1833.92321   0.00196   304.82318  -0.12650   0.00009    569.86
 380      0   297.85285   -1833.92303   0.00188   304.82132  -0.12651   0.00009    595.73
 400      0   297.71761   -1833.92322   0.00181   304.81553  -0.12650   0.00008    626.31
 420      0   297.87612   -1833.92443   0.00182   304.81859  -0.12661   0.00010    654.46
 440      0   297.84725   -1833.92407   0.00178   304.82678  -0.12664   0.00009    680.37
 460      0   298.21236   -1833.92388   0.00173   304.84176  -0.12661   0.00009    706.29
 480      0   296.61482   -1833.92339   0.00168   304.83764  -0.12657   0.00009    732.21
 500      0   298.03079   -1833.92309   0.00163   304.85442  -0.12657   0.00009    758.28
 520      0   297.06696   -1833.92372   0.00160   304.88895  -0.12658   0.00008    784.19
 540      0   297.85298   -1833.92366   0.00155   304.91863  -0.12657   0.00008    810.10
 560      0   298.11796   -1833.92376   0.00152   304.92880  -0.12657   0.00008    836.20
 580      0   297.32084   -1833.92391   0.00149   304.92260  -0.12661   0.00008    862.16
 600      0   298.40647   -1833.92440   0.00146   304.92636  -0.12661   0.00008    888.06
 620      0   297.86978   -1833.92379   0.00145   304.90362  -0.12661   0.00008    913.98
 640      0   296.92438   -1833.92389   0.00141   304.90792  -0.12660   0.00007    939.90
 660      0   298.65242   -1833.92369   0.00138   304.91984  -0.12659   0.00007    965.82
 680      0   298.35578   -1833.92334   0.00136   304.93167  -0.12659   0.00007    991.72
 700      0   297.42033   -1833.92326   0.00134   304.92834  -0.12660   0.00007   1017.60
 720      0   299.09780   -1833.92260   0.00133   304.93848  -0.12659   0.00007   1043.48
 740      0   297.21542   -1833.92245   0.00132   304.94663  -0.12659   0.00007   1069.39
 760      0   297.96083   -1833.92259   0.00133   304.94690  -0.12658   0.00007   1095.29
 780      0   296.68510   -1833.92309   0.00132   304.94222  -0.12659   0.00006   1121.21
 800      0   299.10405   -1833.92283   0.00129   304.95270  -0.12660   0.00006   1147.11
 820      0   298.04622   -1833.92278   0.00127   304.95127  -0.12660   0.00006   1173.03
 840      0   296.71796   -1833.92262   0.00126   304.94632  -0.12659   0.00006   1198.90

Post Propagation
Total number of samples 840
Remove Outliers
Remove samples outside Zeta > 30
Outlier bound [-0.16662, -0.08601]
Removed 0 Outliers
Outliers Energy []
nsample = 840, max_block_size = 42, min_nblocks = 20
   B    NB    NS  Observable     Error    dError
   1   840   840  -1833.92258   0.00126   0.00003
   2   420   840  -1833.92259   0.00156   0.00005
   3   280   840  -1833.92259   0.00177   0.00007
   4   210   840  -1833.92260   0.00189   0.00009
   5   168   840  -1833.92260   0.00198   0.00011
   6   140   840  -1833.92261   0.00202   0.00012
   7   120   840  -1833.92261   0.00210   0.00014
   8   105   840  -1833.92261   0.00219   0.00015
   9    93   837  -1833.92284   0.00228   0.00017
  10    84   840  -1833.92261   0.00212   0.00016
  11    76   836  -1833.92287   0.00212   0.00017
  12    70   840  -1833.92262   0.00214   0.00018
  13    64   832  -1833.92295   0.00214   0.00019
  14    60   840  -1833.92262   0.00242   0.00022
  15    56   840  -1833.92262   0.00227   0.00022
  16    52   832  -1833.92295   0.00228   0.00023
  17    49   833  -1833.92296   0.00222   0.00023
  18    46   828  -1833.92296   0.00218   0.00023
  19    44   836  -1833.92287   0.00215   0.00023
  20    42   840  -1833.92262   0.00203   0.00022
  21    40   840  -1833.92262   0.00235   0.00027
  22    38   836  -1833.92287   0.00186   0.00022
  23    36   828  -1833.92297   0.00219   0.00026
  24    35   840  -1833.92262   0.00227   0.00028
  25    33   825  -1833.92295   0.00244   0.00031
  26    32   832  -1833.92295   0.00228   0.00029
  27    31   837  -1833.92285   0.00217   0.00028
  28    30   840  -1833.92262   0.00234   0.00031
  29    28   812  -1833.92274   0.00245   0.00033
  30    28   840  -1833.92262   0.00244   0.00033
  31    27   837  -1833.92285   0.00266   0.00037
  32    26   832  -1833.92295   0.00245   0.00035
  33    25   825  -1833.92295   0.00229   0.00033
  34    24   816  -1833.92272   0.00233   0.00034
  35    24   840  -1833.92262   0.00207   0.00031
  36    23   828  -1833.92297   0.00212   0.00032
  37    22   814  -1833.92272   0.00225   0.00035
  38    22   836  -1833.92287   0.00214   0.00033
  39    21   819  -1833.92274   0.00198   0.00031
  40    21   840  -1833.92262   0.00201   0.00032
  41    20   820  -1833.92278   0.00236   0.00038
  42    20   840  -1833.92262   0.00235   0.00038
Fit (variance): plateau_var = 4.878e-06 ± 2.047e-07
Fit (error):    plateau = 0.00221 ± 0.00005
     autocorrelation length ~ 3.2 blocks
     plateau reached at block size ~ 15
nsample = 840, max_block_size = 42, min_nblocks = 20
Blk_SZ   NBlk   NSmp      Energy     Error    dError
     1    840    840    -0.12656   0.00006   0.00000
     2    420    840    -0.12657   0.00007   0.00000
     3    280    840    -0.12658   0.00008   0.00000
     4    210    840    -0.12658   0.00008   0.00000
     5    168    840    -0.12658   0.00009   0.00000
     6    140    840    -0.12658   0.00009   0.00001
     7    120    840    -0.12658   0.00010   0.00001
     8    105    840    -0.12658   0.00009   0.00001
     9     93    837    -0.12658   0.00009   0.00001
    10     84    840    -0.12659   0.00010   0.00001
    11     76    836    -0.12659   0.00010   0.00001
    12     70    840    -0.12659   0.00009   0.00001
    13     64    832    -0.12660   0.00010   0.00001
    14     60    840    -0.12659   0.00010   0.00001
    15     56    840    -0.12659   0.00010   0.00001
    16     52    832    -0.12659   0.00011   0.00001
    17     49    833    -0.12660   0.00010   0.00001
    18     46    828    -0.12660   0.00010   0.00001
    19     44    836    -0.12659   0.00011   0.00001
    20     42    840    -0.12659   0.00009   0.00001
    21     40    840    -0.12659   0.00011   0.00001
    22     38    836    -0.12659   0.00010   0.00001
    23     36    828    -0.12660   0.00010   0.00001
    24     35    840    -0.12659   0.00010   0.00001
    25     33    825    -0.12660   0.00010   0.00001
    26     32    832    -0.12660   0.00010   0.00001
    27     31    837    -0.12659   0.00010   0.00001
    28     30    840    -0.12659   0.00011   0.00001
    29     28    812    -0.12660   0.00011   0.00002
    30     28    840    -0.12659   0.00010   0.00001
    31     27    837    -0.12659   0.00012   0.00002
    32     26    832    -0.12660   0.00010   0.00001
    33     25    825    -0.12660   0.00011   0.00002
    34     24    816    -0.12660   0.00011   0.00002
    35     24    840    -0.12659   0.00011   0.00002
    36     23    828    -0.12660   0.00011   0.00002
    37     22    814    -0.12660   0.00011   0.00002
    38     22    836    -0.12659   0.00009   0.00001
    39     21    819    -0.12660   0.00011   0.00002
    40     21    840    -0.12659   0.00012   0.00002
    41     20    820    -0.12660   0.00010   0.00002
    42     20    840    -0.12659   0.00011   0.00002
Fit (variance): plateau_var = 1.06764e-08 ± 5.37912e-10
Fit (error):    plateau = 0.00010 ± 0.00000
     autocorrelation length ~ 5.1 blocks
     plateau reached at block size ~ 23
Final AFQMC/HF Guiding Energy:      -1833.9226 +/- 0.0022
Final AFQMC/pt2CCSD Orbital Energy: -0.12659 +/- 0.00010
<t1> = weightp/weight = 1.02468
Total run time: 1202.85

AFQMC Sampling Finished

LNO-Integral time (s):    24.11
LNO-AFQMC time (s):       1243.78


======================== LNO-FRAGMENT [C10] 11/(48,48) =========================
Fragment Num.  11
Fragment Idx.  11
Fragment Name  C10
LNO THRESHOLD  [0.0001, 1e-05]
PySCF Threads  12
LNO-LAS: 41/156 Occ | 173/636 Vir | 214/792 MOs
LNO-MP2 Fragment Energy:  -0.12008785
LNO-CCSD Fragment Energy: -0.11988944
LNO-CPU time (s):         320.90 (LAS 30.91 | MP2 13.55 | CCSD 276.44)
LNO-CPU wait time (s):    0.00 (100.0% hidden)
Find Density Fit Teonsers in MF object
Integrals will be built by DF Tensors
Calculating Effective Active Space One-electron Integrals
*** Correlation Space Size ***
N Occupied Orbitals: 41
N Active Orbitals:   214
Build effective h0 and h1 time: 52.751329 s
Composing CDERIs from DF
Build CDERI in cLAS time: 11.823740 s
Raw CDERI in LAS shape: (3912, 23005)
Compress CDERI 2 Chol: 1e-05
Compress CDERI time: 6.118613 s
Finished calculating Integrals
LAS Cholesky shape: (1578, 214, 214)
AFQMC script: /u/yzhang65/myprojects/software/afqmc/afqmc/lno_afqmc/script/run_lno_afqmc_pt2ccsd.py

LNO-AFQMC Started
Hostname:     gpue08.delta.ncsa.illinois.edu
System:       Linux
Node:         gpue08.delta.ncsa.illinois.edu
Release:      5.14.0-570.131.1.el9_6.x86_64
Machine:      x86_64
Processor:    x86_64
JAX backend:  GPU
JAX devices:  [CudaDevice(id=0)]
Device kind:  NVIDIA H200
Platform:     gpu

QMC Parameters
eql_time        -         30
n_prop_steps    -         50
n_blocks        -        840
n_walkers       -        300
max_memory      -     200000
mix_precision   -       True
seed            -        982
walker_type     -        rhf
trial           - pt2ccsd_sto_chol
chol_cost_ratio -        0.2
max_error       -    7.2e-05
dt              -      0.005
n_exp_terms     -          6
n_batch         -          1
nchol_chunk     -        100
free_projection -      False

QMC System
Number of Occ. Orbitals:      41
Number of Act. Orbitals:      214
Number of Chol. Vectors:      1578
Mean-Field Energy:            -1832.00523770
Maximum memory per walker:            666.67 MB
Maximum number of Cholesky per chunk: 954
Number of Cholesky chunks:            2
Number of Cholesky per chunk:         789
Number of padding Cholesky:           0
Trial:   pt2ccsd_sto_chol(norb=214, nelec=(41, 41), n_batch=1, nchol_chunk=789, mix_precision=True, n_chol_head=0, head_chol_ratio=None, n_chol_samples=None, chol_cost_ratio=0.2, head_sample_ratio=3.0, chol_score_floor=1e-06, chol_uniform_mix=0.01, head_from_guide=False)
Sampler: sampler_pt2_sto_chol(n_prop_steps=50, n_blocks=840, n_chol=1578, frozen_vir=0)

Initalize QMC walkers by HF

Equilibration
Initial Orbital energy: -0.11990
inv_T  nodes      weight      energy     error   runTime
 0.00      0   300.00000  -1832.00359   0.00000     40.10
 3.00      0   309.78362  -1833.88270   0.03266     49.31
 6.00      0   300.87004  -1833.87475   0.02859     54.49
 9.00      0   299.70662  -1833.86057   0.02838     59.79
12.00      0   298.51995  -1833.90615   0.03019     65.08
15.00      0   296.42272  -1833.80753   0.02631     70.28
18.00      0   297.63371  -1833.93768   0.02958     75.48
21.00      0   298.00961  -1833.93076   0.03242     80.68
24.00      0   296.98513  -1833.91590   0.02976     85.88
27.00      0   296.99997  -1833.87349   0.02782     91.22
30.00      0   297.30875  -1833.83891   0.02766     96.48

Sampling Blocks
Target Final Error ~ 0.000072
   N  nodes      weight      E(Guide)     Error     weightp    E_frag     Error      Time
  20      0   296.71717   -1833.86693   0.01048   305.26749  -0.12589   0.00026    126.70
  40      0   296.84145   -1833.87877   0.00719   305.28888  -0.12616   0.00018    150.41
  60      0   298.47489   -1833.88155   0.00526   305.27388  -0.12624   0.00014    173.89
  80      0   298.14802   -1833.88017   0.00460   305.32369  -0.12625   0.00012    197.42
 100      0   296.90095   -1833.88474   0.00414   305.47818  -0.12614   0.00011    220.92
 120      0   297.76721   -1833.88265   0.00367   305.46449  -0.12600   0.00010    244.41
 140      0   297.29120   -1833.88251   0.00330   305.44604  -0.12587   0.00010    267.85
 160      0   297.30766   -1833.88426   0.00301   305.43998  -0.12589   0.00009    291.37
 180      0   297.89658   -1833.88583   0.00276   305.41713  -0.12595   0.00008    314.89
 200      0   297.72999   -1833.88834   0.00284   305.42675  -0.12590   0.00008    338.40
 220      0   296.34430   -1833.88884   0.00265   305.44778  -0.12592   0.00008    361.90
 240      0   297.22812   -1833.88802   0.00247   305.43448  -0.12597   0.00007    385.37
 260      0   296.58183   -1833.88853   0.00232   305.46568  -0.12596   0.00008    408.90
 280      0   298.21651   -1833.88978   0.00226   305.43820  -0.12605   0.00008    432.43
 300      0   298.69626   -1833.89108   0.00223   305.40477  -0.12605   0.00008    455.95
 320      0   296.99557   -1833.89151   0.00217   305.34733  -0.12610   0.00008    479.46
 340      0   296.18383   -1833.89345   0.00218   305.31059  -0.12611   0.00008    502.96
 360      0   298.35413   -1833.89265   0.00210   305.28866  -0.12614   0.00007    530.00
 380      0   298.10218   -1833.89256   0.00202   305.24574  -0.12620   0.00007    555.73
 400      0   297.13749   -1833.89232   0.00194   305.21013  -0.12624   0.00007    579.77
 420      0   297.32061   -1833.89132   0.00188   305.19488  -0.12624   0.00007    603.34
 440      0   300.64454   -1833.89148   0.00184   305.19303  -0.12627   0.00007    626.83
 460      0   297.55162   -1833.88975   0.00184   305.18258  -0.12628   0.00006    650.35
 480      0   297.42414   -1833.88963   0.00177   305.18857  -0.12636   0.00007    673.85
 500      0   297.21614   -1833.88897   0.00172   305.19417  -0.12636   0.00007    697.41
 520      0   297.65416   -1833.88916   0.00167   305.18633  -0.12634   0.00007    720.87
 540      0   297.18397   -1833.88890   0.00165   305.18516  -0.12635   0.00007    744.30
 560      0   298.15463   -1833.88988   0.00161   305.15687  -0.12636   0.00006    767.78
 580      0   297.06141   -1833.89037   0.00157   305.13297  -0.12641   0.00006    791.25
 600      0   298.45917   -1833.89032   0.00153   305.15015  -0.12644   0.00006    814.71
 620      0   298.86128   -1833.89016   0.00149   305.16147  -0.12645   0.00006    838.12
 640      0   297.73745   -1833.88977   0.00147   305.14608  -0.12643   0.00006    861.60
 660      0   296.02032   -1833.88986   0.00146   305.12990  -0.12643   0.00006    885.12
 680      0   297.70572   -1833.88897   0.00144   305.14126  -0.12643   0.00006    908.63
 700      0   297.18071   -1833.88881   0.00141   305.15566  -0.12646   0.00006    932.11
 720      0   297.45827   -1833.88908   0.00139   305.18865  -0.12646   0.00006    955.53
 740      0   296.49338   -1833.88949   0.00139   305.20480  -0.12645   0.00006    979.04
 760      0   296.37169   -1833.88958   0.00137   305.20341  -0.12646   0.00006   1002.54
 780      0   298.33402   -1833.88941   0.00135   305.20713  -0.12650   0.00006   1026.06
 800      0   297.81460   -1833.88980   0.00134   305.21338  -0.12651   0.00006   1049.51
 820      0   297.30522   -1833.89015   0.00131   305.22562  -0.12649   0.00006   1072.98
 840      0   297.56973   -1833.89078   0.00131   305.22409  -0.12653   0.00006   1096.47

Post Propagation
Total number of samples 840
Remove Outliers
Remove samples outside Zeta > 30
Outlier bound [-0.16867, -0.08386]
Removed 0 Outliers
Outliers Energy []
nsample = 840, max_block_size = 42, min_nblocks = 20
   B    NB    NS  Observable     Error    dError
   1   840   840  -1833.89072   0.00131   0.00003
   2   420   840  -1833.89073   0.00165   0.00006
   3   280   840  -1833.89074   0.00184   0.00008
   4   210   840  -1833.89075   0.00201   0.00010
   5   168   840  -1833.89075   0.00211   0.00012
   6   140   840  -1833.89075   0.00218   0.00013
   7   120   840  -1833.89076   0.00222   0.00014
   8   105   840  -1833.89076   0.00220   0.00015
   9    93   837  -1833.89049   0.00231   0.00017
  10    84   840  -1833.89076   0.00234   0.00018
  11    76   836  -1833.89046   0.00240   0.00020
  12    70   840  -1833.89077   0.00249   0.00021
  13    64   832  -1833.89057   0.00239   0.00021
  14    60   840  -1833.89077   0.00238   0.00022
  15    56   840  -1833.89077   0.00203   0.00019
  16    52   832  -1833.89058   0.00254   0.00025
  17    49   833  -1833.89050   0.00244   0.00025
  18    46   828  -1833.89067   0.00213   0.00022
  19    44   836  -1833.89047   0.00226   0.00024
  20    42   840  -1833.89077   0.00237   0.00026
  21    40   840  -1833.89077   0.00270   0.00031
  22    38   836  -1833.89047   0.00250   0.00029
  23    36   828  -1833.89067   0.00222   0.00026
  24    35   840  -1833.89077   0.00249   0.00030
  25    33   825  -1833.89047   0.00226   0.00028
  26    32   832  -1833.89058   0.00254   0.00032
  27    31   837  -1833.89050   0.00227   0.00029
  28    30   840  -1833.89077   0.00264   0.00035
  29    28   812  -1833.88992   0.00211   0.00029
  30    28   840  -1833.89078   0.00241   0.00033
  31    27   837  -1833.89050   0.00254   0.00035
  32    26   832  -1833.89058   0.00238   0.00034
  33    25   825  -1833.89047   0.00259   0.00037
  34    24   816  -1833.89002   0.00254   0.00037
  35    24   840  -1833.89078   0.00242   0.00036
  36    23   828  -1833.89067   0.00254   0.00038
  37    22   814  -1833.88997   0.00257   0.00040
  38    22   836  -1833.89047   0.00266   0.00041
  39    21   819  -1833.89014   0.00247   0.00039
  40    21   840  -1833.89078   0.00232   0.00037
  41    20   820  -1833.89015   0.00280   0.00045
  42    20   840  -1833.89078   0.00278   0.00045
Fit (variance): plateau_var = 5.662e-06 ± 2.442e-07
Fit (error):    plateau = 0.00238 ± 0.00005
     autocorrelation length ~ 3.5 blocks
     plateau reached at block size ~ 16
nsample = 840, max_block_size = 42, min_nblocks = 20
Blk_SZ   NBlk   NSmp      Energy     Error    dError
     1    840    840    -0.12649   0.00006   0.00000
     2    420    840    -0.12650   0.00007   0.00000
     3    280    840    -0.12650   0.00008   0.00000
     4    210    840    -0.12651   0.00009   0.00000
     5    168    840    -0.12651   0.00009   0.00000
     6    140    840    -0.12651   0.00009   0.00001
     7    120    840    -0.12651   0.00009   0.00001
     8    105    840    -0.12652   0.00009   0.00001
     9     93    837    -0.12651   0.00010   0.00001
    10     84    840    -0.12652   0.00010   0.00001
    11     76    836    -0.12651   0.00009   0.00001
    12     70    840    -0.12652   0.00011   0.00001
    13     64    832    -0.12651   0.00011   0.00001
    14     60    840    -0.12652   0.00010   0.00001
    15     56    840    -0.12652   0.00010   0.00001
    16     52    832    -0.12651   0.00010   0.00001
    17     49    833    -0.12651   0.00010   0.00001
    18     46    828    -0.12651   0.00011   0.00001
    19     44    836    -0.12652   0.00010   0.00001
    20     42    840    -0.12652   0.00011   0.00001
    21     40    840    -0.12652   0.00011   0.00001
    22     38    836    -0.12651   0.00012   0.00001
    23     36    828    -0.12651   0.00011   0.00001
    24     35    840    -0.12652   0.00011   0.00001
    25     33    825    -0.12650   0.00011   0.00001
    26     32    832    -0.12651   0.00011   0.00001
    27     31    837    -0.12652   0.00011   0.00001
    28     30    840    -0.12652   0.00011   0.00002
    29     28    812    -0.12650   0.00011   0.00002
    30     28    840    -0.12652   0.00011   0.00001
    31     27    837    -0.12652   0.00012   0.00002
    32     26    832    -0.12651   0.00012   0.00002
    33     25    825    -0.12650   0.00012   0.00002
    34     24    816    -0.12649   0.00012   0.00002
    35     24    840    -0.12652   0.00013   0.00002
    36     23    828    -0.12651   0.00012   0.00002
    37     22    814    -0.12649   0.00012   0.00002
    38     22    836    -0.12652   0.00012   0.00002
    39     21    819    -0.12649   0.00011   0.00002
    40     21    840    -0.12652   0.00012   0.00002
    41     20    820    -0.12649   0.00012   0.00002
    42     20    840    -0.12652   0.00011   0.00002
Fit (variance): plateau_var = 1.21385e-08 ± 6.95076e-10
Fit (error):    plateau = 0.00011 ± 0.00000
     autocorrelation length ~ 6.3 blocks
     plateau reached at block size ~ 28
Final AFQMC/HF Guiding Energy:      -1833.8908 +/- 0.0024
Final AFQMC/pt2CCSD Orbital Energy: -0.12653 +/- 0.00011
<t1> = weightp/weight = 1.02559
Total run time: 1099.62

AFQMC Sampling Finished

LNO-Integral time (s):    77.31
LNO-AFQMC time (s):       1225.78


======================= LNO-FRAGMENT [C11H27] 12/(48,48) =======================
Fragment Num.  12
Fragment Idx.  12
Fragment Name  C11H27
LNO THRESHOLD  [0.0001, 1e-05]
PySCF Threads  12
LNO-LAS: 36/156 Occ | 148/636 Vir | 184/792 MOs
LNO-MP2 Fragment Energy:  -0.13393488
LNO-CCSD Fragment Energy: -0.13915863
LNO-CPU time (s):         172.05 (LAS 23.94 | MP2 11.18 | CCSD 136.93)
LNO-CPU wait time (s):    0.00 (100.0% hidden)
Find Density Fit Teonsers in MF object
Integrals will be built by DF Tensors
Calculating Effective Active Space One-electron Integrals
*** Correlation Space Size ***
N Occupied Orbitals: 36
N Active Orbitals:   184
Build effective h0 and h1 time: 51.055131 s
Composing CDERIs from DF
Build CDERI in cLAS time: 12.281195 s
Raw CDERI in LAS shape: (3912, 17020)
Compress CDERI 2 Chol: 1e-05
Compress CDERI time: 7.195535 s
Finished calculating Integrals
LAS Cholesky shape: (1400, 184, 184)
AFQMC script: /u/yzhang65/myprojects/software/afqmc/afqmc/lno_afqmc/script/run_lno_afqmc_pt2ccsd.py

LNO-AFQMC Started
Hostname:     gpue08.delta.ncsa.illinois.edu
System:       Linux
Node:         gpue08.delta.ncsa.illinois.edu
Release:      5.14.0-570.131.1.el9_6.x86_64
Machine:      x86_64
Processor:    x86_64
JAX backend:  GPU
JAX devices:  [CudaDevice(id=0)]
Device kind:  NVIDIA H200
Platform:     gpu

QMC Parameters
eql_time        -         30
n_prop_steps    -         50
n_blocks        -        840
n_walkers       -        300
max_memory      -     200000
mix_precision   -       True
seed            -       2746
walker_type     -        rhf
trial           - pt2ccsd_sto_chol
chol_cost_ratio -        0.2
max_error       -    7.2e-05
dt              -      0.005
n_exp_terms     -          6
n_batch         -          1
nchol_chunk     -        100
free_projection -      False

QMC System
Number of Occ. Orbitals:      36
Number of Act. Orbitals:      184
Number of Chol. Vectors:      1400
Mean-Field Energy:            -1832.00523770
Maximum memory per walker:            666.67 MB
Maximum number of Cholesky per chunk: 1290
Number of Cholesky chunks:            2
Number of Cholesky per chunk:         700
Number of padding Cholesky:           0
Trial:   pt2ccsd_sto_chol(norb=184, nelec=(36, 36), n_batch=1, nchol_chunk=700, mix_precision=True, n_chol_head=0, head_chol_ratio=None, n_chol_samples=None, chol_cost_ratio=0.2, head_sample_ratio=3.0, chol_score_floor=1e-06, chol_uniform_mix=0.01, head_from_guide=False)
Sampler: sampler_pt2_sto_chol(n_prop_steps=50, n_blocks=840, n_chol=1400, frozen_vir=0)

Initalize QMC walkers by HF

Equilibration
Initial Orbital energy: -0.13915
inv_T  nodes      weight      energy     error   runTime
 0.00      0   300.00000  -1832.00406   0.00000     35.98
 3.00      0   306.45181  -1833.51905   0.02438     43.48
 6.00      0   300.75893  -1833.53385   0.02486     46.91
 9.00      0   298.71101  -1833.53979   0.02583     50.35
12.00      0   297.40860  -1833.53954   0.02764     53.80
15.00      0   297.89303  -1833.59684   0.02825     57.35
18.00      0   298.12822  -1833.60985   0.02779     60.91
21.00      0   297.19050  -1833.54400   0.02429     64.36
24.00      0   298.28343  -1833.62460   0.03054     67.81
27.00      0   297.60877  -1833.54956   0.02528     71.25
30.00      0   298.07694  -1833.62032   0.02827     74.70

Sampling Blocks
Target Final Error ~ 0.000072
   N  nodes      weight      E(Guide)     Error     weightp    E_frag     Error      Time
  20      0   298.08536   -1833.59265   0.00636   304.49290  -0.14601   0.00030     94.59
  40      0   296.53107   -1833.59141   0.00443   304.13923  -0.14575   0.00029    108.36
  60      0   296.92138   -1833.58473   0.00491   304.16195  -0.14569   0.00023    121.91
  80      0   297.88461   -1833.57718   0.00425   304.10735  -0.14576   0.00019    135.41
 100      0   297.54878   -1833.57492   0.00360   304.14127  -0.14561   0.00017    148.95
 120      0   297.10009   -1833.57674   0.00325   304.16282  -0.14567   0.00016    162.47
 140      0   298.17318   -1833.57635   0.00297   304.15599  -0.14567   0.00016    175.98
 160      0   298.16948   -1833.57383   0.00273   304.19162  -0.14563   0.00014    189.54
 180      0   298.72699   -1833.57391   0.00250   304.16946  -0.14560   0.00013    203.02
 200      0   297.97764   -1833.57272   0.00231   304.16682  -0.14559   0.00012    216.58
 220      0   298.25043   -1833.57369   0.00218   304.19345  -0.14559   0.00011    230.08
 240      0   297.59743   -1833.57452   0.00204   304.16683  -0.14560   0.00011    243.67
 260      0   298.78149   -1833.57437   0.00193   304.16184  -0.14566   0.00010    257.16
 280      0   298.71980   -1833.57511   0.00187   304.11495  -0.14571   0.00011    270.75
 300      0   296.47102   -1833.57420   0.00180   304.13836  -0.14573   0.00010    284.25
 320      0   297.52507   -1833.57534   0.00177   304.19592  -0.14570   0.00010    297.77
 340      0   298.19047   -1833.57627   0.00174   304.22855  -0.14572   0.00010    311.30
 360      0   297.80109   -1833.57729   0.00168   304.22723  -0.14574   0.00010    324.80
 380      0   298.45187   -1833.57770   0.00164   304.23874  -0.14573   0.00009    338.40
 400      0   299.22510   -1833.57725   0.00159   304.24202  -0.14577   0.00009    351.89
 420      0   298.24061   -1833.57689   0.00154   304.24949  -0.14577   0.00009    365.47
 440      0   298.57545   -1833.57535   0.00152   304.27202  -0.14577   0.00009    378.98
 460      0   297.34257   -1833.57543   0.00147   304.30190  -0.14576   0.00009    392.56
 480      0   297.33471   -1833.57563   0.00147   304.31758  -0.14577   0.00009    406.05
 500      0   297.19420   -1833.57562   0.00143   304.33379  -0.14578   0.00008    419.63
 520      0   297.58539   -1833.57617   0.00141   304.33589  -0.14578   0.00008    433.15
 540      0   298.25424   -1833.57546   0.00138   304.33141  -0.14582   0.00008    446.66
 560      0   298.51419   -1833.57477   0.00136   304.32712  -0.14582   0.00008    460.21
 580      0   298.34426   -1833.57457   0.00134   304.32884  -0.14581   0.00008    473.70
 600      0   296.44433   -1833.57521   0.00132   304.32404  -0.14584   0.00009    487.28
 620      0   297.87260   -1833.57473   0.00130   304.31242  -0.14584   0.00008    500.77
 640      0   298.79394   -1833.57427   0.00127   304.31795  -0.14584   0.00008    514.34
 660      0   298.73518   -1833.57413   0.00124   304.32480  -0.14585   0.00008    532.15
 680      0   298.69726   -1833.57415   0.00121   304.32815  -0.14583   0.00008    546.28
 700      0   298.12261   -1833.57476   0.00121   304.32150  -0.14583   0.00008    561.93
 720      0   297.55708   -1833.57498   0.00119   304.31814  -0.14583   0.00008    575.49
 740      0   298.25932   -1833.57499   0.00117   304.32319  -0.14582   0.00007    588.99
 760      0   296.42713   -1833.57475   0.00115   304.30794  -0.14581   0.00007    602.54
 780      0   298.38401   -1833.57460   0.00114   304.30097  -0.14580   0.00007    616.07
 800      0   297.52579   -1833.57456   0.00112   304.31955  -0.14578   0.00007    629.64
 820      0   297.51548   -1833.57423   0.00110   304.31952  -0.14576   0.00007    643.15
 840      0   298.48679   -1833.57417   0.00108   304.31715  -0.14581   0.00007    656.67

Post Propagation
Total number of samples 840
Remove Outliers
Remove samples outside Zeta > 30
Outlier bound [-0.19140, -0.09970]
Removed 0 Outliers
Outliers Energy []
nsample = 840, max_block_size = 42, min_nblocks = 20
   B    NB    NS  Observable     Error    dError
   1   840   840  -1833.57414   0.00108   0.00003
   2   420   840  -1833.57415   0.00137   0.00005
   3   280   840  -1833.57416   0.00151   0.00006
   4   210   840  -1833.57416   0.00162   0.00008
   5   168   840  -1833.57416   0.00169   0.00009
   6   140   840  -1833.57416   0.00170   0.00010
   7   120   840  -1833.57417   0.00179   0.00012
   8   105   840  -1833.57417   0.00186   0.00013
   9    93   837  -1833.57414   0.00182   0.00013
  10    84   840  -1833.57417   0.00189   0.00015
  11    76   836  -1833.57413   0.00196   0.00016
  12    70   840  -1833.57417   0.00198   0.00017
  13    64   832  -1833.57405   0.00202   0.00018
  14    60   840  -1833.57417   0.00190   0.00017
  15    56   840  -1833.57417   0.00203   0.00019
  16    52   832  -1833.57405   0.00212   0.00021
  17    49   833  -1833.57406   0.00209   0.00021
  18    46   828  -1833.57413   0.00187   0.00020
  19    44   836  -1833.57413   0.00210   0.00023
  20    42   840  -1833.57417   0.00199   0.00022
  21    40   840  -1833.57417   0.00219   0.00025
  22    38   836  -1833.57413   0.00222   0.00026
  23    36   828  -1833.57413   0.00227   0.00027
  24    35   840  -1833.57417   0.00200   0.00024
  25    33   825  -1833.57415   0.00216   0.00027
  26    32   832  -1833.57405   0.00223   0.00028
  27    31   837  -1833.57415   0.00193   0.00025
  28    30   840  -1833.57417   0.00206   0.00027
  29    28   812  -1833.57439   0.00223   0.00030
  30    28   840  -1833.57417   0.00218   0.00030
  31    27   837  -1833.57415   0.00208   0.00029
  32    26   832  -1833.57405   0.00229   0.00032
  33    25   825  -1833.57415   0.00219   0.00032
  34    24   816  -1833.57425   0.00255   0.00038
  35    24   840  -1833.57417   0.00222   0.00033
  36    23   828  -1833.57414   0.00200   0.00030
  37    22   814  -1833.57435   0.00224   0.00035
  38    22   836  -1833.57413   0.00228   0.00035
  39    21   819  -1833.57426   0.00209   0.00033
  40    21   840  -1833.57417   0.00233   0.00037
  41    20   820  -1833.57424   0.00216   0.00035
  42    20   840  -1833.57417   0.00195   0.00032
Fit (variance): plateau_var = 4.366e-06 ± 2.250e-07
Fit (error):    plateau = 0.00209 ± 0.00005
     autocorrelation length ~ 5.3 blocks
     plateau reached at block size ~ 24
nsample = 840, max_block_size = 42, min_nblocks = 20
Blk_SZ   NBlk   NSmp      Energy     Error    dError
     1    840    840    -0.14577   0.00007   0.00000
     2    420    840    -0.14578   0.00008   0.00000
     3    280    840    -0.14579   0.00008   0.00000
     4    210    840    -0.14579   0.00008   0.00000
     5    168    840    -0.14579   0.00009   0.00000
     6    140    840    -0.14580   0.00008   0.00001
     7    120    840    -0.14580   0.00009   0.00001
     8    105    840    -0.14580   0.00009   0.00001
     9     93    837    -0.14580   0.00009   0.00001
    10     84    840    -0.14580   0.00009   0.00001
    11     76    836    -0.14579   0.00008   0.00001
    12     70    840    -0.14580   0.00009   0.00001
    13     64    832    -0.14579   0.00009   0.00001
    14     60    840    -0.14581   0.00009   0.00001
    15     56    840    -0.14581   0.00009   0.00001
    16     52    832    -0.14579   0.00009   0.00001
    17     49    833    -0.14579   0.00008   0.00001
    18     46    828    -0.14579   0.00009   0.00001
    19     44    836    -0.14580   0.00009   0.00001
    20     42    840    -0.14581   0.00008   0.00001
    21     40    840    -0.14581   0.00009   0.00001
    22     38    836    -0.14580   0.00009   0.00001
    23     36    828    -0.14579   0.00007   0.00001
    24     35    840    -0.14581   0.00009   0.00001
    25     33    825    -0.14579   0.00007   0.00001
    26     32    832    -0.14579   0.00010   0.00001
    27     31    837    -0.14580   0.00009   0.00001
    28     30    840    -0.14581   0.00009   0.00001
    29     28    812    -0.14576   0.00008   0.00001
    30     28    840    -0.14581   0.00009   0.00001
    31     27    837    -0.14580   0.00008   0.00001
    32     26    832    -0.14579   0.00009   0.00001
    33     25    825    -0.14579   0.00008   0.00001
    34     24    816    -0.14576   0.00007   0.00001
    35     24    840    -0.14581   0.00008   0.00001
    36     23    828    -0.14579   0.00007   0.00001
    37     22    814    -0.14576   0.00007   0.00001
    38     22    836    -0.14580   0.00006   0.00001
    39     21    819    -0.14576   0.00008   0.00001
    40     21    840    -0.14581   0.00007   0.00001
    41     20    820    -0.14576   0.00008   0.00001
    42     20    840    -0.14581   0.00009   0.00001
Fit (variance): plateau_var = 7.06680e-09 ± 2.40717e-10
Fit (error):    plateau = 0.00008 ± 0.00000
     autocorrelation length ~ 1.2 blocks
     plateau reached at block size ~ 6
Final AFQMC/HF Guiding Energy:      -1833.5742 +/- 0.0021
Final AFQMC/pt2CCSD Orbital Energy: -0.14581 +/- 0.00008
<t1> = weightp/weight = 1.02136
Total run time: 659.50

AFQMC Sampling Finished

LNO-Integral time (s):    72.88
LNO-AFQMC time (s):       780.57


======================= LNO-FRAGMENT [C12H26] 13/(48,48) =======================
Fragment Num.  13
Fragment Idx.  13
Fragment Name  C12H26
LNO THRESHOLD  [0.0001, 1e-05]
PySCF Threads  12
LNO-LAS: 36/156 Occ | 151/636 Vir | 187/792 MOs
LNO-MP2 Fragment Energy:  -0.13409642
LNO-CCSD Fragment Energy: -0.13927658
LNO-CPU time (s):         197.63 (LAS 26.68 | MP2 31.55 | CCSD 139.40)
LNO-CPU wait time (s):    0.00 (100.0% hidden)
Find Density Fit Teonsers in MF object
Integrals will be built by DF Tensors
Calculating Effective Active Space One-electron Integrals
*** Correlation Space Size ***
N Occupied Orbitals: 36
N Active Orbitals:   187
Build effective h0 and h1 time: 53.111679 s
Composing CDERIs from DF
Build CDERI in cLAS time: 10.729172 s
Raw CDERI in LAS shape: (3912, 17578)
Compress CDERI 2 Chol: 1e-05
Compress CDERI time: 6.112496 s
Finished calculating Integrals
LAS Cholesky shape: (1423, 187, 187)
AFQMC script: /u/yzhang65/myprojects/software/afqmc/afqmc/lno_afqmc/script/run_lno_afqmc_pt2ccsd.py

LNO-AFQMC Started
Hostname:     gpue08.delta.ncsa.illinois.edu
System:       Linux
Node:         gpue08.delta.ncsa.illinois.edu
Release:      5.14.0-570.131.1.el9_6.x86_64
Machine:      x86_64
Processor:    x86_64
JAX backend:  GPU
JAX devices:  [CudaDevice(id=0)]
Device kind:  NVIDIA H200
Platform:     gpu

QMC Parameters
eql_time        -         30
n_prop_steps    -         50
n_blocks        -        840
n_walkers       -        300
max_memory      -     200000
mix_precision   -       True
seed            -       1504
walker_type     -        rhf
trial           - pt2ccsd_sto_chol
chol_cost_ratio -        0.2
max_error       -    7.2e-05
dt              -      0.005
n_exp_terms     -          6
n_batch         -          1
nchol_chunk     -        100
free_projection -      False

QMC System
Number of Occ. Orbitals:      36
Number of Act. Orbitals:      187
Number of Chol. Vectors:      1423
Mean-Field Energy:            -1832.00523770
Maximum memory per walker:            666.67 MB
Maximum number of Cholesky per chunk: 1249
Number of Cholesky chunks:            2
Number of Cholesky per chunk:         712
Number of padding Cholesky:           1
Trial:   pt2ccsd_sto_chol(norb=187, nelec=(36, 36), n_batch=1, nchol_chunk=712, mix_precision=True, n_chol_head=0, head_chol_ratio=None, n_chol_samples=None, chol_cost_ratio=0.2, head_sample_ratio=3.0, chol_score_floor=1e-06, chol_uniform_mix=0.01, head_from_guide=False)
Sampler: sampler_pt2_sto_chol(n_prop_steps=50, n_blocks=840, n_chol=1423, frozen_vir=0)

Initalize QMC walkers by HF

Equilibration
Initial Orbital energy: -0.13931
inv_T  nodes      weight      energy     error   runTime
 0.00      0   300.00000  -1832.00390   0.00000     36.17
 3.00      0   308.85257  -1833.57875   0.02520     44.09
 6.00      0   301.52075  -1833.59291   0.02887     47.92
 9.00      0   298.22720  -1833.51733   0.02601     51.75
12.00      0   298.66099  -1833.64334   0.02997     55.59
15.00      0   298.64738  -1833.59339   0.02609     59.51
18.00      0   297.68975  -1833.61001   0.02918     63.45
21.00      0   298.51723  -1833.58766   0.02732     67.29
24.00      0   297.57355  -1833.52874   0.02585     71.13
27.00      0   298.45395  -1833.55605   0.02828     74.97
30.00      0   297.18326  -1833.54528   0.02800     78.81

Sampling Blocks
Target Final Error ~ 0.000072
   N  nodes      weight      E(Guide)     Error     weightp    E_frag     Error      Time
  20      0   298.55532   -1833.58993   0.00774   304.45569  -0.14570   0.00042     99.52
  40      0   298.44333   -1833.57575   0.00522   304.44222  -0.14515   0.00026    114.83
  60      0   297.99894   -1833.56405   0.00450   304.66467  -0.14533   0.00021    129.82
  80      0   297.95923   -1833.56565   0.00363   304.74696  -0.14535   0.00017    144.75
 100      0   296.94534   -1833.57334   0.00340   304.79639  -0.14577   0.00025    159.75
 120      0   297.74365   -1833.57452   0.00296   304.75506  -0.14569   0.00021    174.68
 140      0   297.82135   -1833.57616   0.00266   304.70679  -0.14588   0.00020    189.68
 160      0   297.44875   -1833.57782   0.00243   304.72263  -0.14591   0.00019    204.61
 180      0   297.80458   -1833.57832   0.00227   304.70568  -0.14588   0.00017    219.63
 200      0   297.99722   -1833.57900   0.00216   304.69127  -0.14576   0.00016    234.55
 220      0   299.11211   -1833.57844   0.00207   304.61264  -0.14576   0.00015    249.57
 240      0   298.42914   -1833.57767   0.00195   304.58677  -0.14578   0.00014    264.51
 260      0   298.61038   -1833.57647   0.00188   304.59508  -0.14570   0.00013    279.52
 280      0   297.46279   -1833.57620   0.00180   304.61635  -0.14569   0.00012    294.45
 300      0   297.75030   -1833.57596   0.00172   304.66422  -0.14572   0.00012    309.47
 320      0   297.43523   -1833.57782   0.00170   304.71029  -0.14582   0.00012    324.39
 340      0   299.55793   -1833.57893   0.00166   304.71590  -0.14584   0.00012    339.41
 360      0   298.39857   -1833.58074   0.00164   304.73020  -0.14587   0.00011    354.34
 380      0   298.10074   -1833.58010   0.00158   304.71411  -0.14593   0.00012    369.35
 400      0   297.09947   -1833.58055   0.00156   304.73461  -0.14591   0.00012    384.27
 420      0   298.40059   -1833.58110   0.00151   304.76705  -0.14593   0.00011    399.30
 440      0   298.31741   -1833.58016   0.00149   304.78684  -0.14591   0.00011    414.23
 460      0   297.88988   -1833.58034   0.00145   304.80924  -0.14587   0.00011    429.26
 480      0   297.29526   -1833.58108   0.00143   304.78200  -0.14584   0.00010    444.19
 500      0   298.48475   -1833.58109   0.00140   304.77720  -0.14585   0.00010    459.21
 520      0   297.77248   -1833.58139   0.00135   304.76543  -0.14587   0.00010    474.14
 540      0   299.66344   -1833.58167   0.00132   304.71390  -0.14591   0.00009    489.17
 560      0   297.26673   -1833.58066   0.00131   304.68230  -0.14594   0.00009    504.18
 580      0   297.28271   -1833.58097   0.00130   304.66199  -0.14595   0.00009    523.46
 600      0   298.51054   -1833.58071   0.00128   304.64251  -0.14595   0.00009    540.94
 620      0   297.76524   -1833.58057   0.00125   304.64965  -0.14593   0.00009    555.89
 640      0   297.42685   -1833.58088   0.00125   304.65832  -0.14593   0.00009    570.98
 660      0   297.60549   -1833.58083   0.00122   304.65518  -0.14593   0.00008    585.93
 680      0   298.46878   -1833.58080   0.00120   304.64587  -0.14594   0.00008    600.92
 700      0   297.76545   -1833.58069   0.00117   304.63334  -0.14595   0.00008    616.11
 720      0   299.65903   -1833.58106   0.00116   304.63616  -0.14596   0.00008    631.09
 740      0   298.02348   -1833.58107   0.00115   304.63943  -0.14595   0.00008    646.05
 760      0   297.29015   -1833.58136   0.00114   304.65703  -0.14593   0.00008    661.06
 780      0   298.30197   -1833.58124   0.00113   304.66262  -0.14591   0.00008    676.03
 800      0   297.53595   -1833.58120   0.00111   304.66970  -0.14588   0.00007    691.05
 820      0   298.44603   -1833.58082   0.00110   304.68149  -0.14586   0.00007    706.02
 840      0   297.95867   -1833.58046   0.00109   304.67607  -0.14584   0.00007    721.03

Post Propagation
Total number of samples 840
Remove Outliers
Remove samples outside Zeta > 30
Outlier bound [-0.19495, -0.09605]
Removed 0 Outliers
Outliers Energy []
nsample = 840, max_block_size = 42, min_nblocks = 20
   B    NB    NS  Observable     Error    dError
   1   840   840  -1833.58043   0.00109   0.00003
   2   420   840  -1833.58044   0.00137   0.00005
   3   280   840  -1833.58044   0.00154   0.00007
   4   210   840  -1833.58044   0.00172   0.00008
   5   168   840  -1833.58045   0.00176   0.00010
   6   140   840  -1833.58045   0.00174   0.00010
   7   120   840  -1833.58045   0.00183   0.00012
   8   105   840  -1833.58045   0.00192   0.00013
   9    93   837  -1833.58034   0.00174   0.00013
  10    84   840  -1833.58046   0.00194   0.00015
  11    76   836  -1833.58032   0.00187   0.00015
  12    70   840  -1833.58046   0.00190   0.00016
  13    64   832  -1833.58026   0.00191   0.00017
  14    60   840  -1833.58046   0.00181   0.00017
  15    56   840  -1833.58046   0.00190   0.00018
  16    52   832  -1833.58026   0.00205   0.00020
  17    49   833  -1833.58025   0.00199   0.00020
  18    46   828  -1833.58047   0.00195   0.00021
  19    44   836  -1833.58032   0.00214   0.00023
  20    42   840  -1833.58046   0.00220   0.00024
  21    40   840  -1833.58046   0.00199   0.00023
  22    38   836  -1833.58032   0.00199   0.00023
  23    36   828  -1833.58048   0.00204   0.00024
  24    35   840  -1833.58046   0.00213   0.00026
  25    33   825  -1833.58064   0.00217   0.00027
  26    32   832  -1833.58026   0.00208   0.00026
  27    31   837  -1833.58034   0.00210   0.00027
  28    30   840  -1833.58046   0.00216   0.00028
  29    28   812  -1833.58085   0.00199   0.00027
  30    28   840  -1833.58046   0.00223   0.00030
  31    27   837  -1833.58034   0.00197   0.00027
  32    26   832  -1833.58026   0.00227   0.00032
  33    25   825  -1833.58064   0.00223   0.00032
  34    24   816  -1833.58094   0.00206   0.00030
  35    24   840  -1833.58046   0.00231   0.00034
  36    23   828  -1833.58048   0.00221   0.00033
  37    22   814  -1833.58092   0.00241   0.00037
  38    22   836  -1833.58032   0.00246   0.00038
  39    21   819  -1833.58081   0.00219   0.00035
  40    21   840  -1833.58046   0.00233   0.00037
  41    20   820  -1833.58082   0.00234   0.00038
  42    20   840  -1833.58046   0.00229   0.00037
Fit (variance): plateau_var = 4.154e-06 ± 1.971e-07
Fit (error):    plateau = 0.00204 ± 0.00005
     autocorrelation length ~ 4.2 blocks
     plateau reached at block size ~ 20
nsample = 840, max_block_size = 42, min_nblocks = 20
Blk_SZ   NBlk   NSmp      Energy     Error    dError
     1    840    840    -0.14581   0.00007   0.00000
     2    420    840    -0.14581   0.00008   0.00000
     3    280    840    -0.14582   0.00009   0.00000
     4    210    840    -0.14582   0.00009   0.00000
     5    168    840    -0.14583   0.00010   0.00001
     6    140    840    -0.14583   0.00011   0.00001
     7    120    840    -0.14583   0.00010   0.00001
     8    105    840    -0.14583   0.00010   0.00001
     9     93    837    -0.14584   0.00011   0.00001
    10     84    840    -0.14583   0.00011   0.00001
    11     76    836    -0.14584   0.00011   0.00001
    12     70    840    -0.14584   0.00012   0.00001
    13     64    832    -0.14584   0.00011   0.00001
    14     60    840    -0.14584   0.00011   0.00001
    15     56    840    -0.14584   0.00011   0.00001
    16     52    832    -0.14584   0.00011   0.00001
    17     49    833    -0.14584   0.00011   0.00001
    18     46    828    -0.14585   0.00011   0.00001
    19     44    836    -0.14584   0.00011   0.00001
    20     42    840    -0.14584   0.00011   0.00001
    21     40    840    -0.14584   0.00012   0.00001
    22     38    836    -0.14584   0.00011   0.00001
    23     36    828    -0.14585   0.00012   0.00001
    24     35    840    -0.14584   0.00013   0.00002
    25     33    825    -0.14586   0.00011   0.00001
    26     32    832    -0.14584   0.00012   0.00002
    27     31    837    -0.14584   0.00013   0.00002
    28     30    840    -0.14584   0.00012   0.00002
    29     28    812    -0.14586   0.00012   0.00002
    30     28    840    -0.14584   0.00012   0.00002
    31     27    837    -0.14584   0.00011   0.00002
    32     26    832    -0.14584   0.00012   0.00002
    33     25    825    -0.14586   0.00012   0.00002
    34     24    816    -0.14586   0.00012   0.00002
    35     24    840    -0.14584   0.00012   0.00002
    36     23    828    -0.14585   0.00012   0.00002
    37     22    814    -0.14587   0.00011   0.00002
    38     22    836    -0.14584   0.00012   0.00002
    39     21    819    -0.14586   0.00013   0.00002
    40     21    840    -0.14584   0.00013   0.00002
    41     20    820    -0.14586   0.00012   0.00002
    42     20    840    -0.14584   0.00014   0.00002
Fit (variance): plateau_var = 1.35249e-08 ± 6.85922e-10
Fit (error):    plateau = 0.00012 ± 0.00000
     autocorrelation length ~ 5.1 blocks
     plateau reached at block size ~ 23
Final AFQMC/HF Guiding Energy:      -1833.5805 +/- 0.0020
Final AFQMC/pt2CCSD Orbital Energy: -0.14584 +/- 0.00012
<t1> = weightp/weight = 1.02253
Total run time: 723.61

AFQMC Sampling Finished

LNO-Integral time (s):    73.05
LNO-AFQMC time (s):       863.14


======================= LNO-FRAGMENT [C13H28] 14/(48,48) =======================
Fragment Num.  14
Fragment Idx.  14
Fragment Name  C13H28
LNO THRESHOLD  [0.0001, 1e-05]
PySCF Threads  12
LNO-LAS: 36/156 Occ | 148/636 Vir | 184/792 MOs
LNO-MP2 Fragment Energy:  -0.13393488
LNO-CCSD Fragment Energy: -0.13915863
LNO-CPU time (s):         179.54 (LAS 26.08 | MP2 28.77 | CCSD 124.70)
LNO-CPU wait time (s):    0.00 (100.0% hidden)
Find Density Fit Teonsers in MF object
Integrals will be built by DF Tensors
Calculating Effective Active Space One-electron Integrals
*** Correlation Space Size ***
N Occupied Orbitals: 36
N Active Orbitals:   184
Build effective h0 and h1 time: 53.081711 s
Composing CDERIs from DF
Build CDERI in cLAS time: 10.174629 s
Raw CDERI in LAS shape: (3912, 17020)
Compress CDERI 2 Chol: 1e-05
Compress CDERI time: 4.324823 s
Finished calculating Integrals
LAS Cholesky shape: (1400, 184, 184)
AFQMC script: /u/yzhang65/myprojects/software/afqmc/afqmc/lno_afqmc/script/run_lno_afqmc_pt2ccsd.py

LNO-AFQMC Started
Hostname:     gpue08.delta.ncsa.illinois.edu
System:       Linux
Node:         gpue08.delta.ncsa.illinois.edu
Release:      5.14.0-570.131.1.el9_6.x86_64
Machine:      x86_64
Processor:    x86_64
JAX backend:  GPU
JAX devices:  [CudaDevice(id=0)]
Device kind:  NVIDIA H200
Platform:     gpu

QMC Parameters
eql_time        -         30
n_prop_steps    -         50
n_blocks        -        840
n_walkers       -        300
max_memory      -     200000
mix_precision   -       True
seed            -        129
walker_type     -        rhf
trial           - pt2ccsd_sto_chol
chol_cost_ratio -        0.2
max_error       -    7.2e-05
dt              -      0.005
n_exp_terms     -          6
n_batch         -          1
nchol_chunk     -        100
free_projection -      False

QMC System
Number of Occ. Orbitals:      36
Number of Act. Orbitals:      184
Number of Chol. Vectors:      1400
Mean-Field Energy:            -1832.00523770
Maximum memory per walker:            666.67 MB
Maximum number of Cholesky per chunk: 1290
Number of Cholesky chunks:            2
Number of Cholesky per chunk:         700
Number of padding Cholesky:           0
Trial:   pt2ccsd_sto_chol(norb=184, nelec=(36, 36), n_batch=1, nchol_chunk=700, mix_precision=True, n_chol_head=0, head_chol_ratio=None, n_chol_samples=None, chol_cost_ratio=0.2, head_sample_ratio=3.0, chol_score_floor=1e-06, chol_uniform_mix=0.01, head_from_guide=False)
Sampler: sampler_pt2_sto_chol(n_prop_steps=50, n_blocks=840, n_chol=1400, frozen_vir=0)

Initalize QMC walkers by HF

Equilibration
Initial Orbital energy: -0.13915
inv_T  nodes      weight      energy     error   runTime
 0.00      0   300.00000  -1832.00406   0.00000     36.63
 3.00      0   307.59958  -1833.50752   0.02509     46.03
 6.00      0   301.39825  -1833.58804   0.02596     49.47
 9.00      0   298.53651  -1833.59121   0.02862     52.94
12.00      0   298.60428  -1833.61808   0.03098     56.79
15.00      0   297.36554  -1833.51960   0.02455     60.58
18.00      0   298.30609  -1833.57161   0.02659     64.50
21.00      0   298.21903  -1833.63583   0.03139     68.89
24.00      0   297.67398  -1833.57862   0.02766     72.34
27.00      0   298.77998  -1833.55183   0.02495     75.79
30.00      0   298.93660  -1833.55744   0.02595     79.24

Sampling Blocks
Target Final Error ~ 0.000072
   N  nodes      weight      E(Guide)     Error     weightp    E_frag     Error      Time
  20      0   298.34433   -1833.56701   0.00519   305.04366  -0.14595   0.00034    101.20
  40      0   298.68732   -1833.56932   0.00359   304.79517  -0.14548   0.00024    114.97
  60      0   298.07191   -1833.57530   0.00410   304.71888  -0.14565   0.00024    128.54
  80      0   296.95562   -1833.57053   0.00356   304.72100  -0.14564   0.00020    142.27
 100      0   297.53511   -1833.57461   0.00328   304.67526  -0.14572   0.00017    157.28
 120      0   298.26046   -1833.57628   0.00290   304.63332  -0.14582   0.00016    171.24
 140      0   298.07863   -1833.58065   0.00282   304.62613  -0.14593   0.00015    185.41
 160      0   298.30582   -1833.58098   0.00257   304.54627  -0.14610   0.00018    199.54
 180      0   297.57422   -1833.58187   0.00236   304.46165  -0.14610   0.00017    213.37
 200      0   297.58552   -1833.57952   0.00224   304.38473  -0.14608   0.00016    227.39
 220      0   297.68287   -1833.57832   0.00211   304.39496  -0.14599   0.00015    240.91
 240      0   298.58504   -1833.57889   0.00204   304.41343  -0.14602   0.00014    254.49
 260      0   297.86662   -1833.57939   0.00197   304.38172  -0.14607   0.00014    267.99
 280      0   297.74251   -1833.57793   0.00188   304.32887  -0.14600   0.00013    281.57
 300      0   298.78159   -1833.57643   0.00190   304.28210  -0.14595   0.00013    295.09
 320      0   297.62570   -1833.57692   0.00182   304.25553  -0.14599   0.00012    308.71
 340      0   297.19290   -1833.57662   0.00177   304.27953  -0.14603   0.00012    322.20
 360      0   298.26380   -1833.57624   0.00169   304.30539  -0.14603   0.00011    335.80
 380      0   297.56110   -1833.57598   0.00162   304.29860  -0.14599   0.00011    349.32
 400      0   298.09523   -1833.57512   0.00156   304.29088  -0.14601   0.00010    362.87
 420      0   298.46116   -1833.57560   0.00150   304.30797  -0.14598   0.00010    376.41
 440      0   297.67258   -1833.57575   0.00147   304.32113  -0.14604   0.00010    389.93
 460      0   297.32658   -1833.57579   0.00143   304.30060  -0.14605   0.00010    403.51
 480      0   298.69314   -1833.57584   0.00137   304.29996  -0.14606   0.00010    417.01
 500      0   297.85306   -1833.57586   0.00134   304.29113  -0.14605   0.00009    430.62
 520      0   298.63988   -1833.57485   0.00133   304.27834  -0.14606   0.00009    444.12
 540      0   297.76777   -1833.57565   0.00132   304.27959  -0.14611   0.00010    457.72
 560      0   297.03725   -1833.57539   0.00129   304.27259  -0.14611   0.00010    471.23
 580      0   298.22417   -1833.57617   0.00129   304.28675  -0.14611   0.00009    484.80
 600      0   297.83453   -1833.57588   0.00127   304.31488  -0.14610   0.00009    498.32
 620      0   297.65787   -1833.57606   0.00124   304.32841  -0.14607   0.00009    516.81
 640      0   297.79007   -1833.57654   0.00122   304.33854  -0.14605   0.00009    530.42
 660      0   297.75728   -1833.57689   0.00121   304.33631  -0.14604   0.00009    546.63
 680      0   298.33996   -1833.57613   0.00121   304.34176  -0.14602   0.00008    560.12
 700      0   299.86545   -1833.57643   0.00120   304.36892  -0.14603   0.00008    573.70
 720      0   298.11494   -1833.57620   0.00118   304.36641  -0.14602   0.00008    587.23
 740      0   297.62371   -1833.57658   0.00116   304.36010  -0.14601   0.00008    600.76
 760      0   297.62780   -1833.57719   0.00115   304.34738  -0.14602   0.00008    614.38
 780      0   298.28606   -1833.57703   0.00113   304.33502  -0.14600   0.00008    627.91
 800      0   298.58910   -1833.57657   0.00112   304.33955  -0.14598   0.00007    641.50
 820      0   298.40371   -1833.57675   0.00111   304.34778  -0.14597   0.00007    654.99
 840      0   297.21714   -1833.57676   0.00109   304.34817  -0.14597   0.00007    668.61

Post Propagation
Total number of samples 840
Remove Outliers
Remove samples outside Zeta > 30
Outlier bound [-0.19657, -0.09472]
Removed 0 Outliers
Outliers Energy []
nsample = 840, max_block_size = 42, min_nblocks = 20
   B    NB    NS  Observable     Error    dError
   1   840   840  -1833.57672   0.00109   0.00003
   2   420   840  -1833.57673   0.00138   0.00005
   3   280   840  -1833.57674   0.00154   0.00007
   4   210   840  -1833.57674   0.00163   0.00008
   5   168   840  -1833.57674   0.00177   0.00010
   6   140   840  -1833.57675   0.00184   0.00011
   7   120   840  -1833.57674   0.00192   0.00012
   8   105   840  -1833.57675   0.00197   0.00014
   9    93   837  -1833.57675   0.00196   0.00014
  10    84   840  -1833.57675   0.00200   0.00016
  11    76   836  -1833.57678   0.00210   0.00017
  12    70   840  -1833.57675   0.00197   0.00017
  13    64   832  -1833.57676   0.00207   0.00018
  14    60   840  -1833.57675   0.00224   0.00021
  15    56   840  -1833.57675   0.00204   0.00019
  16    52   832  -1833.57676   0.00205   0.00020
  17    49   833  -1833.57675   0.00217   0.00022
  18    46   828  -1833.57664   0.00239   0.00025
  19    44   836  -1833.57678   0.00202   0.00022
  20    42   840  -1833.57675   0.00216   0.00024
  21    40   840  -1833.57675   0.00225   0.00025
  22    38   836  -1833.57679   0.00199   0.00023
  23    36   828  -1833.57664   0.00220   0.00026
  24    35   840  -1833.57676   0.00205   0.00025
  25    33   825  -1833.57663   0.00235   0.00029
  26    32   832  -1833.57676   0.00206   0.00026
  27    31   837  -1833.57676   0.00235   0.00030
  28    30   840  -1833.57676   0.00220   0.00029
  29    28   812  -1833.57648   0.00242   0.00033
  30    28   840  -1833.57676   0.00216   0.00029
  31    27   837  -1833.57676   0.00210   0.00029
  32    26   832  -1833.57676   0.00203   0.00029
  33    25   825  -1833.57664   0.00224   0.00032
  34    24   816  -1833.57659   0.00208   0.00031
  35    24   840  -1833.57676   0.00175   0.00026
  36    23   828  -1833.57664   0.00225   0.00034
  37    22   814  -1833.57654   0.00230   0.00035
  38    22   836  -1833.57679   0.00230   0.00035
  39    21   819  -1833.57672   0.00167   0.00026
  40    21   840  -1833.57676   0.00201   0.00032
  41    20   820  -1833.57675   0.00208   0.00034
  42    20   840  -1833.57676   0.00229   0.00037
Fit (variance): plateau_var = 4.451e-06 ± 2.080e-07
Fit (error):    plateau = 0.00211 ± 0.00005
     autocorrelation length ~ 4.4 blocks
     plateau reached at block size ~ 20
nsample = 840, max_block_size = 42, min_nblocks = 20
Blk_SZ   NBlk   NSmp      Energy     Error    dError
     1    840    840    -0.14592   0.00007   0.00000
     2    420    840    -0.14593   0.00008   0.00000
     3    280    840    -0.14594   0.00009   0.00000
     4    210    840    -0.14594   0.00010   0.00000
     5    168    840    -0.14594   0.00010   0.00001
     6    140    840    -0.14595   0.00010   0.00001
     7    120    840    -0.14595   0.00010   0.00001
     8    105    840    -0.14595   0.00011   0.00001
     9     93    837    -0.14596   0.00010   0.00001
    10     84    840    -0.14595   0.00010   0.00001
    11     76    836    -0.14596   0.00011   0.00001
    12     70    840    -0.14596   0.00010   0.00001
    13     64    832    -0.14596   0.00011   0.00001
    14     60    840    -0.14596   0.00010   0.00001
    15     56    840    -0.14596   0.00011   0.00001
    16     52    832    -0.14597   0.00010   0.00001
    17     49    833    -0.14597   0.00011   0.00001
    18     46    828    -0.14596   0.00011   0.00001
    19     44    836    -0.14597   0.00010   0.00001
    20     42    840    -0.14596   0.00009   0.00001
    21     40    840    -0.14596   0.00011   0.00001
    22     38    836    -0.14597   0.00010   0.00001
    23     36    828    -0.14596   0.00010   0.00001
    24     35    840    -0.14597   0.00010   0.00001
    25     33    825    -0.14595   0.00011   0.00001
    26     32    832    -0.14597   0.00010   0.00001
    27     31    837    -0.14597   0.00010   0.00001
    28     30    840    -0.14596   0.00011   0.00001
    29     28    812    -0.14596   0.00011   0.00001
    30     28    840    -0.14596   0.00010   0.00001
    31     27    837    -0.14597   0.00009   0.00001
    32     26    832    -0.14597   0.00011   0.00002
    33     25    825    -0.14595   0.00011   0.00002
    34     24    816    -0.14597   0.00010   0.00001
    35     24    840    -0.14597   0.00009   0.00001
    36     23    828    -0.14597   0.00010   0.00002
    37     22    814    -0.14597   0.00011   0.00002
    38     22    836    -0.14597   0.00011   0.00002
    39     21    819    -0.14597   0.00009   0.00001
    40     21    840    -0.14597   0.00009   0.00001
    41     20    820    -0.14597   0.00011   0.00002
    42     20    840    -0.14597   0.00012   0.00002
Fit (variance): plateau_var = 1.04760e-08 ± 3.85714e-10
Fit (error):    plateau = 0.00010 ± 0.00000
     autocorrelation length ~ 1.9 blocks
     plateau reached at block size ~ 9
Final AFQMC/HF Guiding Energy:      -1833.5768 +/- 0.0021
Final AFQMC/pt2CCSD Orbital Energy: -0.14597 +/- 0.00010
<t1> = weightp/weight = 1.02143
Total run time: 671.18

AFQMC Sampling Finished

LNO-Integral time (s):    70.08
LNO-AFQMC time (s):       800.76


======================= LNO-FRAGMENT [C14H29] 15/(48,48) =======================
Fragment Num.  15
Fragment Idx.  15
Fragment Name  C14H29
LNO THRESHOLD  [0.0001, 1e-05]
PySCF Threads  12
LNO-LAS: 36/156 Occ | 151/636 Vir | 187/792 MOs
LNO-MP2 Fragment Energy:  -0.13409642
LNO-CCSD Fragment Energy: -0.13927658
LNO-CPU time (s):         195.09 (LAS 27.17 | MP2 28.06 | CCSD 139.87)
LNO-CPU wait time (s):    0.00 (100.0% hidden)
Find Density Fit Teonsers in MF object
Integrals will be built by DF Tensors
Calculating Effective Active Space One-electron Integrals
*** Correlation Space Size ***
N Occupied Orbitals: 36
N Active Orbitals:   187
Build effective h0 and h1 time: 50.877542 s
Composing CDERIs from DF
Build CDERI in cLAS time: 11.071327 s
Raw CDERI in LAS shape: (3912, 17578)
Compress CDERI 2 Chol: 1e-05
Compress CDERI time: 4.380739 s
Finished calculating Integrals
LAS Cholesky shape: (1423, 187, 187)
AFQMC script: /u/yzhang65/myprojects/software/afqmc/afqmc/lno_afqmc/script/run_lno_afqmc_pt2ccsd.py

LNO-AFQMC Started
Hostname:     gpue08.delta.ncsa.illinois.edu
System:       Linux
Node:         gpue08.delta.ncsa.illinois.edu
Release:      5.14.0-570.131.1.el9_6.x86_64
Machine:      x86_64
Processor:    x86_64
JAX backend:  GPU
JAX devices:  [CudaDevice(id=0)]
Device kind:  NVIDIA H200
Platform:     gpu

QMC Parameters
eql_time        -         30
n_prop_steps    -         50
n_blocks        -        840
n_walkers       -        300
max_memory      -     200000
mix_precision   -       True
seed            -       1653
walker_type     -        rhf
trial           - pt2ccsd_sto_chol
chol_cost_ratio -        0.2
max_error       -    7.2e-05
dt              -      0.005
n_exp_terms     -          6
n_batch         -          1
nchol_chunk     -        100
free_projection -      False

QMC System
Number of Occ. Orbitals:      36
Number of Act. Orbitals:      187
Number of Chol. Vectors:      1423
Mean-Field Energy:            -1832.00523770
Maximum memory per walker:            666.67 MB
Maximum number of Cholesky per chunk: 1249
Number of Cholesky chunks:            2
Number of Cholesky per chunk:         712
Number of padding Cholesky:           1
Trial:   pt2ccsd_sto_chol(norb=187, nelec=(36, 36), n_batch=1, nchol_chunk=712, mix_precision=True, n_chol_head=0, head_chol_ratio=None, n_chol_samples=None, chol_cost_ratio=0.2, head_sample_ratio=3.0, chol_score_floor=1e-06, chol_uniform_mix=0.01, head_from_guide=False)
Sampler: sampler_pt2_sto_chol(n_prop_steps=50, n_blocks=840, n_chol=1423, frozen_vir=0)

Initalize QMC walkers by HF

Equilibration
Initial Orbital energy: -0.13931
inv_T  nodes      weight      energy     error   runTime
 0.00      0   300.00000  -1832.00390   0.00000     37.16
 3.00      0   306.79247  -1833.50935   0.02421     45.75
 6.00      0   301.96139  -1833.59663   0.03126     49.58
 9.00      0   298.47551  -1833.59596   0.02780     53.42
12.00      0   296.75393  -1833.58219   0.02754     57.28
15.00      0   297.71410  -1833.54744   0.02755     61.43
18.00      0   297.85682  -1833.55967   0.02718     65.64
21.00      0   298.70819  -1833.56597   0.02454     69.49
24.00      0   297.74926  -1833.54742   0.02763     73.34
27.00      0   298.37025  -1833.52834   0.02335     77.18
30.00      0   299.02455  -1833.58457   0.02697     81.03

Sampling Blocks
Target Final Error ~ 0.000072
   N  nodes      weight      E(Guide)     Error     weightp    E_frag     Error      Time
  20      0   297.68046   -1833.59448   0.00538   304.55817  -0.14542   0.00034    101.82
  40      0   297.87983   -1833.59223   0.00448   304.47590  -0.14551   0.00025    117.03
  60      0   297.74332   -1833.58809   0.00366   304.53421  -0.14576   0.00025    132.00
  80      0   297.79739   -1833.58503   0.00332   304.58868  -0.14570   0.00022    146.95
 100      0   297.76040   -1833.58283   0.00290   304.63354  -0.14593   0.00020    161.97
 120      0   297.50506   -1833.58525   0.00313   304.72865  -0.14612   0.00020    176.90
 140      0   298.60080   -1833.58407   0.00293   304.73741  -0.14606   0.00017    191.91
 160      0   297.99656   -1833.58476   0.00271   304.66078  -0.14606   0.00016    206.85
 180      0   297.81081   -1833.58508   0.00252   304.68409  -0.14607   0.00015    221.86
 200      0   299.08564   -1833.58473   0.00239   304.73383  -0.14609   0.00013    236.78
 220      0   297.76839   -1833.58437   0.00231   304.78944  -0.14602   0.00012    251.83
 240      0   298.20001   -1833.58390   0.00215   304.78922  -0.14603   0.00012    266.78
 260      0   298.79903   -1833.58333   0.00208   304.70570  -0.14610   0.00012    281.81
 280      0   298.74193   -1833.58216   0.00200   304.68175  -0.14607   0.00011    296.75
 300      0   297.43703   -1833.58210   0.00195   304.67271  -0.14598   0.00011    311.78
 320      0   297.95431   -1833.58155   0.00189   304.69792  -0.14600   0.00011    326.72
 340      0   297.71607   -1833.58288   0.00184   304.70403  -0.14593   0.00011    341.75
 360      0   298.22408   -1833.58214   0.00178   304.69735  -0.14592   0.00010    356.69
 380      0   297.99665   -1833.58206   0.00171   304.73465  -0.14589   0.00010    371.73
 400      0   297.78004   -1833.58148   0.00166   304.76600  -0.14589   0.00010    386.67
 420      0   298.99919   -1833.58280   0.00163   304.77066  -0.14594   0.00009    401.72
 440      0   298.03838   -1833.58127   0.00162   304.75398  -0.14593   0.00009    416.66
 460      0   298.58022   -1833.58110   0.00158   304.79440  -0.14593   0.00009    431.71
 480      0   297.08310   -1833.58138   0.00152   304.82773  -0.14603   0.00010    446.65
 500      0   297.43963   -1833.58090   0.00148   304.85006  -0.14601   0.00010    461.69
 520      0   298.17154   -1833.58049   0.00144   304.86110  -0.14600   0.00009    476.66
 540      0   297.80565   -1833.58069   0.00143   304.85742  -0.14599   0.00009    491.71
 560      0   296.66357   -1833.58120   0.00140   304.85167  -0.14598   0.00009    506.66
 580      0   297.48606   -1833.58159   0.00136   304.84440  -0.14596   0.00009    525.22
 600      0   296.72751   -1833.58164   0.00133   304.85614  -0.14593   0.00008    542.24
 620      0   298.73768   -1833.58097   0.00130   304.86459  -0.14592   0.00008    557.20
 640      0   296.84810   -1833.58206   0.00131   304.88539  -0.14593   0.00008    572.25
 660      0   297.91202   -1833.58255   0.00128   304.86675  -0.14595   0.00008    587.21
 680      0   297.23284   -1833.58277   0.00126   304.84087  -0.14595   0.00008    602.23
 700      0   296.66045   -1833.58304   0.00124   304.82399  -0.14596   0.00008    617.31
 720      0   296.87233   -1833.58299   0.00122   304.79329  -0.14602   0.00010    632.33
 740      0   297.50425   -1833.58252   0.00123   304.79555  -0.14602   0.00010    647.28
 760      0   298.18376   -1833.58228   0.00122   304.79278  -0.14599   0.00009    662.30
 780      0   298.00167   -1833.58199   0.00119   304.78857  -0.14601   0.00009    677.34
 800      0   297.99097   -1833.58213   0.00117   304.79040  -0.14600   0.00009    692.35
 820      0   298.22140   -1833.58173   0.00116   304.77842  -0.14600   0.00009    707.30
 840      0   297.68360   -1833.58154   0.00116   304.78100  -0.14599   0.00009    722.32

Post Propagation
Total number of samples 840
Remove Outliers
Remove samples outside Zeta > 30
Outlier bound [-0.19523, -0.09618]
Removed 0 Outliers
Outliers Energy []
nsample = 840, max_block_size = 42, min_nblocks = 20
   B    NB    NS  Observable     Error    dError
   1   840   840  -1833.58150   0.00116   0.00003
   2   420   840  -1833.58151   0.00149   0.00005
   3   280   840  -1833.58152   0.00167   0.00007
   4   210   840  -1833.58152   0.00182   0.00009
   5   168   840  -1833.58152   0.00193   0.00011
   6   140   840  -1833.58152   0.00198   0.00012
   7   120   840  -1833.58153   0.00199   0.00013
   8   105   840  -1833.58153   0.00198   0.00014
   9    93   837  -1833.58141   0.00219   0.00016
  10    84   840  -1833.58153   0.00197   0.00015
  11    76   836  -1833.58133   0.00214   0.00017
  12    70   840  -1833.58153   0.00205   0.00017
  13    64   832  -1833.58115   0.00223   0.00020
  14    60   840  -1833.58153   0.00210   0.00019
  15    56   840  -1833.58154   0.00209   0.00020
  16    52   832  -1833.58115   0.00200   0.00020
  17    49   833  -1833.58121   0.00223   0.00023
  18    46   828  -1833.58124   0.00217   0.00023
  19    44   836  -1833.58134   0.00196   0.00021
  20    42   840  -1833.58154   0.00204   0.00022
  21    40   840  -1833.58154   0.00210   0.00024
  22    38   836  -1833.58134   0.00208   0.00024
  23    36   828  -1833.58124   0.00219   0.00026
  24    35   840  -1833.58154   0.00195   0.00024
  25    33   825  -1833.58144   0.00210   0.00026
  26    32   832  -1833.58115   0.00247   0.00031
  27    31   837  -1833.58142   0.00210   0.00027
  28    30   840  -1833.58154   0.00193   0.00025
  29    28   812  -1833.58216   0.00184   0.00025
  30    28   840  -1833.58154   0.00201   0.00027
  31    27   837  -1833.58142   0.00219   0.00030
  32    26   832  -1833.58116   0.00205   0.00029
  33    25   825  -1833.58145   0.00189   0.00027
  34    24   816  -1833.58209   0.00217   0.00032
  35    24   840  -1833.58154   0.00232   0.00034
  36    23   828  -1833.58125   0.00202   0.00030
  37    22   814  -1833.58218   0.00207   0.00032
  38    22   836  -1833.58134   0.00190   0.00029
  39    21   819  -1833.58179   0.00208   0.00033
  40    21   840  -1833.58154   0.00164   0.00026
  41    20   820  -1833.58173   0.00185   0.00030
  42    20   840  -1833.58154   0.00225   0.00037
Fit (variance): plateau_var = 4.237e-06 ± 1.678e-07
Fit (error):    plateau = 0.00206 ± 0.00004
     autocorrelation length ~ 2.7 blocks
     plateau reached at block size ~ 13
nsample = 840, max_block_size = 42, min_nblocks = 20
Blk_SZ   NBlk   NSmp      Energy     Error    dError
     1    840    840    -0.14594   0.00009   0.00000
     2    420    840    -0.14595   0.00009   0.00000
     3    280    840    -0.14596   0.00010   0.00000
     4    210    840    -0.14595   0.00010   0.00000
     5    168    840    -0.14596   0.00010   0.00001
     6    140    840    -0.14596   0.00011   0.00001
     7    120    840    -0.14596   0.00011   0.00001
     8    105    840    -0.14597   0.00011   0.00001
     9     93    837    -0.14597   0.00011   0.00001
    10     84    840    -0.14597   0.00011   0.00001
    11     76    836    -0.14597   0.00011   0.00001
    12     70    840    -0.14597   0.00013   0.00001
    13     64    832    -0.14598   0.00012   0.00001
    14     60    840    -0.14598   0.00012   0.00001
    15     56    840    -0.14597   0.00012   0.00001
    16     52    832    -0.14598   0.00011   0.00001
    17     49    833    -0.14598   0.00013   0.00001
    18     46    828    -0.14598   0.00012   0.00001
    19     44    836    -0.14598   0.00013   0.00001
    20     42    840    -0.14598   0.00012   0.00001
    21     40    840    -0.14598   0.00012   0.00001
    22     38    836    -0.14598   0.00012   0.00001
    23     36    828    -0.14598   0.00014   0.00002
    24     35    840    -0.14598   0.00013   0.00002
    25     33    825    -0.14599   0.00012   0.00002
    26     32    832    -0.14599   0.00012   0.00002
    27     31    837    -0.14599   0.00012   0.00002
    28     30    840    -0.14599   0.00012   0.00002
    29     28    812    -0.14599   0.00013   0.00002
    30     28    840    -0.14598   0.00014   0.00002
    31     27    837    -0.14599   0.00012   0.00002
    32     26    832    -0.14599   0.00011   0.00002
    33     25    825    -0.14599   0.00013   0.00002
    34     24    816    -0.14599   0.00012   0.00002
    35     24    840    -0.14598   0.00012   0.00002
    36     23    828    -0.14599   0.00011   0.00002
    37     22    814    -0.14599   0.00012   0.00002
    38     22    836    -0.14599   0.00014   0.00002
    39     21    819    -0.14599   0.00013   0.00002
    40     21    840    -0.14599   0.00013   0.00002
    41     20    820    -0.14600   0.00013   0.00002
    42     20    840    -0.14598   0.00012   0.00002
Fit (variance): plateau_var = 1.52970e-08 ± 8.43924e-10
Fit (error):    plateau = 0.00012 ± 0.00000
     autocorrelation length ~ 6.0 blocks
     plateau reached at block size ~ 25
Final AFQMC/HF Guiding Energy:      -1833.5815 +/- 0.0021
Final AFQMC/pt2CCSD Orbital Energy: -0.14599 +/- 0.00012
<t1> = weightp/weight = 1.02300
Total run time: 725.14

AFQMC Sampling Finished

LNO-Integral time (s):    68.84
LNO-AFQMC time (s):       853.04


======================== LNO-FRAGMENT [C15] 16/(48,48) =========================
Fragment Num.  16
Fragment Idx.  16
Fragment Name  C15
LNO THRESHOLD  [0.0001, 1e-05]
PySCF Threads  12
LNO-LAS: 43/156 Occ | 174/636 Vir | 217/792 MOs
LNO-MP2 Fragment Energy:  -0.11997393
LNO-CCSD Fragment Energy: -0.11970877
LNO-CPU time (s):         385.57 (LAS 25.69 | MP2 34.87 | CCSD 325.00)
LNO-CPU wait time (s):    0.00 (100.0% hidden)
Find Density Fit Teonsers in MF object
Integrals will be built by DF Tensors
Calculating Effective Active Space One-electron Integrals
*** Correlation Space Size ***
N Occupied Orbitals: 43
N Active Orbitals:   217
Build effective h0 and h1 time: 51.711493 s
Composing CDERIs from DF
Build CDERI in cLAS time: 10.578788 s
Raw CDERI in LAS shape: (3912, 23653)
Compress CDERI 2 Chol: 1e-05
Compress CDERI time: 4.146608 s
Finished calculating Integrals
LAS Cholesky shape: (1594, 217, 217)
AFQMC script: /u/yzhang65/myprojects/software/afqmc/afqmc/lno_afqmc/script/run_lno_afqmc_pt2ccsd.py

LNO-AFQMC Started
Hostname:     gpue08.delta.ncsa.illinois.edu
System:       Linux
Node:         gpue08.delta.ncsa.illinois.edu
Release:      5.14.0-570.131.1.el9_6.x86_64
Machine:      x86_64
Processor:    x86_64
JAX backend:  GPU
JAX devices:  [CudaDevice(id=0)]
Device kind:  NVIDIA H200
Platform:     gpu

QMC Parameters
eql_time        -         30
n_prop_steps    -         50
n_blocks        -        840
n_walkers       -        300
max_memory      -     200000
mix_precision   -       True
seed            -       3424
walker_type     -        rhf
trial           - pt2ccsd_sto_chol
chol_cost_ratio -        0.2
max_error       -    7.2e-05
dt              -      0.005
n_exp_terms     -          6
n_batch         -          1
nchol_chunk     -        100
free_projection -      False

QMC System
Number of Occ. Orbitals:      43
Number of Act. Orbitals:      217
Number of Chol. Vectors:      1594
Mean-Field Energy:            -1832.00523770
Maximum memory per walker:            666.67 MB
Maximum number of Cholesky per chunk: 927
Number of Cholesky chunks:            2
Number of Cholesky per chunk:         797
Number of padding Cholesky:           0
Trial:   pt2ccsd_sto_chol(norb=217, nelec=(43, 43), n_batch=1, nchol_chunk=797, mix_precision=True, n_chol_head=0, head_chol_ratio=None, n_chol_samples=None, chol_cost_ratio=0.2, head_sample_ratio=3.0, chol_score_floor=1e-06, chol_uniform_mix=0.01, head_from_guide=False)
Sampler: sampler_pt2_sto_chol(n_prop_steps=50, n_blocks=840, n_chol=1594, frozen_vir=0)

Initalize QMC walkers by HF

Equilibration
Initial Orbital energy: -0.11968
inv_T  nodes      weight      energy     error   runTime
 0.00      0   300.00000  -1832.00345   0.00000     43.85
 3.00      0   311.21146  -1833.86608   0.02675     53.75
 6.00      0   302.06599  -1833.91507   0.02916     59.39
 9.00      0   297.62113  -1833.86283   0.03018     65.01
12.00      0   297.17081  -1833.94028   0.03035     70.72
15.00      0   297.38168  -1833.89755   0.03035     77.24
18.00      0   298.99400  -1833.95404   0.03132     82.89
21.00      0   296.88708  -1833.93923   0.02971     88.55
24.00      0   297.36071  -1833.89037   0.03002     94.21
27.00      0   297.59716  -1833.95040   0.02949     99.87
30.00      0   297.22579  -1833.93048   0.02904    105.71

Sampling Blocks
Target Final Error ~ 0.000072
   N  nodes      weight      E(Guide)     Error     weightp    E_frag     Error      Time
  20      0   296.83243   -1833.90683   0.00694   304.92951  -0.12659   0.00029    137.96
  40      0   297.99592   -1833.91740   0.00502   305.29198  -0.12630   0.00019    164.08
  60      0   298.34505   -1833.92442   0.00414   305.26665  -0.12626   0.00015    189.97
  80      0   298.19508   -1833.92358   0.00344   305.27882  -0.12626   0.00013    215.89
 100      0   297.98895   -1833.92166   0.00308   305.18073  -0.12625   0.00011    241.83
 120      0   296.88659   -1833.92596   0.00290   305.12247  -0.12638   0.00011    267.76
 140      0   297.18273   -1833.92581   0.00266   305.07120  -0.12642   0.00010    293.77
 160      0   297.79636   -1833.92762   0.00261   305.11001  -0.12649   0.00010    319.73
 180      0   298.08574   -1833.92582   0.00250   305.10735  -0.12653   0.00010    345.67
 200      0   298.75340   -1833.92486   0.00254   305.07521  -0.12652   0.00009    371.58
 220      0   297.61862   -1833.92719   0.00265   305.08307  -0.12652   0.00009    397.51
 240      0   298.18719   -1833.92587   0.00248   305.08515  -0.12648   0.00009    423.45
 260      0   297.94669   -1833.92599   0.00232   305.03656  -0.12658   0.00009    449.40
 280      0   296.32534   -1833.92608   0.00225   305.01602  -0.12654   0.00009    475.34
 300      0   298.71466   -1833.92557   0.00216   304.99572  -0.12653   0.00008    501.29
 320      0   296.56505   -1833.92679   0.00212   304.97707  -0.12656   0.00008    530.69
 340      0   297.17247   -1833.92667   0.00206   305.02681  -0.12655   0.00008    558.79
 360      0   296.79412   -1833.92725   0.00201   305.05651  -0.12658   0.00008    584.75
 380      0   297.61236   -1833.92781   0.00194   305.05874  -0.12660   0.00007    610.76
 400      0   298.54207   -1833.92762   0.00188   305.03890  -0.12660   0.00007    636.73
 420      0   297.59291   -1833.92614   0.00188   305.03613  -0.12658   0.00007    662.66
 440      0   297.43451   -1833.92517   0.00182   305.01609  -0.12659   0.00007    688.64
 460      0   297.13988   -1833.92488   0.00176   305.02930  -0.12661   0.00007    714.56
 480      0   297.57381   -1833.92504   0.00170   305.03942  -0.12662   0.00007    740.49
 500      0   297.55449   -1833.92447   0.00166   305.02351  -0.12659   0.00007    766.57
 520      0   297.96413   -1833.92457   0.00160   305.01150  -0.12660   0.00007    792.48
 540      0   297.20017   -1833.92432   0.00161   305.00193  -0.12658   0.00006    818.38
 560      0   297.93430   -1833.92419   0.00157   305.00380  -0.12659   0.00006    844.31
 580      0   298.56021   -1833.92382   0.00157   304.99821  -0.12661   0.00006    870.24
 600      0   297.99231   -1833.92435   0.00153   305.01345  -0.12661   0.00006    896.18
 620      0   297.50481   -1833.92428   0.00150   304.99747  -0.12660   0.00006    922.12
 640      0   298.05310   -1833.92466   0.00147   305.00283  -0.12659   0.00006    948.05
 660      0   298.53765   -1833.92517   0.00144   304.99681  -0.12661   0.00006    973.95
 680      0   298.09172   -1833.92463   0.00142   304.98220  -0.12660   0.00006    999.83
 700      0   297.97118   -1833.92444   0.00140   304.99555  -0.12661   0.00006   1025.76
 720      0   297.71024   -1833.92429   0.00137   304.99966  -0.12660   0.00006   1051.71
 740      0   296.84939   -1833.92447   0.00135   304.99366  -0.12662   0.00006   1077.67
 760      0   298.18762   -1833.92418   0.00134   304.99468  -0.12662   0.00006   1103.60
 780      0   297.31981   -1833.92374   0.00132   304.99629  -0.12661   0.00005   1131.06
 800      0   297.10640   -1833.92320   0.00130   305.00289  -0.12659   0.00005   1158.98

Post Propagation
Total number of samples 800
Remove Outliers
Remove samples outside Zeta > 30
Outlier bound [-0.16706, -0.08569]
Removed 0 Outliers
Outliers Energy []
nsample = 800, max_block_size = 40, min_nblocks = 20
   B    NB    NS  Observable     Error    dError
   1   800   800  -1833.92316   0.00130   0.00003
   2   400   800  -1833.92317   0.00165   0.00006
   3   266   798  -1833.92311   0.00184   0.00008
   4   200   800  -1833.92318   0.00203   0.00010
   5   160   800  -1833.92318   0.00219   0.00012
   6   133   798  -1833.92312   0.00222   0.00014
   7   114   798  -1833.92313   0.00228   0.00015
   8   100   800  -1833.92319   0.00228   0.00016
   9    88   792  -1833.92327   0.00233   0.00018
  10    80   800  -1833.92319   0.00238   0.00019
  11    72   792  -1833.92328   0.00228   0.00019
  12    66   792  -1833.92328   0.00231   0.00020
  13    61   793  -1833.92325   0.00249   0.00023
  14    57   798  -1833.92314   0.00242   0.00023
  15    53   795  -1833.92320   0.00269   0.00026
  16    50   800  -1833.92320   0.00215   0.00022
  17    47   799  -1833.92319   0.00211   0.00022
  18    44   792  -1833.92328   0.00211   0.00023
  19    42   798  -1833.92314   0.00219   0.00024
  20    40   800  -1833.92320   0.00210   0.00024
  21    38   798  -1833.92314   0.00233   0.00027
  22    36   792  -1833.92328   0.00215   0.00026
  23    34   782  -1833.92368   0.00203   0.00025
  24    33   792  -1833.92328   0.00232   0.00029
  25    32   800  -1833.92320   0.00191   0.00024
  26    30   780  -1833.92374   0.00186   0.00024
  27    29   783  -1833.92366   0.00225   0.00030
  28    28   784  -1833.92362   0.00213   0.00029
  29    27   783  -1833.92366   0.00219   0.00030
  30    26   780  -1833.92374   0.00213   0.00030
  31    25   775  -1833.92388   0.00189   0.00027
  32    25   800  -1833.92320   0.00241   0.00035
  33    24   792  -1833.92329   0.00231   0.00034
  34    23   782  -1833.92368   0.00222   0.00033
  35    22   770  -1833.92379   0.00211   0.00033
  36    22   792  -1833.92329   0.00208   0.00032
  37    21   777  -1833.92388   0.00235   0.00037
  38    21   798  -1833.92314   0.00227   0.00036
  39    20   780  -1833.92375   0.00219   0.00036
  40    20   800  -1833.92320   0.00201   0.00033
Fit (variance): plateau_var = 4.920e-06 ± 1.934e-07
Fit (error):    plateau = 0.00222 ± 0.00004
     autocorrelation length ~ 2.3 blocks
     plateau reached at block size ~ 11
nsample = 800, max_block_size = 40, min_nblocks = 20
Blk_SZ   NBlk   NSmp      Energy     Error    dError
     1    800    800    -0.12655   0.00005   0.00000
     2    400    800    -0.12656   0.00006   0.00000
     3    266    798    -0.12656   0.00006   0.00000
     4    200    800    -0.12657   0.00007   0.00000
     5    160    800    -0.12657   0.00007   0.00000
     6    133    798    -0.12657   0.00007   0.00000
     7    114    798    -0.12657   0.00007   0.00000
     8    100    800    -0.12657   0.00007   0.00000
     9     88    792    -0.12658   0.00007   0.00001
    10     80    800    -0.12657   0.00008   0.00001
    11     72    792    -0.12658   0.00007   0.00001
    12     66    792    -0.12658   0.00007   0.00001
    13     61    793    -0.12658   0.00007   0.00001
    14     57    798    -0.12658   0.00008   0.00001
    15     53    795    -0.12658   0.00008   0.00001
    16     50    800    -0.12658   0.00007   0.00001
    17     47    799    -0.12658   0.00007   0.00001
    18     44    792    -0.12659   0.00007   0.00001
    19     42    798    -0.12658   0.00006   0.00001
    20     40    800    -0.12658   0.00007   0.00001
    21     38    798    -0.12658   0.00006   0.00001
    22     36    792    -0.12659   0.00007   0.00001
    23     34    782    -0.12660   0.00006   0.00001
    24     33    792    -0.12659   0.00007   0.00001
    25     32    800    -0.12659   0.00006   0.00001
    26     30    780    -0.12660   0.00007   0.00001
    27     29    783    -0.12660   0.00005   0.00001
    28     28    784    -0.12660   0.00006   0.00001
    29     27    783    -0.12660   0.00006   0.00001
    30     26    780    -0.12660   0.00007   0.00001
    31     25    775    -0.12660   0.00006   0.00001
    32     25    800    -0.12659   0.00006   0.00001
    33     24    792    -0.12659   0.00006   0.00001
    34     23    782    -0.12660   0.00006   0.00001
    35     22    770    -0.12660   0.00005   0.00001
    36     22    792    -0.12659   0.00006   0.00001
    37     21    777    -0.12660   0.00007   0.00001
    38     21    798    -0.12658   0.00007   0.00001
    39     20    780    -0.12660   0.00005   0.00001
    40     20    800    -0.12659   0.00006   0.00001
Fit (variance): plateau_var = 4.28535e-09 ± 1.48288e-10
Fit (error):    plateau = 0.00007 ± 0.00000
     autocorrelation length ~ 1.0 blocks
     plateau reached at block size ~ 5
Final AFQMC/HF Guiding Energy:      -1833.9232 +/- 0.0022
Final AFQMC/pt2CCSD Orbital Energy: -0.12659 +/- 0.00007
<t1> = weightp/weight = 1.02484
Total run time: 1161.82

AFQMC Sampling Finished

LNO-Integral time (s):    69.92
LNO-AFQMC time (s):       1293.21


======================= LNO-FRAGMENT [C16H30] 17/(48,48) =======================
Fragment Num.  17
Fragment Idx.  17
Fragment Name  C16H30
LNO THRESHOLD  [0.0001, 1e-05]
PySCF Threads  12
LNO-LAS: 38/156 Occ | 157/636 Vir | 195/792 MOs
LNO-MP2 Fragment Energy:  -0.13467147
LNO-CCSD Fragment Energy: -0.13973091
LNO-CPU time (s):         231.12 (LAS 27.23 | MP2 29.18 | CCSD 174.71)
LNO-CPU wait time (s):    0.00 (100.0% hidden)
Find Density Fit Teonsers in MF object
Integrals will be built by DF Tensors
Calculating Effective Active Space One-electron Integrals
*** Correlation Space Size ***
N Occupied Orbitals: 38
N Active Orbitals:   195
Build effective h0 and h1 time: 53.947935 s
Composing CDERIs from DF
Build CDERI in cLAS time: 10.226086 s
Raw CDERI in LAS shape: (3912, 19110)
Compress CDERI 2 Chol: 1e-05
Compress CDERI time: 4.481812 s
Finished calculating Integrals
LAS Cholesky shape: (1525, 195, 195)
AFQMC script: /u/yzhang65/myprojects/software/afqmc/afqmc/lno_afqmc/script/run_lno_afqmc_pt2ccsd.py

LNO-AFQMC Started
Hostname:     gpue08.delta.ncsa.illinois.edu
System:       Linux
Node:         gpue08.delta.ncsa.illinois.edu
Release:      5.14.0-570.131.1.el9_6.x86_64
Machine:      x86_64
Processor:    x86_64
JAX backend:  GPU
JAX devices:  [CudaDevice(id=0)]
Device kind:  NVIDIA H200
Platform:     gpu

QMC Parameters
eql_time        -         30
n_prop_steps    -         50
n_blocks        -        840
n_walkers       -        300
max_memory      -     200000
mix_precision   -       True
seed            -       4366
walker_type     -        rhf
trial           - pt2ccsd_sto_chol
chol_cost_ratio -        0.2
max_error       -    7.2e-05
dt              -      0.005
n_exp_terms     -          6
n_batch         -          1
nchol_chunk     -        100
free_projection -      False

QMC System
Number of Occ. Orbitals:      38
Number of Act. Orbitals:      195
Number of Chol. Vectors:      1525
Mean-Field Energy:            -1832.00523770
Maximum memory per walker:            666.67 MB
Maximum number of Cholesky per chunk: 1148
Number of Cholesky chunks:            2
Number of Cholesky per chunk:         763
Number of padding Cholesky:           1
Trial:   pt2ccsd_sto_chol(norb=195, nelec=(38, 38), n_batch=1, nchol_chunk=763, mix_precision=True, n_chol_head=0, head_chol_ratio=None, n_chol_samples=None, chol_cost_ratio=0.2, head_sample_ratio=3.0, chol_score_floor=1e-06, chol_uniform_mix=0.01, head_from_guide=False)
Sampler: sampler_pt2_sto_chol(n_prop_steps=50, n_blocks=840, n_chol=1525, frozen_vir=0)

Initalize QMC walkers by HF

Equilibration
Initial Orbital energy: -0.13977
inv_T  nodes      weight      energy     error   runTime
 0.00      0   300.00000  -1832.00390   0.00000     37.08
 3.00      0   308.11622  -1833.57819   0.02614     47.31
 6.00      0   300.36136  -1833.63083   0.02791     51.82
 9.00      0   298.57456  -1833.60073   0.02511     56.73
12.00      0   298.27502  -1833.63031   0.02418     61.99
15.00      0   297.19828  -1833.61951   0.02916     66.52
18.00      0   297.76192  -1833.63595   0.02790     71.04
21.00      0   297.58706  -1833.58534   0.02641     75.72
24.00      0   300.12255  -1833.66831   0.03729     80.25
27.00      0   298.40714  -1833.62682   0.02855     84.80
30.00      0   298.08524  -1833.65643   0.03028     90.07

Sampling Blocks
Target Final Error ~ 0.000072
   N  nodes      weight      E(Guide)     Error     weightp    E_frag     Error      Time
  20      0   297.73681   -1833.63482   0.00646   304.70663  -0.14703   0.00040    116.26
  40      0   297.26649   -1833.64003   0.00499   304.89185  -0.14735   0.00032    135.25
  60      0   297.17183   -1833.64152   0.00398   304.88426  -0.14725   0.00028    154.51
  80      0   298.52741   -1833.63633   0.00349   304.81272  -0.14720   0.00024    173.50
 100      0   297.86347   -1833.63985   0.00328   304.73687  -0.14711   0.00020    192.35
 120      0   297.35687   -1833.64316   0.00291   304.66448  -0.14707   0.00018    211.16
 140      0   298.95917   -1833.64041   0.00265   304.63578  -0.14702   0.00017    229.81
 160      0   298.01259   -1833.64069   0.00250   304.62699  -0.14697   0.00017    248.56
 180      0   297.40928   -1833.64412   0.00244   304.62850  -0.14704   0.00017    267.66
 200      0   297.58512   -1833.64367   0.00226   304.60471  -0.14699   0.00016    286.53
 220      0   297.30157   -1833.64234   0.00213   304.62667  -0.14690   0.00015    304.93
 240      0   297.70805   -1833.64250   0.00198   304.63560  -0.14682   0.00014    323.26
 260      0   298.37272   -1833.64150   0.00186   304.65703  -0.14676   0.00013    341.66
 280      0   298.39727   -1833.63985   0.00181   304.72869  -0.14675   0.00013    360.05
 300      0   297.30108   -1833.64078   0.00175   304.80632  -0.14680   0.00012    378.39
 320      0   297.78897   -1833.64084   0.00168   304.83324  -0.14683   0.00012    396.79
 340      0   298.10460   -1833.63929   0.00165   304.85765  -0.14676   0.00012    415.12
 360      0   298.62605   -1833.63807   0.00166   304.83107  -0.14677   0.00011    433.50
 380      0   297.60600   -1833.63765   0.00160   304.79348  -0.14676   0.00011    451.91
 400      0   298.16685   -1833.63684   0.00156   304.80962  -0.14676   0.00010    470.25
 420      0   296.78123   -1833.63726   0.00152   304.80159  -0.14680   0.00010    488.65
 440      0   297.12317   -1833.63661   0.00149   304.78280  -0.14679   0.00010    507.02
 460      0   297.59858   -1833.63656   0.00144   304.76968  -0.14675   0.00009    530.55
 480      0   296.60271   -1833.63624   0.00139   304.75780  -0.14674   0.00009    551.17
 500      0   297.91211   -1833.63609   0.00137   304.79259  -0.14677   0.00009    569.56
 520      0   297.98952   -1833.63651   0.00135   304.78392  -0.14676   0.00009    587.93
 540      0   297.00509   -1833.63642   0.00133   304.78523  -0.14672   0.00009    606.39
 560      0   299.16272   -1833.63614   0.00131   304.78955  -0.14675   0.00009    624.72
 580      0   296.66858   -1833.63577   0.00128   304.80594  -0.14671   0.00009    643.10
 600      0   297.24255   -1833.63575   0.00127   304.83080  -0.14671   0.00009    661.49
 620      0   298.17832   -1833.63550   0.00124   304.83108  -0.14669   0.00008    679.82
 640      0   297.38117   -1833.63525   0.00122   304.83931  -0.14667   0.00008    698.21
 660      0   298.16659   -1833.63486   0.00120   304.84300  -0.14669   0.00008    716.59
 680      0   297.42776   -1833.63526   0.00117   304.83118  -0.14668   0.00008    734.97
 700      0   299.03601   -1833.63529   0.00115   304.82494  -0.14667   0.00008    753.35
 720      0   297.29199   -1833.63470   0.00114   304.81642  -0.14667   0.00008    771.69
 740      0   296.13875   -1833.63422   0.00114   304.80845  -0.14667   0.00007    790.09
 760      0   297.50066   -1833.63428   0.00113   304.79718  -0.14666   0.00007    808.49
 780      0   298.61261   -1833.63483   0.00111   304.78993  -0.14667   0.00007    826.86
 800      0   297.45135   -1833.63529   0.00110   304.78460  -0.14666   0.00007    845.26
 820      0   298.63502   -1833.63500   0.00108   304.78355  -0.14666   0.00007    863.59
 840      0   297.82541   -1833.63450   0.00107   304.78674  -0.14666   0.00007    882.01

Post Propagation
Total number of samples 840
Remove Outliers
Remove samples outside Zeta > 30
Outlier bound [-0.19779, -0.09501]
Removed 0 Outliers
Outliers Energy []
nsample = 840, max_block_size = 42, min_nblocks = 20
   B    NB    NS  Observable     Error    dError
   1   840   840  -1833.63447   0.00107   0.00003
   2   420   840  -1833.63448   0.00133   0.00005
   3   280   840  -1833.63449   0.00151   0.00006
   4   210   840  -1833.63449   0.00164   0.00008
   5   168   840  -1833.63449   0.00168   0.00009
   6   140   840  -1833.63449   0.00179   0.00011
   7   120   840  -1833.63450   0.00184   0.00012
   8   105   840  -1833.63450   0.00181   0.00013
   9    93   837  -1833.63452   0.00190   0.00014
  10    84   840  -1833.63450   0.00193   0.00015
  11    76   836  -1833.63456   0.00206   0.00017
  12    70   840  -1833.63450   0.00197   0.00017
  13    64   832  -1833.63456   0.00209   0.00019
  14    60   840  -1833.63450   0.00209   0.00019
  15    56   840  -1833.63450   0.00205   0.00020
  16    52   832  -1833.63456   0.00202   0.00020
  17    49   833  -1833.63457   0.00195   0.00020
  18    46   828  -1833.63476   0.00196   0.00021
  19    44   836  -1833.63457   0.00217   0.00023
  20    42   840  -1833.63450   0.00213   0.00024
  21    40   840  -1833.63450   0.00194   0.00022
  22    38   836  -1833.63457   0.00214   0.00025
  23    36   828  -1833.63476   0.00202   0.00024
  24    35   840  -1833.63450   0.00205   0.00025
  25    33   825  -1833.63482   0.00227   0.00028
  26    32   832  -1833.63456   0.00238   0.00030
  27    31   837  -1833.63452   0.00227   0.00029
  28    30   840  -1833.63450   0.00241   0.00032
  29    28   812  -1833.63531   0.00218   0.00030
  30    28   840  -1833.63450   0.00220   0.00030
  31    27   837  -1833.63452   0.00254   0.00035
  32    26   832  -1833.63457   0.00215   0.00030
  33    25   825  -1833.63482   0.00209   0.00030
  34    24   816  -1833.63512   0.00186   0.00027
  35    24   840  -1833.63450   0.00225   0.00033
  36    23   828  -1833.63476   0.00218   0.00033
  37    22   814  -1833.63521   0.00234   0.00036
  38    22   836  -1833.63457   0.00239   0.00037
  39    21   819  -1833.63500   0.00264   0.00042
  40    21   840  -1833.63450   0.00249   0.00039
  41    20   820  -1833.63500   0.00224   0.00036
  42    20   840  -1833.63450   0.00193   0.00031
Fit (variance): plateau_var = 4.524e-06 ± 2.335e-07
Fit (error):    plateau = 0.00213 ± 0.00005
     autocorrelation length ~ 5.4 blocks
     plateau reached at block size ~ 25
nsample = 840, max_block_size = 42, min_nblocks = 20
Blk_SZ   NBlk   NSmp      Energy     Error    dError
     1    840    840    -0.14662   0.00007   0.00000
     2    420    840    -0.14663   0.00008   0.00000
     3    280    840    -0.14664   0.00008   0.00000
     4    210    840    -0.14664   0.00009   0.00000
     5    168    840    -0.14664   0.00010   0.00001
     6    140    840    -0.14664   0.00009   0.00001
     7    120    840    -0.14664   0.00009   0.00001
     8    105    840    -0.14665   0.00009   0.00001
     9     93    837    -0.14664   0.00010   0.00001
    10     84    840    -0.14665   0.00010   0.00001
    11     76    836    -0.14665   0.00010   0.00001
    12     70    840    -0.14665   0.00010   0.00001
    13     64    832    -0.14664   0.00011   0.00001
    14     60    840    -0.14665   0.00010   0.00001
    15     56    840    -0.14665   0.00009   0.00001
    16     52    832    -0.14664   0.00011   0.00001
    17     49    833    -0.14665   0.00010   0.00001
    18     46    828    -0.14665   0.00010   0.00001
    19     44    836    -0.14665   0.00009   0.00001
    20     42    840    -0.14665   0.00009   0.00001
    21     40    840    -0.14665   0.00011   0.00001
    22     38    836    -0.14665   0.00010   0.00001
    23     36    828    -0.14664   0.00009   0.00001
    24     35    840    -0.14666   0.00008   0.00001
    25     33    825    -0.14665   0.00009   0.00001
    26     32    832    -0.14664   0.00010   0.00001
    27     31    837    -0.14665   0.00009   0.00001
    28     30    840    -0.14665   0.00009   0.00001
    29     28    812    -0.14667   0.00010   0.00001
    30     28    840    -0.14666   0.00010   0.00001
    31     27    837    -0.14665   0.00009   0.00001
    32     26    832    -0.14664   0.00009   0.00001
    33     25    825    -0.14665   0.00009   0.00001
    34     24    816    -0.14666   0.00010   0.00002
    35     24    840    -0.14666   0.00009   0.00001
    36     23    828    -0.14665   0.00009   0.00001
    37     22    814    -0.14667   0.00009   0.00001
    38     22    836    -0.14665   0.00009   0.00001
    39     21    819    -0.14666   0.00010   0.00002
    40     21    840    -0.14666   0.00009   0.00001
    41     20    820    -0.14666   0.00008   0.00001
    42     20    840    -0.14666   0.00010   0.00002
Fit (variance): plateau_var = 8.86196e-09 ± 3.39287e-10
Fit (error):    plateau = 0.00009 ± 0.00000
     autocorrelation length ~ 2.3 blocks
     plateau reached at block size ~ 10
Final AFQMC/HF Guiding Energy:      -1833.6345 +/- 0.0021
Final AFQMC/pt2CCSD Orbital Energy: -0.14666 +/- 0.00009
<t1> = weightp/weight = 1.02329
Total run time: 884.51

AFQMC Sampling Finished

LNO-Integral time (s):    71.87
LNO-AFQMC time (s):       1009.96


======================= LNO-FRAGMENT [C17H31] 18/(48,48) =======================
Fragment Num.  18
Fragment Idx.  18
Fragment Name  C17H31
LNO THRESHOLD  [0.0001, 1e-05]
PySCF Threads  12
LNO-LAS: 38/156 Occ | 156/636 Vir | 194/792 MOs
LNO-MP2 Fragment Energy:  -0.13405971
LNO-CCSD Fragment Energy: -0.13913052
LNO-CPU time (s):         253.72 (LAS 25.80 | MP2 28.60 | CCSD 199.32)
LNO-CPU wait time (s):    0.00 (100.0% hidden)
Find Density Fit Teonsers in MF object
Integrals will be built by DF Tensors
Calculating Effective Active Space One-electron Integrals
*** Correlation Space Size ***
N Occupied Orbitals: 38
N Active Orbitals:   194
Build effective h0 and h1 time: 50.736903 s
Composing CDERIs from DF
Build CDERI in cLAS time: 11.322159 s
Raw CDERI in LAS shape: (3912, 18915)
Compress CDERI 2 Chol: 1e-05
Compress CDERI time: 4.085950 s
Finished calculating Integrals
LAS Cholesky shape: (1509, 194, 194)
AFQMC script: /u/yzhang65/myprojects/software/afqmc/afqmc/lno_afqmc/script/run_lno_afqmc_pt2ccsd.py

LNO-AFQMC Started
Hostname:     gpue08.delta.ncsa.illinois.edu
System:       Linux
Node:         gpue08.delta.ncsa.illinois.edu
Release:      5.14.0-570.131.1.el9_6.x86_64
Machine:      x86_64
Processor:    x86_64
JAX backend:  GPU
JAX devices:  [CudaDevice(id=0)]
Device kind:  NVIDIA H200
Platform:     gpu

QMC Parameters
eql_time        -         30
n_prop_steps    -         50
n_blocks        -        840
n_walkers       -        300
max_memory      -     200000
mix_precision   -       True
seed            -       4267
walker_type     -        rhf
trial           - pt2ccsd_sto_chol
chol_cost_ratio -        0.2
max_error       -    7.2e-05
dt              -      0.005
n_exp_terms     -          6
n_batch         -          1
nchol_chunk     -        100
free_projection -      False

QMC System
Number of Occ. Orbitals:      38
Number of Act. Orbitals:      194
Number of Chol. Vectors:      1509
Mean-Field Energy:            -1832.00523770
Maximum memory per walker:            666.67 MB
Maximum number of Cholesky per chunk: 1160
Number of Cholesky chunks:            2
Number of Cholesky per chunk:         755
Number of padding Cholesky:           1
Trial:   pt2ccsd_sto_chol(norb=194, nelec=(38, 38), n_batch=1, nchol_chunk=755, mix_precision=True, n_chol_head=0, head_chol_ratio=None, n_chol_samples=None, chol_cost_ratio=0.2, head_sample_ratio=3.0, chol_score_floor=1e-06, chol_uniform_mix=0.01, head_from_guide=False)
Sampler: sampler_pt2_sto_chol(n_prop_steps=50, n_blocks=840, n_chol=1509, frozen_vir=0)

Initalize QMC walkers by HF

Equilibration
Initial Orbital energy: -0.13915
inv_T  nodes      weight      energy     error   runTime
 0.00      0   300.00000  -1832.00376   0.00000     38.69
 3.00      0   308.11653  -1833.56760   0.02591     48.82
 6.00      0   300.70455  -1833.59856   0.02596     53.57
 9.00      0   299.15919  -1833.59785   0.03180     57.93
12.00      0   298.83408  -1833.64672   0.02913     62.30
15.00      0   298.18062  -1833.68469   0.03444     66.69
18.00      0   297.92561  -1833.62730   0.02669     71.07
21.00      0   297.26283  -1833.65971   0.02979     75.57
24.00      0   297.19036  -1833.63698   0.02632     80.74
27.00      0   297.25224  -1833.59761   0.02672     85.14
30.00      0   297.30284  -1833.61087   0.02701     89.52

Sampling Blocks
Target Final Error ~ 0.000072
   N  nodes      weight      E(Guide)     Error     weightp    E_frag     Error      Time
  20      0   297.99362   -1833.61696   0.00653   304.30243  -0.14581   0.00046    114.53
  40      0   297.84724   -1833.63159   0.00497   304.32639  -0.14559   0.00027    132.27
  60      0   298.41921   -1833.62383   0.00395   304.46340  -0.14532   0.00020    149.95
  80      0   297.26518   -1833.62169   0.00328   304.64567  -0.14530   0.00017    167.42
 100      0   297.93240   -1833.62592   0.00313   304.63584  -0.14547   0.00015    184.89
 120      0   298.55397   -1833.63370   0.00328   304.56403  -0.14650   0.00038    202.40
 140      0   298.21773   -1833.63355   0.00302   304.43554  -0.14662   0.00036    219.85
 160      0   298.09640   -1833.63232   0.00274   304.42996  -0.14659   0.00032    237.34
 180      0   297.99885   -1833.63317   0.00249   304.43750  -0.14651   0.00029    254.80
 200      0   297.30536   -1833.63486   0.00240   304.47212  -0.14647   0.00026    272.30
 220      0   296.78994   -1833.63586   0.00225   304.41518  -0.14646   0.00024    289.80
 240      0   298.17619   -1833.63589   0.00211   304.41913  -0.14640   0.00022    307.25
 260      0   297.65894   -1833.63468   0.00201   304.41252  -0.14638   0.00021    324.76
 280      0   298.41764   -1833.63216   0.00202   304.42300  -0.14637   0.00020    342.20
 300      0   297.80490   -1833.63262   0.00193   304.43494  -0.14638   0.00019    359.73
 320      0   298.78776   -1833.63123   0.00187   304.42207  -0.14639   0.00018    377.21
 340      0   297.05446   -1833.63160   0.00180   304.41103  -0.14637   0.00017    394.70
 360      0   297.21806   -1833.63104   0.00176   304.40146  -0.14635   0.00016    412.21
 380      0   298.02719   -1833.63120   0.00170   304.42721  -0.14630   0.00015    429.66
 400      0   297.85210   -1833.63156   0.00165   304.44005  -0.14627   0.00015    447.19
 420      0   297.89862   -1833.63099   0.00160   304.44855  -0.14623   0.00014    464.65
 440      0   298.10849   -1833.63055   0.00156   304.43504  -0.14620   0.00014    482.16
 460      0   298.28025   -1833.63073   0.00151   304.42545  -0.14623   0.00013    499.66
 480      0   298.11363   -1833.63105   0.00147   304.42373  -0.14622   0.00013    521.64
 500      0   297.63588   -1833.63145   0.00142   304.43276  -0.14627   0.00012    542.08
 520      0   298.58654   -1833.63131   0.00141   304.41581  -0.14625   0.00012    559.57
 540      0   298.69299   -1833.63184   0.00138   304.38689  -0.14625   0.00012    577.18
 560      0   297.42721   -1833.63164   0.00135   304.37091  -0.14624   0.00011    594.69
 580      0   298.61702   -1833.63090   0.00134   304.37766  -0.14623   0.00011    612.22
 600      0   298.76690   -1833.63085   0.00131   304.37349  -0.14621   0.00011    629.74
 620      0   298.61146   -1833.63094   0.00128   304.36995  -0.14620   0.00010    647.22
 640      0   297.91232   -1833.63136   0.00125   304.37349  -0.14616   0.00010    664.70
 660      0   298.58695   -1833.63075   0.00125   304.39887  -0.14613   0.00010    682.22
 680      0   297.48951   -1833.63047   0.00123   304.41840  -0.14612   0.00010    699.68
 700      0   298.50992   -1833.63104   0.00122   304.42902  -0.14610   0.00010    717.22
 720      0   297.36915   -1833.63133   0.00120   304.43151  -0.14610   0.00009    734.69
 740      0   297.71318   -1833.63174   0.00118   304.43048  -0.14611   0.00009    752.19
 760      0   297.02239   -1833.63198   0.00117   304.43827  -0.14611   0.00009    769.69
 780      0   297.31321   -1833.63162   0.00116   304.43429  -0.14610   0.00009    787.15
 800      0   297.36442   -1833.63107   0.00115   304.43469  -0.14607   0.00009    804.68
 820      0   297.52760   -1833.63073   0.00113   304.44226  -0.14608   0.00009    822.14
 840      0   298.92801   -1833.63091   0.00112   304.43451  -0.14610   0.00008    839.68

Post Propagation
Total number of samples 840
Remove Outliers
Remove samples outside Zeta > 30
Outlier bound [-0.19328, -0.09822]
Removed 0 Outliers
Outliers Energy []
nsample = 840, max_block_size = 42, min_nblocks = 20
   B    NB    NS  Observable     Error    dError
   1   840   840  -1833.63088   0.00112   0.00003
   2   420   840  -1833.63089   0.00142   0.00005
   3   280   840  -1833.63089   0.00163   0.00007
   4   210   840  -1833.63090   0.00173   0.00008
   5   168   840  -1833.63090   0.00182   0.00010
   6   140   840  -1833.63090   0.00189   0.00011
   7   120   840  -1833.63090   0.00205   0.00013
   8   105   840  -1833.63090   0.00206   0.00014
   9    93   837  -1833.63097   0.00210   0.00016
  10    84   840  -1833.63091   0.00218   0.00017
  11    76   836  -1833.63100   0.00220   0.00018
  12    70   840  -1833.63091   0.00230   0.00020
  13    64   832  -1833.63110   0.00218   0.00019
  14    60   840  -1833.63091   0.00233   0.00021
  15    56   840  -1833.63091   0.00218   0.00021
  16    52   832  -1833.63110   0.00224   0.00022
  17    49   833  -1833.63114   0.00222   0.00023
  18    46   828  -1833.63092   0.00233   0.00025
  19    44   836  -1833.63101   0.00241   0.00026
  20    42   840  -1833.63091   0.00229   0.00025
  21    40   840  -1833.63091   0.00256   0.00029
  22    38   836  -1833.63101   0.00237   0.00028
  23    36   828  -1833.63092   0.00252   0.00030
  24    35   840  -1833.63091   0.00252   0.00031
  25    33   825  -1833.63089   0.00265   0.00033
  26    32   832  -1833.63111   0.00242   0.00031
  27    31   837  -1833.63098   0.00240   0.00031
  28    30   840  -1833.63091   0.00261   0.00034
  29    28   812  -1833.63070   0.00235   0.00032
  30    28   840  -1833.63091   0.00216   0.00029
  31    27   837  -1833.63098   0.00265   0.00037
  32    26   832  -1833.63110   0.00253   0.00036
  33    25   825  -1833.63089   0.00227   0.00033
  34    24   816  -1833.63078   0.00247   0.00036
  35    24   840  -1833.63091   0.00222   0.00033
  36    23   828  -1833.63093   0.00243   0.00037
  37    22   814  -1833.63080   0.00234   0.00036
  38    22   836  -1833.63101   0.00230   0.00036
  39    21   819  -1833.63074   0.00246   0.00039
  40    21   840  -1833.63091   0.00275   0.00043
  41    20   820  -1833.63073   0.00279   0.00045
  42    20   840  -1833.63091   0.00295   0.00048
Fit (variance): plateau_var = 5.800e-06 ± 3.163e-07
Fit (error):    plateau = 0.00241 ± 0.00007
     autocorrelation length ~ 6.2 blocks
     plateau reached at block size ~ 28
nsample = 840, max_block_size = 42, min_nblocks = 20
Blk_SZ   NBlk   NSmp      Energy     Error    dError
     1    840    840    -0.14605   0.00008   0.00000
     2    420    840    -0.14606   0.00010   0.00000
     3    280    840    -0.14606   0.00010   0.00000
     4    210    840    -0.14607   0.00012   0.00001
     5    168    840    -0.14607   0.00013   0.00001
     6    140    840    -0.14608   0.00012   0.00001
     7    120    840    -0.14608   0.00012   0.00001
     8    105    840    -0.14608   0.00013   0.00001
     9     93    837    -0.14607   0.00013   0.00001
    10     84    840    -0.14608   0.00014   0.00001
    11     76    836    -0.14608   0.00015   0.00001
    12     70    840    -0.14608   0.00013   0.00001
    13     64    832    -0.14608   0.00013   0.00001
    14     60    840    -0.14608   0.00015   0.00001
    15     56    840    -0.14609   0.00013   0.00001
    16     52    832    -0.14608   0.00015   0.00002
    17     49    833    -0.14609   0.00013   0.00001
    18     46    828    -0.14607   0.00015   0.00002
    19     44    836    -0.14608   0.00016   0.00002
    20     42    840    -0.14609   0.00016   0.00002
    21     40    840    -0.14609   0.00016   0.00002
    22     38    836    -0.14608   0.00016   0.00002
    23     36    828    -0.14608   0.00015   0.00002
    24     35    840    -0.14609   0.00015   0.00002
    25     33    825    -0.14607   0.00019   0.00002
    26     32    832    -0.14608   0.00016   0.00002
    27     31    837    -0.14609   0.00016   0.00002
    28     30    840    -0.14609   0.00016   0.00002
    29     28    812    -0.14607   0.00016   0.00002
    30     28    840    -0.14609   0.00016   0.00002
    31     27    837    -0.14608   0.00018   0.00003
    32     26    832    -0.14608   0.00019   0.00003
    33     25    825    -0.14608   0.00019   0.00003
    34     24    816    -0.14608   0.00017   0.00003
    35     24    840    -0.14609   0.00016   0.00002
    36     23    828    -0.14608   0.00016   0.00002
    37     22    814    -0.14608   0.00016   0.00003
    38     22    836    -0.14609   0.00016   0.00003
    39     21    819    -0.14608   0.00016   0.00003
    40     21    840    -0.14610   0.00017   0.00003
    41     20    820    -0.14607   0.00020   0.00003
    42     20    840    -0.14609   0.00020   0.00003
Fit (variance): plateau_var = 2.62643e-08 ± 1.92296e-09
Fit (error):    plateau = 0.00016 ± 0.00001
     autocorrelation length ~ 9.0 blocks
     plateau reached at block size ~ 40
Final AFQMC/HF Guiding Energy:      -1833.6309 +/- 0.0024
Final AFQMC/pt2CCSD Orbital Energy: -0.14610 +/- 0.00016
<t1> = weightp/weight = 1.02209
Total run time: 851.51

AFQMC Sampling Finished

LNO-Integral time (s):    72.12
LNO-AFQMC time (s):       986.64


======================== LNO-FRAGMENT [C18] 19/(48,48) =========================
Fragment Num.  19
Fragment Idx.  19
Fragment Name  C18
LNO THRESHOLD  [0.0001, 1e-05]
PySCF Threads  12
LNO-LAS: 44/156 Occ | 181/636 Vir | 225/792 MOs
LNO-MP2 Fragment Energy:  -0.12045724
LNO-CCSD Fragment Energy: -0.12008952
LNO-CPU time (s):         443.97 (LAS 26.20 | MP2 35.41 | CCSD 382.35)
LNO-CPU wait time (s):    0.00 (100.0% hidden)
Find Density Fit Teonsers in MF object
Integrals will be built by DF Tensors
Calculating Effective Active Space One-electron Integrals
*** Correlation Space Size ***
N Occupied Orbitals: 44
N Active Orbitals:   225
Build effective h0 and h1 time: 52.266548 s
Composing CDERIs from DF
Build CDERI in cLAS time: 13.553587 s
Raw CDERI in LAS shape: (3912, 25425)
Compress CDERI 2 Chol: 1e-05
Compress CDERI time: 4.182756 s
Finished calculating Integrals
LAS Cholesky shape: (1711, 225, 225)
AFQMC script: /u/yzhang65/myprojects/software/afqmc/afqmc/lno_afqmc/script/run_lno_afqmc_pt2ccsd.py

LNO-AFQMC Started
Hostname:     gpue08.delta.ncsa.illinois.edu
System:       Linux
Node:         gpue08.delta.ncsa.illinois.edu
Release:      5.14.0-570.131.1.el9_6.x86_64
Machine:      x86_64
Processor:    x86_64
JAX backend:  GPU
JAX devices:  [CudaDevice(id=0)]
Device kind:  NVIDIA H200
Platform:     gpu

QMC Parameters
eql_time        -         30
n_prop_steps    -         50
n_blocks        -        840
n_walkers       -        300
max_memory      -     200000
mix_precision   -       True
seed            -       4002
walker_type     -        rhf
trial           - pt2ccsd_sto_chol
chol_cost_ratio -        0.2
max_error       -    7.2e-05
dt              -      0.005
n_exp_terms     -          6
n_batch         -          1
nchol_chunk     -        100
free_projection -      False

QMC System
Number of Occ. Orbitals:      44
Number of Act. Orbitals:      225
Number of Chol. Vectors:      1711
Mean-Field Energy:            -1832.00523770
Maximum memory per walker:            666.67 MB
Maximum number of Cholesky per chunk: 863
Number of Cholesky chunks:            2
Number of Cholesky per chunk:         856
Number of padding Cholesky:           1
Trial:   pt2ccsd_sto_chol(norb=225, nelec=(44, 44), n_batch=1, nchol_chunk=856, mix_precision=True, n_chol_head=0, head_chol_ratio=None, n_chol_samples=None, chol_cost_ratio=0.2, head_sample_ratio=3.0, chol_score_floor=1e-06, chol_uniform_mix=0.01, head_from_guide=False)
Sampler: sampler_pt2_sto_chol(n_prop_steps=50, n_blocks=840, n_chol=1711, frozen_vir=0)

Initalize QMC walkers by HF

Equilibration
Initial Orbital energy: -0.12011
inv_T  nodes      weight      energy     error   runTime
 0.00      0   300.00000  -1832.00332   0.00000     40.12
 3.00      0   309.69554  -1833.89161   0.02845     51.76
 6.00      0   300.46887  -1833.94915   0.02782     58.28
 9.00      0   298.27791  -1833.92456   0.02717     65.39
12.00      0   297.91650  -1833.96909   0.02982     71.98
15.00      0   296.83975  -1833.91635   0.02917     78.51
18.00      0   296.44646  -1833.93021   0.02753     85.05
21.00      0   297.70272  -1833.94091   0.03374     92.11
24.00      0   297.08803  -1833.92274   0.02734     98.95
27.00      0   297.62324  -1833.92126   0.03142    105.49
30.00      0   296.47030  -1833.93767   0.03083    112.37

Sampling Blocks
Target Final Error ~ 0.000072
   N  nodes      weight      E(Guide)     Error     weightp    E_frag     Error      Time
  20      0   297.36962   -1833.92428   0.00800   305.28304  -0.12720   0.00044    151.17
  40      0   297.13269   -1833.93967   0.00576   305.54097  -0.12720   0.00027    182.37
  60      0   297.89419   -1833.94137   0.00448   305.53460  -0.12705   0.00022    213.11
  80      0   296.96124   -1833.94870   0.00403   305.55882  -0.12659   0.00022    243.87
 100      0   296.79236   -1833.94872   0.00362   305.57149  -0.12663   0.00018    274.59
 120      0   296.43813   -1833.94297   0.00347   305.58551  -0.12653   0.00015    305.32
 140      0   296.81772   -1833.94405   0.00334   305.60453  -0.12661   0.00014    336.08
 160      0   298.17200   -1833.94183   0.00309   305.62996  -0.12655   0.00013    366.80
 180      0   297.72039   -1833.94363   0.00286   305.59112  -0.12656   0.00012    397.56
 200      0   297.21164   -1833.94524   0.00272   305.56183  -0.12658   0.00011    428.30
 220      0   297.64600   -1833.94492   0.00257   305.52535  -0.12664   0.00012    459.09
 240      0   298.76715   -1833.94396   0.00243   305.48446  -0.12660   0.00011    489.83
 260      0   296.93000   -1833.94505   0.00229   305.49484  -0.12661   0.00010    527.62
 280      0   297.46418   -1833.94626   0.00219   305.55662  -0.12678   0.00011    558.62
 300      0   298.06418   -1833.94689   0.00211   305.56736  -0.12684   0.00011    589.35
 320      0   299.03411   -1833.94665   0.00204   305.54660  -0.12680   0.00010    620.10
 340      0   297.31595   -1833.94621   0.00198   305.52088  -0.12677   0.00010    650.87
 360      0   299.12668   -1833.94587   0.00199   305.52267  -0.12676   0.00010    681.67
 380      0   297.84909   -1833.94627   0.00191   305.50178  -0.12674   0.00009    712.40
 400      0   298.10763   -1833.94655   0.00190   305.51186  -0.12674   0.00009    743.15
 420      0   297.03874   -1833.94749   0.00185   305.51063  -0.12677   0.00009    773.98
 440      0   296.64186   -1833.94790   0.00181   305.47357  -0.12676   0.00008    804.73
 460      0   296.92204   -1833.94805   0.00175   305.46761  -0.12672   0.00008    835.48
 480      0   297.76443   -1833.94781   0.00170   305.44671  -0.12675   0.00008    866.24
 500      0   297.89298   -1833.94731   0.00167   305.43920  -0.12676   0.00008    897.08
 520      0   297.85780   -1833.94721   0.00162   305.44519  -0.12674   0.00008    927.82
 540      0   297.11831   -1833.94751   0.00158   305.42226  -0.12672   0.00007    958.57
 560      0   296.92093   -1833.94758   0.00154   305.41051  -0.12674   0.00007    989.32
 580      0   298.09370   -1833.94711   0.00151   305.42285  -0.12674   0.00007   1020.08
 600      0   297.61496   -1833.94725   0.00149   305.42275  -0.12672   0.00007   1050.84
 620      0   297.73771   -1833.94752   0.00146   305.40078  -0.12674   0.00007   1081.61
 640      0   296.93938   -1833.94734   0.00143   305.39231  -0.12672   0.00007   1112.37
 660      0   297.56824   -1833.94791   0.00141   305.39927  -0.12672   0.00007   1147.76
 680      0   297.86544   -1833.94819   0.00139   305.39468  -0.12672   0.00006   1178.49
 700      0   296.73203   -1833.94883   0.00139   305.40174  -0.12674   0.00007   1209.23
 720      0   297.90369   -1833.94877   0.00137   305.39861  -0.12676   0.00006   1239.96
 740      0   298.63339   -1833.94855   0.00134   305.38964  -0.12675   0.00006   1270.70
 760      0   296.76104   -1833.94845   0.00133   305.37838  -0.12681   0.00007   1301.43
 780      0   298.11140   -1833.94871   0.00130   305.37677  -0.12681   0.00007   1332.19
 800      0   297.32112   -1833.94900   0.00128   305.37383  -0.12683   0.00007   1362.93
 820      0   297.36298   -1833.94973   0.00127   305.38583  -0.12685   0.00007   1393.78
 840      0   297.71002   -1833.94982   0.00125   305.37973  -0.12683   0.00007   1424.53

Post Propagation
Total number of samples 840
Remove Outliers
Remove samples outside Zeta > 30
Outlier bound [-0.16586, -0.08720]
Removed 0 Outliers
Outliers Energy []
nsample = 840, max_block_size = 42, min_nblocks = 20
   B    NB    NS  Observable     Error    dError
   1   840   840  -1833.94978   0.00125   0.00003
   2   420   840  -1833.94979   0.00155   0.00005
   3   280   840  -1833.94980   0.00175   0.00007
   4   210   840  -1833.94980   0.00183   0.00009
   5   168   840  -1833.94981   0.00193   0.00011
   6   140   840  -1833.94981   0.00202   0.00012
   7   120   840  -1833.94981   0.00203   0.00013
   8   105   840  -1833.94982   0.00197   0.00014
   9    93   837  -1833.94976   0.00205   0.00015
  10    84   840  -1833.94981   0.00215   0.00017
  11    76   836  -1833.94975   0.00211   0.00017
  12    70   840  -1833.94982   0.00210   0.00018
  13    64   832  -1833.94971   0.00217   0.00019
  14    60   840  -1833.94982   0.00208   0.00019
  15    56   840  -1833.94982   0.00216   0.00021
  16    52   832  -1833.94971   0.00226   0.00022
  17    49   833  -1833.94972   0.00230   0.00023
  18    46   828  -1833.94963   0.00223   0.00023
  19    44   836  -1833.94975   0.00225   0.00024
  20    42   840  -1833.94982   0.00200   0.00022
  21    40   840  -1833.94982   0.00233   0.00026
  22    38   836  -1833.94975   0.00236   0.00027
  23    36   828  -1833.94963   0.00235   0.00028
  24    35   840  -1833.94982   0.00242   0.00029
  25    33   825  -1833.94967   0.00227   0.00028
  26    32   832  -1833.94972   0.00223   0.00028
  27    31   837  -1833.94976   0.00234   0.00030
  28    30   840  -1833.94982   0.00233   0.00031
  29    28   812  -1833.94951   0.00221   0.00030
  30    28   840  -1833.94982   0.00245   0.00033
  31    27   837  -1833.94977   0.00237   0.00033
  32    26   832  -1833.94972   0.00242   0.00034
  33    25   825  -1833.94967   0.00234   0.00034
  34    24   816  -1833.94958   0.00219   0.00032
  35    24   840  -1833.94982   0.00217   0.00032
  36    23   828  -1833.94963   0.00202   0.00030
  37    22   814  -1833.94955   0.00221   0.00034
  38    22   836  -1833.94975   0.00197   0.00030
  39    21   819  -1833.94967   0.00256   0.00040
  40    21   840  -1833.94982   0.00219   0.00035
  41    20   820  -1833.94973   0.00230   0.00037
  42    20   840  -1833.94982   0.00244   0.00040
Fit (variance): plateau_var = 4.894e-06 ± 2.193e-07
Fit (error):    plateau = 0.00221 ± 0.00005
     autocorrelation length ~ 3.8 blocks
     plateau reached at block size ~ 17
nsample = 840, max_block_size = 42, min_nblocks = 20
Blk_SZ   NBlk   NSmp      Energy     Error    dError
     1    840    840    -0.12680   0.00007   0.00000
     2    420    840    -0.12680   0.00008   0.00000
     3    280    840    -0.12681   0.00008   0.00000
     4    210    840    -0.12681   0.00009   0.00000
     5    168    840    -0.12681   0.00009   0.00001
     6    140    840    -0.12682   0.00009   0.00001
     7    120    840    -0.12681   0.00009   0.00001
     8    105    840    -0.12682   0.00009   0.00001
     9     93    837    -0.12682   0.00010   0.00001
    10     84    840    -0.12682   0.00010   0.00001
    11     76    836    -0.12683   0.00009   0.00001
    12     70    840    -0.12682   0.00010   0.00001
    13     64    832    -0.12683   0.00010   0.00001
    14     60    840    -0.12682   0.00010   0.00001
    15     56    840    -0.12682   0.00009   0.00001
    16     52    832    -0.12683   0.00009   0.00001
    17     49    833    -0.12683   0.00010   0.00001
    18     46    828    -0.12684   0.00010   0.00001
    19     44    836    -0.12683   0.00010   0.00001
    20     42    840    -0.12682   0.00011   0.00001
    21     40    840    -0.12683   0.00010   0.00001
    22     38    836    -0.12683   0.00010   0.00001
    23     36    828    -0.12683   0.00011   0.00001
    24     35    840    -0.12682   0.00010   0.00001
    25     33    825    -0.12683   0.00010   0.00001
    26     32    832    -0.12684   0.00011   0.00001
    27     31    837    -0.12683   0.00011   0.00001
    28     30    840    -0.12683   0.00011   0.00001
    29     28    812    -0.12684   0.00010   0.00001
    30     28    840    -0.12682   0.00011   0.00002
    31     27    837    -0.12683   0.00010   0.00001
    32     26    832    -0.12684   0.00010   0.00001
    33     25    825    -0.12684   0.00010   0.00001
    34     24    816    -0.12684   0.00011   0.00002
    35     24    840    -0.12683   0.00010   0.00001
    36     23    828    -0.12684   0.00010   0.00001
    37     22    814    -0.12684   0.00010   0.00002
    38     22    836    -0.12683   0.00011   0.00002
    39     21    819    -0.12684   0.00011   0.00002
    40     21    840    -0.12683   0.00010   0.00002
    41     20    820    -0.12684   0.00010   0.00002
    42     20    840    -0.12683   0.00010   0.00002
Fit (variance): plateau_var = 9.94905e-09 ± 4.49124e-10
Fit (error):    plateau = 0.00010 ± 0.00000
     autocorrelation length ~ 3.7 blocks
     plateau reached at block size ~ 16
Final AFQMC/HF Guiding Energy:      -1833.9498 +/- 0.0022
Final AFQMC/pt2CCSD Orbital Energy: -0.12683 +/- 0.00010
<t1> = weightp/weight = 1.02620
Total run time: 1427.04

AFQMC Sampling Finished

LNO-Integral time (s):    73.61
LNO-AFQMC time (s):       1559.37


======================= LNO-FRAGMENT [C19H32] 20/(48,48) =======================
Fragment Num.  20
Fragment Idx.  20
Fragment Name  C19H32
LNO THRESHOLD  [0.0001, 1e-05]
PySCF Threads  12
LNO-LAS: 40/156 Occ | 162/636 Vir | 202/792 MOs
LNO-MP2 Fragment Energy:  -0.13454230
LNO-CCSD Fragment Energy: -0.13949053
LNO-CPU time (s):         305.34 (LAS 25.30 | MP2 31.19 | CCSD 248.85)
LNO-CPU wait time (s):    0.00 (100.0% hidden)
Find Density Fit Teonsers in MF object
Integrals will be built by DF Tensors
Calculating Effective Active Space One-electron Integrals
*** Correlation Space Size ***
N Occupied Orbitals: 40
N Active Orbitals:   202
Build effective h0 and h1 time: 53.870876 s
Composing CDERIs from DF
Build CDERI in cLAS time: 11.693792 s
Raw CDERI in LAS shape: (3912, 20503)
Compress CDERI 2 Chol: 1e-05
Compress CDERI time: 6.030576 s
Finished calculating Integrals
LAS Cholesky shape: (1617, 202, 202)
AFQMC script: /u/yzhang65/myprojects/software/afqmc/afqmc/lno_afqmc/script/run_lno_afqmc_pt2ccsd.py

LNO-AFQMC Started
Hostname:     gpue08.delta.ncsa.illinois.edu
System:       Linux
Node:         gpue08.delta.ncsa.illinois.edu
Release:      5.14.0-570.131.1.el9_6.x86_64
Machine:      x86_64
Processor:    x86_64
JAX backend:  GPU
JAX devices:  [CudaDevice(id=0)]
Device kind:  NVIDIA H200
Platform:     gpu

QMC Parameters
eql_time        -         30
n_prop_steps    -         50
n_blocks        -        840
n_walkers       -        300
max_memory      -     200000
mix_precision   -       True
seed            -       4443
walker_type     -        rhf
trial           - pt2ccsd_sto_chol
chol_cost_ratio -        0.2
max_error       -    7.2e-05
dt              -      0.005
n_exp_terms     -          6
n_batch         -          1
nchol_chunk     -        100
free_projection -      False

QMC System
Number of Occ. Orbitals:      40
Number of Act. Orbitals:      202
Number of Chol. Vectors:      1617
Mean-Field Energy:            -1832.00523770
Maximum memory per walker:            666.67 MB
Maximum number of Cholesky per chunk: 1070
Number of Cholesky chunks:            2
Number of Cholesky per chunk:         809
Number of padding Cholesky:           1
Trial:   pt2ccsd_sto_chol(norb=202, nelec=(40, 40), n_batch=1, nchol_chunk=809, mix_precision=True, n_chol_head=0, head_chol_ratio=None, n_chol_samples=None, chol_cost_ratio=0.2, head_sample_ratio=3.0, chol_score_floor=1e-06, chol_uniform_mix=0.01, head_from_guide=False)
Sampler: sampler_pt2_sto_chol(n_prop_steps=50, n_blocks=840, n_chol=1617, frozen_vir=0)

Initalize QMC walkers by HF

Equilibration
Initial Orbital energy: -0.13951
inv_T  nodes      weight      energy     error   runTime
 0.00      0   300.00000  -1832.00367   0.00000     37.69
 3.00      0   308.26920  -1833.63090   0.02622     47.17
 6.00      0   300.89735  -1833.66319   0.02661     52.90
 9.00      0   299.38950  -1833.68185   0.02601     57.73
12.00      0   297.63744  -1833.67742   0.02699     62.57
15.00      0   297.56860  -1833.66000   0.02439     67.40
18.00      0   297.84572  -1833.69475   0.02954     72.26
21.00      0   297.67034  -1833.60444   0.02416     77.10
24.00      0   297.54178  -1833.65725   0.02578     83.00
27.00      0   298.89748  -1833.69014   0.02789     87.84
30.00      0   297.90637  -1833.62396   0.02630     92.68

Sampling Blocks
Target Final Error ~ 0.000072
   N  nodes      weight      E(Guide)     Error     weightp    E_frag     Error      Time
  20      0   297.53380   -1833.66562   0.00453   304.26145  -0.14611   0.00031    122.62
  40      0   297.98418   -1833.66709   0.00478   304.33888  -0.14682   0.00028    144.39
  60      0   298.10332   -1833.67235   0.00380   304.59109  -0.14691   0.00026    165.64
  80      0   297.38348   -1833.67562   0.00333   304.48121  -0.14676   0.00021    187.73
 100      0   298.31225   -1833.67491   0.00288   304.44347  -0.14676   0.00019    209.62
 120      0   298.10120   -1833.67526   0.00258   304.40370  -0.14691   0.00018    231.14
 140      0   297.39638   -1833.67818   0.00254   304.43892  -0.14677   0.00016    252.88
 160      0   298.00380   -1833.67555   0.00241   304.39282  -0.14681   0.00015    274.50
 180      0   298.03574   -1833.67584   0.00244   304.49642  -0.14680   0.00014    296.67
 200      0   299.34423   -1833.67358   0.00230   304.44210  -0.14666   0.00013    317.65
 220      0   297.17755   -1833.67228   0.00216   304.43325  -0.14658   0.00013    338.58
 240      0   298.29231   -1833.67137   0.00206   304.49812  -0.14659   0.00012    359.53
 260      0   297.88947   -1833.67046   0.00194   304.52587  -0.14657   0.00012    380.47
 280      0   296.62645   -1833.67238   0.00188   304.56847  -0.14659   0.00011    401.37
 300      0   296.80821   -1833.67353   0.00184   304.57675  -0.14670   0.00015    422.32
 320      0   297.42608   -1833.67443   0.00177   304.59558  -0.14672   0.00014    443.23
 340      0   298.08685   -1833.67470   0.00172   304.60837  -0.14666   0.00013    464.09
 360      0   297.46395   -1833.67386   0.00168   304.59800  -0.14663   0.00013    485.07
 380      0   298.08233   -1833.67319   0.00163   304.60125  -0.14661   0.00012    505.97
 400      0   297.98890   -1833.67367   0.00157   304.56772  -0.14662   0.00012    536.18
 420      0   298.74148   -1833.67333   0.00153   304.56080  -0.14658   0.00012    557.34
 440      0   297.75916   -1833.67264   0.00150   304.56746  -0.14657   0.00011    578.27
 460      0   298.19650   -1833.67231   0.00148   304.56638  -0.14656   0.00011    599.19
 480      0   297.70213   -1833.67256   0.00144   304.56870  -0.14656   0.00011    620.20
 500      0   298.57268   -1833.67300   0.00140   304.56271  -0.14653   0.00010    641.18
 520      0   298.65318   -1833.67361   0.00137   304.56467  -0.14655   0.00010    662.12
 540      0   297.98813   -1833.67352   0.00134   304.55383  -0.14652   0.00010    683.06
 560      0   297.41646   -1833.67244   0.00135   304.55759  -0.14649   0.00010    703.93
 580      0   298.38836   -1833.67138   0.00133   304.57970  -0.14648   0.00009    724.89
 600      0   297.63792   -1833.67133   0.00129   304.59589  -0.14649   0.00009    745.83
 620      0   297.66754   -1833.67184   0.00127   304.61169  -0.14651   0.00009    766.69
 640      0   298.33904   -1833.67194   0.00125   304.61362  -0.14651   0.00009    787.61
 660      0   299.24087   -1833.67216   0.00123   304.60883  -0.14651   0.00009    808.56
 680      0   297.94808   -1833.67211   0.00121   304.61460  -0.14651   0.00008    829.46
 700      0   297.90540   -1833.67223   0.00119   304.61252  -0.14651   0.00008    850.37
 720      0   298.52708   -1833.67143   0.00119   304.60209  -0.14652   0.00008    871.29
 740      0   297.87890   -1833.67150   0.00118   304.61502  -0.14653   0.00008    892.20
 760      0   297.89452   -1833.67201   0.00116   304.63516  -0.14655   0.00008    913.07
 780      0   297.95647   -1833.67247   0.00116   304.62617  -0.14659   0.00008    934.01
 800      0   298.54088   -1833.67267   0.00113   304.62963  -0.14659   0.00008    954.95
 820      0   298.12061   -1833.67250   0.00111   304.63031  -0.14661   0.00008    975.81
 840      0   297.90942   -1833.67220   0.00109   304.62047  -0.14660   0.00007    996.74

Post Propagation
Total number of samples 840
Remove Outliers
Remove samples outside Zeta > 30
Outlier bound [-0.19668, -0.09609]
Removed 0 Outliers
Outliers Energy []
nsample = 840, max_block_size = 42, min_nblocks = 20
   B    NB    NS  Observable     Error    dError
   1   840   840  -1833.67217   0.00109   0.00003
   2   420   840  -1833.67218   0.00135   0.00005
   3   280   840  -1833.67218   0.00155   0.00007
   4   210   840  -1833.67218   0.00169   0.00008
   5   168   840  -1833.67219   0.00171   0.00009
   6   140   840  -1833.67219   0.00183   0.00011
   7   120   840  -1833.67219   0.00188   0.00012
   8   105   840  -1833.67219   0.00195   0.00013
   9    93   837  -1833.67229   0.00193   0.00014
  10    84   840  -1833.67220   0.00192   0.00015
  11    76   836  -1833.67232   0.00183   0.00015
  12    70   840  -1833.67220   0.00207   0.00018
  13    64   832  -1833.67236   0.00204   0.00018
  14    60   840  -1833.67220   0.00198   0.00018
  15    56   840  -1833.67220   0.00201   0.00019
  16    52   832  -1833.67236   0.00206   0.00020
  17    49   833  -1833.67235   0.00199   0.00020
  18    46   828  -1833.67246   0.00210   0.00022
  19    44   836  -1833.67232   0.00204   0.00022
  20    42   840  -1833.67220   0.00218   0.00024
  21    40   840  -1833.67220   0.00206   0.00023
  22    38   836  -1833.67232   0.00203   0.00024
  23    36   828  -1833.67246   0.00205   0.00024
  24    35   840  -1833.67220   0.00234   0.00028
  25    33   825  -1833.67247   0.00214   0.00027
  26    32   832  -1833.67236   0.00222   0.00028
  27    31   837  -1833.67230   0.00215   0.00028
  28    30   840  -1833.67220   0.00207   0.00027
  29    28   812  -1833.67249   0.00252   0.00034
  30    28   840  -1833.67220   0.00213   0.00029
  31    27   837  -1833.67230   0.00219   0.00030
  32    26   832  -1833.67236   0.00231   0.00033
  33    25   825  -1833.67247   0.00229   0.00033
  34    24   816  -1833.67257   0.00245   0.00036
  35    24   840  -1833.67220   0.00221   0.00033
  36    23   828  -1833.67246   0.00246   0.00037
  37    22   814  -1833.67249   0.00249   0.00038
  38    22   836  -1833.67232   0.00233   0.00036
  39    21   819  -1833.67250   0.00257   0.00041
  40    21   840  -1833.67220   0.00223   0.00035
  41    20   820  -1833.67250   0.00209   0.00034
  42    20   840  -1833.67220   0.00249   0.00040
Fit (variance): plateau_var = 4.588e-06 ± 2.347e-07
Fit (error):    plateau = 0.00214 ± 0.00005
     autocorrelation length ~ 5.2 blocks
     plateau reached at block size ~ 24
nsample = 840, max_block_size = 42, min_nblocks = 20
Blk_SZ   NBlk   NSmp      Energy     Error    dError
     1    840    840    -0.14655   0.00007   0.00000
     2    420    840    -0.14656   0.00008   0.00000
     3    280    840    -0.14656   0.00009   0.00000
     4    210    840    -0.14657   0.00010   0.00000
     5    168    840    -0.14657   0.00010   0.00001
     6    140    840    -0.14657   0.00010   0.00001
     7    120    840    -0.14657   0.00010   0.00001
     8    105    840    -0.14658   0.00010   0.00001
     9     93    837    -0.14658   0.00011   0.00001
    10     84    840    -0.14658   0.00010   0.00001
    11     76    836    -0.14658   0.00010   0.00001
    12     70    840    -0.14658   0.00010   0.00001
    13     64    832    -0.14658   0.00011   0.00001
    14     60    840    -0.14658   0.00011   0.00001
    15     56    840    -0.14658   0.00010   0.00001
    16     52    832    -0.14659   0.00011   0.00001
    17     49    833    -0.14659   0.00011   0.00001
    18     46    828    -0.14659   0.00011   0.00001
    19     44    836    -0.14658   0.00010   0.00001
    20     42    840    -0.14658   0.00010   0.00001
    21     40    840    -0.14658   0.00009   0.00001
    22     38    836    -0.14658   0.00009   0.00001
    23     36    828    -0.14659   0.00009   0.00001
    24     35    840    -0.14658   0.00011   0.00001
    25     33    825    -0.14659   0.00010   0.00001
    26     32    832    -0.14659   0.00010   0.00001
    27     31    837    -0.14659   0.00009   0.00001
    28     30    840    -0.14659   0.00009   0.00001
    29     28    812    -0.14659   0.00011   0.00001
    30     28    840    -0.14659   0.00009   0.00001
    31     27    837    -0.14659   0.00010   0.00001
    32     26    832    -0.14659   0.00011   0.00001
    33     25    825    -0.14660   0.00009   0.00001
    34     24    816    -0.14661   0.00009   0.00001
    35     24    840    -0.14659   0.00009   0.00001
    36     23    828    -0.14659   0.00011   0.00002
    37     22    814    -0.14660   0.00011   0.00002
    38     22    836    -0.14659   0.00009   0.00001
    39     21    819    -0.14661   0.00010   0.00002
    40     21    840    -0.14659   0.00010   0.00002
    41     20    820    -0.14661   0.00011   0.00002
    42     20    840    -0.14659   0.00010   0.00002
Fit (variance): plateau_var = 1.01554e-08 ± 3.71777e-10
Fit (error):    plateau = 0.00010 ± 0.00000
     autocorrelation length ~ 1.9 blocks
     plateau reached at block size ~ 9
Final AFQMC/HF Guiding Energy:      -1833.6722 +/- 0.0021
Final AFQMC/pt2CCSD Orbital Energy: -0.14660 +/- 0.00010
<t1> = weightp/weight = 1.02272
Total run time: 1000.52

AFQMC Sampling Finished

LNO-Integral time (s):    76.62
LNO-AFQMC time (s):       1127.78


======================= LNO-FRAGMENT [C20H33] 21/(48,48) =======================
Fragment Num.  21
Fragment Idx.  21
Fragment Name  C20H33
LNO THRESHOLD  [0.0001, 1e-05]
PySCF Threads  12
LNO-LAS: 40/156 Occ | 165/636 Vir | 205/792 MOs
LNO-MP2 Fragment Energy:  -0.13470967
LNO-CCSD Fragment Energy: -0.13962935
LNO-CPU time (s):         325.14 (LAS 27.29 | MP2 29.87 | CCSD 267.98)
LNO-CPU wait time (s):    0.00 (100.0% hidden)
Find Density Fit Teonsers in MF object
Integrals will be built by DF Tensors
Calculating Effective Active Space One-electron Integrals
*** Correlation Space Size ***
N Occupied Orbitals: 40
N Active Orbitals:   205
Build effective h0 and h1 time: 51.542525 s
Composing CDERIs from DF
Build CDERI in cLAS time: 9.998439 s
Raw CDERI in LAS shape: (3912, 21115)
Compress CDERI 2 Chol: 1e-05
Compress CDERI time: 5.528882 s
Finished calculating Integrals
LAS Cholesky shape: (1651, 205, 205)
AFQMC script: /u/yzhang65/myprojects/software/afqmc/afqmc/lno_afqmc/script/run_lno_afqmc_pt2ccsd.py

LNO-AFQMC Started
Hostname:     gpue08.delta.ncsa.illinois.edu
System:       Linux
Node:         gpue08.delta.ncsa.illinois.edu
Release:      5.14.0-570.131.1.el9_6.x86_64
Machine:      x86_64
Processor:    x86_64
JAX backend:  GPU
JAX devices:  [CudaDevice(id=0)]
Device kind:  NVIDIA H200
Platform:     gpu

QMC Parameters
eql_time        -         30
n_prop_steps    -         50
n_blocks        -        840
n_walkers       -        300
max_memory      -     200000
mix_precision   -       True
seed            -       1552
walker_type     -        rhf
trial           - pt2ccsd_sto_chol
chol_cost_ratio -        0.2
max_error       -    7.2e-05
dt              -      0.005
n_exp_terms     -          6
n_batch         -          1
nchol_chunk     -        100
free_projection -      False

QMC System
Number of Occ. Orbitals:      40
Number of Act. Orbitals:      205
Number of Chol. Vectors:      1651
Mean-Field Energy:            -1832.00523770
Maximum memory per walker:            666.67 MB
Maximum number of Cholesky per chunk: 1039
Number of Cholesky chunks:            2
Number of Cholesky per chunk:         826
Number of padding Cholesky:           1
Trial:   pt2ccsd_sto_chol(norb=205, nelec=(40, 40), n_batch=1, nchol_chunk=826, mix_precision=True, n_chol_head=0, head_chol_ratio=None, n_chol_samples=None, chol_cost_ratio=0.2, head_sample_ratio=3.0, chol_score_floor=1e-06, chol_uniform_mix=0.01, head_from_guide=False)
Sampler: sampler_pt2_sto_chol(n_prop_steps=50, n_blocks=840, n_chol=1651, frozen_vir=0)

Initalize QMC walkers by HF

Equilibration
Initial Orbital energy: -0.13964
inv_T  nodes      weight      energy     error   runTime
 0.00      0   300.00000  -1832.00359   0.00000     40.90
 3.00      0   308.29604  -1833.60218   0.02651     50.65
 6.00      0   300.44883  -1833.63613   0.02528     55.77
 9.00      0   298.37045  -1833.63993   0.02492     61.31
12.00      0   298.49684  -1833.66127   0.02804     66.58
15.00      0   298.15924  -1833.66939   0.03230     71.71
18.00      0   296.96435  -1833.62659   0.02730     76.86
21.00      0   299.36053  -1833.70077   0.03123     82.00
24.00      0   297.43923  -1833.64568   0.02750     87.55
27.00      0   298.43757  -1833.71153   0.03481     93.38
30.00      0   297.35860  -1833.65339   0.02786     98.51

Sampling Blocks
Target Final Error ~ 0.000072
   N  nodes      weight      E(Guide)     Error     weightp    E_frag     Error      Time
  20      0   296.73721   -1833.64790   0.00454   305.09713  -0.14582   0.00033    130.22
  40      0   298.00267   -1833.66349   0.00451   305.10783  -0.14622   0.00029    153.00
  60      0   297.43152   -1833.66848   0.00397   305.30493  -0.14620   0.00022    175.28
  80      0   298.34265   -1833.66848   0.00362   305.26077  -0.14620   0.00020    197.63
 100      0   296.92726   -1833.66876   0.00326   305.35318  -0.14617   0.00017    219.98
 120      0   297.24672   -1833.66687   0.00287   305.31538  -0.14616   0.00016    242.32
 140      0   297.71109   -1833.66963   0.00261   305.33625  -0.14603   0.00015    264.61
 160      0   297.95472   -1833.66920   0.00233   305.25178  -0.14603   0.00013    286.96
 180      0   299.09620   -1833.66850   0.00226   305.24977  -0.14620   0.00013    309.32
 200      0   296.26922   -1833.66970   0.00217   305.18106  -0.14621   0.00013    331.70
 220      0   296.81618   -1833.66801   0.00207   305.14693  -0.14634   0.00012    354.02
 240      0   297.31376   -1833.66820   0.00202   305.19648  -0.14651   0.00014    376.39
 260      0   298.55682   -1833.66817   0.00192   305.22242  -0.14669   0.00014    398.73
 280      0   297.86286   -1833.66872   0.00185   305.22756  -0.14673   0.00015    421.08
 300      0   297.37936   -1833.66921   0.00180   305.22099  -0.14674   0.00014    443.37
 320      0   297.35096   -1833.67016   0.00176   305.21171  -0.14675   0.00013    465.73
 340      0   297.05326   -1833.66990   0.00169   305.19622  -0.14673   0.00013    488.08
 360      0   297.61633   -1833.67018   0.00160   305.16653  -0.14671   0.00012    514.86
 380      0   298.06120   -1833.67168   0.00158   305.16727  -0.14672   0.00012    539.51
 400      0   297.46751   -1833.67347   0.00160   305.17152  -0.14679   0.00012    561.83
 420      0   298.68468   -1833.67368   0.00155   305.17515  -0.14679   0.00011    584.19
 440      0   298.80800   -1833.67315   0.00153   305.19339  -0.14680   0.00011    606.54
 460      0   297.74036   -1833.67305   0.00151   305.20521  -0.14679   0.00011    629.00
 480      0   297.76881   -1833.67289   0.00146   305.21488  -0.14680   0.00010    651.32
 500      0   297.72932   -1833.67254   0.00142   305.20762  -0.14679   0.00010    673.67
 520      0   298.20271   -1833.67258   0.00138   305.19192  -0.14681   0.00010    696.01
 540      0   297.28640   -1833.67270   0.00136   305.18149  -0.14684   0.00010    718.34
 560      0   297.60281   -1833.67248   0.00133   305.17214  -0.14680   0.00010    740.68
 580      0   297.93482   -1833.67273   0.00130   305.17616  -0.14682   0.00010    763.06
 600      0   296.37155   -1833.67345   0.00130   305.18958  -0.14683   0.00010    785.39
 620      0   297.88970   -1833.67306   0.00127   305.21081  -0.14681   0.00009    807.68
 640      0   296.92903   -1833.67275   0.00125   305.21181  -0.14678   0.00009    830.01
 660      0   297.71638   -1833.67329   0.00123   305.22594  -0.14678   0.00010    852.34
 680      0   298.08204   -1833.67284   0.00121   305.22746  -0.14678   0.00010    874.70
 700      0   297.79910   -1833.67330   0.00119   305.23042  -0.14677   0.00009    897.01
 720      0   298.07261   -1833.67323   0.00117   305.23815  -0.14674   0.00009    919.35
 740      0   297.90711   -1833.67294   0.00115   305.23919  -0.14671   0.00009    941.75
 760      0   298.05213   -1833.67299   0.00113   305.23224  -0.14670   0.00009    964.12
 780      0   298.74550   -1833.67264   0.00112   305.22011  -0.14669   0.00009    986.40
 800      0   297.77029   -1833.67267   0.00109   305.21120  -0.14669   0.00008   1008.74
 820      0   297.83872   -1833.67275   0.00108   305.21606  -0.14668   0.00008   1031.07
 840      0   298.12322   -1833.67282   0.00106   305.21574  -0.14668   0.00008   1053.42

Post Propagation
Total number of samples 840
Remove Outliers
Remove samples outside Zeta > 30
Outlier bound [-0.19854, -0.09405]
Removed 0 Outliers
Outliers Energy []
nsample = 840, max_block_size = 42, min_nblocks = 20
   B    NB    NS  Observable     Error    dError
   1   840   840  -1833.67279   0.00106   0.00003
   2   420   840  -1833.67280   0.00131   0.00005
   3   280   840  -1833.67281   0.00147   0.00006
   4   210   840  -1833.67281   0.00154   0.00008
   5   168   840  -1833.67281   0.00169   0.00009
   6   140   840  -1833.67282   0.00169   0.00010
   7   120   840  -1833.67282   0.00176   0.00011
   8   105   840  -1833.67282   0.00176   0.00012
   9    93   837  -1833.67283   0.00178   0.00013
  10    84   840  -1833.67282   0.00184   0.00014
  11    76   836  -1833.67281   0.00189   0.00015
  12    70   840  -1833.67282   0.00173   0.00015
  13    64   832  -1833.67267   0.00173   0.00015
  14    60   840  -1833.67282   0.00188   0.00017
  15    56   840  -1833.67282   0.00187   0.00018
  16    52   832  -1833.67267   0.00198   0.00020
  17    49   833  -1833.67272   0.00191   0.00020
  18    46   828  -1833.67264   0.00203   0.00021
  19    44   836  -1833.67281   0.00182   0.00020
  20    42   840  -1833.67282   0.00187   0.00021
  21    40   840  -1833.67282   0.00180   0.00020
  22    38   836  -1833.67281   0.00213   0.00025
  23    36   828  -1833.67264   0.00179   0.00021
  24    35   840  -1833.67282   0.00193   0.00023
  25    33   825  -1833.67267   0.00200   0.00025
  26    32   832  -1833.67267   0.00184   0.00023
  27    31   837  -1833.67283   0.00193   0.00025
  28    30   840  -1833.67282   0.00198   0.00026
  29    28   812  -1833.67295   0.00203   0.00028
  30    28   840  -1833.67283   0.00193   0.00026
  31    27   837  -1833.67284   0.00192   0.00027
  32    26   832  -1833.67267   0.00198   0.00028
  33    25   825  -1833.67267   0.00214   0.00031
  34    24   816  -1833.67287   0.00187   0.00028
  35    24   840  -1833.67282   0.00209   0.00031
  36    23   828  -1833.67264   0.00188   0.00028
  37    22   814  -1833.67299   0.00191   0.00029
  38    22   836  -1833.67281   0.00183   0.00028
  39    21   819  -1833.67278   0.00182   0.00029
  40    21   840  -1833.67282   0.00205   0.00032
  41    20   820  -1833.67275   0.00169   0.00027
  42    20   840  -1833.67282   0.00162   0.00026
Fit (variance): plateau_var = 3.535e-06 ± 1.556e-07
Fit (error):    plateau = 0.00188 ± 0.00004
     autocorrelation length ~ 3.7 blocks
     plateau reached at block size ~ 17
nsample = 840, max_block_size = 42, min_nblocks = 20
Blk_SZ   NBlk   NSmp      Energy     Error    dError
     1    840    840    -0.14663   0.00008   0.00000
     2    420    840    -0.14664   0.00010   0.00000
     3    280    840    -0.14664   0.00010   0.00000
     4    210    840    -0.14665   0.00011   0.00001
     5    168    840    -0.14665   0.00011   0.00001
     6    140    840    -0.14665   0.00011   0.00001
     7    120    840    -0.14665   0.00011   0.00001
     8    105    840    -0.14666   0.00011   0.00001
     9     93    837    -0.14666   0.00012   0.00001
    10     84    840    -0.14666   0.00011   0.00001
    11     76    836    -0.14666   0.00011   0.00001
    12     70    840    -0.14666   0.00012   0.00001
    13     64    832    -0.14666   0.00012   0.00001
    14     60    840    -0.14666   0.00012   0.00001
    15     56    840    -0.14666   0.00013   0.00001
    16     52    832    -0.14666   0.00012   0.00001
    17     49    833    -0.14666   0.00012   0.00001
    18     46    828    -0.14666   0.00014   0.00001
    19     44    836    -0.14666   0.00013   0.00001
    20     42    840    -0.14667   0.00012   0.00001
    21     40    840    -0.14667   0.00013   0.00001
    22     38    836    -0.14667   0.00012   0.00001
    23     36    828    -0.14667   0.00014   0.00002
    24     35    840    -0.14667   0.00012   0.00002
    25     33    825    -0.14666   0.00013   0.00002
    26     32    832    -0.14666   0.00013   0.00002
    27     31    837    -0.14667   0.00013   0.00002
    28     30    840    -0.14667   0.00013   0.00002
    29     28    812    -0.14667   0.00015   0.00002
    30     28    840    -0.14667   0.00013   0.00002
    31     27    837    -0.14667   0.00014   0.00002
    32     26    832    -0.14666   0.00014   0.00002
    33     25    825    -0.14667   0.00014   0.00002
    34     24    816    -0.14667   0.00013   0.00002
    35     24    840    -0.14667   0.00014   0.00002
    36     23    828    -0.14667   0.00014   0.00002
    37     22    814    -0.14667   0.00015   0.00002
    38     22    836    -0.14667   0.00014   0.00002
    39     21    819    -0.14668   0.00015   0.00002
    40     21    840    -0.14667   0.00014   0.00002
    41     20    820    -0.14668   0.00013   0.00002
    42     20    840    -0.14667   0.00013   0.00002
Fit (variance): plateau_var = 1.66296e-08 ± 9.63134e-10
Fit (error):    plateau = 0.00013 ± 0.00000
     autocorrelation length ~ 6.1 blocks
     plateau reached at block size ~ 26
Final AFQMC/HF Guiding Energy:      -1833.6728 +/- 0.0019
Final AFQMC/pt2CCSD Orbital Energy: -0.14668 +/- 0.00013
<t1> = weightp/weight = 1.02475
Total run time: 1056.49

AFQMC Sampling Finished

LNO-Integral time (s):    71.67
LNO-AFQMC time (s):       1204.65


======================== LNO-FRAGMENT [C21] 22/(48,48) =========================
Fragment Num.  22
Fragment Idx.  22
Fragment Name  C21
LNO THRESHOLD  [0.0001, 1e-05]
PySCF Threads  12
LNO-LAS: 47/156 Occ | 183/636 Vir | 230/792 MOs
LNO-MP2 Fragment Energy:  -0.12025855
LNO-CCSD Fragment Energy: -0.11984644
LNO-CPU time (s):         474.66 (LAS 25.96 | MP2 37.40 | CCSD 411.30)
LNO-CPU wait time (s):    0.00 (100.0% hidden)
Find Density Fit Teonsers in MF object
Integrals will be built by DF Tensors
Calculating Effective Active Space One-electron Integrals
*** Correlation Space Size ***
N Occupied Orbitals: 47
N Active Orbitals:   230
Build effective h0 and h1 time: 54.602942 s
Composing CDERIs from DF
Build CDERI in cLAS time: 11.231533 s
Raw CDERI in LAS shape: (3912, 26565)
Compress CDERI 2 Chol: 1e-05
Compress CDERI time: 7.808115 s
Finished calculating Integrals
LAS Cholesky shape: (1781, 230, 230)
AFQMC script: /u/yzhang65/myprojects/software/afqmc/afqmc/lno_afqmc/script/run_lno_afqmc_pt2ccsd.py

LNO-AFQMC Started
Hostname:     gpue08.delta.ncsa.illinois.edu
System:       Linux
Node:         gpue08.delta.ncsa.illinois.edu
Release:      5.14.0-570.131.1.el9_6.x86_64
Machine:      x86_64
Processor:    x86_64
JAX backend:  GPU
JAX devices:  [CudaDevice(id=0)]
Device kind:  NVIDIA H200
Platform:     gpu

QMC Parameters
eql_time        -         30
n_prop_steps    -         50
n_blocks        -        840
n_walkers       -        300
max_memory      -     200000
mix_precision   -       True
seed            -       1506
walker_type     -        rhf
trial           - pt2ccsd_sto_chol
chol_cost_ratio -        0.2
max_error       -    7.2e-05
dt              -      0.005
n_exp_terms     -          6
n_batch         -          1
nchol_chunk     -        100
free_projection -      False

QMC System
Number of Occ. Orbitals:      47
Number of Act. Orbitals:      230
Number of Chol. Vectors:      1781
Mean-Field Energy:            -1832.00523770
Maximum memory per walker:            666.67 MB
Maximum number of Cholesky per chunk: 825
Number of Cholesky chunks:            3
Number of Cholesky per chunk:         594
Number of padding Cholesky:           1
Trial:   pt2ccsd_sto_chol(norb=230, nelec=(47, 47), n_batch=1, nchol_chunk=594, mix_precision=True, n_chol_head=0, head_chol_ratio=None, n_chol_samples=None, chol_cost_ratio=0.2, head_sample_ratio=3.0, chol_score_floor=1e-06, chol_uniform_mix=0.01, head_from_guide=False)
Sampler: sampler_pt2_sto_chol(n_prop_steps=50, n_blocks=840, n_chol=1781, frozen_vir=0)

Initalize QMC walkers by HF

Equilibration
Initial Orbital energy: -0.11984
inv_T  nodes      weight      energy     error   runTime
 0.00      0   300.00000  -1832.00354   0.00000     42.46
 3.00      0   310.34051  -1833.95273   0.02808     54.88
 6.00      0   301.75972  -1834.04127   0.03521     62.34
 9.00      0   299.40639  -1834.00922   0.02967     69.56
12.00      0   296.54447  -1833.95040   0.02909     76.86
15.00      0   298.26690  -1833.99465   0.02742     84.22
18.00      0   296.70361  -1834.00993   0.03193     91.87
21.00      0   298.59278  -1834.01795   0.02908     98.95
24.00      0   298.02635  -1834.03512   0.03105    106.03
27.00      0   297.20742  -1833.94105   0.02783    113.10
30.00      0   296.70058  -1834.00463   0.02800    120.29

Sampling Blocks
Target Final Error ~ 0.000072
   N  nodes      weight      E(Guide)     Error     weightp    E_frag     Error      Time
  20      0   297.40632   -1834.00160   0.00673   304.80131  -0.12773   0.00034    162.64
  40      0   297.39488   -1834.01337   0.00513   304.93989  -0.12720   0.00028    198.62
  60      0   298.04740   -1834.01127   0.00393   304.82284  -0.12734   0.00025    234.03
  80      0   296.87802   -1834.02433   0.00465   304.72098  -0.12715   0.00020    269.47
 100      0   295.65133   -1834.02121   0.00391   304.56920  -0.12722   0.00017    304.91
 120      0   297.55609   -1834.01928   0.00351   304.58607  -0.12707   0.00015    340.33
 140      0   297.73974   -1834.01809   0.00310   304.76617  -0.12695   0.00014    375.74
 160      0   297.27280   -1834.01398   0.00293   304.84436  -0.12692   0.00013    411.17
 180      0   297.51047   -1834.01616   0.00281   304.91950  -0.12698   0.00012    446.60
 200      0   298.76012   -1834.01531   0.00270   304.92413  -0.12696   0.00012    482.03
 220      0   298.40065   -1834.01370   0.00255   304.97907  -0.12696   0.00011    519.47
 240      0   296.90318   -1834.01680   0.00291   305.00806  -0.12724   0.00019    559.19
 260      0   297.77525   -1834.01772   0.00283   305.06758  -0.12729   0.00018    594.58
 280      0   299.27967   -1834.01603   0.00273   305.06707  -0.12721   0.00016    630.05
 300      0   297.84806   -1834.01455   0.00259   305.05926  -0.12719   0.00015    665.45
 320      0   298.81294   -1834.01495   0.00245   305.11914  -0.12713   0.00015    700.95
 340      0   297.75092   -1834.01528   0.00234   305.12002  -0.12711   0.00014    736.40
 360      0   296.72717   -1834.01303   0.00231   305.08509  -0.12705   0.00013    771.85
 380      0   298.27411   -1834.01265   0.00222   305.06202  -0.12703   0.00013    807.34
 400      0   297.72809   -1834.01255   0.00213   305.04349  -0.12702   0.00012    842.80
 420      0   298.56781   -1834.01204   0.00206   305.02507  -0.12699   0.00012    878.23
 440      0   297.54562   -1834.01110   0.00200   304.99697  -0.12696   0.00011    913.66
 460      0   297.96136   -1834.01097   0.00197   305.00372  -0.12693   0.00011    949.07
 480      0   296.78913   -1834.01230   0.00196   304.96695  -0.12699   0.00012    984.49
 500      0   296.49229   -1834.01258   0.00190   304.92854  -0.12698   0.00011   1020.00
 520      0   298.16068   -1834.01288   0.00184   304.89412  -0.12697   0.00011   1055.42
 540      0   297.10690   -1834.01280   0.00178   304.86991  -0.12692   0.00011   1090.83
 560      0   297.85764   -1834.01253   0.00175   304.85755  -0.12693   0.00010   1128.37
 580      0   297.21619   -1834.01287   0.00171   304.87269  -0.12700   0.00011   1165.81
 600      0   297.39211   -1834.01220   0.00167   304.85490  -0.12698   0.00011   1201.22
 620      0   297.18313   -1834.01203   0.00163   304.85494  -0.12698   0.00011   1236.84
 640      0   296.81145   -1834.01208   0.00159   304.86238  -0.12696   0.00010   1272.30
 660      0   297.04458   -1834.01211   0.00156   304.88119  -0.12695   0.00010   1307.73
 680      0   298.31977   -1834.01205   0.00153   304.89525  -0.12695   0.00010   1343.20
 700      0   297.94491   -1834.01154   0.00150   304.89517  -0.12694   0.00010   1378.69
 720      0   297.34563   -1834.01152   0.00147   304.91440  -0.12693   0.00009   1414.14
 740      0   297.05336   -1834.01110   0.00144   304.90656  -0.12693   0.00009   1449.57
 760      0   298.26195   -1834.01127   0.00141   304.90913  -0.12693   0.00009   1485.02
 780      0   297.26199   -1834.01158   0.00138   304.91827  -0.12694   0.00009   1520.45
 800      0   296.99973   -1834.01171   0.00136   304.92831  -0.12694   0.00009   1555.89
 820      0   297.29845   -1834.01133   0.00134   304.93307  -0.12693   0.00008   1593.59
 840      0   298.60277   -1834.01077   0.00133   304.94711  -0.12692   0.00008   1629.01

Post Propagation
Total number of samples 840
Remove Outliers
Remove samples outside Zeta > 30
Outlier bound [-0.16769, -0.08553]
Removed 0 Outliers
Outliers Energy []
nsample = 840, max_block_size = 42, min_nblocks = 20
   B    NB    NS  Observable     Error    dError
   1   840   840  -1834.01072   0.00133   0.00003
   2   420   840  -1834.01073   0.00170   0.00006
   3   280   840  -1834.01074   0.00192   0.00008
   4   210   840  -1834.01074   0.00202   0.00010
   5   168   840  -1834.01075   0.00220   0.00012
   6   140   840  -1834.01075   0.00236   0.00014
   7   120   840  -1834.01075   0.00222   0.00014
   8   105   840  -1834.01076   0.00223   0.00015
   9    93   837  -1834.01091   0.00237   0.00017
  10    84   840  -1834.01076   0.00262   0.00020
  11    76   836  -1834.01101   0.00254   0.00021
  12    70   840  -1834.01076   0.00262   0.00022
  13    64   832  -1834.01129   0.00267   0.00024
  14    60   840  -1834.01077   0.00235   0.00022
  15    56   840  -1834.01077   0.00221   0.00021
  16    52   832  -1834.01130   0.00221   0.00022
  17    49   833  -1834.01127   0.00244   0.00025
  18    46   828  -1834.01128   0.00260   0.00027
  19    44   836  -1834.01102   0.00261   0.00028
  20    42   840  -1834.01077   0.00265   0.00029
  21    40   840  -1834.01077   0.00239   0.00027
  22    38   836  -1834.01102   0.00247   0.00029
  23    36   828  -1834.01128   0.00237   0.00028
  24    35   840  -1834.01077   0.00248   0.00030
  25    33   825  -1834.01128   0.00208   0.00026
  26    32   832  -1834.01130   0.00234   0.00030
  27    31   837  -1834.01093   0.00250   0.00032
  28    30   840  -1834.01077   0.00233   0.00031
  29    28   812  -1834.01134   0.00259   0.00035
  30    28   840  -1834.01077   0.00250   0.00034
  31    27   837  -1834.01093   0.00239   0.00033
  32    26   832  -1834.01131   0.00203   0.00029
  33    25   825  -1834.01128   0.00254   0.00037
  34    24   816  -1834.01122   0.00227   0.00033
  35    24   840  -1834.01077   0.00214   0.00032
  36    23   828  -1834.01128   0.00208   0.00031
  37    22   814  -1834.01122   0.00247   0.00038
  38    22   836  -1834.01102   0.00265   0.00041
  39    21   819  -1834.01131   0.00230   0.00036
  40    21   840  -1834.01077   0.00233   0.00037
  41    20   820  -1834.01133   0.00235   0.00038
  42    20   840  -1834.01077   0.00259   0.00042
Fit (variance): plateau_var = 5.725e-06 ± 2.337e-07
Fit (error):    plateau = 0.00239 ± 0.00005
     autocorrelation length ~ 3.0 blocks
     plateau reached at block size ~ 14
nsample = 840, max_block_size = 42, min_nblocks = 20
Blk_SZ   NBlk   NSmp      Energy     Error    dError
     1    840    840    -0.12687   0.00008   0.00000
     2    420    840    -0.12687   0.00010   0.00000
     3    280    840    -0.12688   0.00011   0.00000
     4    210    840    -0.12689   0.00011   0.00001
     5    168    840    -0.12689   0.00012   0.00001
     6    140    840    -0.12689   0.00012   0.00001
     7    120    840    -0.12689   0.00012   0.00001
     8    105    840    -0.12690   0.00011   0.00001
     9     93    837    -0.12690   0.00012   0.00001
    10     84    840    -0.12689   0.00013   0.00001
    11     76    836    -0.12690   0.00013   0.00001
    12     70    840    -0.12690   0.00013   0.00001
    13     64    832    -0.12691   0.00013   0.00001
    14     60    840    -0.12690   0.00012   0.00001
    15     56    840    -0.12690   0.00012   0.00001
    16     52    832    -0.12691   0.00011   0.00001
    17     49    833    -0.12691   0.00012   0.00001
    18     46    828    -0.12692   0.00012   0.00001
    19     44    836    -0.12691   0.00013   0.00001
    20     42    840    -0.12690   0.00013   0.00001
    21     40    840    -0.12691   0.00013   0.00001
    22     38    836    -0.12691   0.00013   0.00001
    23     36    828    -0.12692   0.00013   0.00002
    24     35    840    -0.12691   0.00013   0.00002
    25     33    825    -0.12692   0.00012   0.00001
    26     32    832    -0.12692   0.00013   0.00002
    27     31    837    -0.12691   0.00014   0.00002
    28     30    840    -0.12691   0.00011   0.00001
    29     28    812    -0.12692   0.00013   0.00002
    30     28    840    -0.12691   0.00013   0.00002
    31     27    837    -0.12691   0.00012   0.00002
    32     26    832    -0.12692   0.00012   0.00002
    33     25    825    -0.12693   0.00014   0.00002
    34     24    816    -0.12693   0.00013   0.00002
    35     24    840    -0.12691   0.00013   0.00002
    36     23    828    -0.12692   0.00013   0.00002
    37     22    814    -0.12692   0.00015   0.00002
    38     22    836    -0.12692   0.00013   0.00002
    39     21    819    -0.12693   0.00012   0.00002
    40     21    840    -0.12691   0.00012   0.00002
    41     20    820    -0.12693   0.00013   0.00002
    42     20    840    -0.12691   0.00013   0.00002
Fit (variance): plateau_var = 1.53609e-08 ± 5.90653e-10
Fit (error):    plateau = 0.00012 ± 0.00000
     autocorrelation length ~ 2.2 blocks
     plateau reached at block size ~ 11
Final AFQMC/HF Guiding Energy:      -1834.0108 +/- 0.0024
Final AFQMC/pt2CCSD Orbital Energy: -0.12692 +/- 0.00012
<t1> = weightp/weight = 1.02499
Total run time: 1633.59

AFQMC Sampling Finished

LNO-Integral time (s):    79.95
LNO-AFQMC time (s):       1760.30


======================= LNO-FRAGMENT [C22H34] 23/(48,48) =======================
Fragment Num.  23
Fragment Idx.  23
Fragment Name  C22H34
LNO THRESHOLD  [0.0001, 1e-05]
PySCF Threads  12
LNO-LAS: 40/156 Occ | 165/636 Vir | 205/792 MOs
LNO-MP2 Fragment Energy:  -0.13470967
LNO-CCSD Fragment Energy: -0.13962935
LNO-CPU time (s):         312.52 (LAS 26.49 | MP2 27.87 | CCSD 258.16)
LNO-CPU wait time (s):    0.00 (100.0% hidden)
Find Density Fit Teonsers in MF object
Integrals will be built by DF Tensors
Calculating Effective Active Space One-electron Integrals
*** Correlation Space Size ***
N Occupied Orbitals: 40
N Active Orbitals:   205
Build effective h0 and h1 time: 54.184703 s
Composing CDERIs from DF
Build CDERI in cLAS time: 11.180285 s
Raw CDERI in LAS shape: (3912, 21115)
Compress CDERI 2 Chol: 1e-05
Compress CDERI time: 4.435255 s
Finished calculating Integrals
LAS Cholesky shape: (1651, 205, 205)
AFQMC script: /u/yzhang65/myprojects/software/afqmc/afqmc/lno_afqmc/script/run_lno_afqmc_pt2ccsd.py

LNO-AFQMC Started
Hostname:     gpue08.delta.ncsa.illinois.edu
System:       Linux
Node:         gpue08.delta.ncsa.illinois.edu
Release:      5.14.0-570.131.1.el9_6.x86_64
Machine:      x86_64
Processor:    x86_64
JAX backend:  GPU
JAX devices:  [CudaDevice(id=0)]
Device kind:  NVIDIA H200
Platform:     gpu

QMC Parameters
eql_time        -         30
n_prop_steps    -         50
n_blocks        -        840
n_walkers       -        300
max_memory      -     200000
mix_precision   -       True
seed            -       4167
walker_type     -        rhf
trial           - pt2ccsd_sto_chol
chol_cost_ratio -        0.2
max_error       -    7.2e-05
dt              -      0.005
n_exp_terms     -          6
n_batch         -          1
nchol_chunk     -        100
free_projection -      False

QMC System
Number of Occ. Orbitals:      40
Number of Act. Orbitals:      205
Number of Chol. Vectors:      1651
Mean-Field Energy:            -1832.00523770
Maximum memory per walker:            666.67 MB
Maximum number of Cholesky per chunk: 1039
Number of Cholesky chunks:            2
Number of Cholesky per chunk:         826
Number of padding Cholesky:           1
Trial:   pt2ccsd_sto_chol(norb=205, nelec=(40, 40), n_batch=1, nchol_chunk=826, mix_precision=True, n_chol_head=0, head_chol_ratio=None, n_chol_samples=None, chol_cost_ratio=0.2, head_sample_ratio=3.0, chol_score_floor=1e-06, chol_uniform_mix=0.01, head_from_guide=False)
Sampler: sampler_pt2_sto_chol(n_prop_steps=50, n_blocks=840, n_chol=1651, frozen_vir=0)

Initalize QMC walkers by HF

Equilibration
Initial Orbital energy: -0.13964
inv_T  nodes      weight      energy     error   runTime
 0.00      0   300.00000  -1832.00359   0.00000     39.94
 3.00      0   309.48800  -1833.65087   0.02550     51.12
 6.00      0   301.04475  -1833.64958   0.02750     56.26
 9.00      0   299.61492  -1833.65558   0.02563     62.03
12.00      0   298.41078  -1833.68355   0.02774     67.70
15.00      0   297.65588  -1833.69608   0.03705     72.86
18.00      0   297.86527  -1833.65437   0.02761     77.99
21.00      0   297.90594  -1833.65874   0.02678     83.12
24.00      0   298.43832  -1833.64123   0.02691     88.24
27.00      0   297.48250  -1833.69512   0.03205     93.39
30.00      0   298.59336  -1833.71365   0.02833     99.36

Sampling Blocks
Target Final Error ~ 0.000072
   N  nodes      weight      E(Guide)     Error     weightp    E_frag     Error      Time
  20      0   297.55707   -1833.70134   0.00376   305.13532  -0.14719   0.00044    131.49
  40      0   296.97031   -1833.67915   0.00509   304.95800  -0.14672   0.00035    154.48
  60      0   297.76957   -1833.68025   0.00385   305.07613  -0.14703   0.00027    178.30
  80      0   297.44407   -1833.67870   0.00380   305.15884  -0.14667   0.00023    202.00
 100      0   297.92084   -1833.68404   0.00355   305.16223  -0.14655   0.00021    225.20
 120      0   298.64506   -1833.68390   0.00312   305.11587  -0.14630   0.00019    248.42
 140      0   299.30046   -1833.68125   0.00281   305.08671  -0.14622   0.00018    271.42
 160      0   297.40265   -1833.68091   0.00255   305.03134  -0.14626   0.00017    294.71
 180      0   297.91485   -1833.67807   0.00239   305.05922  -0.14630   0.00016    318.02
 200      0   297.90248   -1833.67721   0.00227   305.05035  -0.14627   0.00015    340.37
 220      0   297.06076   -1833.67857   0.00227   305.06773  -0.14632   0.00014    362.64
 240      0   299.42041   -1833.67512   0.00231   305.07139  -0.14633   0.00013    384.99
 260      0   297.27580   -1833.67624   0.00221   305.11036  -0.14628   0.00012    407.33
 280      0   297.94203   -1833.67671   0.00213   305.14354  -0.14631   0.00012    429.75
 300      0   296.05788   -1833.67541   0.00204   305.13350  -0.14641   0.00015    452.06
 320      0   296.13693   -1833.67581   0.00199   305.12101  -0.14641   0.00015    474.42
 340      0   296.89203   -1833.67622   0.00191   305.10333  -0.14640   0.00014    496.77
 360      0   298.61678   -1833.67718   0.00184   305.08896  -0.14642   0.00013    523.47
 380      0   296.55697   -1833.67814   0.00178   305.07546  -0.14654   0.00015    548.66
 400      0   298.54830   -1833.67841   0.00171   305.07992  -0.14650   0.00014    570.94
 420      0   298.45497   -1833.67929   0.00166   305.09470  -0.14650   0.00013    593.33
 440      0   297.89321   -1833.67908   0.00161   305.10221  -0.14653   0.00013    615.77
 460      0   297.50536   -1833.67984   0.00164   305.10893  -0.14669   0.00015    638.10
 480      0   297.87600   -1833.68014   0.00159   305.09219  -0.14668   0.00014    660.36
 500      0   296.99890   -1833.67964   0.00157   305.06491  -0.14668   0.00014    682.88
 520      0   296.56986   -1833.67889   0.00153   305.07521  -0.14669   0.00013    705.26
 540      0   297.83557   -1833.67761   0.00151   305.07862  -0.14666   0.00013    727.58
 560      0   298.41497   -1833.67844   0.00148   305.08757  -0.14666   0.00013    749.87
 580      0   297.06294   -1833.67829   0.00147   305.07622  -0.14664   0.00012    772.21
 600      0   297.39779   -1833.67759   0.00144   305.08012  -0.14658   0.00012    794.54
 620      0   297.65071   -1833.67760   0.00141   305.08483  -0.14660   0.00012    816.84
 640      0   297.73179   -1833.67708   0.00137   305.09854  -0.14660   0.00011    839.13
 660      0   298.58930   -1833.67661   0.00135   305.10816  -0.14658   0.00011    861.47
 680      0   297.02625   -1833.67633   0.00132   305.13695  -0.14656   0.00011    883.82
 700      0   297.21307   -1833.67674   0.00130   305.16634  -0.14655   0.00010    906.15
 720      0   296.93073   -1833.67619   0.00129   305.17678  -0.14653   0.00010    928.45
 740      0   298.18868   -1833.67579   0.00127   305.18429  -0.14651   0.00010    950.83
 760      0   298.94999   -1833.67558   0.00126   305.18427  -0.14651   0.00010    973.19
 780      0   298.64372   -1833.67518   0.00123   305.18261  -0.14651   0.00010    995.50
 800      0   296.06593   -1833.67507   0.00121   305.17706  -0.14652   0.00009   1017.81
 820      0   296.88929   -1833.67524   0.00119   305.16512  -0.14653   0.00009   1040.15
 840      0   298.38323   -1833.67540   0.00118   305.15656  -0.14655   0.00009   1062.47

Post Propagation
Total number of samples 840
Remove Outliers
Remove samples outside Zeta > 30
Outlier bound [-0.19685, -0.09542]
Removed 0 Outliers
Outliers Energy []
nsample = 840, max_block_size = 42, min_nblocks = 20
   B    NB    NS  Observable     Error    dError
   1   840   840  -1833.67536   0.00118   0.00003
   2   420   840  -1833.67537   0.00150   0.00005
   3   280   840  -1833.67537   0.00170   0.00007
   4   210   840  -1833.67538   0.00185   0.00009
   5   168   840  -1833.67538   0.00200   0.00011
   6   140   840  -1833.67538   0.00206   0.00012
   7   120   840  -1833.67538   0.00219   0.00014
   8   105   840  -1833.67539   0.00221   0.00015
   9    93   837  -1833.67524   0.00227   0.00017
  10    84   840  -1833.67539   0.00228   0.00018
  11    76   836  -1833.67516   0.00239   0.00019
  12    70   840  -1833.67539   0.00239   0.00020
  13    64   832  -1833.67516   0.00222   0.00020
  14    60   840  -1833.67539   0.00238   0.00022
  15    56   840  -1833.67539   0.00258   0.00025
  16    52   832  -1833.67516   0.00234   0.00023
  17    49   833  -1833.67523   0.00236   0.00024
  18    46   828  -1833.67500   0.00272   0.00029
  19    44   836  -1833.67517   0.00260   0.00028
  20    42   840  -1833.67540   0.00250   0.00028
  21    40   840  -1833.67539   0.00254   0.00029
  22    38   836  -1833.67517   0.00268   0.00031
  23    36   828  -1833.67500   0.00254   0.00030
  24    35   840  -1833.67539   0.00266   0.00032
  25    33   825  -1833.67498   0.00262   0.00033
  26    32   832  -1833.67516   0.00263   0.00033
  27    31   837  -1833.67525   0.00291   0.00038
  28    30   840  -1833.67540   0.00221   0.00029
  29    28   812  -1833.67513   0.00225   0.00031
  30    28   840  -1833.67539   0.00302   0.00041
  31    27   837  -1833.67525   0.00239   0.00033
  32    26   832  -1833.67516   0.00254   0.00036
  33    25   825  -1833.67498   0.00222   0.00032
  34    24   816  -1833.67528   0.00271   0.00040
  35    24   840  -1833.67540   0.00257   0.00038
  36    23   828  -1833.67501   0.00275   0.00041
  37    22   814  -1833.67527   0.00242   0.00037
  38    22   836  -1833.67517   0.00258   0.00040
  39    21   819  -1833.67527   0.00248   0.00039
  40    21   840  -1833.67540   0.00230   0.00036
  41    20   820  -1833.67524   0.00247   0.00040
  42    20   840  -1833.67540   0.00226   0.00037
Fit (variance): plateau_var = 6.220e-06 ± 3.137e-07
Fit (error):    plateau = 0.00249 ± 0.00006
     autocorrelation length ~ 5.4 blocks
     plateau reached at block size ~ 25
nsample = 840, max_block_size = 42, min_nblocks = 20
Blk_SZ   NBlk   NSmp      Energy     Error    dError
     1    840    840    -0.14649   0.00009   0.00000
     2    420    840    -0.14650   0.00010   0.00000
     3    280    840    -0.14650   0.00011   0.00000
     4    210    840    -0.14651   0.00012   0.00001
     5    168    840    -0.14651   0.00011   0.00001
     6    140    840    -0.14652   0.00012   0.00001
     7    120    840    -0.14652   0.00012   0.00001
     8    105    840    -0.14652   0.00013   0.00001
     9     93    837    -0.14652   0.00012   0.00001
    10     84    840    -0.14653   0.00012   0.00001
    11     76    836    -0.14652   0.00013   0.00001
    12     70    840    -0.14653   0.00014   0.00001
    13     64    832    -0.14653   0.00014   0.00001
    14     60    840    -0.14653   0.00013   0.00001
    15     56    840    -0.14653   0.00013   0.00001
    16     52    832    -0.14653   0.00014   0.00001
    17     49    833    -0.14653   0.00014   0.00001
    18     46    828    -0.14653   0.00013   0.00001
    19     44    836    -0.14653   0.00014   0.00002
    20     42    840    -0.14653   0.00014   0.00002
    21     40    840    -0.14654   0.00015   0.00002
    22     38    836    -0.14653   0.00014   0.00002
    23     36    828    -0.14654   0.00015   0.00002
    24     35    840    -0.14654   0.00015   0.00002
    25     33    825    -0.14653   0.00014   0.00002
    26     32    832    -0.14654   0.00014   0.00002
    27     31    837    -0.14653   0.00015   0.00002
    28     30    840    -0.14654   0.00013   0.00002
    29     28    812    -0.14651   0.00016   0.00002
    30     28    840    -0.14654   0.00014   0.00002
    31     27    837    -0.14654   0.00015   0.00002
    32     26    832    -0.14654   0.00015   0.00002
    33     25    825    -0.14653   0.00015   0.00002
    34     24    816    -0.14651   0.00014   0.00002
    35     24    840    -0.14654   0.00016   0.00002
    36     23    828    -0.14654   0.00014   0.00002
    37     22    814    -0.14651   0.00014   0.00002
    38     22    836    -0.14653   0.00015   0.00002
    39     21    819    -0.14652   0.00015   0.00002
    40     21    840    -0.14654   0.00014   0.00002
    41     20    820    -0.14652   0.00014   0.00002
    42     20    840    -0.14655   0.00015   0.00002
Fit (variance): plateau_var = 2.03845e-08 ± 1.15094e-09
Fit (error):    plateau = 0.00014 ± 0.00000
     autocorrelation length ~ 6.2 blocks
     plateau reached at block size ~ 27
Final AFQMC/HF Guiding Energy:      -1833.6754 +/- 0.0025
Final AFQMC/pt2CCSD Orbital Energy: -0.14655 +/- 0.00014
<t1> = weightp/weight = 1.02465
Total run time: 1065.39

AFQMC Sampling Finished

LNO-Integral time (s):    76.93
LNO-AFQMC time (s):       1201.07


======================= LNO-FRAGMENT [C23H35] 24/(48,48) =======================
Fragment Num.  24
Fragment Idx.  24
Fragment Name  C23H35
LNO THRESHOLD  [0.0001, 1e-05]
PySCF Threads  12
LNO-LAS: 40/156 Occ | 162/636 Vir | 202/792 MOs
LNO-MP2 Fragment Energy:  -0.13454230
LNO-CCSD Fragment Energy: -0.13949053
LNO-CPU time (s):         269.82 (LAS 24.79 | MP2 35.34 | CCSD 209.69)
LNO-CPU wait time (s):    0.00 (100.0% hidden)
Find Density Fit Teonsers in MF object
Integrals will be built by DF Tensors
Calculating Effective Active Space One-electron Integrals
*** Correlation Space Size ***
N Occupied Orbitals: 40
N Active Orbitals:   202
Build effective h0 and h1 time: 56.566188 s
Composing CDERIs from DF
Build CDERI in cLAS time: 14.018268 s
Raw CDERI in LAS shape: (3912, 20503)
Compress CDERI 2 Chol: 1e-05
Compress CDERI time: 4.879436 s
Finished calculating Integrals
LAS Cholesky shape: (1617, 202, 202)
AFQMC script: /u/yzhang65/myprojects/software/afqmc/afqmc/lno_afqmc/script/run_lno_afqmc_pt2ccsd.py

LNO-AFQMC Started
Hostname:     gpue08.delta.ncsa.illinois.edu
System:       Linux
Node:         gpue08.delta.ncsa.illinois.edu
Release:      5.14.0-570.131.1.el9_6.x86_64
Machine:      x86_64
Processor:    x86_64
JAX backend:  GPU
JAX devices:  [CudaDevice(id=0)]
Device kind:  NVIDIA H200
Platform:     gpu

QMC Parameters
eql_time        -         30
n_prop_steps    -         50
n_blocks        -        840
n_walkers       -        300
max_memory      -     200000
mix_precision   -       True
seed            -       1510
walker_type     -        rhf
trial           - pt2ccsd_sto_chol
chol_cost_ratio -        0.2
max_error       -    7.2e-05
dt              -      0.005
n_exp_terms     -          6
n_batch         -          1
nchol_chunk     -        100
free_projection -      False

QMC System
Number of Occ. Orbitals:      40
Number of Act. Orbitals:      202
Number of Chol. Vectors:      1617
Mean-Field Energy:            -1832.00523770
Maximum memory per walker:            666.67 MB
Maximum number of Cholesky per chunk: 1070
Number of Cholesky chunks:            2
Number of Cholesky per chunk:         809
Number of padding Cholesky:           1
Trial:   pt2ccsd_sto_chol(norb=202, nelec=(40, 40), n_batch=1, nchol_chunk=809, mix_precision=True, n_chol_head=0, head_chol_ratio=None, n_chol_samples=None, chol_cost_ratio=0.2, head_sample_ratio=3.0, chol_score_floor=1e-06, chol_uniform_mix=0.01, head_from_guide=False)
Sampler: sampler_pt2_sto_chol(n_prop_steps=50, n_blocks=840, n_chol=1617, frozen_vir=0)

Initalize QMC walkers by HF

Equilibration
Initial Orbital energy: -0.13951
inv_T  nodes      weight      energy     error   runTime
 0.00      0   300.00000  -1832.00367   0.00000     42.99
 3.00      0   309.18930  -1833.68410   0.03344     53.28
 6.00      0   300.91695  -1833.68773   0.02829     58.11
 9.00      0   298.53576  -1833.62740   0.02640     62.94
12.00      0   298.26311  -1833.68317   0.02582     68.11
15.00      0   297.77550  -1833.66257   0.02650     73.53
18.00      0   299.32395  -1833.73331   0.03105     78.57
21.00      0   297.30811  -1833.70422   0.02703     83.42
24.00      0   297.40917  -1833.65581   0.02651     88.26
27.00      0   299.34605  -1833.71588   0.03004     93.10
30.00      0   297.45970  -1833.62976   0.02353     97.96

Sampling Blocks
Target Final Error ~ 0.000072
   N  nodes      weight      E(Guide)     Error     weightp    E_frag     Error      Time
  20      0   297.16079   -1833.66615   0.00388   304.99057  -0.14506   0.00025    127.58
  40      0   297.91574   -1833.67004   0.00327   304.77734  -0.14539   0.00017    150.37
  60      0   297.56127   -1833.67020   0.00284   304.98319  -0.14571   0.00016    172.40
  80      0   296.88486   -1833.66662   0.00273   304.93339  -0.14602   0.00020    194.48
 100      0   298.91958   -1833.66420   0.00253   304.94305  -0.14613   0.00018    215.90
 120      0   298.49519   -1833.66330   0.00236   304.90826  -0.14606   0.00016    237.62
 140      0   297.63821   -1833.66360   0.00212   304.87500  -0.14609   0.00014    259.38
 160      0   299.52439   -1833.66166   0.00214   304.83904  -0.14609   0.00013    280.49
 180      0   297.84097   -1833.66276   0.00200   304.84772  -0.14606   0.00012    301.89
 200      0   298.25888   -1833.66548   0.00200   304.84966  -0.14616   0.00012    322.84
 220      0   297.13186   -1833.66734   0.00202   304.79762  -0.14629   0.00015    343.78
 240      0   297.42686   -1833.66948   0.00198   304.78103  -0.14635   0.00015    364.68
 260      0   297.30767   -1833.66804   0.00193   304.70932  -0.14630   0.00014    385.59
 280      0   299.17586   -1833.66628   0.00186   304.69075  -0.14632   0.00013    406.53
 300      0   298.11352   -1833.66650   0.00180   304.70393  -0.14634   0.00012    427.39
 320      0   295.70421   -1833.66793   0.00178   304.68091  -0.14633   0.00012    448.32
 340      0   299.32103   -1833.66651   0.00176   304.69257  -0.14638   0.00011    469.25
 360      0   299.05441   -1833.66583   0.00172   304.66180  -0.14640   0.00011    490.12
 380      0   297.05276   -1833.66615   0.00165   304.64883  -0.14647   0.00011    511.10
 400      0   297.01661   -1833.66579   0.00158   304.63604  -0.14644   0.00010    538.28
 420      0   297.83565   -1833.66616   0.00153   304.64009  -0.14643   0.00010    559.54
 440      0   298.55012   -1833.66569   0.00149   304.65630  -0.14641   0.00010    580.54
 460      0   298.27186   -1833.66513   0.00145   304.64534  -0.14642   0.00009    601.43
 480      0   298.08284   -1833.66479   0.00143   304.62972  -0.14641   0.00009    622.46
 500      0   298.19178   -1833.66533   0.00140   304.63836  -0.14643   0.00009    643.41
 520      0   298.01975   -1833.66536   0.00137   304.65429  -0.14642   0.00009    664.30
 540      0   296.40082   -1833.66565   0.00133   304.67293  -0.14642   0.00008    685.23
 560      0   299.04939   -1833.66600   0.00131   304.67674  -0.14642   0.00009    706.17
 580      0   296.28134   -1833.66560   0.00129   304.67361  -0.14639   0.00008    727.02
 600      0   297.72944   -1833.66547   0.00127   304.67380  -0.14642   0.00008    747.94
 620      0   297.30766   -1833.66640   0.00126   304.66196  -0.14640   0.00008    768.91
 640      0   298.28897   -1833.66654   0.00125   304.66622  -0.14638   0.00008    789.79
 660      0   297.62226   -1833.66693   0.00122   304.66201  -0.14638   0.00008    810.69
 680      0   298.08069   -1833.66672   0.00121   304.66716  -0.14646   0.00009    831.61
 700      0   297.85354   -1833.66730   0.00120   304.66569  -0.14650   0.00009    852.58
 720      0   297.37862   -1833.66721   0.00119   304.66435  -0.14650   0.00009    873.45
 740      0   297.67113   -1833.66715   0.00116   304.65859  -0.14648   0.00009    894.37
 760      0   298.66918   -1833.66779   0.00117   304.65633  -0.14649   0.00009    915.28
 780      0   298.50423   -1833.66794   0.00116   304.66765  -0.14648   0.00008    936.14
 800      0   297.67148   -1833.66818   0.00114   304.67478  -0.14646   0.00008    957.08
 820      0   297.37719   -1833.66843   0.00112   304.67207  -0.14650   0.00008    978.01
 840      0   298.90273   -1833.66905   0.00111   304.68586  -0.14651   0.00008    998.89

Post Propagation
Total number of samples 840
Remove Outliers
Remove samples outside Zeta > 30
Outlier bound [-0.19174, -0.10056]
Removed 0 Outliers
Outliers Energy []
nsample = 840, max_block_size = 42, min_nblocks = 20
   B    NB    NS  Observable     Error    dError
   1   840   840  -1833.66901   0.00111   0.00003
   2   420   840  -1833.66902   0.00140   0.00005
   3   280   840  -1833.66903   0.00160   0.00007
   4   210   840  -1833.66903   0.00174   0.00008
   5   168   840  -1833.66904   0.00180   0.00010
   6   140   840  -1833.66904   0.00192   0.00011
   7   120   840  -1833.66904   0.00192   0.00012
   8   105   840  -1833.66904   0.00204   0.00014
   9    93   837  -1833.66890   0.00201   0.00015
  10    84   840  -1833.66904   0.00203   0.00016
  11    76   836  -1833.66889   0.00207   0.00017
  12    70   840  -1833.66904   0.00224   0.00019
  13    64   832  -1833.66874   0.00230   0.00020
  14    60   840  -1833.66904   0.00220   0.00020
  15    56   840  -1833.66905   0.00227   0.00022
  16    52   832  -1833.66874   0.00236   0.00023
  17    49   833  -1833.66879   0.00214   0.00022
  18    46   828  -1833.66875   0.00220   0.00023
  19    44   836  -1833.66889   0.00222   0.00024
  20    42   840  -1833.66905   0.00218   0.00024
  21    40   840  -1833.66905   0.00247   0.00028
  22    38   836  -1833.66889   0.00237   0.00028
  23    36   828  -1833.66875   0.00220   0.00026
  24    35   840  -1833.66905   0.00253   0.00031
  25    33   825  -1833.66859   0.00222   0.00028
  26    32   832  -1833.66874   0.00253   0.00032
  27    31   837  -1833.66891   0.00253   0.00033
  28    30   840  -1833.66905   0.00247   0.00032
  29    28   812  -1833.66829   0.00218   0.00030
  30    28   840  -1833.66905   0.00233   0.00032
  31    27   837  -1833.66891   0.00267   0.00037
  32    26   832  -1833.66874   0.00260   0.00037
  33    25   825  -1833.66859   0.00211   0.00030
  34    24   816  -1833.66842   0.00206   0.00030
  35    24   840  -1833.66905   0.00284   0.00042
  36    23   828  -1833.66875   0.00231   0.00035
  37    22   814  -1833.66839   0.00242   0.00037
  38    22   836  -1833.66889   0.00189   0.00029
  39    21   819  -1833.66841   0.00248   0.00039
  40    21   840  -1833.66905   0.00264   0.00042
  41    20   820  -1833.66843   0.00255   0.00041
  42    20   840  -1833.66905   0.00262   0.00043
Fit (variance): plateau_var = 5.295e-06 ± 2.754e-07
Fit (error):    plateau = 0.00230 ± 0.00006
     autocorrelation length ~ 5.5 blocks
     plateau reached at block size ~ 25
nsample = 840, max_block_size = 42, min_nblocks = 20
Blk_SZ   NBlk   NSmp      Energy     Error    dError
     1    840    840    -0.14646   0.00008   0.00000
     2    420    840    -0.14647   0.00009   0.00000
     3    280    840    -0.14647   0.00010   0.00000
     4    210    840    -0.14648   0.00010   0.00000
     5    168    840    -0.14648   0.00011   0.00001
     6    140    840    -0.14649   0.00011   0.00001
     7    120    840    -0.14649   0.00011   0.00001
     8    105    840    -0.14649   0.00012   0.00001
     9     93    837    -0.14649   0.00011   0.00001
    10     84    840    -0.14649   0.00011   0.00001
    11     76    836    -0.14649   0.00012   0.00001
    12     70    840    -0.14649   0.00012   0.00001
    13     64    832    -0.14650   0.00011   0.00001
    14     60    840    -0.14649   0.00012   0.00001
    15     56    840    -0.14649   0.00011   0.00001
    16     52    832    -0.14650   0.00011   0.00001
    17     49    833    -0.14650   0.00012   0.00001
    18     46    828    -0.14650   0.00011   0.00001
    19     44    836    -0.14650   0.00012   0.00001
    20     42    840    -0.14650   0.00012   0.00001
    21     40    840    -0.14650   0.00014   0.00002
    22     38    836    -0.14650   0.00011   0.00001
    23     36    828    -0.14650   0.00012   0.00001
    24     35    840    -0.14650   0.00014   0.00002
    25     33    825    -0.14649   0.00013   0.00002
    26     32    832    -0.14650   0.00013   0.00002
    27     31    837    -0.14649   0.00012   0.00002
    28     30    840    -0.14650   0.00013   0.00002
    29     28    812    -0.14649   0.00013   0.00002
    30     28    840    -0.14650   0.00012   0.00002
    31     27    837    -0.14650   0.00013   0.00002
    32     26    832    -0.14650   0.00013   0.00002
    33     25    825    -0.14650   0.00013   0.00002
    34     24    816    -0.14649   0.00012   0.00002
    35     24    840    -0.14650   0.00015   0.00002
    36     23    828    -0.14651   0.00013   0.00002
    37     22    814    -0.14649   0.00012   0.00002
    38     22    836    -0.14650   0.00012   0.00002
    39     21    819    -0.14649   0.00014   0.00002
    40     21    840    -0.14650   0.00012   0.00002
    41     20    820    -0.14650   0.00013   0.00002
    42     20    840    -0.14650   0.00013   0.00002
Fit (variance): plateau_var = 1.49876e-08 ± 7.24813e-10
Fit (error):    plateau = 0.00012 ± 0.00000
     autocorrelation length ~ 4.5 blocks
     plateau reached at block size ~ 20
Final AFQMC/HF Guiding Energy:      -1833.6691 +/- 0.0023
Final AFQMC/pt2CCSD Orbital Energy: -0.14651 +/- 0.00012
<t1> = weightp/weight = 1.02302
Total run time: 1001.47

AFQMC Sampling Finished

LNO-Integral time (s):    88.49
LNO-AFQMC time (s):       1133.30


======================== LNO-FRAGMENT [C36] 25/(48,48) =========================
Fragment Num.  25
Fragment Idx.  25
Fragment Name  C36
LNO THRESHOLD  [0.0001, 1e-05]
PySCF Threads  12
LNO-LAS: 48/156 Occ | 185/636 Vir | 233/792 MOs
LNO-MP2 Fragment Energy:  -0.12318198
LNO-CCSD Fragment Energy: -0.12179205
LNO-CPU time (s):         504.23 (LAS 25.37 | MP2 41.68 | CCSD 437.19)
LNO-CPU wait time (s):    0.00 (100.0% hidden)
Find Density Fit Teonsers in MF object
Integrals will be built by DF Tensors
Calculating Effective Active Space One-electron Integrals
*** Correlation Space Size ***
N Occupied Orbitals: 48
N Active Orbitals:   233
Build effective h0 and h1 time: 52.345090 s
Composing CDERIs from DF
Build CDERI in cLAS time: 10.772520 s
Raw CDERI in LAS shape: (3912, 27261)
Compress CDERI 2 Chol: 1e-05
Compress CDERI time: 4.886360 s
Finished calculating Integrals
LAS Cholesky shape: (1771, 233, 233)
AFQMC script: /u/yzhang65/myprojects/software/afqmc/afqmc/lno_afqmc/script/run_lno_afqmc_pt2ccsd.py

LNO-AFQMC Started
Hostname:     gpue08.delta.ncsa.illinois.edu
System:       Linux
Node:         gpue08.delta.ncsa.illinois.edu
Release:      5.14.0-570.131.1.el9_6.x86_64
Machine:      x86_64
Processor:    x86_64
JAX backend:  GPU
JAX devices:  [CudaDevice(id=0)]
Device kind:  NVIDIA H200
Platform:     gpu

QMC Parameters
eql_time        -         30
n_prop_steps    -         50
n_blocks        -        840
n_walkers       -        300
max_memory      -     200000
mix_precision   -       True
seed            -        605
walker_type     -        rhf
trial           - pt2ccsd_sto_chol
chol_cost_ratio -        0.2
max_error       -    7.2e-05
dt              -      0.005
n_exp_terms     -          6
n_batch         -          1
nchol_chunk     -        100
free_projection -      False

QMC System
Number of Occ. Orbitals:      48
Number of Act. Orbitals:      233
Number of Chol. Vectors:      1771
Mean-Field Energy:            -1832.00523770
Maximum memory per walker:            666.67 MB
Maximum number of Cholesky per chunk: 804
Number of Cholesky chunks:            3
Number of Cholesky per chunk:         591
Number of padding Cholesky:           2
Trial:   pt2ccsd_sto_chol(norb=233, nelec=(48, 48), n_batch=1, nchol_chunk=591, mix_precision=True, n_chol_head=0, head_chol_ratio=None, n_chol_samples=None, chol_cost_ratio=0.2, head_sample_ratio=3.0, chol_score_floor=1e-06, chol_uniform_mix=0.01, head_from_guide=False)
Sampler: sampler_pt2_sto_chol(n_prop_steps=50, n_blocks=840, n_chol=1771, frozen_vir=0)

Initalize QMC walkers by HF

Equilibration
Initial Orbital energy: -0.12180
inv_T  nodes      weight      energy     error   runTime
 0.00      0   300.00000  -1832.00308   0.00000     39.05
 3.00      0   309.77503  -1834.03570   0.03463     50.76
 6.00      0   301.20433  -1834.08497   0.03080     58.02
 9.00      0   298.05462  -1834.04495   0.02666     66.18
12.00      0   298.77455  -1834.18197   0.03296     73.42
15.00      0   296.69827  -1834.07777   0.02980     80.67
18.00      0   296.95770  -1834.09358   0.02821     88.12
21.00      0   298.02491  -1834.13907   0.03675     95.69
24.00      0   296.76187  -1834.04827   0.03121    103.02
27.00      0   296.93964  -1834.06268   0.02852    110.28
30.00      0   296.94523  -1834.09595   0.03097    117.82

Sampling Blocks
Target Final Error ~ 0.000072
   N  nodes      weight      E(Guide)     Error     weightp    E_frag     Error      Time
  20      0   297.73052   -1834.10609   0.00841   305.56898  -0.12858   0.00036    163.30
  40      0   297.24418   -1834.10571   0.00615   305.57724  -0.12902   0.00025    200.90
  60      0   297.45082   -1834.10432   0.00467   305.34249  -0.12890   0.00019    238.55
  80      0   296.63639   -1834.10301   0.00411   305.39708  -0.12901   0.00025    275.47
 100      0   296.13083   -1834.10583   0.00373   305.50363  -0.12902   0.00021    312.10
 120      0   297.28827   -1834.10240   0.00337   305.51677  -0.12898   0.00018    348.73
 140      0   298.06939   -1834.10548   0.00333   305.53445  -0.12894   0.00016    385.41
 160      0   296.50804   -1834.10445   0.00306   305.50816  -0.12901   0.00015    422.15
 180      0   297.17213   -1834.10303   0.00285   305.42515  -0.12896   0.00014    458.87
 200      0   296.42533   -1834.10571   0.00274   305.39396  -0.12949   0.00042    495.57
 220      0   298.64073   -1834.10469   0.00256   305.37583  -0.12953   0.00038    540.15
 240      0   297.44759   -1834.10434   0.00240   305.30569  -0.12945   0.00035    576.85
 260      0   297.56395   -1834.10474   0.00225   305.25407  -0.12941   0.00032    613.64
 280      0   296.21814   -1834.10401   0.00215   305.20176  -0.12932   0.00030    650.33
 300      0   298.18552   -1834.10326   0.00210   305.21384  -0.12932   0.00028    687.13
 320      0   297.16052   -1834.10415   0.00202   305.23465  -0.12937   0.00027    723.88
 340      0   296.12879   -1834.10492   0.00206   305.24202  -0.12943   0.00026    760.61
 360      0   298.59719   -1834.10430   0.00200   305.21068  -0.12939   0.00024    797.31
 380      0   298.81987   -1834.10514   0.00194   305.20422  -0.12944   0.00023    833.99
 400      0   297.81177   -1834.10580   0.00188   305.17610  -0.12946   0.00022    870.71
 420      0   298.20660   -1834.10590   0.00186   305.17301  -0.12939   0.00021    907.40
 440      0   297.87540   -1834.10558   0.00180   305.17022  -0.12935   0.00020    944.09
 460      0   297.83836   -1834.10563   0.00174   305.18223  -0.12931   0.00019    980.78
 480      0   297.10121   -1834.10527   0.00170   305.20552  -0.12929   0.00019   1017.48
 500      0   297.38704   -1834.10627   0.00168   305.22104  -0.12925   0.00018   1054.25
 520      0   297.11469   -1834.10569   0.00164   305.21236  -0.12923   0.00017   1090.93
 540      0   297.21906   -1834.10579   0.00161   305.21566  -0.12923   0.00017   1129.24
 560      0   297.94702   -1834.10550   0.00157   305.20341  -0.12922   0.00016   1168.66
 580      0   297.29962   -1834.10538   0.00154   305.18736  -0.12921   0.00016   1205.36
 600      0   297.01161   -1834.10519   0.00151   305.17970  -0.12920   0.00015   1242.20
 620      0   297.91029   -1834.10524   0.00148   305.14775  -0.12919   0.00015   1278.86
 640      0   298.20954   -1834.10533   0.00145   305.13849  -0.12918   0.00014   1315.54
 660      0   297.42748   -1834.10488   0.00142   305.14752  -0.12917   0.00014   1352.23
 680      0   297.34227   -1834.10465   0.00140   305.15376  -0.12915   0.00014   1388.94
 700      0   298.10941   -1834.10461   0.00137   305.16592  -0.12914   0.00013   1425.59
 720      0   297.43656   -1834.10428   0.00135   305.16320  -0.12914   0.00013   1462.26
 740      0   298.05377   -1834.10364   0.00133   305.16691  -0.12915   0.00013   1498.94
 760      0   298.51273   -1834.10276   0.00132   305.16543  -0.12912   0.00012   1535.63
 780      0   298.25297   -1834.10242   0.00130   305.18142  -0.12912   0.00012   1572.29
 800      0   297.62251   -1834.10243   0.00129   305.17247  -0.12914   0.00012   1608.95
 820      0   297.51739   -1834.10216   0.00129   305.15569  -0.12914   0.00011   1647.40
 840      0   297.31332   -1834.10297   0.00128   305.16015  -0.12914   0.00011   1684.12

Post Propagation
Total number of samples 840
Remove Outliers
Remove samples outside Zeta > 30
Outlier bound [-0.17175, -0.08576]
Removed 1 Outliers
Outliers Energy [-0.20515967]
nsample = 840, max_block_size = 42, min_nblocks = 20
   B    NB    NS  Observable     Error    dError
   1   840   840  -1834.10292   0.00128   0.00003
   2   420   840  -1834.10293   0.00158   0.00005
   3   280   840  -1834.10294   0.00180   0.00008
   4   210   840  -1834.10295   0.00191   0.00009
   5   168   840  -1834.10295   0.00203   0.00011
   6   140   840  -1834.10295   0.00220   0.00013
   7   120   840  -1834.10295   0.00214   0.00014
   8   105   840  -1834.10295   0.00224   0.00016
   9    93   837  -1834.10278   0.00212   0.00016
  10    84   840  -1834.10296   0.00211   0.00016
  11    76   836  -1834.10282   0.00213   0.00017
  12    70   840  -1834.10296   0.00224   0.00019
  13    64   832  -1834.10274   0.00214   0.00019
  14    60   840  -1834.10296   0.00226   0.00021
  15    56   840  -1834.10297   0.00212   0.00020
  16    52   832  -1834.10274   0.00225   0.00022
  17    49   833  -1834.10276   0.00216   0.00022
  18    46   828  -1834.10253   0.00204   0.00022
  19    44   836  -1834.10283   0.00195   0.00021
  20    42   840  -1834.10297   0.00210   0.00023
  21    40   840  -1834.10296   0.00250   0.00028
  22    38   836  -1834.10283   0.00189   0.00022
  23    36   828  -1834.10253   0.00202   0.00024
  24    35   840  -1834.10297   0.00234   0.00028
  25    33   825  -1834.10237   0.00209   0.00026
  26    32   832  -1834.10274   0.00203   0.00026
  27    31   837  -1834.10279   0.00180   0.00023
  28    30   840  -1834.10297   0.00215   0.00028
  29    28   812  -1834.10261   0.00213   0.00029
  30    28   840  -1834.10297   0.00217   0.00030
  31    27   837  -1834.10279   0.00202   0.00028
  32    26   832  -1834.10274   0.00206   0.00029
  33    25   825  -1834.10237   0.00199   0.00029
  34    24   816  -1834.10243   0.00245   0.00036
  35    24   840  -1834.10297   0.00174   0.00026
  36    23   828  -1834.10253   0.00217   0.00033
  37    22   814  -1834.10252   0.00243   0.00037
  38    22   836  -1834.10283   0.00197   0.00030
  39    21   819  -1834.10219   0.00208   0.00033
  40    21   840  -1834.10297   0.00193   0.00030
  41    20   820  -1834.10216   0.00210   0.00034
  42    20   840  -1834.10297   0.00246   0.00040
Fit (variance): plateau_var = 4.478e-06 ± 1.705e-07
Fit (error):    plateau = 0.00212 ± 0.00004
     autocorrelation length ~ 2.3 blocks
     plateau reached at block size ~ 11
nsample = 839, max_block_size = 41, min_nblocks = 20
Blk_SZ   NBlk   NSmp      Energy     Error    dError
     1    839    839    -0.12901   0.00006   0.00000
     2    419    838    -0.12902   0.00007   0.00000
     3    279    837    -0.12902   0.00008   0.00000
     4    209    836    -0.12903   0.00008   0.00000
     5    167    835    -0.12903   0.00009   0.00000
     6    139    834    -0.12903   0.00009   0.00001
     7    119    833    -0.12903   0.00009   0.00001
     8    104    832    -0.12903   0.00009   0.00001
     9     93    837    -0.12903   0.00009   0.00001
    10     83    830    -0.12903   0.00009   0.00001
    11     76    836    -0.12904   0.00009   0.00001
    12     69    828    -0.12903   0.00010   0.00001
    13     64    832    -0.12903   0.00010   0.00001
    14     59    826    -0.12903   0.00010   0.00001
    15     55    825    -0.12903   0.00010   0.00001
    16     52    832    -0.12903   0.00010   0.00001
    17     49    833    -0.12904   0.00010   0.00001
    18     46    828    -0.12903   0.00010   0.00001
    19     44    836    -0.12904   0.00010   0.00001
    20     41    820    -0.12904   0.00010   0.00001
    21     39    819    -0.12904   0.00010   0.00001
    22     38    836    -0.12904   0.00009   0.00001
    23     36    828    -0.12903   0.00011   0.00001
    24     34    816    -0.12904   0.00011   0.00001
    25     33    825    -0.12904   0.00009   0.00001
    26     32    832    -0.12903   0.00011   0.00001
    27     31    837    -0.12904   0.00010   0.00001
    28     29    812    -0.12905   0.00012   0.00002
    29     28    812    -0.12905   0.00009   0.00001
    30     27    810    -0.12905   0.00011   0.00002
    31     27    837    -0.12904   0.00010   0.00001
    32     26    832    -0.12903   0.00011   0.00002
    33     25    825    -0.12904   0.00010   0.00001
    34     24    816    -0.12904   0.00009   0.00001
    35     23    805    -0.12905   0.00011   0.00002
    36     23    828    -0.12903   0.00011   0.00002
    37     22    814    -0.12904   0.00011   0.00002
    38     22    836    -0.12904   0.00010   0.00002
    39     21    819    -0.12904   0.00010   0.00002
    40     20    800    -0.12904   0.00010   0.00002
    41     20    820    -0.12904   0.00010   0.00002
Fit (variance): plateau_var = 9.59487e-09 ± 4.63140e-10
Fit (error):    plateau = 0.00010 ± 0.00000
     autocorrelation length ~ 4.3 blocks
     plateau reached at block size ~ 19
Final AFQMC/HF Guiding Energy:      -1834.1030 +/- 0.0021
Final AFQMC/pt2CCSD Orbital Energy: -0.12905 +/- 0.00010
<t1> = weightp/weight = 1.02567
Total run time: 1686.89

AFQMC Sampling Finished

LNO-Integral time (s):    73.93
LNO-AFQMC time (s):       1877.17


======================== LNO-FRAGMENT [C37] 26/(48,48) =========================
Fragment Num.  26
Fragment Idx.  26
Fragment Name  C37
LNO THRESHOLD  [0.0001, 1e-05]
PySCF Threads  12
LNO-LAS: 45/156 Occ | 182/636 Vir | 227/792 MOs
LNO-MP2 Fragment Energy:  -0.12327668
LNO-CCSD Fragment Energy: -0.12195355
LNO-CPU time (s):         478.43 (LAS 27.03 | MP2 46.51 | CCSD 404.89)
LNO-CPU wait time (s):    0.00 (100.0% hidden)
Find Density Fit Teonsers in MF object
Integrals will be built by DF Tensors
Calculating Effective Active Space One-electron Integrals
*** Correlation Space Size ***
N Occupied Orbitals: 45
N Active Orbitals:   227
Build effective h0 and h1 time: 51.173129 s
Composing CDERIs from DF
Build CDERI in cLAS time: 12.102643 s
Raw CDERI in LAS shape: (3912, 25878)
Compress CDERI 2 Chol: 1e-05
Compress CDERI time: 4.782822 s
Finished calculating Integrals
LAS Cholesky shape: (1683, 227, 227)
AFQMC script: /u/yzhang65/myprojects/software/afqmc/afqmc/lno_afqmc/script/run_lno_afqmc_pt2ccsd.py

LNO-AFQMC Started
Hostname:     gpue08.delta.ncsa.illinois.edu
System:       Linux
Node:         gpue08.delta.ncsa.illinois.edu
Release:      5.14.0-570.131.1.el9_6.x86_64
Machine:      x86_64
Processor:    x86_64
JAX backend:  GPU
JAX devices:  [CudaDevice(id=0)]
Device kind:  NVIDIA H200
Platform:     gpu

QMC Parameters
eql_time        -         30
n_prop_steps    -         50
n_blocks        -        840
n_walkers       -        300
max_memory      -     200000
mix_precision   -       True
seed            -       3545
walker_type     -        rhf
trial           - pt2ccsd_sto_chol
chol_cost_ratio -        0.2
max_error       -    7.2e-05
dt              -      0.005
n_exp_terms     -          6
n_batch         -          1
nchol_chunk     -        100
free_projection -      False

QMC System
Number of Occ. Orbitals:      45
Number of Act. Orbitals:      227
Number of Chol. Vectors:      1683
Mean-Field Energy:            -1832.00523770
Maximum memory per walker:            666.67 MB
Maximum number of Cholesky per chunk: 847
Number of Cholesky chunks:            2
Number of Cholesky per chunk:         842
Number of padding Cholesky:           1
Trial:   pt2ccsd_sto_chol(norb=227, nelec=(45, 45), n_batch=1, nchol_chunk=842, mix_precision=True, n_chol_head=0, head_chol_ratio=None, n_chol_samples=None, chol_cost_ratio=0.2, head_sample_ratio=3.0, chol_score_floor=1e-06, chol_uniform_mix=0.01, head_from_guide=False)
Sampler: sampler_pt2_sto_chol(n_prop_steps=50, n_blocks=840, n_chol=1683, frozen_vir=0)

Initalize QMC walkers by HF

Equilibration
Initial Orbital energy: -0.12194
inv_T  nodes      weight      energy     error   runTime
 0.00      0   300.00000  -1832.00325   0.00000     48.66
 3.00      0   311.47394  -1834.02294   0.03132     62.58
 6.00      0   301.85807  -1834.06049   0.03058     70.51
 9.00      0   299.57303  -1834.09574   0.03395     77.28
12.00      0   296.87786  -1833.99613   0.02902     84.06
15.00      0   297.26115  -1834.09578   0.03478     91.30
18.00      0   298.92375  -1834.09923   0.03621     99.85
21.00      0   295.38386  -1834.03363   0.03130    106.64
24.00      0   297.39574  -1834.03838   0.03164    113.42
27.00      0   297.49307  -1834.05531   0.03118    120.21
30.00      0   297.92455  -1834.04383   0.03208    128.26

Sampling Blocks
Target Final Error ~ 0.000072
   N  nodes      weight      E(Guide)     Error     weightp    E_frag     Error      Time
  20      0   298.89473   -1834.05902   0.00966   305.35876  -0.12821   0.00031    168.70
  40      0   296.26364   -1834.06893   0.00610   305.19105  -0.12875   0.00024    201.84
  60      0   296.76044   -1834.07508   0.00516   305.00430  -0.12893   0.00021    235.44
  80      0   296.83178   -1834.06755   0.00468   305.04856  -0.12905   0.00019    267.55
 100      0   297.37133   -1834.06101   0.00408   305.09161  -0.12899   0.00016    299.57
 120      0   298.63668   -1834.05433   0.00387   305.16718  -0.12885   0.00014    331.59
 140      0   298.06130   -1834.05285   0.00341   305.19934  -0.12891   0.00014    363.59
 160      0   296.65880   -1834.05113   0.00328   305.12808  -0.12885   0.00013    395.63
 180      0   298.69844   -1834.04758   0.00312   305.04478  -0.12881   0.00012    427.62
 200      0   298.02279   -1834.04855   0.00289   304.99300  -0.12878   0.00012    459.62
 220      0   296.76627   -1834.04939   0.00276   304.99271  -0.12876   0.00011    491.63
 240      0   297.69199   -1834.04816   0.00263   304.97603  -0.12875   0.00011    527.19
 260      0   298.15795   -1834.04677   0.00251   304.96924  -0.12873   0.00010    561.95
 280      0   296.21279   -1834.04772   0.00236   304.95547  -0.12878   0.00010    594.00
 300      0   296.48862   -1834.04924   0.00230   304.93985  -0.12879   0.00009    626.14
 320      0   298.66695   -1834.05156   0.00226   304.94887  -0.12887   0.00009    658.13
 340      0   297.61134   -1834.05028   0.00217   304.93693  -0.12883   0.00009    690.19
 360      0   296.73144   -1834.05013   0.00207   304.94795  -0.12884   0.00009    722.24
 380      0   298.05039   -1834.04936   0.00199   304.96977  -0.12887   0.00009    754.28
 400      0   298.66770   -1834.04854   0.00193   304.99252  -0.12884   0.00008    786.31
 420      0   297.40858   -1834.04827   0.00186   304.99663  -0.12887   0.00008    818.34
 440      0   296.91865   -1834.04898   0.00181   305.00026  -0.12888   0.00008    850.38
 460      0   298.10840   -1834.04870   0.00175   304.97964  -0.12887   0.00008    882.38
 480      0   297.88838   -1834.04875   0.00170   304.94875  -0.12886   0.00007    914.40
 500      0   298.04821   -1834.04979   0.00167   304.91636  -0.12881   0.00007    946.50
 520      0   296.84291   -1834.04965   0.00165   304.90748  -0.12879   0.00007    978.51
 540      0   296.40711   -1834.04935   0.00161   304.93871  -0.12881   0.00007   1010.52
 560      0   297.31718   -1834.04925   0.00158   304.96689  -0.12879   0.00007   1042.56
 580      0   297.72907   -1834.04979   0.00155   304.98890  -0.12877   0.00007   1074.60
 600      0   297.58597   -1834.05062   0.00152   304.99823  -0.12880   0.00007   1106.62
 620      0   297.55690   -1834.05023   0.00149   305.00704  -0.12880   0.00006   1140.47
 640      0   296.49405   -1834.05060   0.00146   305.02073  -0.12882   0.00006   1175.14
 660      0   297.45964   -1834.04988   0.00143   305.02924  -0.12881   0.00006   1207.19
 680      0   296.70816   -1834.04945   0.00141   305.03001  -0.12881   0.00006   1239.47
 700      0   297.94548   -1834.04901   0.00140   305.03455  -0.12880   0.00006   1271.48
 720      0   298.38796   -1834.04842   0.00138   305.03091  -0.12880   0.00006   1303.50
 740      0   298.36328   -1834.04900   0.00137   305.03453  -0.12882   0.00006   1335.55
 760      0   297.69396   -1834.04910   0.00136   305.02762  -0.12880   0.00006   1367.60
 780      0   297.26890   -1834.04935   0.00134   305.02860  -0.12881   0.00006   1399.64
 800      0   297.15104   -1834.04972   0.00133   305.03760  -0.12881   0.00006   1431.70
 820      0   298.06096   -1834.04949   0.00131   305.03016  -0.12881   0.00005   1463.73
 840      0   297.86081   -1834.04952   0.00128   305.03709  -0.12882   0.00005   1495.75

Post Propagation
Total number of samples 840
Remove Outliers
Remove samples outside Zeta > 30
Outlier bound [-0.17090, -0.08638]
Removed 0 Outliers
Outliers Energy []
nsample = 840, max_block_size = 42, min_nblocks = 20
   B    NB    NS  Observable     Error    dError
   1   840   840  -1834.04947   0.00128   0.00003
   2   420   840  -1834.04949   0.00161   0.00006
   3   280   840  -1834.04949   0.00186   0.00008
   4   210   840  -1834.04950   0.00198   0.00010
   5   168   840  -1834.04950   0.00212   0.00012
   6   140   840  -1834.04950   0.00219   0.00013
   7   120   840  -1834.04950   0.00232   0.00015
   8   105   840  -1834.04951   0.00238   0.00016
   9    93   837  -1834.04955   0.00248   0.00018
  10    84   840  -1834.04951   0.00249   0.00019
  11    76   836  -1834.04957   0.00250   0.00020
  12    70   840  -1834.04951   0.00246   0.00021
  13    64   832  -1834.04959   0.00261   0.00023
  14    60   840  -1834.04951   0.00274   0.00025
  15    56   840  -1834.04951   0.00271   0.00026
  16    52   832  -1834.04959   0.00269   0.00027
  17    49   833  -1834.04960   0.00275   0.00028
  18    46   828  -1834.04937   0.00265   0.00028
  19    44   836  -1834.04957   0.00277   0.00030
  20    42   840  -1834.04952   0.00268   0.00030
  21    40   840  -1834.04952   0.00268   0.00030
  22    38   836  -1834.04957   0.00287   0.00033
  23    36   828  -1834.04937   0.00281   0.00034
  24    35   840  -1834.04952   0.00270   0.00033
  25    33   825  -1834.04934   0.00303   0.00038
  26    32   832  -1834.04959   0.00280   0.00036
  27    31   837  -1834.04956   0.00261   0.00034
  28    30   840  -1834.04952   0.00270   0.00035
  29    28   812  -1834.04959   0.00300   0.00041
  30    28   840  -1834.04952   0.00310   0.00042
  31    27   837  -1834.04956   0.00292   0.00041
  32    26   832  -1834.04959   0.00321   0.00045
  33    25   825  -1834.04935   0.00288   0.00042
  34    24   816  -1834.04959   0.00292   0.00043
  35    24   840  -1834.04952   0.00285   0.00042
  36    23   828  -1834.04937   0.00299   0.00045
  37    22   814  -1834.04963   0.00311   0.00048
  38    22   836  -1834.04958   0.00303   0.00047
  39    21   819  -1834.04953   0.00303   0.00048
  40    21   840  -1834.04952   0.00312   0.00049
  41    20   820  -1834.04949   0.00250   0.00041
  42    20   840  -1834.04952   0.00295   0.00048
Fit (variance): plateau_var = 8.081e-06 ± 4.659e-07
Fit (error):    plateau = 0.00284 ± 0.00008
     autocorrelation length ~ 6.9 blocks
     plateau reached at block size ~ 32
nsample = 840, max_block_size = 42, min_nblocks = 20
Blk_SZ   NBlk   NSmp      Energy     Error    dError
     1    840    840    -0.12878   0.00005   0.00000
     2    420    840    -0.12879   0.00006   0.00000
     3    280    840    -0.12879   0.00007   0.00000
     4    210    840    -0.12880   0.00007   0.00000
     5    168    840    -0.12880   0.00007   0.00000
     6    140    840    -0.12880   0.00007   0.00000
     7    120    840    -0.12880   0.00007   0.00000
     8    105    840    -0.12880   0.00008   0.00001
     9     93    837    -0.12881   0.00007   0.00001
    10     84    840    -0.12880   0.00008   0.00001
    11     76    836    -0.12881   0.00007   0.00001
    12     70    840    -0.12881   0.00007   0.00001
    13     64    832    -0.12881   0.00008   0.00001
    14     60    840    -0.12881   0.00007   0.00001
    15     56    840    -0.12881   0.00007   0.00001
    16     52    832    -0.12882   0.00008   0.00001
    17     49    833    -0.12882   0.00007   0.00001
    18     46    828    -0.12881   0.00007   0.00001
    19     44    836    -0.12881   0.00007   0.00001
    20     42    840    -0.12881   0.00008   0.00001
    21     40    840    -0.12881   0.00007   0.00001
    22     38    836    -0.12881   0.00007   0.00001
    23     36    828    -0.12881   0.00007   0.00001
    24     35    840    -0.12881   0.00007   0.00001
    25     33    825    -0.12881   0.00007   0.00001
    26     32    832    -0.12882   0.00008   0.00001
    27     31    837    -0.12882   0.00007   0.00001
    28     30    840    -0.12881   0.00007   0.00001
    29     28    812    -0.12879   0.00008   0.00001
    30     28    840    -0.12881   0.00006   0.00001
    31     27    837    -0.12882   0.00008   0.00001
    32     26    832    -0.12882   0.00007   0.00001
    33     25    825    -0.12881   0.00007   0.00001
    34     24    816    -0.12881   0.00007   0.00001
    35     24    840    -0.12881   0.00006   0.00001
    36     23    828    -0.12881   0.00007   0.00001
    37     22    814    -0.12880   0.00007   0.00001
    38     22    836    -0.12882   0.00007   0.00001
    39     21    819    -0.12881   0.00008   0.00001
    40     21    840    -0.12881   0.00007   0.00001
    41     20    820    -0.12881   0.00006   0.00001
    42     20    840    -0.12881   0.00006   0.00001
Fit (variance): plateau_var = 5.21433e-09 ± 1.86578e-10
Fit (error):    plateau = 0.00007 ± 0.00000
     autocorrelation length ~ 1.7 blocks
     plateau reached at block size ~ 8
Final AFQMC/HF Guiding Energy:      -1834.0495 +/- 0.0028
Final AFQMC/pt2CCSD Orbital Energy: -0.12882 +/- 0.00007
<t1> = weightp/weight = 1.02527
Total run time: 1500.96

AFQMC Sampling Finished

LNO-Integral time (s):    73.74
LNO-AFQMC time (s):       1625.69


======================== LNO-FRAGMENT [C38] 27/(48,48) =========================
Fragment Num.  27
Fragment Idx.  27
Fragment Name  C38
LNO THRESHOLD  [0.0001, 1e-05]
PySCF Threads  12
LNO-LAS: 46/156 Occ | 181/636 Vir | 227/792 MOs
LNO-MP2 Fragment Energy:  -0.12294506
LNO-CCSD Fragment Energy: -0.12165602
LNO-CPU time (s):         425.03 (LAS 23.29 | MP2 39.59 | CCSD 362.15)
LNO-CPU wait time (s):    0.00 (100.0% hidden)
Find Density Fit Teonsers in MF object
Integrals will be built by DF Tensors
Calculating Effective Active Space One-electron Integrals
*** Correlation Space Size ***
N Occupied Orbitals: 46
N Active Orbitals:   227
Build effective h0 and h1 time: 53.646574 s
Composing CDERIs from DF
Build CDERI in cLAS time: 9.994676 s
Raw CDERI in LAS shape: (3912, 25878)
Compress CDERI 2 Chol: 1e-05
Compress CDERI time: 4.087196 s
Finished calculating Integrals
LAS Cholesky shape: (1691, 227, 227)
AFQMC script: /u/yzhang65/myprojects/software/afqmc/afqmc/lno_afqmc/script/run_lno_afqmc_pt2ccsd.py

LNO-AFQMC Started
Hostname:     gpue08.delta.ncsa.illinois.edu
System:       Linux
Node:         gpue08.delta.ncsa.illinois.edu
Release:      5.14.0-570.131.1.el9_6.x86_64
Machine:      x86_64
Processor:    x86_64
JAX backend:  GPU
JAX devices:  [CudaDevice(id=0)]
Device kind:  NVIDIA H200
Platform:     gpu

QMC Parameters
eql_time        -         30
n_prop_steps    -         50
n_blocks        -        840
n_walkers       -        300
max_memory      -     200000
mix_precision   -       True
seed            -       1567
walker_type     -        rhf
trial           - pt2ccsd_sto_chol
chol_cost_ratio -        0.2
max_error       -    7.2e-05
dt              -      0.005
n_exp_terms     -          6
n_batch         -          1
nchol_chunk     -        100
free_projection -      False

QMC System
Number of Occ. Orbitals:      46
Number of Act. Orbitals:      227
Number of Chol. Vectors:      1691
Mean-Field Energy:            -1832.00523770
Maximum memory per walker:            666.67 MB
Maximum number of Cholesky per chunk: 847
Number of Cholesky chunks:            2
Number of Cholesky per chunk:         846
Number of padding Cholesky:           1
Trial:   pt2ccsd_sto_chol(norb=227, nelec=(46, 46), n_batch=1, nchol_chunk=846, mix_precision=True, n_chol_head=0, head_chol_ratio=None, n_chol_samples=None, chol_cost_ratio=0.2, head_sample_ratio=3.0, chol_score_floor=1e-06, chol_uniform_mix=0.01, head_from_guide=False)
Sampler: sampler_pt2_sto_chol(n_prop_steps=50, n_blocks=840, n_chol=1691, frozen_vir=0)

Initalize QMC walkers by HF

Equilibration
Initial Orbital energy: -0.12165
inv_T  nodes      weight      energy     error   runTime
 0.00      0   300.00000  -1832.00345   0.00000     46.29
 3.00      0   310.00217  -1834.00031   0.03135     59.37
 6.00      0   301.40931  -1834.02141   0.02934     66.20
 9.00      0   299.33156  -1834.12341   0.03590     73.92
12.00      0   297.55312  -1834.04600   0.03092     80.66
15.00      0   297.78542  -1834.00936   0.02991     87.41
18.00      0   297.01494  -1834.05712   0.03075     94.21
21.00      0   298.57931  -1834.13560   0.03355    101.48
24.00      0   296.93147  -1834.03019   0.03170    108.71
27.00      0   297.36768  -1834.09553   0.03260    115.85
30.00      0   298.03773  -1834.13370   0.03509    122.68

Sampling Blocks
Target Final Error ~ 0.000072
   N  nodes      weight      E(Guide)     Error     weightp    E_frag     Error      Time
  20      0   297.57911   -1834.08958   0.00905   304.82427  -0.12845   0.00040    165.15
  40      0   297.11446   -1834.06884   0.00643   304.72830  -0.12819   0.00026    199.06
  60      0   297.56497   -1834.07144   0.00478   305.04354  -0.12845   0.00026    233.04
  80      0   296.73060   -1834.07107   0.00391   305.06031  -0.12843   0.00024    266.24
 100      0   297.50653   -1834.07207   0.00339   305.05011  -0.12843   0.00019    299.17
 120      0   296.65837   -1834.07528   0.00307   304.96795  -0.12846   0.00017    332.05
 140      0   297.50638   -1834.07895   0.00302   305.02343  -0.12861   0.00017    364.72
 160      0   298.04191   -1834.07871   0.00280   304.96815  -0.12858   0.00015    397.42
 180      0   297.36306   -1834.07875   0.00263   304.99781  -0.12861   0.00014    430.09
 200      0   296.99779   -1834.07982   0.00249   304.99200  -0.12871   0.00013    462.76
 220      0   297.02490   -1834.07811   0.00233   304.98345  -0.12865   0.00013    495.44
 240      0   297.05448   -1834.08030   0.00224   304.98213  -0.12862   0.00012    534.73
 260      0   297.04640   -1834.08016   0.00212   304.96158  -0.12865   0.00011    568.54
 280      0   298.33693   -1834.07997   0.00204   304.96009  -0.12865   0.00011    601.18
 300      0   297.31813   -1834.08049   0.00194   304.93389  -0.12873   0.00010    633.88
 320      0   296.95422   -1834.08019   0.00189   304.92572  -0.12871   0.00010    666.54
 340      0   297.41746   -1834.07906   0.00186   304.92180  -0.12873   0.00010    699.28
 360      0   296.30248   -1834.07916   0.00183   304.93221  -0.12868   0.00009    732.01
 380      0   297.65551   -1834.07826   0.00177   304.92041  -0.12866   0.00009    764.72
 400      0   297.80008   -1834.07686   0.00175   304.88971  -0.12862   0.00009    797.38
 420      0   296.94175   -1834.07553   0.00172   304.86045  -0.12861   0.00008    830.03
 440      0   297.95413   -1834.07537   0.00167   304.83212  -0.12856   0.00008    862.68
 460      0   297.11793   -1834.07465   0.00167   304.80592  -0.12851   0.00008    895.36
 480      0   297.37752   -1834.07448   0.00165   304.79500  -0.12853   0.00008    928.05
 500      0   297.85565   -1834.07324   0.00163   304.81274  -0.12856   0.00008    960.85
 520      0   297.54170   -1834.07338   0.00159   304.82731  -0.12857   0.00007    993.57
 540      0   298.41543   -1834.07439   0.00157   304.83560  -0.12856   0.00007   1026.28
 560      0   299.61966   -1834.07578   0.00169   304.83712  -0.12861   0.00007   1059.01
 580      0   296.80797   -1834.07534   0.00171   304.81801  -0.12858   0.00007   1091.71
 600      0   298.42793   -1834.07476   0.00168   304.82941  -0.12856   0.00007   1125.67
 620      0   296.39103   -1834.07438   0.00165   304.84333  -0.12855   0.00007   1160.46
 640      0   298.33257   -1834.07411   0.00162   304.83174  -0.12855   0.00007   1194.11
 660      0   297.02281   -1834.07419   0.00159   304.82528  -0.12855   0.00007   1226.98
 680      0   297.51780   -1834.07458   0.00156   304.82027  -0.12857   0.00007   1259.61
 700      0   297.34452   -1834.07466   0.00153   304.80939  -0.12854   0.00007   1292.28
 720      0   298.10910   -1834.07394   0.00150   304.82123  -0.12853   0.00006   1324.94
 740      0   297.28805   -1834.07346   0.00149   304.81604  -0.12854   0.00006   1357.62
 760      0   299.75309   -1834.07317   0.00146   304.82809  -0.12854   0.00006   1390.35
 780      0   297.65766   -1834.07316   0.00144   304.83367  -0.12851   0.00006   1423.11
 800      0   296.85698   -1834.07296   0.00142   304.83276  -0.12851   0.00006   1455.83
 820      0   297.31819   -1834.07322   0.00140   304.81663  -0.12852   0.00006   1488.53
 840      0   297.76535   -1834.07345   0.00138   304.81909  -0.12853   0.00006   1521.28

Post Propagation
Total number of samples 840
Remove Outliers
Remove samples outside Zeta > 30
Outlier bound [-0.17320, -0.08339]
Removed 0 Outliers
Outliers Energy []
nsample = 840, max_block_size = 42, min_nblocks = 20
   B    NB    NS  Observable     Error    dError
   1   840   840  -1834.07341   0.00137   0.00003
   2   420   840  -1834.07342   0.00175   0.00006
   3   280   840  -1834.07342   0.00202   0.00009
   4   210   840  -1834.07343   0.00215   0.00011
   5   168   840  -1834.07343   0.00232   0.00013
   6   140   840  -1834.07343   0.00251   0.00015
   7   120   840  -1834.07344   0.00242   0.00016
   8   105   840  -1834.07344   0.00242   0.00017
   9    93   837  -1834.07325   0.00246   0.00018
  10    84   840  -1834.07344   0.00259   0.00020
  11    76   836  -1834.07317   0.00279   0.00023
  12    70   840  -1834.07344   0.00282   0.00024
  13    64   832  -1834.07314   0.00247   0.00022
  14    60   840  -1834.07345   0.00269   0.00025
  15    56   840  -1834.07345   0.00262   0.00025
  16    52   832  -1834.07314   0.00264   0.00026
  17    49   833  -1834.07321   0.00284   0.00029
  18    46   828  -1834.07319   0.00258   0.00027
  19    44   836  -1834.07319   0.00275   0.00030
  20    42   840  -1834.07345   0.00249   0.00027
  21    40   840  -1834.07345   0.00292   0.00033
  22    38   836  -1834.07318   0.00281   0.00033
  23    36   828  -1834.07319   0.00259   0.00031
  24    35   840  -1834.07345   0.00265   0.00032
  25    33   825  -1834.07311   0.00279   0.00035
  26    32   832  -1834.07314   0.00273   0.00035
  27    31   837  -1834.07326   0.00288   0.00037
  28    30   840  -1834.07345   0.00301   0.00040
  29    28   812  -1834.07326   0.00258   0.00035
  30    28   840  -1834.07345   0.00292   0.00040
  31    27   837  -1834.07326   0.00236   0.00033
  32    26   832  -1834.07314   0.00282   0.00040
  33    25   825  -1834.07311   0.00296   0.00043
  34    24   816  -1834.07317   0.00279   0.00041
  35    24   840  -1834.07345   0.00277   0.00041
  36    23   828  -1834.07319   0.00295   0.00044
  37    22   814  -1834.07325   0.00267   0.00041
  38    22   836  -1834.07318   0.00310   0.00048
  39    21   819  -1834.07322   0.00276   0.00044
  40    21   840  -1834.07345   0.00278   0.00044
  41    20   820  -1834.07322   0.00301   0.00049
  42    20   840  -1834.07345   0.00258   0.00042
Fit (variance): plateau_var = 7.351e-06 ± 3.347e-07
Fit (error):    plateau = 0.00271 ± 0.00006
     autocorrelation length ~ 4.1 blocks
     plateau reached at block size ~ 19
nsample = 840, max_block_size = 42, min_nblocks = 20
Blk_SZ   NBlk   NSmp      Energy     Error    dError
     1    840    840    -0.12850   0.00006   0.00000
     2    420    840    -0.12850   0.00007   0.00000
     3    280    840    -0.12851   0.00008   0.00000
     4    210    840    -0.12851   0.00008   0.00000
     5    168    840    -0.12851   0.00008   0.00000
     6    140    840    -0.12851   0.00008   0.00001
     7    120    840    -0.12851   0.00008   0.00001
     8    105    840    -0.12852   0.00009   0.00001
     9     93    837    -0.12851   0.00009   0.00001
    10     84    840    -0.12852   0.00010   0.00001
    11     76    836    -0.12850   0.00009   0.00001
    12     70    840    -0.12852   0.00009   0.00001
    13     64    832    -0.12851   0.00009   0.00001
    14     60    840    -0.12852   0.00010   0.00001
    15     56    840    -0.12852   0.00008   0.00001
    16     52    832    -0.12851   0.00009   0.00001
    17     49    833    -0.12851   0.00009   0.00001
    18     46    828    -0.12852   0.00009   0.00001
    19     44    836    -0.12851   0.00009   0.00001
    20     42    840    -0.12852   0.00009   0.00001
    21     40    840    -0.12852   0.00010   0.00001
    22     38    836    -0.12851   0.00008   0.00001
    23     36    828    -0.12852   0.00010   0.00001
    24     35    840    -0.12852   0.00008   0.00001
    25     33    825    -0.12851   0.00009   0.00001
    26     32    832    -0.12851   0.00009   0.00001
    27     31    837    -0.12851   0.00009   0.00001
    28     30    840    -0.12852   0.00009   0.00001
    29     28    812    -0.12852   0.00008   0.00001
    30     28    840    -0.12852   0.00009   0.00001
    31     27    837    -0.12851   0.00009   0.00001
    32     26    832    -0.12852   0.00008   0.00001
    33     25    825    -0.12851   0.00010   0.00001
    34     24    816    -0.12851   0.00010   0.00001
    35     24    840    -0.12852   0.00009   0.00001
    36     23    828    -0.12852   0.00009   0.00001
    37     22    814    -0.12852   0.00009   0.00001
    38     22    836    -0.12851   0.00011   0.00002
    39     21    819    -0.12852   0.00008   0.00001
    40     21    840    -0.12852   0.00010   0.00002
    41     20    820    -0.12851   0.00009   0.00002
    42     20    840    -0.12853   0.00011   0.00002
Fit (variance): plateau_var = 7.90723e-09 ± 3.04453e-10
Fit (error):    plateau = 0.00009 ± 0.00000
     autocorrelation length ~ 2.3 blocks
     plateau reached at block size ~ 11
Final AFQMC/HF Guiding Energy:      -1834.0735 +/- 0.0027
Final AFQMC/pt2CCSD Orbital Energy: -0.12853 +/- 0.00009
<t1> = weightp/weight = 1.02443
Total run time: 1525.16

AFQMC Sampling Finished

LNO-Integral time (s):    73.32
LNO-AFQMC time (s):       1659.08


======================== LNO-FRAGMENT [C39] 28/(48,48) =========================
Fragment Num.  28
Fragment Idx.  28
Fragment Name  C39
LNO THRESHOLD  [0.0001, 1e-05]
PySCF Threads  12
LNO-LAS: 45/156 Occ | 182/636 Vir | 227/792 MOs
LNO-MP2 Fragment Energy:  -0.12327668
LNO-CCSD Fragment Energy: -0.12195355
LNO-CPU time (s):         419.10 (LAS 26.65 | MP2 36.54 | CCSD 355.92)
LNO-CPU wait time (s):    0.00 (100.0% hidden)
Find Density Fit Teonsers in MF object
Integrals will be built by DF Tensors
Calculating Effective Active Space One-electron Integrals
*** Correlation Space Size ***
N Occupied Orbitals: 45
N Active Orbitals:   227
Build effective h0 and h1 time: 82.933149 s
Composing CDERIs from DF
Build CDERI in cLAS time: 16.452139 s
Raw CDERI in LAS shape: (3912, 25878)
Compress CDERI 2 Chol: 1e-05
Compress CDERI time: 5.219365 s
Finished calculating Integrals
LAS Cholesky shape: (1683, 227, 227)
AFQMC script: /u/yzhang65/myprojects/software/afqmc/afqmc/lno_afqmc/script/run_lno_afqmc_pt2ccsd.py

LNO-AFQMC Started
Hostname:     gpue08.delta.ncsa.illinois.edu
System:       Linux
Node:         gpue08.delta.ncsa.illinois.edu
Release:      5.14.0-570.131.1.el9_6.x86_64
Machine:      x86_64
Processor:    x86_64
JAX backend:  GPU
JAX devices:  [CudaDevice(id=0)]
Device kind:  NVIDIA H200
Platform:     gpu

QMC Parameters
eql_time        -         30
n_prop_steps    -         50
n_blocks        -        840
n_walkers       -        300
max_memory      -     200000
mix_precision   -       True
seed            -       3904
walker_type     -        rhf
trial           - pt2ccsd_sto_chol
chol_cost_ratio -        0.2
max_error       -    7.2e-05
dt              -      0.005
n_exp_terms     -          6
n_batch         -          1
nchol_chunk     -        100
free_projection -      False

QMC System
Number of Occ. Orbitals:      45
Number of Act. Orbitals:      227
Number of Chol. Vectors:      1683
Mean-Field Energy:            -1832.00523770
Maximum memory per walker:            666.67 MB
Maximum number of Cholesky per chunk: 847
Number of Cholesky chunks:            2
Number of Cholesky per chunk:         842
Number of padding Cholesky:           1
Trial:   pt2ccsd_sto_chol(norb=227, nelec=(45, 45), n_batch=1, nchol_chunk=842, mix_precision=True, n_chol_head=0, head_chol_ratio=None, n_chol_samples=None, chol_cost_ratio=0.2, head_sample_ratio=3.0, chol_score_floor=1e-06, chol_uniform_mix=0.01, head_from_guide=False)
Sampler: sampler_pt2_sto_chol(n_prop_steps=50, n_blocks=840, n_chol=1683, frozen_vir=0)

Initalize QMC walkers by HF

Equilibration
Initial Orbital energy: -0.12194
inv_T  nodes      weight      energy     error   runTime
 0.00      0   300.00000  -1832.00325   0.00000     43.53
 3.00      0   310.63316  -1834.02313   0.03129     56.98
 6.00      0   301.77991  -1834.09519   0.03156     64.04
 9.00      0   298.30897  -1833.99135   0.03102     70.79
12.00      0   297.29053  -1834.03227   0.03095     78.01
15.00      0   297.17091  -1834.04110   0.02886     85.00
18.00      0   296.22125  -1834.00450   0.03149     92.56
21.00      0   298.67412  -1834.05790   0.03450     99.60
24.00      0   297.18782  -1834.05636   0.03100    106.35
27.00      0   298.16802  -1833.99362   0.02860    113.21
30.00      0   297.75981  -1834.05619   0.03067    120.78

Sampling Blocks
Target Final Error ~ 0.000072
   N  nodes      weight      E(Guide)     Error     weightp    E_frag     Error      Time
  20      0   298.52219   -1834.06436   0.00743   305.29084  -0.13023   0.00067    159.74
  40      0   297.45947   -1834.04958   0.00525   304.85873  -0.12981   0.00038    191.95
  60      0   297.27403   -1834.04854   0.00414   304.69778  -0.12933   0.00028    223.98
  80      0   297.22362   -1834.04502   0.00351   304.63001  -0.12916   0.00022    256.04
 100      0   298.27306   -1834.04807   0.00326   304.59208  -0.12925   0.00020    288.09
 120      0   297.32561   -1834.04405   0.00304   304.53014  -0.12911   0.00018    320.10
 140      0   298.64955   -1834.04717   0.00284   304.56492  -0.12920   0.00016    352.14
 160      0   297.67064   -1834.04923   0.00269   304.64425  -0.12920   0.00014    384.26
 180      0   297.19786   -1834.05252   0.00266   304.70737  -0.12913   0.00013    421.47
 200      0   298.21363   -1834.05001   0.00257   304.73645  -0.12911   0.00012    455.34
 220      0   298.01478   -1834.04956   0.00239   304.69722  -0.12905   0.00011    487.43
 240      0   297.08780   -1834.04969   0.00227   304.71926  -0.12902   0.00011    520.18
 260      0   297.62666   -1834.05039   0.00216   304.75747  -0.12895   0.00010    552.22
 280      0   298.12000   -1834.05099   0.00205   304.78282  -0.12894   0.00010    584.28
 300      0   298.08629   -1834.05129   0.00199   304.75956  -0.12894   0.00010    616.28
 320      0   296.75283   -1834.05266   0.00194   304.77290  -0.12898   0.00010    648.29
 340      0   298.30383   -1834.05399   0.00189   304.72436  -0.12900   0.00009    681.91
 360      0   297.29796   -1834.05355   0.00180   304.70524  -0.12898   0.00009    718.65
 380      0   296.79190   -1834.05416   0.00175   304.70242  -0.12894   0.00008    750.77
 400      0   297.90669   -1834.05397   0.00169   304.69263  -0.12894   0.00008    782.86
 420      0   297.87293   -1834.05445   0.00164   304.67313  -0.12894   0.00008    814.95
 440      0   296.76777   -1834.05352   0.00160   304.69777  -0.12889   0.00008    846.99
 460      0   298.85213   -1834.05479   0.00159   304.71189  -0.12889   0.00008    879.03
 480      0   297.21449   -1834.05515   0.00158   304.70769  -0.12890   0.00007    911.07
 500      0   297.58557   -1834.05349   0.00159   304.73172  -0.12891   0.00007    943.36
 520      0   296.91136   -1834.05340   0.00155   304.76381  -0.12895   0.00007    975.47
 540      0   298.52332   -1834.05395   0.00151   304.81134  -0.12898   0.00007   1007.50
 560      0   297.58081   -1834.05502   0.00151   304.81932  -0.12895   0.00007   1039.64
 580      0   297.76442   -1834.05464   0.00148   304.81868  -0.12893   0.00007   1071.74
 600      0   295.74532   -1834.05455   0.00144   304.84045  -0.12891   0.00007   1103.82
 620      0   298.05344   -1834.05368   0.00144   304.85847  -0.12890   0.00006   1135.91
 640      0   298.14735   -1834.05349   0.00141   304.86670  -0.12890   0.00006   1168.04
 660      0   296.90050   -1834.05317   0.00138   304.87459  -0.12890   0.00006   1200.10
 680      0   296.89605   -1834.05244   0.00135   304.88554  -0.12889   0.00006   1232.18
 700      0   297.69119   -1834.05210   0.00133   304.89730  -0.12888   0.00006   1265.97
 720      0   297.31709   -1834.05200   0.00131   304.90906  -0.12887   0.00006   1299.34
 740      0   298.13810   -1834.05155   0.00129   304.90838  -0.12888   0.00006   1333.43
 760      0   297.93054   -1834.05224   0.00129   304.90211  -0.12890   0.00006   1365.53
 780      0   297.82139   -1834.05206   0.00128   304.89148  -0.12891   0.00006   1397.57
 800      0   297.50906   -1834.05218   0.00127   304.88981  -0.12890   0.00005   1429.63
 820      0   296.32868   -1834.05201   0.00125   304.87812  -0.12889   0.00005   1461.70

Post Propagation
Total number of samples 820
Remove Outliers
Remove samples outside Zeta > 30
Outlier bound [-0.17205, -0.08536]
Removed 0 Outliers
Outliers Energy []
nsample = 820, max_block_size = 41, min_nblocks = 20
   B    NB    NS  Observable     Error    dError
   1   820   820  -1834.05197   0.00125   0.00003
   2   410   820  -1834.05198   0.00154   0.00005
   3   273   819  -1834.05205   0.00174   0.00007
   4   205   820  -1834.05199   0.00191   0.00009
   5   164   820  -1834.05200   0.00196   0.00011
   6   136   816  -1834.05217   0.00205   0.00012
   7   117   819  -1834.05206   0.00202   0.00013
   8   102   816  -1834.05218   0.00212   0.00015
   9    91   819  -1834.05206   0.00218   0.00016
  10    82   820  -1834.05201   0.00217   0.00017
  11    74   814  -1834.05218   0.00226   0.00019
  12    68   816  -1834.05218   0.00224   0.00019
  13    63   819  -1834.05207   0.00230   0.00021
  14    58   812  -1834.05221   0.00223   0.00021
  15    54   810  -1834.05225   0.00227   0.00022
  16    51   816  -1834.05218   0.00246   0.00025
  17    48   816  -1834.05219   0.00205   0.00021
  18    45   810  -1834.05225   0.00242   0.00026
  19    43   817  -1834.05219   0.00220   0.00024
  20    41   820  -1834.05201   0.00264   0.00030
  21    39   819  -1834.05207   0.00246   0.00028
  22    37   814  -1834.05218   0.00239   0.00028
  23    35   805  -1834.05241   0.00244   0.00030
  24    34   816  -1834.05219   0.00220   0.00027
  25    32   800  -1834.05218   0.00238   0.00030
  26    31   806  -1834.05237   0.00258   0.00033
  27    30   810  -1834.05226   0.00227   0.00030
  28    29   812  -1834.05222   0.00239   0.00032
  29    28   812  -1834.05221   0.00244   0.00033
  30    27   810  -1834.05226   0.00256   0.00035
  31    26   806  -1834.05237   0.00257   0.00036
  32    25   800  -1834.05218   0.00232   0.00033
  33    24   792  -1834.05199   0.00271   0.00040
  34    24   816  -1834.05219   0.00229   0.00034
  35    23   805  -1834.05242   0.00239   0.00036
  36    22   792  -1834.05199   0.00256   0.00039
  37    22   814  -1834.05218   0.00279   0.00043
  38    21   798  -1834.05216   0.00215   0.00034
  39    21   819  -1834.05207   0.00263   0.00042
  40    20   800  -1834.05218   0.00267   0.00043
  41    20   820  -1834.05202   0.00210   0.00034
Fit (variance): plateau_var = 5.520e-06 ± 2.726e-07
Fit (error):    plateau = 0.00235 ± 0.00006
     autocorrelation length ~ 4.6 blocks
     plateau reached at block size ~ 21
nsample = 820, max_block_size = 41, min_nblocks = 20
Blk_SZ   NBlk   NSmp      Energy     Error    dError
     1    820    820    -0.12887   0.00005   0.00000
     2    410    820    -0.12887   0.00006   0.00000
     3    273    819    -0.12888   0.00007   0.00000
     4    205    820    -0.12888   0.00007   0.00000
     5    164    820    -0.12888   0.00007   0.00000
     6    136    816    -0.12888   0.00008   0.00000
     7    117    819    -0.12888   0.00008   0.00001
     8    102    816    -0.12889   0.00007   0.00001
     9     91    819    -0.12889   0.00008   0.00001
    10     82    820    -0.12889   0.00008   0.00001
    11     74    814    -0.12888   0.00008   0.00001
    12     68    816    -0.12889   0.00008   0.00001
    13     63    819    -0.12889   0.00009   0.00001
    14     58    812    -0.12889   0.00008   0.00001
    15     54    810    -0.12889   0.00009   0.00001
    16     51    816    -0.12889   0.00009   0.00001
    17     48    816    -0.12889   0.00009   0.00001
    18     45    810    -0.12889   0.00009   0.00001
    19     43    817    -0.12889   0.00009   0.00001
    20     41    820    -0.12889   0.00009   0.00001
    21     39    819    -0.12889   0.00009   0.00001
    22     37    814    -0.12889   0.00009   0.00001
    23     35    805    -0.12889   0.00010   0.00001
    24     34    816    -0.12889   0.00009   0.00001
    25     32    800    -0.12890   0.00009   0.00001
    26     31    806    -0.12889   0.00009   0.00001
    27     30    810    -0.12889   0.00010   0.00001
    28     29    812    -0.12889   0.00010   0.00001
    29     28    812    -0.12889   0.00010   0.00001
    30     27    810    -0.12889   0.00011   0.00002
    31     26    806    -0.12889   0.00010   0.00001
    32     25    800    -0.12890   0.00011   0.00002
    33     24    792    -0.12890   0.00010   0.00002
    34     24    816    -0.12889   0.00011   0.00002
    35     23    805    -0.12889   0.00010   0.00001
    36     22    792    -0.12891   0.00011   0.00002
    37     22    814    -0.12889   0.00011   0.00002
    38     21    798    -0.12890   0.00011   0.00002
    39     21    819    -0.12889   0.00010   0.00002
    40     20    800    -0.12890   0.00010   0.00002
    41     20    820    -0.12889   0.00011   0.00002
Fit (variance): plateau_var = 9.87962e-09 ± 9.09579e-10
Fit (error):    plateau = 0.00010 ± 0.00000
     autocorrelation length ~ 11.3 blocks
     plateau reached at block size ~ 49
Final AFQMC/HF Guiding Energy:      -1834.0520 +/- 0.0023
Final AFQMC/pt2CCSD Orbital Energy: -0.12889 +/- 0.00010
<t1> = weightp/weight = 1.02474
Total run time: 1464.79

AFQMC Sampling Finished

LNO-Integral time (s):    109.44
LNO-AFQMC time (s):       1695.07


======================== LNO-FRAGMENT [C40] 29/(48,48) =========================
Fragment Num.  29
Fragment Idx.  29
Fragment Name  C40
LNO THRESHOLD  [0.0001, 1e-05]
PySCF Threads  12
LNO-LAS: 48/156 Occ | 185/636 Vir | 233/792 MOs
LNO-MP2 Fragment Energy:  -0.12318198
LNO-CCSD Fragment Energy: -0.12179205
LNO-CPU time (s):         501.77 (LAS 25.08 | MP2 38.42 | CCSD 438.27)
LNO-CPU wait time (s):    0.00 (100.0% hidden)
Find Density Fit Teonsers in MF object
Integrals will be built by DF Tensors
Calculating Effective Active Space One-electron Integrals
*** Correlation Space Size ***
N Occupied Orbitals: 48
N Active Orbitals:   233
Build effective h0 and h1 time: 51.110613 s
Composing CDERIs from DF
Build CDERI in cLAS time: 11.413038 s
Raw CDERI in LAS shape: (3912, 27261)
Compress CDERI 2 Chol: 1e-05
Compress CDERI time: 4.676860 s
Finished calculating Integrals
LAS Cholesky shape: (1771, 233, 233)
AFQMC script: /u/yzhang65/myprojects/software/afqmc/afqmc/lno_afqmc/script/run_lno_afqmc_pt2ccsd.py

LNO-AFQMC Started
Hostname:     gpue08.delta.ncsa.illinois.edu
System:       Linux
Node:         gpue08.delta.ncsa.illinois.edu
Release:      5.14.0-570.131.1.el9_6.x86_64
Machine:      x86_64
Processor:    x86_64
JAX backend:  GPU
JAX devices:  [CudaDevice(id=0)]
Device kind:  NVIDIA H200
Platform:     gpu

QMC Parameters
eql_time        -         30
n_prop_steps    -         50
n_blocks        -        840
n_walkers       -        300
max_memory      -     200000
mix_precision   -       True
seed            -        480
walker_type     -        rhf
trial           - pt2ccsd_sto_chol
chol_cost_ratio -        0.2
max_error       -    7.2e-05
dt              -      0.005
n_exp_terms     -          6
n_batch         -          1
nchol_chunk     -        100
free_projection -      False

QMC System
Number of Occ. Orbitals:      48
Number of Act. Orbitals:      233
Number of Chol. Vectors:      1771
Mean-Field Energy:            -1832.00523770
Maximum memory per walker:            666.67 MB
Maximum number of Cholesky per chunk: 804
Number of Cholesky chunks:            3
Number of Cholesky per chunk:         591
Number of padding Cholesky:           2
Trial:   pt2ccsd_sto_chol(norb=233, nelec=(48, 48), n_batch=1, nchol_chunk=591, mix_precision=True, n_chol_head=0, head_chol_ratio=None, n_chol_samples=None, chol_cost_ratio=0.2, head_sample_ratio=3.0, chol_score_floor=1e-06, chol_uniform_mix=0.01, head_from_guide=False)
Sampler: sampler_pt2_sto_chol(n_prop_steps=50, n_blocks=840, n_chol=1771, frozen_vir=0)

Initalize QMC walkers by HF

Equilibration
Initial Orbital energy: -0.12180
inv_T  nodes      weight      energy     error   runTime
 0.00      0   300.00000  -1832.00308   0.00000     40.59
 3.00      0   309.82367  -1834.05175   0.03042     51.91
 6.00      0   301.61466  -1834.14184   0.03411     59.47
 9.00      0   298.80254  -1834.07538   0.02803     67.93
12.00      0   297.54079  -1834.07711   0.03089     75.54
15.00      0   297.26629  -1834.05255   0.03123     83.06
18.00      0   298.13371  -1834.10795   0.03005     90.59
21.00      0   297.59550  -1834.08681   0.03256     98.95
24.00      0   297.46874  -1834.09771   0.03054    106.31
27.00      0   297.16705  -1834.12742   0.03268    113.70
30.00      0   296.50784  -1834.09102   0.03295    121.16

Sampling Blocks
Target Final Error ~ 0.000072
   N  nodes      weight      E(Guide)     Error     weightp    E_frag     Error      Time
  20      0   297.68730   -1834.10408   0.00781   304.38478  -0.12940   0.00036    166.62
  40      0   297.55967   -1834.10885   0.00651   304.47951  -0.12903   0.00027    206.30
  60      0   296.99101   -1834.11205   0.00511   304.61791  -0.12900   0.00021    244.45
  80      0   298.11241   -1834.10732   0.00449   304.76868  -0.12877   0.00018    282.86
 100      0   297.30785   -1834.10132   0.00398   304.79172  -0.12874   0.00016    319.54
 120      0   297.43120   -1834.10444   0.00355   304.87428  -0.12862   0.00014    356.27
 140      0   299.67922   -1834.10381   0.00328   304.90242  -0.12867   0.00013    392.96
 160      0   297.97080   -1834.10658   0.00309   304.87645  -0.12888   0.00013    429.76
 180      0   296.04412   -1834.10538   0.00292   304.94964  -0.12881   0.00014    466.46
 200      0   297.69821   -1834.10502   0.00270   304.99371  -0.12883   0.00013    503.17
 220      0   297.91138   -1834.10659   0.00256   305.01195  -0.12887   0.00012    542.98
 240      0   296.06868   -1834.10756   0.00242   305.02974  -0.12890   0.00012    579.79
 260      0   298.80175   -1834.10752   0.00240   304.99597  -0.12895   0.00013    616.64
 280      0   297.63994   -1834.10747   0.00226   304.97945  -0.12894   0.00012    653.38
 300      0   297.12753   -1834.10690   0.00214   304.97613  -0.12894   0.00012    690.06
 320      0   296.36734   -1834.10635   0.00206   305.01155  -0.12894   0.00011    726.81
 340      0   297.46182   -1834.10561   0.00197   305.06594  -0.12892   0.00010    763.55
 360      0   297.00782   -1834.10472   0.00191   305.09760  -0.12892   0.00010    800.24
 380      0   297.01276   -1834.10600   0.00188   305.10434  -0.12894   0.00010    839.45
 400      0   296.97658   -1834.10634   0.00181   305.06216  -0.12893   0.00009    877.86
 420      0   297.81386   -1834.10613   0.00175   305.05832  -0.12895   0.00009    914.59
 440      0   297.53065   -1834.10569   0.00174   305.06197  -0.12894   0.00009    951.29
 460      0   297.12453   -1834.10571   0.00170   305.05659  -0.12895   0.00009    988.02
 480      0   298.14674   -1834.10479   0.00167   305.03648  -0.12896   0.00008   1024.77
 500      0   296.45454   -1834.10449   0.00165   305.03476  -0.12893   0.00008   1061.63
 520      0   297.57883   -1834.10438   0.00162   305.06625  -0.12891   0.00008   1098.33
 540      0   297.71125   -1834.10352   0.00159   305.08202  -0.12889   0.00008   1135.05
 560      0   297.99946   -1834.10334   0.00155   305.09445  -0.12887   0.00008   1171.87
 580      0   297.76461   -1834.10359   0.00152   305.09658  -0.12888   0.00007   1208.79
 600      0   298.11272   -1834.10424   0.00149   305.10105  -0.12888   0.00007   1245.49
 620      0   297.20999   -1834.10443   0.00146   305.10202  -0.12889   0.00007   1282.16
 640      0   296.63946   -1834.10484   0.00144   305.11396  -0.12888   0.00007   1318.85
 660      0   296.28521   -1834.10494   0.00140   305.11396  -0.12890   0.00007   1355.58
 680      0   298.00878   -1834.10479   0.00138   305.10843  -0.12890   0.00007   1392.34
 700      0   297.01407   -1834.10491   0.00135   305.09164  -0.12889   0.00007   1430.59
 720      0   297.29876   -1834.10483   0.00132   305.08588  -0.12890   0.00007   1469.61
 740      0   298.05035   -1834.10457   0.00130   305.10575  -0.12891   0.00006   1506.35
 760      0   296.55379   -1834.10500   0.00128   305.10931  -0.12892   0.00006   1543.06
 780      0   297.84963   -1834.10455   0.00127   305.10725  -0.12891   0.00006   1579.75
 800      0   296.26593   -1834.10494   0.00127   305.11756  -0.12892   0.00006   1616.44
 820      0   297.50060   -1834.10494   0.00125   305.11209  -0.12891   0.00006   1654.80
 840      0   296.87958   -1834.10513   0.00124   305.10403  -0.12894   0.00006   1691.62

Post Propagation
Total number of samples 840
Remove Outliers
Remove samples outside Zeta > 30
Outlier bound [-0.17471, -0.08278]
Removed 0 Outliers
Outliers Energy []
nsample = 840, max_block_size = 42, min_nblocks = 20
   B    NB    NS  Observable     Error    dError
   1   840   840  -1834.10508   0.00124   0.00003
   2   420   840  -1834.10510   0.00153   0.00005
   3   280   840  -1834.10510   0.00167   0.00007
   4   210   840  -1834.10511   0.00179   0.00009
   5   168   840  -1834.10511   0.00189   0.00010
   6   140   840  -1834.10512   0.00193   0.00012
   7   120   840  -1834.10512   0.00199   0.00013
   8   105   840  -1834.10512   0.00201   0.00014
   9    93   837  -1834.10525   0.00213   0.00016
  10    84   840  -1834.10512   0.00202   0.00016
  11    76   836  -1834.10529   0.00201   0.00016
  12    70   840  -1834.10512   0.00201   0.00017
  13    64   832  -1834.10531   0.00218   0.00019
  14    60   840  -1834.10512   0.00215   0.00020
  15    56   840  -1834.10513   0.00222   0.00021
  16    52   832  -1834.10532   0.00209   0.00021
  17    49   833  -1834.10531   0.00217   0.00022
  18    46   828  -1834.10516   0.00205   0.00022
  19    44   836  -1834.10530   0.00213   0.00023
  20    42   840  -1834.10513   0.00191   0.00021
  21    40   840  -1834.10513   0.00183   0.00021
  22    38   836  -1834.10530   0.00201   0.00023
  23    36   828  -1834.10516   0.00224   0.00027
  24    35   840  -1834.10513   0.00204   0.00025
  25    33   825  -1834.10509   0.00197   0.00025
  26    32   832  -1834.10532   0.00205   0.00026
  27    31   837  -1834.10526   0.00198   0.00026
  28    30   840  -1834.10513   0.00188   0.00025
  29    28   812  -1834.10485   0.00190   0.00026
  30    28   840  -1834.10513   0.00190   0.00026
  31    27   837  -1834.10526   0.00196   0.00027
  32    26   832  -1834.10532   0.00198   0.00028
  33    25   825  -1834.10509   0.00257   0.00037
  34    24   816  -1834.10487   0.00202   0.00030
  35    24   840  -1834.10513   0.00209   0.00031
  36    23   828  -1834.10517   0.00221   0.00033
  37    22   814  -1834.10487   0.00185   0.00029
  38    22   836  -1834.10530   0.00187   0.00029
  39    21   819  -1834.10489   0.00180   0.00028
  40    21   840  -1834.10513   0.00190   0.00030
  41    20   820  -1834.10494   0.00214   0.00035
  42    20   840  -1834.10513   0.00169   0.00027
Fit (variance): plateau_var = 4.091e-06 ± 1.621e-07
Fit (error):    plateau = 0.00202 ± 0.00004
     autocorrelation length ~ 2.7 blocks
     plateau reached at block size ~ 12
nsample = 840, max_block_size = 42, min_nblocks = 20
Blk_SZ   NBlk   NSmp      Energy     Error    dError
     1    840    840    -0.12890   0.00006   0.00000
     2    420    840    -0.12891   0.00007   0.00000
     3    280    840    -0.12892   0.00008   0.00000
     4    210    840    -0.12892   0.00008   0.00000
     5    168    840    -0.12892   0.00008   0.00000
     6    140    840    -0.12892   0.00009   0.00001
     7    120    840    -0.12893   0.00009   0.00001
     8    105    840    -0.12893   0.00009   0.00001
     9     93    837    -0.12893   0.00008   0.00001
    10     84    840    -0.12893   0.00009   0.00001
    11     76    836    -0.12894   0.00008   0.00001
    12     70    840    -0.12893   0.00009   0.00001
    13     64    832    -0.12894   0.00009   0.00001
    14     60    840    -0.12893   0.00008   0.00001
    15     56    840    -0.12893   0.00008   0.00001
    16     52    832    -0.12894   0.00009   0.00001
    17     49    833    -0.12894   0.00008   0.00001
    18     46    828    -0.12894   0.00008   0.00001
    19     44    836    -0.12894   0.00008   0.00001
    20     42    840    -0.12894   0.00008   0.00001
    21     40    840    -0.12894   0.00008   0.00001
    22     38    836    -0.12894   0.00008   0.00001
    23     36    828    -0.12894   0.00008   0.00001
    24     35    840    -0.12894   0.00008   0.00001
    25     33    825    -0.12891   0.00008   0.00001
    26     32    832    -0.12894   0.00008   0.00001
    27     31    837    -0.12894   0.00009   0.00001
    28     30    840    -0.12893   0.00008   0.00001
    29     28    812    -0.12891   0.00007   0.00001
    30     28    840    -0.12894   0.00008   0.00001
    31     27    837    -0.12894   0.00008   0.00001
    32     26    832    -0.12895   0.00009   0.00001
    33     25    825    -0.12891   0.00007   0.00001
    34     24    816    -0.12890   0.00007   0.00001
    35     24    840    -0.12894   0.00007   0.00001
    36     23    828    -0.12894   0.00007   0.00001
    37     22    814    -0.12891   0.00007   0.00001
    38     22    836    -0.12894   0.00008   0.00001
    39     21    819    -0.12891   0.00007   0.00001
    40     21    840    -0.12894   0.00008   0.00001
    41     20    820    -0.12890   0.00008   0.00001
    42     20    840    -0.12894   0.00007   0.00001
Fit (variance): plateau_var = 6.48559e-09 ± 2.13727e-10
Fit (error):    plateau = 0.00008 ± 0.00000
     autocorrelation length ~ 1.0 blocks
     plateau reached at block size ~ 5
Final AFQMC/HF Guiding Energy:      -1834.1051 +/- 0.0020
Final AFQMC/pt2CCSD Orbital Energy: -0.12894 +/- 0.00008
<t1> = weightp/weight = 1.02554
Total run time: 1695.18

AFQMC Sampling Finished

LNO-Integral time (s):    74.48
LNO-AFQMC time (s):       1825.39


======================== LNO-FRAGMENT [C41] 30/(48,48) =========================
Fragment Num.  30
Fragment Idx.  30
Fragment Name  C41
LNO THRESHOLD  [0.0001, 1e-05]
PySCF Threads  12
LNO-LAS: 45/156 Occ | 187/636 Vir | 232/792 MOs
LNO-MP2 Fragment Energy:  -0.12352618
LNO-CCSD Fragment Energy: -0.12215655
LNO-CPU time (s):         432.74 (LAS 24.13 | MP2 37.27 | CCSD 371.34)
LNO-CPU wait time (s):    0.00 (100.0% hidden)
Find Density Fit Teonsers in MF object
Integrals will be built by DF Tensors
Calculating Effective Active Space One-electron Integrals
*** Correlation Space Size ***
N Occupied Orbitals: 45
N Active Orbitals:   232
Build effective h0 and h1 time: 50.979328 s
Composing CDERIs from DF
Build CDERI in cLAS time: 10.294328 s
Raw CDERI in LAS shape: (3912, 27028)
Compress CDERI 2 Chol: 1e-05
Compress CDERI time: 3.911501 s
Finished calculating Integrals
LAS Cholesky shape: (1818, 232, 232)
AFQMC script: /u/yzhang65/myprojects/software/afqmc/afqmc/lno_afqmc/script/run_lno_afqmc_pt2ccsd.py

LNO-AFQMC Started
Hostname:     gpue08.delta.ncsa.illinois.edu
System:       Linux
Node:         gpue08.delta.ncsa.illinois.edu
Release:      5.14.0-570.131.1.el9_6.x86_64
Machine:      x86_64
Processor:    x86_64
JAX backend:  GPU
JAX devices:  [CudaDevice(id=0)]
Device kind:  NVIDIA H200
Platform:     gpu

QMC Parameters
eql_time        -         30
n_prop_steps    -         50
n_blocks        -        840
n_walkers       -        300
max_memory      -     200000
mix_precision   -       True
seed            -       3944
walker_type     -        rhf
trial           - pt2ccsd_sto_chol
chol_cost_ratio -        0.2
max_error       -    7.2e-05
dt              -      0.005
n_exp_terms     -          6
n_batch         -          1
nchol_chunk     -        100
free_projection -      False

QMC System
Number of Occ. Orbitals:      45
Number of Act. Orbitals:      232
Number of Chol. Vectors:      1818
Mean-Field Energy:            -1832.00523770
Maximum memory per walker:            666.67 MB
Maximum number of Cholesky per chunk: 811
Number of Cholesky chunks:            3
Number of Cholesky per chunk:         606
Number of padding Cholesky:           0
Trial:   pt2ccsd_sto_chol(norb=232, nelec=(45, 45), n_batch=1, nchol_chunk=606, mix_precision=True, n_chol_head=0, head_chol_ratio=None, n_chol_samples=None, chol_cost_ratio=0.2, head_sample_ratio=3.0, chol_score_floor=1e-06, chol_uniform_mix=0.01, head_from_guide=False)
Sampler: sampler_pt2_sto_chol(n_prop_steps=50, n_blocks=840, n_chol=1818, frozen_vir=0)

Initalize QMC walkers by HF

Equilibration
Initial Orbital energy: -0.12216
inv_T  nodes      weight      energy     error   runTime
 0.00      0   300.00000  -1832.00372   0.00000     44.30
 3.00      0   310.99021  -1833.99177   0.03074     56.89
 6.00      0   301.90024  -1834.09767   0.03298     64.14
 9.00      0   298.47788  -1834.07928   0.03106     70.92
12.00      0   298.54181  -1834.02853   0.03052     77.70
15.00      0   297.73342  -1834.07018   0.02820     84.48
18.00      0   298.64845  -1834.12299   0.03350     91.43
21.00      0   296.80861  -1834.02656   0.03156     98.27
24.00      0   296.83642  -1834.08076   0.03163    105.07
27.00      0   298.67748  -1834.06516   0.03206    111.86
30.00      0   298.31697  -1834.03282   0.03074    118.70

Sampling Blocks
Target Final Error ~ 0.000072
   N  nodes      weight      E(Guide)     Error     weightp    E_frag     Error      Time
  20      0   297.66878   -1834.05030   0.00849   304.96101  -0.12963   0.00041    159.26
  40      0   297.67748   -1834.05058   0.00498   305.00258  -0.12902   0.00026    194.19
  60      0   297.54269   -1834.05390   0.00421   305.20554  -0.12922   0.00023    228.26
  80      0   297.46235   -1834.05877   0.00357   305.13359  -0.12925   0.00019    262.32
 100      0   297.06406   -1834.05930   0.00325   305.11866  -0.12921   0.00017    296.40
 120      0   298.68673   -1834.05870   0.00293   305.11324  -0.12915   0.00015    333.85
 140      0   298.26281   -1834.05720   0.00279   305.03828  -0.12912   0.00013    367.92
 160      0   296.51144   -1834.05886   0.00266   304.96140  -0.12918   0.00012    402.04
 180      0   297.28781   -1834.05879   0.00251   305.03634  -0.12915   0.00011    436.07
 200      0   297.23039   -1834.06069   0.00236   305.03674  -0.12916   0.00012    473.44
 220      0   298.49949   -1834.05968   0.00226   305.05273  -0.12914   0.00011    507.47
 240      0   298.65592   -1834.06002   0.00218   305.03127  -0.12912   0.00011    541.64
 260      0   297.08338   -1834.06071   0.00211   305.04439  -0.12915   0.00010    575.77
 280      0   297.04012   -1834.06118   0.00200   305.01053  -0.12917   0.00010    609.88
 300      0   296.91136   -1834.06287   0.00200   305.00898  -0.12916   0.00010    643.97
 320      0   297.43442   -1834.06317   0.00191   304.97792  -0.12909   0.00009    678.01
 340      0   297.28194   -1834.06190   0.00193   304.98336  -0.12910   0.00009    712.05
 360      0   298.88704   -1834.06163   0.00188   305.00749  -0.12909   0.00009    746.05
 380      0   298.89892   -1834.06208   0.00184   305.00398  -0.12910   0.00008    780.60
 400      0   297.37362   -1834.06157   0.00180   305.00295  -0.12911   0.00008    814.64
 420      0   297.16238   -1834.06111   0.00176   305.01184  -0.12912   0.00008    848.66
 440      0   297.85693   -1834.06080   0.00171   304.99174  -0.12911   0.00008    882.68
 460      0   296.85770   -1834.06141   0.00170   304.99425  -0.12909   0.00007    918.87
 480      0   298.79285   -1834.06054   0.00168   304.99148  -0.12907   0.00007    955.01
 500      0   296.82608   -1834.06002   0.00164   304.97339  -0.12909   0.00007    989.02
 520      0   297.36813   -1834.05873   0.00163   304.96132  -0.12905   0.00007   1023.08
 540      0   297.29934   -1834.05813   0.00161   304.97142  -0.12905   0.00007   1057.13
 560      0   299.36942   -1834.05792   0.00158   304.96888  -0.12907   0.00007   1093.83
 580      0   297.72786   -1834.05846   0.00154   304.96433  -0.12912   0.00007   1127.85
 600      0   296.69602   -1834.05809   0.00151   304.96931  -0.12911   0.00006   1161.97
 620      0   298.06736   -1834.05716   0.00149   304.96837  -0.12912   0.00006   1196.07
 640      0   297.85014   -1834.05725   0.00145   304.96747  -0.12913   0.00006   1230.32
 660      0   298.85366   -1834.05681   0.00144   304.96312  -0.12911   0.00006   1264.39
 680      0   296.98828   -1834.05707   0.00142   304.95262  -0.12911   0.00006   1298.43
 700      0   298.27566   -1834.05712   0.00140   304.95301  -0.12912   0.00006   1332.47
 720      0   295.51512   -1834.05807   0.00139   304.92908  -0.12912   0.00006   1366.50
 740      0   297.20138   -1834.05780   0.00136   304.91207  -0.12913   0.00006   1401.19
 760      0   297.41140   -1834.05835   0.00139   304.89486  -0.12916   0.00006   1435.27
 780      0   298.37169   -1834.05918   0.00140   304.88354  -0.12916   0.00006   1469.53
 800      0   297.06431   -1834.05998   0.00140   304.87820  -0.12920   0.00006   1503.66
 820      0   296.69870   -1834.06105   0.00140   304.87932  -0.12922   0.00006   1540.73
 840      0   296.59796   -1834.06126   0.00138   304.86780  -0.12926   0.00006   1574.75

Post Propagation
Total number of samples 840
Remove Outliers
Remove samples outside Zeta > 30
Outlier bound [-0.17375, -0.08421]
Removed 0 Outliers
Outliers Energy []
nsample = 840, max_block_size = 42, min_nblocks = 20
   B    NB    NS  Observable     Error    dError
   1   840   840  -1834.06120   0.00138   0.00003
   2   420   840  -1834.06122   0.00175   0.00006
   3   280   840  -1834.06122   0.00195   0.00008
   4   210   840  -1834.06123   0.00213   0.00010
   5   168   840  -1834.06124   0.00215   0.00012
   6   140   840  -1834.06124   0.00231   0.00014
   7   120   840  -1834.06124   0.00237   0.00015
   8   105   840  -1834.06124   0.00244   0.00017
   9    93   837  -1834.06124   0.00238   0.00018
  10    84   840  -1834.06125   0.00233   0.00018
  11    76   836  -1834.06127   0.00253   0.00021
  12    70   840  -1834.06125   0.00251   0.00021
  13    64   832  -1834.06134   0.00258   0.00023
  14    60   840  -1834.06125   0.00272   0.00025
  15    56   840  -1834.06125   0.00244   0.00023
  16    52   832  -1834.06134   0.00268   0.00027
  17    49   833  -1834.06129   0.00271   0.00028
  18    46   828  -1834.06128   0.00278   0.00029
  19    44   836  -1834.06128   0.00255   0.00027
  20    42   840  -1834.06126   0.00262   0.00029
  21    40   840  -1834.06125   0.00278   0.00032
  22    38   836  -1834.06128   0.00287   0.00033
  23    36   828  -1834.06128   0.00295   0.00035
  24    35   840  -1834.06125   0.00299   0.00036
  25    33   825  -1834.06114   0.00284   0.00035
  26    32   832  -1834.06134   0.00265   0.00034
  27    31   837  -1834.06125   0.00266   0.00034
  28    30   840  -1834.06126   0.00283   0.00037
  29    28   812  -1834.06060   0.00300   0.00041
  30    28   840  -1834.06126   0.00264   0.00036
  31    27   837  -1834.06125   0.00310   0.00043
  32    26   832  -1834.06134   0.00285   0.00040
  33    25   825  -1834.06114   0.00315   0.00045
  34    24   816  -1834.06091   0.00292   0.00043
  35    24   840  -1834.06126   0.00290   0.00043
  36    23   828  -1834.06129   0.00308   0.00046
  37    22   814  -1834.06081   0.00302   0.00047
  38    22   836  -1834.06128   0.00294   0.00045
  39    21   819  -1834.06099   0.00321   0.00051
  40    21   840  -1834.06126   0.00292   0.00046
  41    20   820  -1834.06105   0.00321   0.00052
  42    20   840  -1834.06126   0.00315   0.00051
Fit (variance): plateau_var = 7.760e-06 ± 4.267e-07
Fit (error):    plateau = 0.00279 ± 0.00008
     autocorrelation length ~ 5.9 blocks
     plateau reached at block size ~ 27
nsample = 840, max_block_size = 42, min_nblocks = 20
Blk_SZ   NBlk   NSmp      Energy     Error    dError
     1    840    840    -0.12922   0.00006   0.00000
     2    420    840    -0.12923   0.00007   0.00000
     3    280    840    -0.12923   0.00008   0.00000
     4    210    840    -0.12924   0.00008   0.00000
     5    168    840    -0.12924   0.00008   0.00000
     6    140    840    -0.12924   0.00009   0.00001
     7    120    840    -0.12924   0.00009   0.00001
     8    105    840    -0.12924   0.00009   0.00001
     9     93    837    -0.12922   0.00008   0.00001
    10     84    840    -0.12925   0.00009   0.00001
    11     76    836    -0.12922   0.00009   0.00001
    12     70    840    -0.12925   0.00009   0.00001
    13     64    832    -0.12922   0.00009   0.00001
    14     60    840    -0.12925   0.00009   0.00001
    15     56    840    -0.12925   0.00009   0.00001
    16     52    832    -0.12922   0.00009   0.00001
    17     49    833    -0.12922   0.00009   0.00001
    18     46    828    -0.12922   0.00009   0.00001
    19     44    836    -0.12923   0.00008   0.00001
    20     42    840    -0.12925   0.00009   0.00001
    21     40    840    -0.12925   0.00010   0.00001
    22     38    836    -0.12923   0.00010   0.00001
    23     36    828    -0.12922   0.00010   0.00001
    24     35    840    -0.12925   0.00011   0.00001
    25     33    825    -0.12922   0.00009   0.00001
    26     32    832    -0.12923   0.00009   0.00001
    27     31    837    -0.12923   0.00009   0.00001
    28     30    840    -0.12925   0.00010   0.00001
    29     28    812    -0.12921   0.00010   0.00001
    30     28    840    -0.12925   0.00010   0.00001
    31     27    837    -0.12923   0.00009   0.00001
    32     26    832    -0.12923   0.00009   0.00001
    33     25    825    -0.12922   0.00010   0.00002
    34     24    816    -0.12921   0.00009   0.00001
    35     24    840    -0.12925   0.00010   0.00001
    36     23    828    -0.12923   0.00010   0.00002
    37     22    814    -0.12921   0.00009   0.00001
    38     22    836    -0.12923   0.00009   0.00001
    39     21    819    -0.12921   0.00010   0.00002
    40     21    840    -0.12926   0.00010   0.00002
    41     20    820    -0.12922   0.00009   0.00002
    42     20    840    -0.12925   0.00012   0.00002
Fit (variance): plateau_var = 8.70073e-09 ± 4.15497e-10
Fit (error):    plateau = 0.00009 ± 0.00000
     autocorrelation length ~ 4.2 blocks
     plateau reached at block size ~ 19
Final AFQMC/HF Guiding Energy:      -1834.0613 +/- 0.0028
Final AFQMC/pt2CCSD Orbital Energy: -0.12926 +/- 0.00009
<t1> = weightp/weight = 1.02473
Total run time: 1578.24

AFQMC Sampling Finished

LNO-Integral time (s):    69.27
LNO-AFQMC time (s):       1707.84


======================== LNO-FRAGMENT [C42] 31/(48,48) =========================
Fragment Num.  31
Fragment Idx.  31
Fragment Name  C42
LNO THRESHOLD  [0.0001, 1e-05]
PySCF Threads  12
LNO-LAS: 43/156 Occ | 174/636 Vir | 217/792 MOs
LNO-MP2 Fragment Energy:  -0.11997393
LNO-CCSD Fragment Energy: -0.11970877
LNO-CPU time (s):         405.78 (LAS 24.31 | MP2 34.44 | CCSD 347.02)
LNO-CPU wait time (s):    0.00 (100.0% hidden)
Find Density Fit Teonsers in MF object
Integrals will be built by DF Tensors
Calculating Effective Active Space One-electron Integrals
*** Correlation Space Size ***
N Occupied Orbitals: 43
N Active Orbitals:   217
Build effective h0 and h1 time: 49.660773 s
Composing CDERIs from DF
Build CDERI in cLAS time: 10.933182 s
Raw CDERI in LAS shape: (3912, 23653)
Compress CDERI 2 Chol: 1e-05
Compress CDERI time: 4.255038 s
Finished calculating Integrals
LAS Cholesky shape: (1594, 217, 217)
AFQMC script: /u/yzhang65/myprojects/software/afqmc/afqmc/lno_afqmc/script/run_lno_afqmc_pt2ccsd.py

LNO-AFQMC Started
Hostname:     gpue08.delta.ncsa.illinois.edu
System:       Linux
Node:         gpue08.delta.ncsa.illinois.edu
Release:      5.14.0-570.131.1.el9_6.x86_64
Machine:      x86_64
Processor:    x86_64
JAX backend:  GPU
JAX devices:  [CudaDevice(id=0)]
Device kind:  NVIDIA H200
Platform:     gpu

QMC Parameters
eql_time        -         30
n_prop_steps    -         50
n_blocks        -        840
n_walkers       -        300
max_memory      -     200000
mix_precision   -       True
seed            -       1045
walker_type     -        rhf
trial           - pt2ccsd_sto_chol
chol_cost_ratio -        0.2
max_error       -    7.2e-05
dt              -      0.005
n_exp_terms     -          6
n_batch         -          1
nchol_chunk     -        100
free_projection -      False

QMC System
Number of Occ. Orbitals:      43
Number of Act. Orbitals:      217
Number of Chol. Vectors:      1594
Mean-Field Energy:            -1832.00523770
Maximum memory per walker:            666.67 MB
Maximum number of Cholesky per chunk: 927
Number of Cholesky chunks:            2
Number of Cholesky per chunk:         797
Number of padding Cholesky:           0
Trial:   pt2ccsd_sto_chol(norb=217, nelec=(43, 43), n_batch=1, nchol_chunk=797, mix_precision=True, n_chol_head=0, head_chol_ratio=None, n_chol_samples=None, chol_cost_ratio=0.2, head_sample_ratio=3.0, chol_score_floor=1e-06, chol_uniform_mix=0.01, head_from_guide=False)
Sampler: sampler_pt2_sto_chol(n_prop_steps=50, n_blocks=840, n_chol=1594, frozen_vir=0)

Initalize QMC walkers by HF

Equilibration
Initial Orbital energy: -0.11968
inv_T  nodes      weight      energy     error   runTime
 0.00      0   300.00000  -1832.00345   0.00000     43.41
 3.00      0   310.26230  -1833.87266   0.03155     54.09
 6.00      0   300.64399  -1833.86280   0.03063     60.44
 9.00      0   297.99778  -1833.91500   0.03003     66.56
12.00      0   298.40489  -1833.89402   0.03156     72.20
15.00      0   297.84669  -1833.94230   0.03112     77.84
18.00      0   297.18433  -1833.91948   0.02941     83.48
21.00      0   297.07242  -1833.89128   0.03102     89.28
24.00      0   297.08361  -1833.90073   0.02826     95.03
27.00      0   296.58595  -1833.92300   0.02794    100.67
30.00      0   296.98421  -1833.94918   0.03653    106.32

Sampling Blocks
Target Final Error ~ 0.000072
   N  nodes      weight      E(Guide)     Error     weightp    E_frag     Error      Time
  20      0   297.43420   -1833.92907   0.00724   305.19309  -0.12632   0.00026    139.24
  40      0   297.46339   -1833.92771   0.00592   305.09052  -0.12675   0.00024    165.46
  60      0   297.97663   -1833.92022   0.00485   305.18054  -0.12738   0.00031    191.49
  80      0   298.27063   -1833.91420   0.00424   305.19557  -0.12718   0.00025    217.51
 100      0   297.33517   -1833.91652   0.00362   305.20981  -0.12716   0.00022    244.00
 120      0   297.62652   -1833.91531   0.00324   305.14993  -0.12708   0.00019    270.01
 140      0   297.27854   -1833.91536   0.00300   305.20947  -0.12692   0.00017    295.93
 160      0   296.76175   -1833.91457   0.00284   305.21421  -0.12679   0.00016    321.94
 180      0   298.42795   -1833.91359   0.00267   305.22929  -0.12670   0.00014    347.97
 200      0   298.22111   -1833.91350   0.00259   305.25040  -0.12661   0.00013    375.46
 220      0   298.32072   -1833.91344   0.00240   305.22663  -0.12658   0.00012    403.09
 240      0   297.51660   -1833.91235   0.00231   305.17775  -0.12657   0.00011    429.05
 260      0   297.99961   -1833.91221   0.00220   305.18783  -0.12657   0.00011    455.08
 280      0   297.65362   -1833.91303   0.00213   305.16369  -0.12651   0.00010    481.12
 300      0   297.26694   -1833.91571   0.00212   305.17922  -0.12650   0.00010    507.05
 320      0   297.57576   -1833.91720   0.00208   305.15467  -0.12651   0.00009    535.19
 340      0   298.62250   -1833.91759   0.00197   305.13548  -0.12650   0.00009    561.48
 360      0   296.91211   -1833.91916   0.00192   305.14985  -0.12650   0.00009    587.50
 380      0   298.26818   -1833.91774   0.00189   305.14658  -0.12654   0.00009    613.68
 400      0   296.76060   -1833.91898   0.00186   305.14689  -0.12657   0.00009    639.70
 420      0   297.97461   -1833.91862   0.00185   305.10840  -0.12653   0.00008    665.70
 440      0   297.77645   -1833.92017   0.00182   305.08317  -0.12649   0.00008    691.70
 460      0   297.97899   -1833.91980   0.00177   305.06810  -0.12645   0.00008    717.60
 480      0   298.82346   -1833.92012   0.00173   305.07666  -0.12648   0.00008    743.57
 500      0   297.72940   -1833.92133   0.00173   305.09941  -0.12647   0.00008    769.68
 520      0   296.38427   -1833.92156   0.00169   305.07508  -0.12647   0.00007    795.70
 540      0   298.72765   -1833.92169   0.00166   305.05159  -0.12648   0.00007    821.69
 560      0   298.14175   -1833.92165   0.00163   305.03191  -0.12648   0.00007    847.77
 580      0   299.36270   -1833.92165   0.00159   305.02141  -0.12654   0.00007    874.16
 600      0   297.56508   -1833.92165   0.00154   305.01611  -0.12655   0.00007    900.18
 620      0   296.23113   -1833.92164   0.00151   304.98730  -0.12655   0.00007    926.13
 640      0   297.41793   -1833.92190   0.00148   304.98238  -0.12651   0.00007    952.13
 660      0   297.70250   -1833.92230   0.00145   304.97652  -0.12652   0.00007    979.90
 680      0   298.34959   -1833.92246   0.00142   304.97619  -0.12652   0.00007   1007.42
 700      0   297.16352   -1833.92274   0.00140   304.98779  -0.12653   0.00007   1033.41
 720      0   297.68039   -1833.92264   0.00138   305.01121  -0.12651   0.00007   1059.43
 740      0   296.21276   -1833.92307   0.00135   305.01797  -0.12650   0.00006   1085.43
 760      0   297.87467   -1833.92354   0.00134   305.02497  -0.12651   0.00006   1111.46
 780      0   297.15011   -1833.92378   0.00131   305.03192  -0.12650   0.00006   1137.39
 800      0   297.24931   -1833.92386   0.00131   305.03578  -0.12648   0.00006   1163.80
 820      0   298.58777   -1833.92404   0.00129   305.04650  -0.12651   0.00006   1189.81
 840      0   296.20772   -1833.92415   0.00128   305.04347  -0.12652   0.00006   1215.99

Post Propagation
Total number of samples 840
Remove Outliers
Remove samples outside Zeta > 30
Outlier bound [-0.16637, -0.08618]
Removed 0 Outliers
Outliers Energy []
nsample = 840, max_block_size = 42, min_nblocks = 20
   B    NB    NS  Observable     Error    dError
   1   840   840  -1833.92411   0.00128   0.00003
   2   420   840  -1833.92412   0.00162   0.00006
   3   280   840  -1833.92412   0.00184   0.00008
   4   210   840  -1833.92413   0.00198   0.00010
   5   168   840  -1833.92413   0.00207   0.00011
   6   140   840  -1833.92414   0.00213   0.00013
   7   120   840  -1833.92414   0.00230   0.00015
   8   105   840  -1833.92414   0.00227   0.00016
   9    93   837  -1833.92423   0.00231   0.00017
  10    84   840  -1833.92414   0.00235   0.00018
  11    76   836  -1833.92422   0.00225   0.00018
  12    70   840  -1833.92415   0.00233   0.00020
  13    64   832  -1833.92424   0.00235   0.00021
  14    60   840  -1833.92415   0.00229   0.00021
  15    56   840  -1833.92415   0.00232   0.00022
  16    52   832  -1833.92424   0.00239   0.00024
  17    49   833  -1833.92420   0.00242   0.00025
  18    46   828  -1833.92432   0.00253   0.00027
  19    44   836  -1833.92422   0.00259   0.00028
  20    42   840  -1833.92415   0.00225   0.00025
  21    40   840  -1833.92415   0.00251   0.00028
  22    38   836  -1833.92422   0.00253   0.00029
  23    36   828  -1833.92432   0.00236   0.00028
  24    35   840  -1833.92415   0.00242   0.00029
  25    33   825  -1833.92432   0.00263   0.00033
  26    32   832  -1833.92425   0.00265   0.00034
  27    31   837  -1833.92424   0.00250   0.00032
  28    30   840  -1833.92415   0.00240   0.00032
  29    28   812  -1833.92379   0.00236   0.00032
  30    28   840  -1833.92415   0.00248   0.00034
  31    27   837  -1833.92424   0.00238   0.00033
  32    26   832  -1833.92425   0.00258   0.00036
  33    25   825  -1833.92432   0.00252   0.00036
  34    24   816  -1833.92377   0.00275   0.00041
  35    24   840  -1833.92415   0.00274   0.00040
  36    23   828  -1833.92432   0.00251   0.00038
  37    22   814  -1833.92385   0.00249   0.00038
  38    22   836  -1833.92423   0.00283   0.00044
  39    21   819  -1833.92393   0.00282   0.00045
  40    21   840  -1833.92416   0.00251   0.00040
  41    20   820  -1833.92404   0.00273   0.00044
  42    20   840  -1833.92416   0.00228   0.00037
Fit (variance): plateau_var = 6.011e-06 ± 2.764e-07
Fit (error):    plateau = 0.00245 ± 0.00006
     autocorrelation length ~ 4.2 blocks
     plateau reached at block size ~ 19
nsample = 840, max_block_size = 42, min_nblocks = 20
Blk_SZ   NBlk   NSmp      Energy     Error    dError
     1    840    840    -0.12648   0.00006   0.00000
     2    420    840    -0.12649   0.00007   0.00000
     3    280    840    -0.12649   0.00007   0.00000
     4    210    840    -0.12650   0.00008   0.00000
     5    168    840    -0.12650   0.00008   0.00000
     6    140    840    -0.12650   0.00008   0.00001
     7    120    840    -0.12650   0.00008   0.00001
     8    105    840    -0.12651   0.00009   0.00001
     9     93    837    -0.12651   0.00009   0.00001
    10     84    840    -0.12651   0.00009   0.00001
    11     76    836    -0.12651   0.00009   0.00001
    12     70    840    -0.12651   0.00009   0.00001
    13     64    832    -0.12651   0.00009   0.00001
    14     60    840    -0.12651   0.00010   0.00001
    15     56    840    -0.12651   0.00009   0.00001
    16     52    832    -0.12651   0.00010   0.00001
    17     49    833    -0.12651   0.00009   0.00001
    18     46    828    -0.12651   0.00010   0.00001
    19     44    836    -0.12652   0.00010   0.00001
    20     42    840    -0.12651   0.00010   0.00001
    21     40    840    -0.12651   0.00010   0.00001
    22     38    836    -0.12652   0.00010   0.00001
    23     36    828    -0.12651   0.00010   0.00001
    24     35    840    -0.12652   0.00010   0.00001
    25     33    825    -0.12651   0.00010   0.00001
    26     32    832    -0.12652   0.00011   0.00001
    27     31    837    -0.12652   0.00011   0.00001
    28     30    840    -0.12651   0.00011   0.00002
    29     28    812    -0.12649   0.00010   0.00001
    30     28    840    -0.12652   0.00010   0.00001
    31     27    837    -0.12652   0.00011   0.00001
    32     26    832    -0.12652   0.00011   0.00001
    33     25    825    -0.12651   0.00011   0.00002
    34     24    816    -0.12649   0.00010   0.00001
    35     24    840    -0.12651   0.00012   0.00002
    36     23    828    -0.12651   0.00011   0.00002
    37     22    814    -0.12649   0.00011   0.00002
    38     22    836    -0.12652   0.00011   0.00002
    39     21    819    -0.12650   0.00012   0.00002
    40     21    840    -0.12652   0.00011   0.00002
    41     20    820    -0.12651   0.00010   0.00002
    42     20    840    -0.12652   0.00010   0.00002
Fit (variance): plateau_var = 1.09636e-08 ± 7.97047e-10
Fit (error):    plateau = 0.00010 ± 0.00000
     autocorrelation length ~ 9.1 blocks
     plateau reached at block size ~ 40
Final AFQMC/HF Guiding Energy:      -1833.9242 +/- 0.0025
Final AFQMC/pt2CCSD Orbital Energy: -0.12652 +/- 0.00010
<t1> = weightp/weight = 1.02491
Total run time: 1219.43

AFQMC Sampling Finished

LNO-Integral time (s):    68.79
LNO-AFQMC time (s):       1345.18


======================= LNO-FRAGMENT [C43H60] 32/(48,48) =======================
Fragment Num.  32
Fragment Idx.  32
Fragment Name  C43H60
LNO THRESHOLD  [0.0001, 1e-05]
PySCF Threads  12
LNO-LAS: 38/156 Occ | 157/636 Vir | 195/792 MOs
LNO-MP2 Fragment Energy:  -0.13467147
LNO-CCSD Fragment Energy: -0.13973091
LNO-CPU time (s):         227.03 (LAS 27.20 | MP2 27.22 | CCSD 172.61)
LNO-CPU wait time (s):    0.00 (100.0% hidden)
Find Density Fit Teonsers in MF object
Integrals will be built by DF Tensors
Calculating Effective Active Space One-electron Integrals
*** Correlation Space Size ***
N Occupied Orbitals: 38
N Active Orbitals:   195
Build effective h0 and h1 time: 54.874013 s
Composing CDERIs from DF
Build CDERI in cLAS time: 11.980429 s
Raw CDERI in LAS shape: (3912, 19110)
Compress CDERI 2 Chol: 1e-05
Compress CDERI time: 4.896006 s
Finished calculating Integrals
LAS Cholesky shape: (1525, 195, 195)
AFQMC script: /u/yzhang65/myprojects/software/afqmc/afqmc/lno_afqmc/script/run_lno_afqmc_pt2ccsd.py

LNO-AFQMC Started
Hostname:     gpue08.delta.ncsa.illinois.edu
System:       Linux
Node:         gpue08.delta.ncsa.illinois.edu
Release:      5.14.0-570.131.1.el9_6.x86_64
Machine:      x86_64
Processor:    x86_64
JAX backend:  GPU
JAX devices:  [CudaDevice(id=0)]
Device kind:  NVIDIA H200
Platform:     gpu

QMC Parameters
eql_time        -         30
n_prop_steps    -         50
n_blocks        -        840
n_walkers       -        300
max_memory      -     200000
mix_precision   -       True
seed            -       3914
walker_type     -        rhf
trial           - pt2ccsd_sto_chol
chol_cost_ratio -        0.2
max_error       -    7.2e-05
dt              -      0.005
n_exp_terms     -          6
n_batch         -          1
nchol_chunk     -        100
free_projection -      False

QMC System
Number of Occ. Orbitals:      38
Number of Act. Orbitals:      195
Number of Chol. Vectors:      1525
Mean-Field Energy:            -1832.00523770
Maximum memory per walker:            666.67 MB
Maximum number of Cholesky per chunk: 1148
Number of Cholesky chunks:            2
Number of Cholesky per chunk:         763
Number of padding Cholesky:           1
Trial:   pt2ccsd_sto_chol(norb=195, nelec=(38, 38), n_batch=1, nchol_chunk=763, mix_precision=True, n_chol_head=0, head_chol_ratio=None, n_chol_samples=None, chol_cost_ratio=0.2, head_sample_ratio=3.0, chol_score_floor=1e-06, chol_uniform_mix=0.01, head_from_guide=False)
Sampler: sampler_pt2_sto_chol(n_prop_steps=50, n_blocks=840, n_chol=1525, frozen_vir=0)

Initalize QMC walkers by HF

Equilibration
Initial Orbital energy: -0.13977
inv_T  nodes      weight      energy     error   runTime
 0.00      0   300.00000  -1832.00390   0.00000     37.68
 3.00      0   308.18070  -1833.61630   0.02971     48.04
 6.00      0   302.14799  -1833.64837   0.02636     52.63
 9.00      0   299.09465  -1833.61871   0.02516     57.48
12.00      0   298.21166  -1833.65913   0.02818     61.99
15.00      0   296.99288  -1833.63140   0.02662     66.89
18.00      0   298.16208  -1833.66294   0.02843     72.31
21.00      0   296.89104  -1833.58224   0.02678     76.95
24.00      0   297.04241  -1833.63084   0.02697     81.95
27.00      0   298.82147  -1833.63477   0.03045     86.60
30.00      0   298.99718  -1833.65507   0.02709     91.12

Sampling Blocks
Target Final Error ~ 0.000072
   N  nodes      weight      E(Guide)     Error     weightp    E_frag     Error      Time
  20      0   297.36834   -1833.62413   0.01185   305.63556  -0.15193   0.00306    118.29
  40      0   297.99030   -1833.63392   0.00702   305.47026  -0.14931   0.00158    137.36
  60      0   299.57208   -1833.62915   0.00509   305.44419  -0.14839   0.00108    156.06
  80      0   299.10431   -1833.62562   0.00458   305.45081  -0.14788   0.00082    174.93
 100      0   297.76585   -1833.62790   0.00382   305.32874  -0.14764   0.00066    195.84
 120      0   297.26964   -1833.63064   0.00332   305.27317  -0.14764   0.00056    214.82
 140      0   298.29643   -1833.62883   0.00296   305.28198  -0.14751   0.00048    233.65
 160      0   297.81969   -1833.62940   0.00269   305.34341  -0.14736   0.00043    252.84
 180      0   298.50387   -1833.63169   0.00258   305.33464  -0.14744   0.00038    271.28
 200      0   297.37708   -1833.63144   0.00238   305.30386  -0.14739   0.00035    289.70
 220      0   297.77923   -1833.62975   0.00231   305.26351  -0.14722   0.00032    308.40
 240      0   297.63562   -1833.63094   0.00225   305.26145  -0.14717   0.00029    327.43
 260      0   298.66431   -1833.63111   0.00217   305.26532  -0.14712   0.00027    346.99
 280      0   297.90277   -1833.63340   0.00214   305.22564  -0.14705   0.00025    366.48
 300      0   297.43670   -1833.63259   0.00203   305.18157  -0.14698   0.00024    385.82
 320      0   298.86037   -1833.63184   0.00193   305.14421  -0.14692   0.00023    404.64
 340      0   299.16719   -1833.63069   0.00191   305.10194  -0.14692   0.00021    423.15
 360      0   298.59428   -1833.63074   0.00184   305.09672  -0.14687   0.00020    442.07
 380      0   299.47385   -1833.63001   0.00179   305.08654  -0.14685   0.00019    461.37
 400      0   297.95490   -1833.62912   0.00173   305.03338  -0.14682   0.00018    479.89
 420      0   298.71540   -1833.62889   0.00167   304.97091  -0.14687   0.00018    498.78
 440      0   298.08416   -1833.62893   0.00162   304.93723  -0.14685   0.00017    519.25
 460      0   299.22226   -1833.62929   0.00156   304.92548  -0.14683   0.00017    541.10
 480      0   297.77752   -1833.62977   0.00154   304.92176  -0.14684   0.00016    559.91
 500      0   297.71449   -1833.62981   0.00149   304.92943  -0.14681   0.00016    578.53
 520      0   299.29343   -1833.63045   0.00146   304.94231  -0.14679   0.00015    597.33
 540      0   297.22425   -1833.63071   0.00144   304.92120  -0.14679   0.00014    616.20
 560      0   297.97262   -1833.63075   0.00140   304.92433  -0.14680   0.00014    635.16
 580      0   298.02827   -1833.63042   0.00136   304.92080  -0.14679   0.00014    653.56
 600      0   298.00447   -1833.63030   0.00133   304.91312  -0.14677   0.00013    671.95
 620      0   296.99502   -1833.63040   0.00130   304.90140  -0.14677   0.00013    690.30
 640      0   296.48739   -1833.63054   0.00127   304.89234  -0.14675   0.00013    708.75
 660      0   298.39056   -1833.62985   0.00125   304.89956  -0.14673   0.00012    727.30
 680      0   298.82066   -1833.63048   0.00124   304.91399  -0.14676   0.00012    751.36
 700      0   298.05241   -1833.63026   0.00123   304.91380  -0.14674   0.00012    770.23
 720      0   298.78901   -1833.63052   0.00121   304.94071  -0.14671   0.00012    788.60
 740      0   298.04622   -1833.63054   0.00119   304.96102  -0.14670   0.00012    807.24
 760      0   296.74263   -1833.63156   0.00139   304.96453  -0.14672   0.00011    825.70
 780      0   298.79363   -1833.63179   0.00136   304.98409  -0.14670   0.00011    844.05
 800      0   298.01973   -1833.63143   0.00135   304.98617  -0.14671   0.00011    863.05
 820      0   297.46568   -1833.63162   0.00132   304.98600  -0.14670   0.00011    881.95
 840      0   297.40157   -1833.63149   0.00130   304.98562  -0.14668   0.00011    900.56

Post Propagation
Total number of samples 840
Remove Outliers
Remove samples outside Zeta > 30
Outlier bound [-0.19354, -0.09914]
Removed 1 Outliers
Outliers Energy [-0.19422314]
nsample = 840, max_block_size = 42, min_nblocks = 20
   B    NB    NS  Observable     Error    dError
   1   840   840  -1833.63144   0.00130   0.00003
   2   420   840  -1833.63146   0.00157   0.00005
   3   280   840  -1833.63146   0.00179   0.00008
   4   210   840  -1833.63147   0.00182   0.00009
   5   168   840  -1833.63148   0.00192   0.00011
   6   140   840  -1833.63148   0.00201   0.00012
   7   120   840  -1833.63148   0.00212   0.00014
   8   105   840  -1833.63148   0.00203   0.00014
   9    93   837  -1833.63162   0.00224   0.00016
  10    84   840  -1833.63149   0.00202   0.00016
  11    76   836  -1833.63164   0.00207   0.00017
  12    70   840  -1833.63149   0.00228   0.00019
  13    64   832  -1833.63157   0.00203   0.00018
  14    60   840  -1833.63149   0.00228   0.00021
  15    56   840  -1833.63149   0.00181   0.00017
  16    52   832  -1833.63157   0.00211   0.00021
  17    49   833  -1833.63158   0.00211   0.00022
  18    46   828  -1833.63150   0.00227   0.00024
  19    44   836  -1833.63164   0.00192   0.00021
  20    42   840  -1833.63149   0.00208   0.00023
  21    40   840  -1833.63149   0.00209   0.00024
  22    38   836  -1833.63164   0.00212   0.00025
  23    36   828  -1833.63150   0.00213   0.00025
  24    35   840  -1833.63149   0.00214   0.00026
  25    33   825  -1833.63145   0.00202   0.00025
  26    32   832  -1833.63157   0.00190   0.00024
  27    31   837  -1833.63163   0.00189   0.00024
  28    30   840  -1833.63149   0.00235   0.00031
  29    28   812  -1833.63153   0.00213   0.00029
  30    28   840  -1833.63149   0.00182   0.00025
  31    27   837  -1833.63163   0.00226   0.00031
  32    26   832  -1833.63157   0.00217   0.00031
  33    25   825  -1833.63145   0.00199   0.00029
  34    24   816  -1833.63151   0.00185   0.00027
  35    24   840  -1833.63149   0.00213   0.00031
  36    23   828  -1833.63150   0.00228   0.00034
  37    22   814  -1833.63147   0.00224   0.00035
  38    22   836  -1833.63164   0.00176   0.00027
  39    21   819  -1833.63163   0.00225   0.00036
  40    21   840  -1833.63149   0.00203   0.00032
  41    20   820  -1833.63162   0.00235   0.00038
  42    20   840  -1833.63149   0.00233   0.00038
Fit (variance): plateau_var = 4.282e-06 ± 1.684e-07
Fit (error):    plateau = 0.00207 ± 0.00004
     autocorrelation length ~ 2.5 blocks
     plateau reached at block size ~ 12
nsample = 839, max_block_size = 41, min_nblocks = 20
Blk_SZ   NBlk   NSmp      Energy     Error    dError
     1    839    839    -0.14657   0.00009   0.00000
     2    419    838    -0.14659   0.00010   0.00000
     3    279    837    -0.14659   0.00010   0.00000
     4    209    836    -0.14660   0.00011   0.00001
     5    167    835    -0.14660   0.00011   0.00001
     6    139    834    -0.14660   0.00011   0.00001
     7    119    833    -0.14660   0.00011   0.00001
     8    104    832    -0.14661   0.00011   0.00001
     9     93    837    -0.14661   0.00011   0.00001
    10     83    830    -0.14662   0.00011   0.00001
    11     76    836    -0.14661   0.00011   0.00001
    12     69    828    -0.14662   0.00011   0.00001
    13     64    832    -0.14661   0.00012   0.00001
    14     59    826    -0.14662   0.00011   0.00001
    15     55    825    -0.14662   0.00011   0.00001
    16     52    832    -0.14661   0.00013   0.00001
    17     49    833    -0.14661   0.00012   0.00001
    18     46    828    -0.14662   0.00013   0.00001
    19     44    836    -0.14662   0.00013   0.00001
    20     41    820    -0.14663   0.00012   0.00001
    21     39    819    -0.14663   0.00012   0.00001
    22     38    836    -0.14662   0.00013   0.00001
    23     36    828    -0.14662   0.00012   0.00001
    24     34    816    -0.14664   0.00012   0.00001
    25     33    825    -0.14663   0.00011   0.00001
    26     32    832    -0.14662   0.00013   0.00002
    27     31    837    -0.14662   0.00011   0.00001
    28     29    812    -0.14664   0.00011   0.00001
    29     28    812    -0.14664   0.00010   0.00001
    30     27    810    -0.14664   0.00011   0.00002
    31     27    837    -0.14662   0.00013   0.00002
    32     26    832    -0.14662   0.00013   0.00002
    33     25    825    -0.14663   0.00012   0.00002
    34     24    816    -0.14664   0.00011   0.00002
    35     23    805    -0.14665   0.00011   0.00002
    36     23    828    -0.14663   0.00011   0.00002
    37     22    814    -0.14664   0.00014   0.00002
    38     22    836    -0.14662   0.00012   0.00002
    39     21    819    -0.14663   0.00013   0.00002
    40     20    800    -0.14665   0.00013   0.00002
    41     20    820    -0.14664   0.00011   0.00002
Fit (variance): plateau_var = 1.32746e-08 ± 5.46177e-10
Fit (error):    plateau = 0.00012 ± 0.00000
     autocorrelation length ~ 2.6 blocks
     plateau reached at block size ~ 11
Final AFQMC/HF Guiding Energy:      -1833.6315 +/- 0.0021
Final AFQMC/pt2CCSD Orbital Energy: -0.14662 +/- 0.00012
<t1> = weightp/weight = 1.02385
Total run time: 904.80

AFQMC Sampling Finished

LNO-Integral time (s):    73.79
LNO-AFQMC time (s):       1040.27


======================= LNO-FRAGMENT [C44H61] 33/(48,48) =======================
Fragment Num.  33
Fragment Idx.  33
Fragment Name  C44H61
LNO THRESHOLD  [0.0001, 1e-05]
PySCF Threads  12
LNO-LAS: 38/156 Occ | 156/636 Vir | 194/792 MOs
LNO-MP2 Fragment Energy:  -0.13405971
LNO-CCSD Fragment Energy: -0.13913052
LNO-CPU time (s):         227.06 (LAS 26.05 | MP2 26.83 | CCSD 174.18)
LNO-CPU wait time (s):    0.00 (100.0% hidden)
Find Density Fit Teonsers in MF object
Integrals will be built by DF Tensors
Calculating Effective Active Space One-electron Integrals
*** Correlation Space Size ***
N Occupied Orbitals: 38
N Active Orbitals:   194
Build effective h0 and h1 time: 53.277050 s
Composing CDERIs from DF
Build CDERI in cLAS time: 16.312427 s
Raw CDERI in LAS shape: (3912, 18915)
Compress CDERI 2 Chol: 1e-05
Compress CDERI time: 3.446916 s
Finished calculating Integrals
LAS Cholesky shape: (1509, 194, 194)
AFQMC script: /u/yzhang65/myprojects/software/afqmc/afqmc/lno_afqmc/script/run_lno_afqmc_pt2ccsd.py

LNO-AFQMC Started
Hostname:     gpue08.delta.ncsa.illinois.edu
System:       Linux
Node:         gpue08.delta.ncsa.illinois.edu
Release:      5.14.0-570.131.1.el9_6.x86_64
Machine:      x86_64
Processor:    x86_64
JAX backend:  GPU
JAX devices:  [CudaDevice(id=0)]
Device kind:  NVIDIA H200
Platform:     gpu

QMC Parameters
eql_time        -         30
n_prop_steps    -         50
n_blocks        -        840
n_walkers       -        300
max_memory      -     200000
mix_precision   -       True
seed            -       1426
walker_type     -        rhf
trial           - pt2ccsd_sto_chol
chol_cost_ratio -        0.2
max_error       -    7.2e-05
dt              -      0.005
n_exp_terms     -          6
n_batch         -          1
nchol_chunk     -        100
free_projection -      False

QMC System
Number of Occ. Orbitals:      38
Number of Act. Orbitals:      194
Number of Chol. Vectors:      1509
Mean-Field Energy:            -1832.00523770
Maximum memory per walker:            666.67 MB
Maximum number of Cholesky per chunk: 1160
Number of Cholesky chunks:            2
Number of Cholesky per chunk:         755
Number of padding Cholesky:           1
Trial:   pt2ccsd_sto_chol(norb=194, nelec=(38, 38), n_batch=1, nchol_chunk=755, mix_precision=True, n_chol_head=0, head_chol_ratio=None, n_chol_samples=None, chol_cost_ratio=0.2, head_sample_ratio=3.0, chol_score_floor=1e-06, chol_uniform_mix=0.01, head_from_guide=False)
Sampler: sampler_pt2_sto_chol(n_prop_steps=50, n_blocks=840, n_chol=1509, frozen_vir=0)

Initalize QMC walkers by HF

Equilibration
Initial Orbital energy: -0.13915
inv_T  nodes      weight      energy     error   runTime
 0.00      0   300.00000  -1832.00376   0.00000     45.33
 3.00      0   309.08213  -1833.61339   0.03270     55.13
 6.00      0   300.63152  -1833.64515   0.02851     61.18
 9.00      0   299.01556  -1833.66596   0.03131     66.68
12.00      0   297.42033  -1833.64749   0.02719     71.77
15.00      0   297.99450  -1833.59359   0.02615     77.28
18.00      0   297.89315  -1833.62806   0.02795     82.40
21.00      0   297.79337  -1833.63403   0.02738     87.33
24.00      0   296.99757  -1833.55619   0.02732     93.48
27.00      0   298.57591  -1833.60755   0.02765     99.27
30.00      0   298.40005  -1833.65017   0.03020    103.66

Sampling Blocks
Target Final Error ~ 0.000072
   N  nodes      weight      E(Guide)     Error     weightp    E_frag     Error      Time
  20      0   297.80501   -1833.65642   0.00507   304.46398  -0.14574   0.00049    129.95
  40      0   297.57616   -1833.63553   0.00559   304.03969  -0.14576   0.00034    148.98
  60      0   298.45019   -1833.63993   0.00450   303.77296  -0.14567   0.00026    167.49
  80      0   296.77006   -1833.63937   0.00404   303.74979  -0.14569   0.00021    186.31
 100      0   297.34613   -1833.63578   0.00350   303.93707  -0.14563   0.00018    204.99
 120      0   297.63858   -1833.63459   0.00314   304.12141  -0.14574   0.00017    223.38
 140      0   297.92062   -1833.63222   0.00291   304.15545  -0.14564   0.00016    242.69
 160      0   297.85393   -1833.63173   0.00269   304.16815  -0.14585   0.00019    262.48
 180      0   299.00936   -1833.63018   0.00257   304.23543  -0.14593   0.00018    281.70
 200      0   297.78727   -1833.63017   0.00258   304.25670  -0.14588   0.00017    300.13
 220      0   298.41219   -1833.62927   0.00238   304.28194  -0.14584   0.00015    318.88
 240      0   298.39902   -1833.62704   0.00228   304.30443  -0.14582   0.00014    337.58
 260      0   297.59649   -1833.62669   0.00218   304.31438  -0.14587   0.00014    356.12
 280      0   298.10385   -1833.62608   0.00207   304.31043  -0.14589   0.00013    374.62
 300      0   297.65758   -1833.62544   0.00199   304.33921  -0.14585   0.00012    392.67
 320      0   297.22969   -1833.62519   0.00190   304.39523  -0.14585   0.00012    411.56
 340      0   298.20341   -1833.62503   0.00186   304.42148  -0.14587   0.00011    429.63
 360      0   297.27034   -1833.62592   0.00182   304.47801  -0.14587   0.00011    447.21
 380      0   296.82402   -1833.62542   0.00175   304.47770  -0.14583   0.00011    465.18
 400      0   297.36813   -1833.62567   0.00171   304.48854  -0.14584   0.00010    483.22
 420      0   297.77003   -1833.62599   0.00166   304.48110  -0.14586   0.00010    501.00
 440      0   296.76453   -1833.62622   0.00160   304.49900  -0.14588   0.00010    523.94
 460      0   297.86379   -1833.62636   0.00156   304.51813  -0.14585   0.00009    543.94
 480      0   298.16359   -1833.62611   0.00153   304.53861  -0.14584   0.00009    561.51
 500      0   297.65922   -1833.62713   0.00151   304.55711  -0.14588   0.00009    579.81
 520      0   299.23180   -1833.62694   0.00148   304.53028  -0.14586   0.00009    597.68
 540      0   297.22497   -1833.62730   0.00144   304.52469  -0.14583   0.00008    615.60
 560      0   298.25242   -1833.62723   0.00140   304.51333  -0.14581   0.00008    634.12
 580      0   298.14944   -1833.62695   0.00138   304.52311  -0.14580   0.00008    652.77
 600      0   297.68924   -1833.62680   0.00135   304.53652  -0.14581   0.00008    671.51
 620      0   297.70099   -1833.62764   0.00134   304.54458  -0.14585   0.00008    689.60
 640      0   296.39962   -1833.62796   0.00131   304.53874  -0.14584   0.00008    707.66
 660      0   297.74782   -1833.62737   0.00129   304.53888  -0.14586   0.00008    725.39
 680      0   297.78360   -1833.62721   0.00128   304.53695  -0.14586   0.00007    743.10
 700      0   298.13211   -1833.62690   0.00126   304.52451  -0.14586   0.00008    761.10
 720      0   298.09740   -1833.62652   0.00125   304.51517  -0.14585   0.00007    779.03
 740      0   297.75525   -1833.62637   0.00123   304.49723  -0.14585   0.00007    797.88
 760      0   297.22797   -1833.62670   0.00121   304.50360  -0.14585   0.00007    815.49
 780      0   296.54880   -1833.62749   0.00120   304.51215  -0.14587   0.00007    833.41
 800      0   297.00931   -1833.62770   0.00119   304.50683  -0.14588   0.00007    851.56
 820      0   299.52583   -1833.62700   0.00118   304.50811  -0.14587   0.00007    869.86
 840      0   297.03855   -1833.62684   0.00117   304.51924  -0.14585   0.00007    887.92

Post Propagation
Total number of samples 840
Remove Outliers
Remove samples outside Zeta > 30
Outlier bound [-0.19023, -0.10094]
Removed 0 Outliers
Outliers Energy []
nsample = 840, max_block_size = 42, min_nblocks = 20
   B    NB    NS  Observable     Error    dError
   1   840   840  -1833.62680   0.00117   0.00003
   2   420   840  -1833.62681   0.00145   0.00005
   3   280   840  -1833.62681   0.00164   0.00007
   4   210   840  -1833.62682   0.00174   0.00008
   5   168   840  -1833.62682   0.00181   0.00010
   6   140   840  -1833.62682   0.00182   0.00011
   7   120   840  -1833.62683   0.00192   0.00012
   8   105   840  -1833.62683   0.00199   0.00014
   9    93   837  -1833.62695   0.00196   0.00014
  10    84   840  -1833.62683   0.00202   0.00016
  11    76   836  -1833.62693   0.00198   0.00016
  12    70   840  -1833.62683   0.00207   0.00018
  13    64   832  -1833.62702   0.00216   0.00019
  14    60   840  -1833.62683   0.00199   0.00018
  15    56   840  -1833.62683   0.00209   0.00020
  16    52   832  -1833.62702   0.00205   0.00020
  17    49   833  -1833.62701   0.00202   0.00021
  18    46   828  -1833.62704   0.00199   0.00021
  19    44   836  -1833.62693   0.00204   0.00022
  20    42   840  -1833.62683   0.00208   0.00023
  21    40   840  -1833.62683   0.00200   0.00023
  22    38   836  -1833.62693   0.00189   0.00022
  23    36   828  -1833.62704   0.00223   0.00027
  24    35   840  -1833.62684   0.00208   0.00025
  25    33   825  -1833.62713   0.00197   0.00025
  26    32   832  -1833.62702   0.00206   0.00026
  27    31   837  -1833.62696   0.00187   0.00024
  28    30   840  -1833.62684   0.00198   0.00026
  29    28   812  -1833.62730   0.00193   0.00026
  30    28   840  -1833.62684   0.00199   0.00027
  31    27   837  -1833.62696   0.00205   0.00028
  32    26   832  -1833.62702   0.00246   0.00035
  33    25   825  -1833.62713   0.00203   0.00029
  34    24   816  -1833.62706   0.00225   0.00033
  35    24   840  -1833.62684   0.00221   0.00033
  36    23   828  -1833.62704   0.00190   0.00029
  37    22   814  -1833.62719   0.00217   0.00033
  38    22   836  -1833.62693   0.00239   0.00037
  39    21   819  -1833.62695   0.00233   0.00037
  40    21   840  -1833.62684   0.00232   0.00037
  41    20   820  -1833.62700   0.00237   0.00038
  42    20   840  -1833.62684   0.00214   0.00035
Fit (variance): plateau_var = 4.212e-06 ± 1.809e-07
Fit (error):    plateau = 0.00205 ± 0.00004
     autocorrelation length ~ 3.4 blocks
     plateau reached at block size ~ 16
nsample = 840, max_block_size = 42, min_nblocks = 20
Blk_SZ   NBlk   NSmp      Energy     Error    dError
     1    840    840    -0.14581   0.00007   0.00000
     2    420    840    -0.14582   0.00008   0.00000
     3    280    840    -0.14582   0.00008   0.00000
     4    210    840    -0.14583   0.00009   0.00000
     5    168    840    -0.14583   0.00009   0.00000
     6    140    840    -0.14583   0.00009   0.00001
     7    120    840    -0.14584   0.00009   0.00001
     8    105    840    -0.14584   0.00009   0.00001
     9     93    837    -0.14584   0.00010   0.00001
    10     84    840    -0.14584   0.00009   0.00001
    11     76    836    -0.14584   0.00009   0.00001
    12     70    840    -0.14584   0.00009   0.00001
    13     64    832    -0.14585   0.00009   0.00001
    14     60    840    -0.14584   0.00010   0.00001
    15     56    840    -0.14584   0.00009   0.00001
    16     52    832    -0.14585   0.00009   0.00001
    17     49    833    -0.14585   0.00008   0.00001
    18     46    828    -0.14585   0.00010   0.00001
    19     44    836    -0.14585   0.00008   0.00001
    20     42    840    -0.14585   0.00009   0.00001
    21     40    840    -0.14585   0.00009   0.00001
    22     38    836    -0.14585   0.00008   0.00001
    23     36    828    -0.14585   0.00009   0.00001
    24     35    840    -0.14584   0.00010   0.00001
    25     33    825    -0.14586   0.00009   0.00001
    26     32    832    -0.14586   0.00008   0.00001
    27     31    837    -0.14585   0.00008   0.00001
    28     30    840    -0.14585   0.00009   0.00001
    29     28    812    -0.14587   0.00009   0.00001
    30     28    840    -0.14585   0.00009   0.00001
    31     27    837    -0.14585   0.00007   0.00001
    32     26    832    -0.14585   0.00009   0.00001
    33     25    825    -0.14586   0.00008   0.00001
    34     24    816    -0.14586   0.00009   0.00001
    35     24    840    -0.14585   0.00009   0.00001
    36     23    828    -0.14586   0.00010   0.00001
    37     22    814    -0.14587   0.00007   0.00001
    38     22    836    -0.14585   0.00007   0.00001
    39     21    819    -0.14586   0.00008   0.00001
    40     21    840    -0.14585   0.00008   0.00001
    41     20    820    -0.14587   0.00007   0.00001
    42     20    840    -0.14585   0.00009   0.00001
Fit (variance): plateau_var = 7.55034e-09 ± 2.63346e-10
Fit (error):    plateau = 0.00009 ± 0.00000
     autocorrelation length ~ 1.4 blocks
     plateau reached at block size ~ 7
Final AFQMC/HF Guiding Energy:      -1833.6268 +/- 0.0021
Final AFQMC/pt2CCSD Orbital Energy: -0.14585 +/- 0.00009
<t1> = weightp/weight = 1.02233
Total run time: 891.54

AFQMC Sampling Finished

LNO-Integral time (s):    76.77
LNO-AFQMC time (s):       1024.03


======================== LNO-FRAGMENT [C45] 34/(48,48) =========================
Fragment Num.  34
Fragment Idx.  34
Fragment Name  C45
LNO THRESHOLD  [0.0001, 1e-05]
PySCF Threads  12
LNO-LAS: 44/156 Occ | 181/636 Vir | 225/792 MOs
LNO-MP2 Fragment Energy:  -0.12045724
LNO-CCSD Fragment Energy: -0.12008952
LNO-CPU time (s):         431.76 (LAS 25.19 | MP2 30.91 | CCSD 375.67)
LNO-CPU wait time (s):    0.00 (100.0% hidden)
Find Density Fit Teonsers in MF object
Integrals will be built by DF Tensors
Calculating Effective Active Space One-electron Integrals
*** Correlation Space Size ***
N Occupied Orbitals: 44
N Active Orbitals:   225
Build effective h0 and h1 time: 58.706899 s
Composing CDERIs from DF
Build CDERI in cLAS time: 14.227807 s
Raw CDERI in LAS shape: (3912, 25425)
Compress CDERI 2 Chol: 1e-05
Compress CDERI time: 4.502897 s
Finished calculating Integrals
LAS Cholesky shape: (1711, 225, 225)
AFQMC script: /u/yzhang65/myprojects/software/afqmc/afqmc/lno_afqmc/script/run_lno_afqmc_pt2ccsd.py

LNO-AFQMC Started
Hostname:     gpue08.delta.ncsa.illinois.edu
System:       Linux
Node:         gpue08.delta.ncsa.illinois.edu
Release:      5.14.0-570.131.1.el9_6.x86_64
Machine:      x86_64
Processor:    x86_64
JAX backend:  GPU
JAX devices:  [CudaDevice(id=0)]
Device kind:  NVIDIA H200
Platform:     gpu

QMC Parameters
eql_time        -         30
n_prop_steps    -         50
n_blocks        -        840
n_walkers       -        300
max_memory      -     200000
mix_precision   -       True
seed            -         33
walker_type     -        rhf
trial           - pt2ccsd_sto_chol
chol_cost_ratio -        0.2
max_error       -    7.2e-05
dt              -      0.005
n_exp_terms     -          6
n_batch         -          1
nchol_chunk     -        100
free_projection -      False

QMC System
Number of Occ. Orbitals:      44
Number of Act. Orbitals:      225
Number of Chol. Vectors:      1711
Mean-Field Energy:            -1832.00523770
Maximum memory per walker:            666.67 MB
Maximum number of Cholesky per chunk: 863
Number of Cholesky chunks:            2
Number of Cholesky per chunk:         856
Number of padding Cholesky:           1
Trial:   pt2ccsd_sto_chol(norb=225, nelec=(44, 44), n_batch=1, nchol_chunk=856, mix_precision=True, n_chol_head=0, head_chol_ratio=None, n_chol_samples=None, chol_cost_ratio=0.2, head_sample_ratio=3.0, chol_score_floor=1e-06, chol_uniform_mix=0.01, head_from_guide=False)
Sampler: sampler_pt2_sto_chol(n_prop_steps=50, n_blocks=840, n_chol=1711, frozen_vir=0)

Initalize QMC walkers by HF

Equilibration
Initial Orbital energy: -0.12011
inv_T  nodes      weight      energy     error   runTime
 0.00      0   300.00000  -1832.00332   0.00000     45.95
 3.00      0   309.08170  -1833.87576   0.02973     57.18
 6.00      0   300.34283  -1833.94360   0.03072     64.66
 9.00      0   298.95599  -1834.02929   0.03578     71.62
12.00      0   296.70614  -1833.93393   0.03071     78.75
15.00      0   297.55487  -1833.90882   0.02852     86.18
18.00      0   298.26740  -1833.97871   0.03421     93.01
21.00      0   297.57608  -1833.96820   0.03343     99.58
24.00      0   297.93147  -1833.90529   0.03033    107.53
27.00      0   296.97194  -1834.00159   0.03262    114.07
30.00      0   297.77882  -1833.97191   0.03254    120.76

Sampling Blocks
Target Final Error ~ 0.000072
   N  nodes      weight      E(Guide)     Error     weightp    E_frag     Error      Time
  20      0   298.25738   -1833.94662   0.00789   305.68412  -0.12711   0.00031    159.52
  40      0   296.54101   -1833.94903   0.00462   305.07064  -0.12678   0.00021    190.92
  60      0   296.55588   -1833.94936   0.00386   305.05092  -0.12698   0.00019    222.86
  80      0   296.91978   -1833.95180   0.00378   305.08540  -0.12706   0.00021    255.24
 100      0   297.78069   -1833.95843   0.00357   305.13694  -0.12700   0.00017    287.26
 120      0   298.30919   -1833.95724   0.00313   305.07441  -0.12701   0.00015    318.22
 140      0   297.16772   -1833.95634   0.00284   305.05787  -0.12702   0.00014    349.29
 160      0   298.32543   -1833.95599   0.00265   305.13510  -0.12700   0.00013    380.09
 180      0   298.78203   -1833.95615   0.00243   305.14572  -0.12699   0.00012    410.99
 200      0   297.18027   -1833.95536   0.00234   305.10531  -0.12694   0.00011    442.22
 220      0   297.44062   -1833.95298   0.00224   305.13191  -0.12690   0.00010    473.03
 240      0   297.37692   -1833.95398   0.00218   305.12925  -0.12698   0.00012    504.11
 260      0   298.15752   -1833.95352   0.00215   305.11881  -0.12699   0.00011    542.64
 280      0   297.23558   -1833.95267   0.00202   305.10479  -0.12700   0.00011    573.67
 300      0   297.19609   -1833.95108   0.00195   305.12901  -0.12697   0.00010    604.45
 320      0   296.73484   -1833.95199   0.00188   305.14705  -0.12700   0.00010    635.27
 340      0   298.42908   -1833.95420   0.00187   305.15030  -0.12700   0.00010    666.04
 360      0   296.94548   -1833.95331   0.00180   305.13994  -0.12699   0.00010    698.45
 380      0   297.46923   -1833.95263   0.00174   305.12012  -0.12697   0.00009    730.14
 400      0   297.83245   -1833.95256   0.00169   305.10971  -0.12699   0.00009    761.22
 420      0   297.93933   -1833.95308   0.00168   305.13818  -0.12701   0.00009    792.33
 440      0   298.27215   -1833.95266   0.00163   305.13125  -0.12697   0.00008    823.54
 460      0   297.98177   -1833.95180   0.00160   305.13730  -0.12697   0.00008    855.20
 480      0   297.99848   -1833.95145   0.00157   305.14603  -0.12695   0.00008    886.27
 500      0   296.38256   -1833.95139   0.00152   305.15570  -0.12692   0.00008    917.58
 520      0   298.41281   -1833.95206   0.00151   305.16313  -0.12692   0.00008    949.29
 540      0   297.30539   -1833.95150   0.00148   305.16975  -0.12693   0.00007    980.35
 560      0   298.10798   -1833.95089   0.00145   305.17250  -0.12693   0.00007   1012.22
 580      0   297.74847   -1833.95038   0.00142   305.16096  -0.12691   0.00007   1043.04
 600      0   297.69277   -1833.95032   0.00139   305.16933  -0.12693   0.00007   1075.35
 620      0   298.81558   -1833.95086   0.00136   305.19138  -0.12692   0.00007   1106.64
 640      0   298.24948   -1833.95104   0.00134   305.22043  -0.12692   0.00007   1141.28
 660      0   296.01285   -1833.95114   0.00132   305.23223  -0.12693   0.00007   1172.89
 680      0   297.48238   -1833.95127   0.00130   305.23603  -0.12694   0.00007   1203.87
 700      0   297.45852   -1833.95124   0.00129   305.25455  -0.12693   0.00006   1235.69
 720      0   297.69766   -1833.95054   0.00128   305.24570  -0.12695   0.00006   1267.11
 740      0   296.39045   -1833.95056   0.00126   305.23297  -0.12697   0.00006   1298.25
 760      0   298.15836   -1833.95106   0.00125   305.24204  -0.12697   0.00006   1329.92
 780      0   298.10490   -1833.95102   0.00123   305.24429  -0.12697   0.00006   1361.24
 800      0   298.04318   -1833.95074   0.00122   305.24634  -0.12695   0.00006   1392.49
 820      0   297.88968   -1833.94976   0.00121   305.24784  -0.12694   0.00006   1423.52
 840      0   296.92561   -1833.95003   0.00120   305.24773  -0.12695   0.00006   1455.21

Post Propagation
Total number of samples 840
Remove Outliers
Remove samples outside Zeta > 30
Outlier bound [-0.16895, -0.08436]
Removed 0 Outliers
Outliers Energy []
nsample = 840, max_block_size = 42, min_nblocks = 20
   B    NB    NS  Observable     Error    dError
   1   840   840  -1833.94998   0.00120   0.00003
   2   420   840  -1833.94999   0.00152   0.00005
   3   280   840  -1833.95000   0.00173   0.00007
   4   210   840  -1833.95000   0.00188   0.00009
   5   168   840  -1833.95000   0.00202   0.00011
   6   140   840  -1833.95001   0.00203   0.00012
   7   120   840  -1833.95001   0.00209   0.00014
   8   105   840  -1833.95001   0.00212   0.00015
   9    93   837  -1833.95003   0.00211   0.00016
  10    84   840  -1833.95001   0.00234   0.00018
  11    76   836  -1833.95005   0.00220   0.00018
  12    70   840  -1833.95002   0.00231   0.00020
  13    64   832  -1833.94977   0.00235   0.00021
  14    60   840  -1833.95002   0.00230   0.00021
  15    56   840  -1833.95002   0.00218   0.00021
  16    52   832  -1833.94978   0.00203   0.00020
  17    49   833  -1833.94984   0.00245   0.00025
  18    46   828  -1833.94994   0.00220   0.00023
  19    44   836  -1833.95005   0.00218   0.00024
  20    42   840  -1833.95002   0.00232   0.00026
  21    40   840  -1833.95002   0.00221   0.00025
  22    38   836  -1833.95005   0.00213   0.00025
  23    36   828  -1833.94994   0.00236   0.00028
  24    35   840  -1833.95002   0.00239   0.00029
  25    33   825  -1833.94998   0.00253   0.00032
  26    32   832  -1833.94978   0.00220   0.00028
  27    31   837  -1833.95003   0.00231   0.00030
  28    30   840  -1833.95002   0.00220   0.00029
  29    28   812  -1833.95016   0.00258   0.00035
  30    28   840  -1833.95002   0.00207   0.00028
  31    27   837  -1833.95004   0.00219   0.00030
  32    26   832  -1833.94978   0.00226   0.00032
  33    25   825  -1833.94998   0.00253   0.00036
  34    24   816  -1833.95001   0.00252   0.00037
  35    24   840  -1833.95002   0.00244   0.00036
  36    23   828  -1833.94994   0.00212   0.00032
  37    22   814  -1833.95014   0.00236   0.00036
  38    22   836  -1833.95005   0.00242   0.00037
  39    21   819  -1833.94978   0.00233   0.00037
  40    21   840  -1833.95003   0.00205   0.00032
  41    20   820  -1833.94976   0.00214   0.00035
  42    20   840  -1833.95003   0.00213   0.00035
Fit (variance): plateau_var = 5.106e-06 ± 2.208e-07
Fit (error):    plateau = 0.00226 ± 0.00005
     autocorrelation length ~ 3.6 blocks
     plateau reached at block size ~ 17
nsample = 840, max_block_size = 42, min_nblocks = 20
Blk_SZ   NBlk   NSmp      Energy     Error    dError
     1    840    840    -0.12692   0.00006   0.00000
     2    420    840    -0.12693   0.00007   0.00000
     3    280    840    -0.12693   0.00007   0.00000
     4    210    840    -0.12693   0.00008   0.00000
     5    168    840    -0.12694   0.00008   0.00000
     6    140    840    -0.12694   0.00008   0.00000
     7    120    840    -0.12694   0.00008   0.00001
     8    105    840    -0.12694   0.00008   0.00001
     9     93    837    -0.12695   0.00008   0.00001
    10     84    840    -0.12694   0.00008   0.00001
    11     76    836    -0.12695   0.00008   0.00001
    12     70    840    -0.12694   0.00008   0.00001
    13     64    832    -0.12694   0.00008   0.00001
    14     60    840    -0.12694   0.00008   0.00001
    15     56    840    -0.12694   0.00008   0.00001
    16     52    832    -0.12694   0.00007   0.00001
    17     49    833    -0.12695   0.00008   0.00001
    18     46    828    -0.12694   0.00007   0.00001
    19     44    836    -0.12696   0.00009   0.00001
    20     42    840    -0.12695   0.00007   0.00001
    21     40    840    -0.12695   0.00008   0.00001
    22     38    836    -0.12696   0.00007   0.00001
    23     36    828    -0.12694   0.00008   0.00001
    24     35    840    -0.12695   0.00008   0.00001
    25     33    825    -0.12694   0.00007   0.00001
    26     32    832    -0.12695   0.00006   0.00001
    27     31    837    -0.12695   0.00007   0.00001
    28     30    840    -0.12695   0.00007   0.00001
    29     28    812    -0.12693   0.00007   0.00001
    30     28    840    -0.12695   0.00008   0.00001
    31     27    837    -0.12696   0.00008   0.00001
    32     26    832    -0.12695   0.00007   0.00001
    33     25    825    -0.12694   0.00006   0.00001
    34     24    816    -0.12693   0.00008   0.00001
    35     24    840    -0.12695   0.00008   0.00001
    36     23    828    -0.12694   0.00006   0.00001
    37     22    814    -0.12693   0.00009   0.00001
    38     22    836    -0.12696   0.00006   0.00001
    39     21    819    -0.12693   0.00008   0.00001
    40     21    840    -0.12695   0.00005   0.00001
    41     20    820    -0.12693   0.00007   0.00001
    42     20    840    -0.12695   0.00007   0.00001
Fit (variance): plateau_var = 5.36799e-09 ± 1.72797e-10
Fit (error):    plateau = 0.00007 ± 0.00000
     autocorrelation length ~ 0.7 blocks
     plateau reached at block size ~ 4
Final AFQMC/HF Guiding Energy:      -1833.9500 +/- 0.0023
Final AFQMC/pt2CCSD Orbital Energy: -0.12695 +/- 0.00007
<t1> = weightp/weight = 1.02584
Total run time: 1459.06

AFQMC Sampling Finished

LNO-Integral time (s):    80.39
LNO-AFQMC time (s):       1582.13


======================== LNO-FRAGMENT [C46] 35/(48,48) =========================
Fragment Num.  35
Fragment Idx.  35
Fragment Name  C46
LNO THRESHOLD  [0.0001, 1e-05]
PySCF Threads  12
LNO-LAS: 47/156 Occ | 183/636 Vir | 230/792 MOs
LNO-MP2 Fragment Energy:  -0.12025855
LNO-CCSD Fragment Energy: -0.11984644
LNO-CPU time (s):         502.57 (LAS 24.62 | MP2 52.64 | CCSD 425.31)
LNO-CPU wait time (s):    0.00 (100.0% hidden)
Find Density Fit Teonsers in MF object
Integrals will be built by DF Tensors
Calculating Effective Active Space One-electron Integrals
*** Correlation Space Size ***
N Occupied Orbitals: 47
N Active Orbitals:   230
Build effective h0 and h1 time: 47.331351 s
Composing CDERIs from DF
Build CDERI in cLAS time: 11.732341 s
Raw CDERI in LAS shape: (3912, 26565)
Compress CDERI 2 Chol: 1e-05
Compress CDERI time: 4.877558 s
Finished calculating Integrals
LAS Cholesky shape: (1781, 230, 230)
AFQMC script: /u/yzhang65/myprojects/software/afqmc/afqmc/lno_afqmc/script/run_lno_afqmc_pt2ccsd.py

LNO-AFQMC Started
Hostname:     gpue08.delta.ncsa.illinois.edu
System:       Linux
Node:         gpue08.delta.ncsa.illinois.edu
Release:      5.14.0-570.131.1.el9_6.x86_64
Machine:      x86_64
Processor:    x86_64
JAX backend:  GPU
JAX devices:  [CudaDevice(id=0)]
Device kind:  NVIDIA H200
Platform:     gpu

QMC Parameters
eql_time        -         30
n_prop_steps    -         50
n_blocks        -        840
n_walkers       -        300
max_memory      -     200000
mix_precision   -       True
seed            -       2939
walker_type     -        rhf
trial           - pt2ccsd_sto_chol
chol_cost_ratio -        0.2
max_error       -    7.2e-05
dt              -      0.005
n_exp_terms     -          6
n_batch         -          1
nchol_chunk     -        100
free_projection -      False

QMC System
Number of Occ. Orbitals:      47
Number of Act. Orbitals:      230
Number of Chol. Vectors:      1781
Mean-Field Energy:            -1832.00523770
Maximum memory per walker:            666.67 MB
Maximum number of Cholesky per chunk: 825
Number of Cholesky chunks:            3
Number of Cholesky per chunk:         594
Number of padding Cholesky:           1
Trial:   pt2ccsd_sto_chol(norb=230, nelec=(47, 47), n_batch=1, nchol_chunk=594, mix_precision=True, n_chol_head=0, head_chol_ratio=None, n_chol_samples=None, chol_cost_ratio=0.2, head_sample_ratio=3.0, chol_score_floor=1e-06, chol_uniform_mix=0.01, head_from_guide=False)
Sampler: sampler_pt2_sto_chol(n_prop_steps=50, n_blocks=840, n_chol=1781, frozen_vir=0)

Initalize QMC walkers by HF

Equilibration
Initial Orbital energy: -0.11984
inv_T  nodes      weight      energy     error   runTime
 0.00      0   300.00000  -1832.00354   0.00000     44.80
 3.00      0   310.04217  -1833.96020   0.03021     58.06
 6.00      0   300.67126  -1833.98163   0.03148     65.85
 9.00      0   299.76100  -1834.06806   0.03193     74.25
12.00      0   297.91159  -1834.02613   0.03535     81.71
15.00      0   296.96468  -1834.00702   0.03413     88.94
18.00      0   297.31190  -1834.00908   0.03218     96.12
21.00      0   297.36651  -1833.96042   0.02969    103.76
24.00      0   296.59953  -1833.98220   0.03587    111.23
27.00      0   297.61020  -1834.04879   0.03253    118.53
30.00      0   297.17587  -1834.03984   0.02979    125.84

Sampling Blocks
Target Final Error ~ 0.000072
   N  nodes      weight      E(Guide)     Error     weightp    E_frag     Error      Time
  20      0   296.13874   -1834.02919   0.01069   305.12537  -0.12654   0.00016    169.21
  40      0   296.51247   -1834.02977   0.00605   305.15074  -0.12668   0.00016    205.77
  60      0   297.38594   -1834.02293   0.00503   305.12742  -0.12664   0.00016    241.38
  80      0   295.92502   -1834.01757   0.00416   305.01525  -0.12669   0.00013    277.31
 100      0   297.95403   -1834.01238   0.00375   305.11366  -0.12681   0.00012    313.09
 120      0   298.72100   -1834.00906   0.00340   305.16860  -0.12675   0.00011    348.87
 140      0   297.45525   -1834.01254   0.00312   305.15113  -0.12679   0.00013    384.43
 160      0   297.16833   -1834.01215   0.00283   305.15860  -0.12673   0.00012    420.52
 180      0   297.34316   -1834.01160   0.00266   305.14276  -0.12665   0.00011    456.38
 200      0   297.37462   -1834.01146   0.00243   305.11829  -0.12659   0.00011    492.49
 220      0   297.38355   -1834.01027   0.00227   305.07343  -0.12649   0.00010    535.45
 240      0   298.39285   -1834.00826   0.00223   305.02545  -0.12654   0.00010    570.92
 260      0   296.10011   -1834.00824   0.00221   305.01376  -0.12660   0.00010    606.34
 280      0   297.93069   -1834.00787   0.00218   305.05720  -0.12656   0.00009    641.77
 300      0   297.54444   -1834.01023   0.00226   305.08949  -0.12676   0.00011    677.20
 320      0   298.45840   -1834.00970   0.00216   305.08799  -0.12674   0.00011    712.75
 340      0   296.37028   -1834.01009   0.00210   305.08148  -0.12672   0.00010    748.17
 360      0   297.19651   -1834.00864   0.00204   305.08563  -0.12672   0.00010    783.59
 380      0   297.43034   -1834.00738   0.00198   305.11001  -0.12671   0.00010    818.97
 400      0   297.88029   -1834.00809   0.00191   305.12810  -0.12670   0.00009    854.37
 420      0   297.36321   -1834.00818   0.00186   305.12891  -0.12668   0.00009    889.74
 440      0   298.24281   -1834.00866   0.00181   305.12397  -0.12667   0.00009    925.15
 460      0   296.94526   -1834.00926   0.00176   305.12094  -0.12666   0.00008    960.57
 480      0   297.80168   -1834.00861   0.00173   305.14214  -0.12665   0.00008    995.99
 500      0   298.02800   -1834.00839   0.00168   305.16158  -0.12663   0.00008   1031.56
 520      0   297.80036   -1834.00880   0.00164   305.14165  -0.12660   0.00008   1067.03
 540      0   297.97052   -1834.00845   0.00162   305.11497  -0.12655   0.00007   1102.62
 560      0   297.33906   -1834.00905   0.00160   305.12191  -0.12656   0.00007   1142.07
 580      0   297.80051   -1834.00972   0.00157   305.12341  -0.12655   0.00007   1177.50
 600      0   297.94551   -1834.01001   0.00153   305.12957  -0.12655   0.00007   1212.96
 620      0   297.13935   -1834.01055   0.00149   305.15986  -0.12664   0.00007   1248.42
 640      0   297.75302   -1834.00998   0.00148   305.16937  -0.12666   0.00007   1283.84
 660      0   297.58124   -1834.00950   0.00145   305.16771  -0.12664   0.00007   1319.40
 680      0   298.11403   -1834.00916   0.00141   305.15791  -0.12665   0.00007   1354.81
 700      0   297.10447   -1834.00952   0.00138   305.18071  -0.12665   0.00007   1390.25
 720      0   296.98827   -1834.00916   0.00136   305.17959  -0.12665   0.00007   1425.71
 740      0   297.11550   -1834.00886   0.00134   305.18786  -0.12665   0.00006   1461.16
 760      0   297.90505   -1834.00963   0.00134   305.18321  -0.12667   0.00006   1496.57
 780      0   296.98053   -1834.00946   0.00131   305.19256  -0.12666   0.00006   1532.02
 800      0   296.48638   -1834.00982   0.00134   305.23054  -0.12674   0.00010   1567.41
 820      0   297.32752   -1834.01036   0.00132   305.23664  -0.12673   0.00010   1602.85
 840      0   296.09311   -1834.00988   0.00131   305.24448  -0.12672   0.00009   1638.28

Post Propagation
Total number of samples 840
Remove Outliers
Remove samples outside Zeta > 30
Outlier bound [-0.16692, -0.08590]
Removed 1 Outliers
Outliers Energy [-0.18415738]
nsample = 840, max_block_size = 42, min_nblocks = 20
   B    NB    NS  Observable     Error    dError
   1   840   840  -1834.00983   0.00131   0.00003
   2   420   840  -1834.00984   0.00161   0.00006
   3   280   840  -1834.00985   0.00185   0.00008
   4   210   840  -1834.00986   0.00196   0.00010
   5   168   840  -1834.00986   0.00201   0.00011
   6   140   840  -1834.00986   0.00214   0.00013
   7   120   840  -1834.00987   0.00224   0.00014
   8   105   840  -1834.00987   0.00232   0.00016
   9    93   837  -1834.00995   0.00227   0.00017
  10    84   840  -1834.00987   0.00224   0.00017
  11    76   836  -1834.00997   0.00243   0.00020
  12    70   840  -1834.00987   0.00230   0.00020
  13    64   832  -1834.01007   0.00235   0.00021
  14    60   840  -1834.00988   0.00249   0.00023
  15    56   840  -1834.00987   0.00250   0.00024
  16    52   832  -1834.01007   0.00246   0.00024
  17    49   833  -1834.01001   0.00256   0.00026
  18    46   828  -1834.01035   0.00245   0.00026
  19    44   836  -1834.00998   0.00241   0.00026
  20    42   840  -1834.00988   0.00244   0.00027
  21    40   840  -1834.00988   0.00275   0.00031
  22    38   836  -1834.00998   0.00234   0.00027
  23    36   828  -1834.01036   0.00268   0.00032
  24    35   840  -1834.00988   0.00241   0.00029
  25    33   825  -1834.01040   0.00264   0.00033
  26    32   832  -1834.01007   0.00216   0.00027
  27    31   837  -1834.00995   0.00260   0.00034
  28    30   840  -1834.00988   0.00239   0.00031
  29    28   812  -1834.01032   0.00273   0.00037
  30    28   840  -1834.00988   0.00259   0.00035
  31    27   837  -1834.00996   0.00237   0.00033
  32    26   832  -1834.01007   0.00224   0.00032
  33    25   825  -1834.01040   0.00232   0.00033
  34    24   816  -1834.01030   0.00283   0.00042
  35    24   840  -1834.00988   0.00271   0.00040
  36    23   828  -1834.01036   0.00230   0.00035
  37    22   814  -1834.01028   0.00287   0.00044
  38    22   836  -1834.00998   0.00264   0.00041
  39    21   819  -1834.01041   0.00294   0.00046
  40    21   840  -1834.00988   0.00217   0.00034
  41    20   820  -1834.01036   0.00275   0.00045
  42    20   840  -1834.00988   0.00254   0.00041
Fit (variance): plateau_var = 6.073e-06 ± 2.879e-07
Fit (error):    plateau = 0.00246 ± 0.00006
     autocorrelation length ~ 4.5 blocks
     plateau reached at block size ~ 21
nsample = 839, max_block_size = 41, min_nblocks = 20
Blk_SZ   NBlk   NSmp      Energy     Error    dError
     1    839    839    -0.12660   0.00006   0.00000
     2    419    838    -0.12662   0.00007   0.00000
     3    279    837    -0.12662   0.00008   0.00000
     4    209    836    -0.12663   0.00008   0.00000
     5    167    835    -0.12663   0.00008   0.00000
     6    139    834    -0.12664   0.00009   0.00001
     7    119    833    -0.12664   0.00009   0.00001
     8    104    832    -0.12664   0.00010   0.00001
     9     93    837    -0.12664   0.00010   0.00001
    10     83    830    -0.12664   0.00010   0.00001
    11     76    836    -0.12664   0.00010   0.00001
    12     69    828    -0.12664   0.00011   0.00001
    13     64    832    -0.12664   0.00010   0.00001
    14     59    826    -0.12664   0.00012   0.00001
    15     55    825    -0.12665   0.00011   0.00001
    16     52    832    -0.12665   0.00010   0.00001
    17     49    833    -0.12665   0.00011   0.00001
    18     46    828    -0.12665   0.00011   0.00001
    19     44    836    -0.12664   0.00010   0.00001
    20     41    820    -0.12665   0.00012   0.00001
    21     39    819    -0.12665   0.00012   0.00001
    22     38    836    -0.12665   0.00010   0.00001
    23     36    828    -0.12665   0.00012   0.00001
    24     34    816    -0.12665   0.00011   0.00001
    25     33    825    -0.12665   0.00012   0.00001
    26     32    832    -0.12665   0.00011   0.00001
    27     31    837    -0.12664   0.00013   0.00002
    28     29    812    -0.12665   0.00012   0.00002
    29     28    812    -0.12665   0.00010   0.00001
    30     27    810    -0.12665   0.00013   0.00002
    31     27    837    -0.12664   0.00012   0.00002
    32     26    832    -0.12665   0.00009   0.00001
    33     25    825    -0.12665   0.00013   0.00002
    34     24    816    -0.12665   0.00012   0.00002
    35     23    805    -0.12666   0.00013   0.00002
    36     23    828    -0.12665   0.00011   0.00002
    37     22    814    -0.12665   0.00013   0.00002
    38     22    836    -0.12665   0.00011   0.00002
    39     21    819    -0.12665   0.00012   0.00002
    40     20    800    -0.12666   0.00013   0.00002
    41     20    820    -0.12665   0.00010   0.00002
Fit (variance): plateau_var = 1.26565e-08 ± 7.44642e-10
Fit (error):    plateau = 0.00011 ± 0.00000
     autocorrelation length ~ 6.7 blocks
     plateau reached at block size ~ 30
Final AFQMC/HF Guiding Energy:      -1834.0099 +/- 0.0025
Final AFQMC/pt2CCSD Orbital Energy: -0.12665 +/- 0.00011
<t1> = weightp/weight = 1.02593
Total run time: 1640.88

AFQMC Sampling Finished

LNO-Integral time (s):    69.48
LNO-AFQMC time (s):       1764.07


======================= LNO-FRAGMENT [C47H63] 36/(48,48) =======================
Fragment Num.  36
Fragment Idx.  36
Fragment Name  C47H63
LNO THRESHOLD  [0.0001, 1e-05]
PySCF Threads  12
LNO-LAS: 40/156 Occ | 165/636 Vir | 205/792 MOs
LNO-MP2 Fragment Energy:  -0.13470967
LNO-CCSD Fragment Energy: -0.13962935
LNO-CPU time (s):         299.54 (LAS 29.59 | MP2 33.68 | CCSD 236.27)
LNO-CPU wait time (s):    0.00 (100.0% hidden)
Find Density Fit Teonsers in MF object
Integrals will be built by DF Tensors
Calculating Effective Active Space One-electron Integrals
*** Correlation Space Size ***
N Occupied Orbitals: 40
N Active Orbitals:   205
Build effective h0 and h1 time: 51.637813 s
Composing CDERIs from DF
Build CDERI in cLAS time: 10.250845 s
Raw CDERI in LAS shape: (3912, 21115)
Compress CDERI 2 Chol: 1e-05
Compress CDERI time: 4.451616 s
Finished calculating Integrals
LAS Cholesky shape: (1651, 205, 205)
AFQMC script: /u/yzhang65/myprojects/software/afqmc/afqmc/lno_afqmc/script/run_lno_afqmc_pt2ccsd.py

LNO-AFQMC Started
Hostname:     gpue08.delta.ncsa.illinois.edu
System:       Linux
Node:         gpue08.delta.ncsa.illinois.edu
Release:      5.14.0-570.131.1.el9_6.x86_64
Machine:      x86_64
Processor:    x86_64
JAX backend:  GPU
JAX devices:  [CudaDevice(id=0)]
Device kind:  NVIDIA H200
Platform:     gpu

QMC Parameters
eql_time        -         30
n_prop_steps    -         50
n_blocks        -        840
n_walkers       -        300
max_memory      -     200000
mix_precision   -       True
seed            -        922
walker_type     -        rhf
trial           - pt2ccsd_sto_chol
chol_cost_ratio -        0.2
max_error       -    7.2e-05
dt              -      0.005
n_exp_terms     -          6
n_batch         -          1
nchol_chunk     -        100
free_projection -      False

QMC System
Number of Occ. Orbitals:      40
Number of Act. Orbitals:      205
Number of Chol. Vectors:      1651
Mean-Field Energy:            -1832.00523770
Maximum memory per walker:            666.67 MB
Maximum number of Cholesky per chunk: 1039
Number of Cholesky chunks:            2
Number of Cholesky per chunk:         826
Number of padding Cholesky:           1
Trial:   pt2ccsd_sto_chol(norb=205, nelec=(40, 40), n_batch=1, nchol_chunk=826, mix_precision=True, n_chol_head=0, head_chol_ratio=None, n_chol_samples=None, chol_cost_ratio=0.2, head_sample_ratio=3.0, chol_score_floor=1e-06, chol_uniform_mix=0.01, head_from_guide=False)
Sampler: sampler_pt2_sto_chol(n_prop_steps=50, n_blocks=840, n_chol=1651, frozen_vir=0)

Initalize QMC walkers by HF

Equilibration
Initial Orbital energy: -0.13964
inv_T  nodes      weight      energy     error   runTime
 0.00      0   300.00000  -1832.00359   0.00000     39.29
 3.00      0   308.51681  -1833.60179   0.02582     49.89
 6.00      0   300.82803  -1833.62662   0.02505     55.24
 9.00      0   298.82059  -1833.66623   0.02506     60.36
12.00      0   298.36182  -1833.71142   0.02869     65.48
15.00      0   298.00299  -1833.70302   0.02881     71.61
18.00      0   298.08896  -1833.70174   0.02702     77.16
21.00      0   297.38377  -1833.67312   0.03031     82.30
24.00      0   298.29160  -1833.68506   0.02956     88.00
27.00      0   298.17092  -1833.67651   0.02664     93.39
30.00      0   297.94627  -1833.63555   0.02640     99.06

Sampling Blocks
Target Final Error ~ 0.000072
   N  nodes      weight      E(Guide)     Error     weightp    E_frag     Error      Time
  20      0   297.87910   -1833.67054   0.00788   305.60946  -0.14644   0.00024    129.92
  40      0   298.15959   -1833.65968   0.00523   305.37113  -0.14654   0.00024    152.47
  60      0   298.46380   -1833.65837   0.00419   305.21922  -0.14633   0.00020    175.12
  80      0   297.61360   -1833.66369   0.00360   305.10675  -0.14633   0.00017    197.45
 100      0   297.58897   -1833.65935   0.00327   305.04799  -0.14626   0.00015    219.71
 120      0   298.39889   -1833.65598   0.00297   305.07230  -0.14615   0.00013    242.03
 140      0   298.18856   -1833.65643   0.00272   305.08156  -0.14606   0.00012    264.43
 160      0   298.28570   -1833.65585   0.00245   305.08761  -0.14606   0.00011    286.85
 180      0   297.74332   -1833.65889   0.00240   305.12474  -0.14607   0.00011    309.15
 200      0   298.10212   -1833.65911   0.00222   305.12312  -0.14620   0.00012    331.47
 220      0   297.91454   -1833.66188   0.00216   305.11948  -0.14622   0.00011    353.81
 240      0   296.36351   -1833.66372   0.00211   305.12066  -0.14626   0.00011    376.14
 260      0   298.51345   -1833.66472   0.00206   305.12167  -0.14637   0.00011    398.42
 280      0   297.30456   -1833.66430   0.00204   305.12089  -0.14636   0.00010    420.75
 300      0   298.98788   -1833.66431   0.00194   305.14972  -0.14637   0.00010    443.18
 320      0   296.87691   -1833.66661   0.00190   305.15432  -0.14640   0.00010    465.56
 340      0   297.43103   -1833.66854   0.00186   305.11402  -0.14647   0.00010    487.88
 360      0   297.77568   -1833.66927   0.00179   305.10056  -0.14650   0.00009    510.25
 380      0   298.55921   -1833.66861   0.00173   305.09589  -0.14651   0.00009    536.59
 400      0   298.85575   -1833.66842   0.00168   305.07301  -0.14650   0.00009    561.57
 420      0   298.36362   -1833.66821   0.00163   305.06251  -0.14645   0.00008    583.94
 440      0   299.26184   -1833.66733   0.00158   305.06667  -0.14645   0.00008    606.27
 460      0   296.94912   -1833.66747   0.00153   305.09671  -0.14643   0.00008    628.68
 480      0   297.42846   -1833.66771   0.00150   305.10726  -0.14641   0.00008    651.04
 500      0   297.93001   -1833.66891   0.00149   305.13934  -0.14643   0.00008    673.53
 520      0   296.96744   -1833.66924   0.00145   305.15050  -0.14641   0.00007    695.80
 540      0   298.08460   -1833.66921   0.00141   305.16555  -0.14640   0.00007    718.15
 560      0   297.92384   -1833.66878   0.00139   305.15949  -0.14641   0.00007    740.49
 580      0   297.77154   -1833.66959   0.00137   305.15297  -0.14639   0.00007    762.83
 600      0   298.63655   -1833.67099   0.00137   305.17648  -0.14642   0.00007    785.12
 620      0   298.31607   -1833.67202   0.00136   305.15541  -0.14648   0.00008    807.48
 640      0   297.89600   -1833.67263   0.00134   305.14774  -0.14649   0.00008    829.95
 660      0   296.53061   -1833.67261   0.00131   305.16150  -0.14649   0.00008    852.37
 680      0   299.46505   -1833.67233   0.00129   305.14962  -0.14652   0.00008    874.64
 700      0   297.99006   -1833.67222   0.00127   305.14987  -0.14650   0.00008    897.03
 720      0   297.86835   -1833.67192   0.00124   305.13791  -0.14650   0.00007    919.40
 740      0   298.17426   -1833.67149   0.00123   305.14216  -0.14650   0.00007    941.71
 760      0   296.07919   -1833.67089   0.00121   305.13270  -0.14655   0.00007    963.98
 780      0   298.27185   -1833.67099   0.00119   305.14263  -0.14653   0.00007    986.31
 800      0   296.61168   -1833.67093   0.00121   305.14246  -0.14652   0.00007   1008.65
 820      0   297.21392   -1833.67063   0.00119   305.15069  -0.14650   0.00007   1030.97
 840      0   297.76716   -1833.67087   0.00117   305.15485  -0.14652   0.00007   1053.26

Post Propagation
Total number of samples 840
Remove Outliers
Remove samples outside Zeta > 30
Outlier bound [-0.19338, -0.09909]
Removed 0 Outliers
Outliers Energy []
nsample = 840, max_block_size = 42, min_nblocks = 20
   B    NB    NS  Observable     Error    dError
   1   840   840  -1833.67083   0.00117   0.00003
   2   420   840  -1833.67084   0.00149   0.00005
   3   280   840  -1833.67085   0.00168   0.00007
   4   210   840  -1833.67085   0.00185   0.00009
   5   168   840  -1833.67085   0.00196   0.00011
   6   140   840  -1833.67086   0.00204   0.00012
   7   120   840  -1833.67085   0.00223   0.00014
   8   105   840  -1833.67086   0.00225   0.00016
   9    93   837  -1833.67083   0.00230   0.00017
  10    84   840  -1833.67086   0.00236   0.00018
  11    76   836  -1833.67074   0.00250   0.00020
  12    70   840  -1833.67086   0.00254   0.00022
  13    64   832  -1833.67064   0.00252   0.00022
  14    60   840  -1833.67086   0.00266   0.00024
  15    56   840  -1833.67086   0.00266   0.00025
  16    52   832  -1833.67065   0.00262   0.00026
  17    49   833  -1833.67069   0.00266   0.00027
  18    46   828  -1833.67057   0.00282   0.00030
  19    44   836  -1833.67075   0.00275   0.00030
  20    42   840  -1833.67087   0.00268   0.00030
  21    40   840  -1833.67087   0.00268   0.00030
  22    38   836  -1833.67074   0.00302   0.00035
  23    36   828  -1833.67057   0.00281   0.00034
  24    35   840  -1833.67086   0.00316   0.00038
  25    33   825  -1833.67058   0.00298   0.00037
  26    32   832  -1833.67065   0.00296   0.00038
  27    31   837  -1833.67083   0.00319   0.00041
  28    30   840  -1833.67087   0.00303   0.00040
  29    28   812  -1833.67057   0.00305   0.00042
  30    28   840  -1833.67087   0.00301   0.00041
  31    27   837  -1833.67083   0.00292   0.00040
  32    26   832  -1833.67065   0.00318   0.00045
  33    25   825  -1833.67058   0.00334   0.00048
  34    24   816  -1833.67059   0.00329   0.00048
  35    24   840  -1833.67087   0.00307   0.00045
  36    23   828  -1833.67057   0.00319   0.00048
  37    22   814  -1833.67057   0.00346   0.00053
  38    22   836  -1833.67075   0.00344   0.00053
  39    21   819  -1833.67065   0.00343   0.00054
  40    21   840  -1833.67087   0.00338   0.00053
  41    20   820  -1833.67063   0.00347   0.00056
  42    20   840  -1833.67087   0.00325   0.00053
Fit (variance): plateau_var = 1.015e-05 ± 8.911e-07
Fit (error):    plateau = 0.00319 ± 0.00014
     autocorrelation length ~ 12.4 blocks
     plateau reached at block size ~ 57
nsample = 840, max_block_size = 42, min_nblocks = 20
Blk_SZ   NBlk   NSmp      Energy     Error    dError
     1    840    840    -0.14647   0.00007   0.00000
     2    420    840    -0.14648   0.00008   0.00000
     3    280    840    -0.14648   0.00009   0.00000
     4    210    840    -0.14649   0.00010   0.00000
     5    168    840    -0.14649   0.00009   0.00000
     6    140    840    -0.14649   0.00010   0.00001
     7    120    840    -0.14649   0.00009   0.00001
     8    105    840    -0.14649   0.00010   0.00001
     9     93    837    -0.14650   0.00010   0.00001
    10     84    840    -0.14650   0.00009   0.00001
    11     76    836    -0.14650   0.00010   0.00001
    12     70    840    -0.14650   0.00010   0.00001
    13     64    832    -0.14649   0.00009   0.00001
    14     60    840    -0.14650   0.00010   0.00001
    15     56    840    -0.14650   0.00009   0.00001
    16     52    832    -0.14649   0.00010   0.00001
    17     49    833    -0.14650   0.00010   0.00001
    18     46    828    -0.14648   0.00010   0.00001
    19     44    836    -0.14650   0.00011   0.00001
    20     42    840    -0.14650   0.00011   0.00001
    21     40    840    -0.14651   0.00010   0.00001
    22     38    836    -0.14650   0.00010   0.00001
    23     36    828    -0.14648   0.00010   0.00001
    24     35    840    -0.14650   0.00011   0.00001
    25     33    825    -0.14649   0.00010   0.00001
    26     32    832    -0.14649   0.00010   0.00001
    27     31    837    -0.14650   0.00010   0.00001
    28     30    840    -0.14651   0.00011   0.00001
    29     28    812    -0.14649   0.00009   0.00001
    30     28    840    -0.14650   0.00010   0.00001
    31     27    837    -0.14651   0.00011   0.00002
    32     26    832    -0.14649   0.00010   0.00001
    33     25    825    -0.14649   0.00010   0.00001
    34     24    816    -0.14648   0.00012   0.00002
    35     24    840    -0.14651   0.00009   0.00001
    36     23    828    -0.14649   0.00012   0.00002
    37     22    814    -0.14648   0.00011   0.00002
    38     22    836    -0.14651   0.00011   0.00002
    39     21    819    -0.14648   0.00012   0.00002
    40     21    840    -0.14651   0.00011   0.00002
    41     20    820    -0.14648   0.00012   0.00002
    42     20    840    -0.14651   0.00011   0.00002
Fit (variance): plateau_var = 1.01450e-08 ± 4.29029e-10
Fit (error):    plateau = 0.00010 ± 0.00000
     autocorrelation length ~ 3.0 blocks
     plateau reached at block size ~ 13
Final AFQMC/HF Guiding Energy:      -1833.6709 +/- 0.0032
Final AFQMC/pt2CCSD Orbital Energy: -0.14652 +/- 0.00010
<t1> = weightp/weight = 1.02454
Total run time: 1056.31

AFQMC Sampling Finished

LNO-Integral time (s):    69.53
LNO-AFQMC time (s):       1188.39


======================= LNO-FRAGMENT [C48H62] 37/(48,48) =======================
Fragment Num.  37
Fragment Idx.  37
Fragment Name  C48H62
LNO THRESHOLD  [0.0001, 1e-05]
PySCF Threads  12
LNO-LAS: 40/156 Occ | 162/636 Vir | 202/792 MOs
LNO-MP2 Fragment Energy:  -0.13454230
LNO-CCSD Fragment Energy: -0.13949053
LNO-CPU time (s):         264.53 (LAS 23.47 | MP2 24.64 | CCSD 216.42)
LNO-CPU wait time (s):    0.00 (100.0% hidden)
Find Density Fit Teonsers in MF object
Integrals will be built by DF Tensors
Calculating Effective Active Space One-electron Integrals
*** Correlation Space Size ***
N Occupied Orbitals: 40
N Active Orbitals:   202
Build effective h0 and h1 time: 69.184635 s
Composing CDERIs from DF
Build CDERI in cLAS time: 11.745657 s
Raw CDERI in LAS shape: (3912, 20503)
Compress CDERI 2 Chol: 1e-05
Compress CDERI time: 4.438325 s
Finished calculating Integrals
LAS Cholesky shape: (1617, 202, 202)
AFQMC script: /u/yzhang65/myprojects/software/afqmc/afqmc/lno_afqmc/script/run_lno_afqmc_pt2ccsd.py

LNO-AFQMC Started
Hostname:     gpue08.delta.ncsa.illinois.edu
System:       Linux
Node:         gpue08.delta.ncsa.illinois.edu
Release:      5.14.0-570.131.1.el9_6.x86_64
Machine:      x86_64
Processor:    x86_64
JAX backend:  GPU
JAX devices:  [CudaDevice(id=0)]
Device kind:  NVIDIA H200
Platform:     gpu

QMC Parameters
eql_time        -         30
n_prop_steps    -         50
n_blocks        -        840
n_walkers       -        300
max_memory      -     200000
mix_precision   -       True
seed            -       1068
walker_type     -        rhf
trial           - pt2ccsd_sto_chol
chol_cost_ratio -        0.2
max_error       -    7.2e-05
dt              -      0.005
n_exp_terms     -          6
n_batch         -          1
nchol_chunk     -        100
free_projection -      False

QMC System
Number of Occ. Orbitals:      40
Number of Act. Orbitals:      202
Number of Chol. Vectors:      1617
Mean-Field Energy:            -1832.00523770
Maximum memory per walker:            666.67 MB
Maximum number of Cholesky per chunk: 1070
Number of Cholesky chunks:            2
Number of Cholesky per chunk:         809
Number of padding Cholesky:           1
Trial:   pt2ccsd_sto_chol(norb=202, nelec=(40, 40), n_batch=1, nchol_chunk=809, mix_precision=True, n_chol_head=0, head_chol_ratio=None, n_chol_samples=None, chol_cost_ratio=0.2, head_sample_ratio=3.0, chol_score_floor=1e-06, chol_uniform_mix=0.01, head_from_guide=False)
Sampler: sampler_pt2_sto_chol(n_prop_steps=50, n_blocks=840, n_chol=1617, frozen_vir=0)

Initalize QMC walkers by HF

Equilibration
Initial Orbital energy: -0.13951
inv_T  nodes      weight      energy     error   runTime
 0.00      0   300.00000  -1832.00367   0.00000     40.80
 3.00      0   308.32748  -1833.63323   0.02488     51.57
 6.00      0   300.60472  -1833.63080   0.02483     56.98
 9.00      0   297.46549  -1833.68325   0.02565     62.02
12.00      0   297.77886  -1833.67579   0.03316     66.85
15.00      0   298.09413  -1833.73609   0.03468     71.76
18.00      0   297.97464  -1833.68262   0.02774     76.67
21.00      0   296.83797  -1833.64477   0.02754     81.54
24.00      0   297.72563  -1833.65702   0.02867     87.24
27.00      0   297.91276  -1833.64166   0.02824     92.09
30.00      0   298.05806  -1833.66200   0.02879     96.92

Sampling Blocks
Target Final Error ~ 0.000072
   N  nodes      weight      E(Guide)     Error     weightp    E_frag     Error      Time
  20      0   298.16284   -1833.67553   0.00877   304.14671  -0.14629   0.00041    124.06
  40      0   298.23672   -1833.67746   0.00509   304.20074  -0.14671   0.00052    145.88
  60      0   299.39679   -1833.67581   0.00394   304.55832  -0.14666   0.00036    166.83
  80      0   298.30584   -1833.67367   0.00364   304.50127  -0.14636   0.00028    187.77
 100      0   298.15434   -1833.67038   0.00331   304.52018  -0.14639   0.00023    208.71
 120      0   297.27719   -1833.66765   0.00300   304.51616  -0.14651   0.00028    229.56
 140      0   297.93592   -1833.66951   0.00275   304.53565  -0.14656   0.00024    250.51
 160      0   299.05002   -1833.66994   0.00254   304.61320  -0.14638   0.00022    271.49
 180      0   297.74103   -1833.66945   0.00238   304.60209  -0.14639   0.00020    292.37
 200      0   296.75252   -1833.66930   0.00225   304.59480  -0.14645   0.00018    313.33
 220      0   297.96094   -1833.67065   0.00215   304.60957  -0.14652   0.00017    336.01
 240      0   298.75930   -1833.67259   0.00214   304.59912  -0.14655   0.00017    356.92
 260      0   299.09853   -1833.67314   0.00205   304.68184  -0.14653   0.00016    377.80
 280      0   298.17556   -1833.67226   0.00195   304.66700  -0.14650   0.00015    398.77
 300      0   298.30916   -1833.67153   0.00188   304.63351  -0.14648   0.00014    419.71
 320      0   296.97479   -1833.67248   0.00181   304.58570  -0.14645   0.00014    440.57
 340      0   297.58921   -1833.67139   0.00178   304.55104  -0.14641   0.00013    461.48
 360      0   297.65409   -1833.67084   0.00176   304.53339  -0.14637   0.00012    482.40
 380      0   297.48984   -1833.66963   0.00173   304.50545  -0.14643   0.00013    503.27
 400      0   297.91402   -1833.66818   0.00169   304.50488  -0.14639   0.00012    526.76
 420      0   296.66203   -1833.66863   0.00169   304.51890  -0.14640   0.00012    551.78
 440      0   298.04519   -1833.66780   0.00165   304.52193  -0.14638   0.00011    572.69
 460      0   298.13313   -1833.66738   0.00159   304.52158  -0.14637   0.00011    593.55
 480      0   297.77945   -1833.66773   0.00154   304.51670  -0.14639   0.00011    614.56
 500      0   297.14166   -1833.66801   0.00151   304.50922  -0.14636   0.00010    635.52
 520      0   298.50015   -1833.66782   0.00148   304.51179  -0.14635   0.00010    656.44
 540      0   297.56029   -1833.66804   0.00145   304.51156  -0.14638   0.00010    677.31
 560      0   296.71813   -1833.66764   0.00141   304.51595  -0.14636   0.00010    698.23
 580      0   297.20470   -1833.66730   0.00139   304.53288  -0.14633   0.00009    719.15
 600      0   296.61400   -1833.66719   0.00136   304.53419  -0.14630   0.00009    739.97
 620      0   298.81621   -1833.66636   0.00134   304.54181  -0.14629   0.00009    760.90
 640      0   296.73664   -1833.66697   0.00133   304.53640  -0.14634   0.00009    781.83
 660      0   296.71287   -1833.66739   0.00131   304.53981  -0.14631   0.00009    802.72
 680      0   297.94419   -1833.66725   0.00129   304.55901  -0.14632   0.00009    823.64
 700      0   297.85206   -1833.66710   0.00127   304.57134  -0.14637   0.00009    844.61
 720      0   297.70911   -1833.66649   0.00125   304.56391  -0.14639   0.00009    865.52
 740      0   297.81890   -1833.66626   0.00123   304.56947  -0.14636   0.00008    886.43
 760      0   298.32693   -1833.66650   0.00121   304.56741  -0.14637   0.00008    907.36
 780      0   297.04935   -1833.66696   0.00120   304.56144  -0.14635   0.00008    928.34
 800      0   299.30560   -1833.66688   0.00118   304.57316  -0.14634   0.00008    949.20
 820      0   297.49353   -1833.66678   0.00116   304.57145  -0.14633   0.00008    970.14
 840      0   297.05638   -1833.66686   0.00114   304.57046  -0.14632   0.00008    991.09

Post Propagation
Total number of samples 840
Remove Outliers
Remove samples outside Zeta > 30
Outlier bound [-0.19460, -0.09740]
Removed 0 Outliers
Outliers Energy []
nsample = 840, max_block_size = 42, min_nblocks = 20
   B    NB    NS  Observable     Error    dError
   1   840   840  -1833.66683   0.00114   0.00003
   2   420   840  -1833.66684   0.00143   0.00005
   3   280   840  -1833.66684   0.00160   0.00007
   4   210   840  -1833.66685   0.00170   0.00008
   5   168   840  -1833.66685   0.00179   0.00010
   6   140   840  -1833.66685   0.00180   0.00011
   7   120   840  -1833.66686   0.00181   0.00012
   8   105   840  -1833.66686   0.00183   0.00013
   9    93   837  -1833.66688   0.00178   0.00013
  10    84   840  -1833.66686   0.00188   0.00015
  11    76   836  -1833.66687   0.00183   0.00015
  12    70   840  -1833.66686   0.00198   0.00017
  13    64   832  -1833.66666   0.00196   0.00017
  14    60   840  -1833.66686   0.00197   0.00018
  15    56   840  -1833.66686   0.00208   0.00020
  16    52   832  -1833.66666   0.00196   0.00019
  17    49   833  -1833.66673   0.00205   0.00021
  18    46   828  -1833.66670   0.00187   0.00020
  19    44   836  -1833.66687   0.00187   0.00020
  20    42   840  -1833.66686   0.00198   0.00022
  21    40   840  -1833.66686   0.00189   0.00021
  22    38   836  -1833.66687   0.00205   0.00024
  23    36   828  -1833.66670   0.00202   0.00024
  24    35   840  -1833.66686   0.00211   0.00026
  25    33   825  -1833.66669   0.00215   0.00027
  26    32   832  -1833.66667   0.00191   0.00024
  27    31   837  -1833.66688   0.00213   0.00027
  28    30   840  -1833.66686   0.00181   0.00024
  29    28   812  -1833.66668   0.00220   0.00030
  30    28   840  -1833.66686   0.00206   0.00028
  31    27   837  -1833.66688   0.00232   0.00032
  32    26   832  -1833.66667   0.00186   0.00026
  33    25   825  -1833.66669   0.00207   0.00030
  34    24   816  -1833.66665   0.00238   0.00035
  35    24   840  -1833.66686   0.00188   0.00028
  36    23   828  -1833.66670   0.00214   0.00032
  37    22   814  -1833.66671   0.00222   0.00034
  38    22   836  -1833.66687   0.00197   0.00030
  39    21   819  -1833.66680   0.00216   0.00034
  40    21   840  -1833.66686   0.00208   0.00033
  41    20   820  -1833.66678   0.00252   0.00041
  42    20   840  -1833.66687   0.00187   0.00030
Fit (variance): plateau_var = 3.877e-06 ± 1.658e-07
Fit (error):    plateau = 0.00197 ± 0.00004
     autocorrelation length ~ 3.2 blocks
     plateau reached at block size ~ 15
nsample = 840, max_block_size = 42, min_nblocks = 20
Blk_SZ   NBlk   NSmp      Energy     Error    dError
     1    840    840    -0.14629   0.00008   0.00000
     2    420    840    -0.14629   0.00009   0.00000
     3    280    840    -0.14630   0.00009   0.00000
     4    210    840    -0.14630   0.00010   0.00000
     5    168    840    -0.14630   0.00009   0.00001
     6    140    840    -0.14631   0.00011   0.00001
     7    120    840    -0.14631   0.00010   0.00001
     8    105    840    -0.14631   0.00011   0.00001
     9     93    837    -0.14631   0.00011   0.00001
    10     84    840    -0.14631   0.00010   0.00001
    11     76    836    -0.14631   0.00010   0.00001
    12     70    840    -0.14631   0.00011   0.00001
    13     64    832    -0.14629   0.00012   0.00001
    14     60    840    -0.14632   0.00011   0.00001
    15     56    840    -0.14632   0.00012   0.00001
    16     52    832    -0.14630   0.00011   0.00001
    17     49    833    -0.14630   0.00011   0.00001
    18     46    828    -0.14631   0.00011   0.00001
    19     44    836    -0.14631   0.00010   0.00001
    20     42    840    -0.14632   0.00011   0.00001
    21     40    840    -0.14632   0.00013   0.00001
    22     38    836    -0.14631   0.00010   0.00001
    23     36    828    -0.14631   0.00011   0.00001
    24     35    840    -0.14632   0.00012   0.00001
    25     33    825    -0.14631   0.00011   0.00001
    26     32    832    -0.14630   0.00011   0.00001
    27     31    837    -0.14632   0.00012   0.00002
    28     30    840    -0.14632   0.00012   0.00002
    29     28    812    -0.14631   0.00013   0.00002
    30     28    840    -0.14632   0.00011   0.00001
    31     27    837    -0.14632   0.00010   0.00001
    32     26    832    -0.14630   0.00013   0.00002
    33     25    825    -0.14632   0.00010   0.00001
    34     24    816    -0.14632   0.00013   0.00002
    35     24    840    -0.14632   0.00010   0.00002
    36     23    828    -0.14631   0.00011   0.00002
    37     22    814    -0.14632   0.00010   0.00002
    38     22    836    -0.14632   0.00009   0.00001
    39     21    819    -0.14632   0.00010   0.00002
    40     21    840    -0.14632   0.00011   0.00002
    41     20    820    -0.14632   0.00011   0.00002
    42     20    840    -0.14632   0.00013   0.00002
Fit (variance): plateau_var = 1.20726e-08 ± 5.50671e-10
Fit (error):    plateau = 0.00011 ± 0.00000
     autocorrelation length ~ 3.9 blocks
     plateau reached at block size ~ 17
Final AFQMC/HF Guiding Energy:      -1833.6669 +/- 0.0020
Final AFQMC/pt2CCSD Orbital Energy: -0.14632 +/- 0.00011
<t1> = weightp/weight = 1.02260
Total run time: 994.73

AFQMC Sampling Finished

LNO-Integral time (s):    88.59
LNO-AFQMC time (s):       1112.79


======================= LNO-FRAGMENT [C49H64] 38/(48,48) =======================
Fragment Num.  38
Fragment Idx.  38
Fragment Name  C49H64
LNO THRESHOLD  [0.0001, 1e-05]
PySCF Threads  12
LNO-LAS: 40/156 Occ | 165/636 Vir | 205/792 MOs
LNO-MP2 Fragment Energy:  -0.13470967
LNO-CCSD Fragment Energy: -0.13962935
LNO-CPU time (s):         281.21 (LAS 25.68 | MP2 32.06 | CCSD 223.47)
LNO-CPU wait time (s):    0.00 (100.0% hidden)
Find Density Fit Teonsers in MF object
Integrals will be built by DF Tensors
Calculating Effective Active Space One-electron Integrals
*** Correlation Space Size ***
N Occupied Orbitals: 40
N Active Orbitals:   205
Build effective h0 and h1 time: 51.944391 s
Composing CDERIs from DF
Build CDERI in cLAS time: 11.032602 s
Raw CDERI in LAS shape: (3912, 21115)
Compress CDERI 2 Chol: 1e-05
Compress CDERI time: 4.828934 s
Finished calculating Integrals
LAS Cholesky shape: (1651, 205, 205)
AFQMC script: /u/yzhang65/myprojects/software/afqmc/afqmc/lno_afqmc/script/run_lno_afqmc_pt2ccsd.py

LNO-AFQMC Started
Hostname:     gpue08.delta.ncsa.illinois.edu
System:       Linux
Node:         gpue08.delta.ncsa.illinois.edu
Release:      5.14.0-570.131.1.el9_6.x86_64
Machine:      x86_64
Processor:    x86_64
JAX backend:  GPU
JAX devices:  [CudaDevice(id=0)]
Device kind:  NVIDIA H200
Platform:     gpu

QMC Parameters
eql_time        -         30
n_prop_steps    -         50
n_blocks        -        840
n_walkers       -        300
max_memory      -     200000
mix_precision   -       True
seed            -       2151
walker_type     -        rhf
trial           - pt2ccsd_sto_chol
chol_cost_ratio -        0.2
max_error       -    7.2e-05
dt              -      0.005
n_exp_terms     -          6
n_batch         -          1
nchol_chunk     -        100
free_projection -      False

QMC System
Number of Occ. Orbitals:      40
Number of Act. Orbitals:      205
Number of Chol. Vectors:      1651
Mean-Field Energy:            -1832.00523770
Maximum memory per walker:            666.67 MB
Maximum number of Cholesky per chunk: 1039
Number of Cholesky chunks:            2
Number of Cholesky per chunk:         826
Number of padding Cholesky:           1
Trial:   pt2ccsd_sto_chol(norb=205, nelec=(40, 40), n_batch=1, nchol_chunk=826, mix_precision=True, n_chol_head=0, head_chol_ratio=None, n_chol_samples=None, chol_cost_ratio=0.2, head_sample_ratio=3.0, chol_score_floor=1e-06, chol_uniform_mix=0.01, head_from_guide=False)
Sampler: sampler_pt2_sto_chol(n_prop_steps=50, n_blocks=840, n_chol=1651, frozen_vir=0)

Initalize QMC walkers by HF

Equilibration
Initial Orbital energy: -0.13964
inv_T  nodes      weight      energy     error   runTime
 0.00      0   300.00000  -1832.00359   0.00000     41.60
 3.00      0   309.09486  -1833.71683   0.02818     51.77
 6.00      0   300.08227  -1833.63899   0.02576     57.15
 9.00      0   298.66579  -1833.65934   0.02606     63.04
12.00      0   298.80472  -1833.70556   0.02762     68.86
15.00      0   298.07063  -1833.62795   0.02585     74.13
18.00      0   297.91146  -1833.69447   0.02788     79.78
21.00      0   298.53819  -1833.64903   0.02750     85.10
24.00      0   297.44279  -1833.63978   0.02520     90.42
27.00      0   297.38717  -1833.66476   0.02549     96.72
30.00      0   297.47069  -1833.65295   0.02562    101.93

Sampling Blocks
Target Final Error ~ 0.000072
   N  nodes      weight      E(Guide)     Error     weightp    E_frag     Error      Time
  20      0   298.22095   -1833.65897   0.00481   305.18042  -0.14658   0.00028    134.41
  40      0   297.77663   -1833.66814   0.00393   305.11753  -0.14672   0.00025    158.03
  60      0   297.59048   -1833.67010   0.00369   305.09254  -0.14648   0.00021    180.68
  80      0   297.75303   -1833.66314   0.00356   304.84361  -0.14616   0.00018    203.93
 100      0   297.56591   -1833.66324   0.00330   304.84931  -0.14607   0.00015    227.39
 120      0   297.71238   -1833.66717   0.00308   304.84195  -0.14644   0.00027    250.18
 140      0   298.61847   -1833.66450   0.00293   304.90514  -0.14642   0.00023    272.53
 160      0   298.06927   -1833.66869   0.00286   304.95479  -0.14658   0.00023    294.88
 180      0   297.79638   -1833.66961   0.00262   305.02743  -0.14665   0.00021    317.27
 200      0   298.73055   -1833.67183   0.00273   305.14449  -0.14708   0.00029    339.64
 220      0   297.96757   -1833.67431   0.00261   305.10484  -0.14724   0.00027    361.94
 240      0   298.22499   -1833.67498   0.00245   305.07765  -0.14725   0.00025    384.26
 260      0   298.27487   -1833.67469   0.00229   305.06543  -0.14719   0.00023    406.61
 280      0   297.92046   -1833.67608   0.00219   305.05423  -0.14715   0.00022    428.95
 300      0   298.04185   -1833.67721   0.00209   305.00904  -0.14716   0.00021    451.26
 320      0   299.05104   -1833.67744   0.00198   304.97379  -0.14710   0.00019    473.61
 340      0   298.78988   -1833.67755   0.00190   304.97635  -0.14706   0.00018    496.02
 360      0   297.73582   -1833.67834   0.00184   304.96417  -0.14703   0.00018    523.49
 380      0   298.33243   -1833.67927   0.00181   304.95975  -0.14699   0.00017    548.60
 400      0   297.62408   -1833.67727   0.00181   304.96006  -0.14694   0.00016    570.97
 420      0   298.22045   -1833.67662   0.00176   304.99239  -0.14695   0.00015    593.33
 440      0   297.17185   -1833.67655   0.00172   304.97604  -0.14689   0.00015    615.75
 460      0   298.23238   -1833.67525   0.00169   304.97703  -0.14687   0.00014    638.14
 480      0   299.14580   -1833.67556   0.00168   304.99135  -0.14688   0.00014    660.45
 500      0   297.47579   -1833.67634   0.00165   304.98513  -0.14686   0.00013    682.94
 520      0   297.80642   -1833.67570   0.00161   304.98271  -0.14683   0.00013    705.29
 540      0   300.02625   -1833.67516   0.00157   304.99619  -0.14681   0.00013    727.64
 560      0   298.47030   -1833.67507   0.00152   305.00700  -0.14679   0.00012    749.95
 580      0   298.26138   -1833.67404   0.00150   305.00909  -0.14674   0.00012    772.31
 600      0   298.09890   -1833.67365   0.00146   305.02634  -0.14672   0.00012    794.69
 620      0   298.47231   -1833.67359   0.00143   305.02263  -0.14671   0.00011    817.13
 640      0   298.42828   -1833.67302   0.00140   305.03033  -0.14668   0.00011    839.47
 660      0   296.64846   -1833.67240   0.00138   305.02800  -0.14667   0.00011    861.85
 680      0   297.79207   -1833.67169   0.00136   305.02688  -0.14666   0.00010    884.19
 700      0   297.63274   -1833.67197   0.00133   305.02416  -0.14665   0.00010    906.56
 720      0   299.47483   -1833.67203   0.00131   305.01897  -0.14664   0.00010    928.93
 740      0   297.83105   -1833.67216   0.00130   305.01476  -0.14665   0.00010    952.53
 760      0   298.28423   -1833.67233   0.00128   304.99321  -0.14663   0.00010    974.93
 780      0   297.39002   -1833.67215   0.00125   304.97326  -0.14661   0.00010    997.30
 800      0   297.18634   -1833.67278   0.00124   304.96138  -0.14665   0.00010   1019.59
 820      0   298.42534   -1833.67293   0.00123   304.96293  -0.14665   0.00009   1041.93
 840      0   298.32018   -1833.67275   0.00121   304.95771  -0.14665   0.00009   1064.29

Post Propagation
Total number of samples 840
Remove Outliers
Remove samples outside Zeta > 30
Outlier bound [-0.19568, -0.09679]
Removed 0 Outliers
Outliers Energy []
nsample = 840, max_block_size = 42, min_nblocks = 20
   B    NB    NS  Observable     Error    dError
   1   840   840  -1833.67271   0.00121   0.00003
   2   420   840  -1833.67272   0.00151   0.00005
   3   280   840  -1833.67272   0.00171   0.00007
   4   210   840  -1833.67273   0.00187   0.00009
   5   168   840  -1833.67273   0.00199   0.00011
   6   140   840  -1833.67273   0.00207   0.00012
   7   120   840  -1833.67273   0.00219   0.00014
   8   105   840  -1833.67274   0.00219   0.00015
   9    93   837  -1833.67279   0.00227   0.00017
  10    84   840  -1833.67274   0.00229   0.00018
  11    76   836  -1833.67279   0.00234   0.00019
  12    70   840  -1833.67274   0.00242   0.00021
  13    64   832  -1833.67285   0.00245   0.00022
  14    60   840  -1833.67274   0.00255   0.00024
  15    56   840  -1833.67274   0.00255   0.00024
  16    52   832  -1833.67285   0.00244   0.00024
  17    49   833  -1833.67282   0.00249   0.00025
  18    46   828  -1833.67293   0.00273   0.00029
  19    44   836  -1833.67279   0.00262   0.00028
  20    42   840  -1833.67275   0.00259   0.00029
  21    40   840  -1833.67274   0.00270   0.00031
  22    38   836  -1833.67280   0.00260   0.00030
  23    36   828  -1833.67293   0.00257   0.00031
  24    35   840  -1833.67275   0.00262   0.00032
  25    33   825  -1833.67307   0.00269   0.00034
  26    32   832  -1833.67285   0.00268   0.00034
  27    31   837  -1833.67280   0.00261   0.00034
  28    30   840  -1833.67275   0.00272   0.00036
  29    28   812  -1833.67262   0.00307   0.00042
  30    28   840  -1833.67275   0.00240   0.00033
  31    27   837  -1833.67279   0.00300   0.00042
  32    26   832  -1833.67285   0.00256   0.00036
  33    25   825  -1833.67307   0.00261   0.00038
  34    24   816  -1833.67282   0.00289   0.00043
  35    24   840  -1833.67275   0.00249   0.00037
  36    23   828  -1833.67293   0.00303   0.00046
  37    22   814  -1833.67272   0.00263   0.00041
  38    22   836  -1833.67280   0.00293   0.00045
  39    21   819  -1833.67284   0.00310   0.00049
  40    21   840  -1833.67275   0.00238   0.00038
  41    20   820  -1833.67293   0.00269   0.00044
  42    20   840  -1833.67275   0.00307   0.00050
Fit (variance): plateau_var = 7.125e-06 ± 4.133e-07
Fit (error):    plateau = 0.00267 ± 0.00008
     autocorrelation length ~ 7.0 blocks
     plateau reached at block size ~ 32
nsample = 840, max_block_size = 42, min_nblocks = 20
Blk_SZ   NBlk   NSmp      Energy     Error    dError
     1    840    840    -0.14659   0.00008   0.00000
     2    420    840    -0.14660   0.00011   0.00000
     3    280    840    -0.14661   0.00012   0.00000
     4    210    840    -0.14661   0.00012   0.00001
     5    168    840    -0.14661   0.00013   0.00001
     6    140    840    -0.14662   0.00013   0.00001
     7    120    840    -0.14661   0.00014   0.00001
     8    105    840    -0.14662   0.00014   0.00001
     9     93    837    -0.14663   0.00014   0.00001
    10     84    840    -0.14663   0.00014   0.00001
    11     76    836    -0.14663   0.00015   0.00001
    12     70    840    -0.14662   0.00016   0.00001
    13     64    832    -0.14663   0.00016   0.00001
    14     60    840    -0.14662   0.00016   0.00001
    15     56    840    -0.14662   0.00016   0.00002
    16     52    832    -0.14663   0.00017   0.00002
    17     49    833    -0.14663   0.00017   0.00002
    18     46    828    -0.14662   0.00015   0.00002
    19     44    836    -0.14663   0.00018   0.00002
    20     42    840    -0.14663   0.00015   0.00002
    21     40    840    -0.14663   0.00018   0.00002
    22     38    836    -0.14664   0.00015   0.00002
    23     36    828    -0.14663   0.00018   0.00002
    24     35    840    -0.14663   0.00018   0.00002
    25     33    825    -0.14663   0.00016   0.00002
    26     32    832    -0.14663   0.00018   0.00002
    27     31    837    -0.14663   0.00018   0.00002
    28     30    840    -0.14663   0.00018   0.00002
    29     28    812    -0.14663   0.00018   0.00002
    30     28    840    -0.14663   0.00019   0.00003
    31     27    837    -0.14663   0.00018   0.00002
    32     26    832    -0.14664   0.00019   0.00003
    33     25    825    -0.14663   0.00016   0.00002
    34     24    816    -0.14663   0.00019   0.00003
    35     24    840    -0.14664   0.00019   0.00003
    36     23    828    -0.14663   0.00019   0.00003
    37     22    814    -0.14663   0.00020   0.00003
    38     22    836    -0.14664   0.00018   0.00003
    39     21    819    -0.14662   0.00019   0.00003
    40     21    840    -0.14664   0.00016   0.00003
    41     20    820    -0.14663   0.00020   0.00003
    42     20    840    -0.14663   0.00019   0.00003
Fit (variance): plateau_var = 3.04019e-08 ± 1.91969e-09
Fit (error):    plateau = 0.00017 ± 0.00001
     autocorrelation length ~ 7.6 blocks
     plateau reached at block size ~ 34
Final AFQMC/HF Guiding Energy:      -1833.6727 +/- 0.0027
Final AFQMC/pt2CCSD Orbital Energy: -0.14665 +/- 0.00017
<t1> = weightp/weight = 1.02394
Total run time: 1067.83

AFQMC Sampling Finished

LNO-Integral time (s):    71.05
LNO-AFQMC time (s):       1190.61


======================= LNO-FRAGMENT [C50H65] 39/(48,48) =======================
Fragment Num.  39
Fragment Idx.  39
Fragment Name  C50H65
LNO THRESHOLD  [0.0001, 1e-05]
PySCF Threads  12
LNO-LAS: 40/156 Occ | 162/636 Vir | 202/792 MOs
LNO-MP2 Fragment Energy:  -0.13454230
LNO-CCSD Fragment Energy: -0.13949053
LNO-CPU time (s):         328.39 (LAS 30.64 | MP2 43.14 | CCSD 254.60)
LNO-CPU wait time (s):    0.00 (100.0% hidden)
Find Density Fit Teonsers in MF object
Integrals will be built by DF Tensors
Calculating Effective Active Space One-electron Integrals
*** Correlation Space Size ***
N Occupied Orbitals: 40
N Active Orbitals:   202
Build effective h0 and h1 time: 54.068138 s
Composing CDERIs from DF
Build CDERI in cLAS time: 10.298168 s
Raw CDERI in LAS shape: (3912, 20503)
Compress CDERI 2 Chol: 1e-05
Compress CDERI time: 4.720972 s
Finished calculating Integrals
LAS Cholesky shape: (1617, 202, 202)
AFQMC script: /u/yzhang65/myprojects/software/afqmc/afqmc/lno_afqmc/script/run_lno_afqmc_pt2ccsd.py

LNO-AFQMC Started
Hostname:     gpue08.delta.ncsa.illinois.edu
System:       Linux
Node:         gpue08.delta.ncsa.illinois.edu
Release:      5.14.0-570.131.1.el9_6.x86_64
Machine:      x86_64
Processor:    x86_64
JAX backend:  GPU
JAX devices:  [CudaDevice(id=0)]
Device kind:  NVIDIA H200
Platform:     gpu

QMC Parameters
eql_time        -         30
n_prop_steps    -         50
n_blocks        -        840
n_walkers       -        300
max_memory      -     200000
mix_precision   -       True
seed            -        523
walker_type     -        rhf
trial           - pt2ccsd_sto_chol
chol_cost_ratio -        0.2
max_error       -    7.2e-05
dt              -      0.005
n_exp_terms     -          6
n_batch         -          1
nchol_chunk     -        100
free_projection -      False

QMC System
Number of Occ. Orbitals:      40
Number of Act. Orbitals:      202
Number of Chol. Vectors:      1617
Mean-Field Energy:            -1832.00523770
Maximum memory per walker:            666.67 MB
Maximum number of Cholesky per chunk: 1070
Number of Cholesky chunks:            2
Number of Cholesky per chunk:         809
Number of padding Cholesky:           1
Trial:   pt2ccsd_sto_chol(norb=202, nelec=(40, 40), n_batch=1, nchol_chunk=809, mix_precision=True, n_chol_head=0, head_chol_ratio=None, n_chol_samples=None, chol_cost_ratio=0.2, head_sample_ratio=3.0, chol_score_floor=1e-06, chol_uniform_mix=0.01, head_from_guide=False)
Sampler: sampler_pt2_sto_chol(n_prop_steps=50, n_blocks=840, n_chol=1617, frozen_vir=0)

Initalize QMC walkers by HF

Equilibration
Initial Orbital energy: -0.13951
inv_T  nodes      weight      energy     error   runTime
 0.00      0   300.00000  -1832.00367   0.00000     43.35
 3.00      0   309.15388  -1833.64188   0.02779     53.65
 6.00      0   301.14938  -1833.67545   0.02680     59.10
 9.00      0   298.92290  -1833.66192   0.02657     64.21
12.00      0   297.57002  -1833.63035   0.02675     69.13
15.00      0   298.08186  -1833.70807   0.03888     74.00
18.00      0   298.55894  -1833.66548   0.03065     78.84
21.00      0   296.68463  -1833.63619   0.02711     83.68
24.00      0   297.21556  -1833.62497   0.02724     88.58
27.00      0   298.14354  -1833.68301   0.03265     93.48
30.00      0   297.40198  -1833.66986   0.02714     98.31

Sampling Blocks
Target Final Error ~ 0.000072
   N  nodes      weight      E(Guide)     Error     weightp    E_frag     Error      Time
  20      0   298.05574   -1833.67424   0.00479   305.07692  -0.14689   0.00035    125.37
  40      0   296.71621   -1833.67743   0.00352   305.27128  -0.14642   0.00027    146.39
  60      0   298.91306   -1833.67739   0.00288   305.15446  -0.14641   0.00019    167.50
  80      0   297.15873   -1833.67499   0.00255   304.97974  -0.14615   0.00016    188.44
 100      0   297.08877   -1833.67399   0.00255   304.85121  -0.14621   0.00015    209.34
 120      0   297.67912   -1833.67116   0.00237   304.79902  -0.14606   0.00014    230.24
 140      0   298.37964   -1833.67047   0.00210   304.78144  -0.14601   0.00013    251.20
 160      0   297.55843   -1833.66841   0.00198   304.77923  -0.14606   0.00012    272.12
 180      0   297.50372   -1833.66789   0.00185   304.82374  -0.14600   0.00011    292.97
 200      0   298.08657   -1833.66845   0.00173   304.77846  -0.14616   0.00011    313.90
 220      0   298.02345   -1833.66933   0.00166   304.77041  -0.14620   0.00011    334.80
 240      0   297.25024   -1833.66957   0.00167   304.76979  -0.14621   0.00011    355.63
 260      0   297.91914   -1833.66999   0.00165   304.78160  -0.14628   0.00010    376.56
 280      0   297.23974   -1833.67075   0.00160   304.78991  -0.14626   0.00010    397.48
 300      0   297.64762   -1833.66954   0.00156   304.80046  -0.14634   0.00010    418.36
 320      0   297.56008   -1833.66987   0.00152   304.80460  -0.14642   0.00010    439.27
 340      0   298.17010   -1833.66948   0.00151   304.79830  -0.14637   0.00010    460.20
 360      0   297.10799   -1833.66867   0.00145   304.82773  -0.14633   0.00009    481.15
 380      0   297.04376   -1833.66822   0.00141   304.85957  -0.14631   0.00009    502.02
 400      0   297.37724   -1833.66811   0.00137   304.87117  -0.14632   0.00009    527.00
 420      0   298.14062   -1833.66812   0.00136   304.90297  -0.14639   0.00009    550.02
 440      0   297.43712   -1833.66926   0.00139   304.89321  -0.14640   0.00009    571.05
 460      0   296.55218   -1833.66905   0.00135   304.88550  -0.14637   0.00008    591.90
 480      0   297.07192   -1833.66807   0.00133   304.90572  -0.14635   0.00008    612.84
 500      0   297.51169   -1833.66890   0.00133   304.90590  -0.14634   0.00008    633.78
 520      0   298.73628   -1833.66867   0.00130   304.90519  -0.14635   0.00008    654.64
 540      0   297.84004   -1833.66846   0.00126   304.89239  -0.14636   0.00008    675.58
 560      0   297.80941   -1833.66920   0.00125   304.88662  -0.14637   0.00008    696.46
 580      0   298.16124   -1833.66862   0.00123   304.88390  -0.14636   0.00007    717.34
 600      0   297.91139   -1833.66925   0.00121   304.90151  -0.14642   0.00007    738.24
 620      0   298.15241   -1833.66972   0.00119   304.91867  -0.14649   0.00008    759.18
 640      0   298.13079   -1833.66976   0.00118   304.90592  -0.14647   0.00007    780.11
 660      0   297.10605   -1833.66903   0.00116   304.90242  -0.14644   0.00007    800.98
 680      0   297.73728   -1833.66981   0.00116   304.89853  -0.14647   0.00007    821.91
 700      0   297.02570   -1833.67017   0.00114   304.86473  -0.14650   0.00007    842.84
 720      0   297.75787   -1833.66957   0.00113   304.85484  -0.14649   0.00007    863.69
 740      0   296.48793   -1833.66993   0.00112   304.85470  -0.14649   0.00007    884.92
 760      0   298.65090   -1833.66961   0.00110   304.84485  -0.14648   0.00007    905.83
 780      0   298.19553   -1833.66966   0.00108   304.84408  -0.14648   0.00007    926.72
 800      0   297.70268   -1833.67003   0.00107   304.83973  -0.14649   0.00007    947.64
 820      0   297.92401   -1833.67009   0.00106   304.85006  -0.14649   0.00007    968.56
 840      0   297.93943   -1833.66969   0.00105   304.85376  -0.14648   0.00006    989.45

Post Propagation
Total number of samples 840
Remove Outliers
Remove samples outside Zeta > 30
Outlier bound [-0.19401, -0.09841]
Removed 0 Outliers
Outliers Energy []
nsample = 840, max_block_size = 42, min_nblocks = 20
   B    NB    NS  Observable     Error    dError
   1   840   840  -1833.66966   0.00105   0.00003
   2   420   840  -1833.66967   0.00133   0.00005
   3   280   840  -1833.66967   0.00148   0.00006
   4   210   840  -1833.66968   0.00161   0.00008
   5   168   840  -1833.66968   0.00168   0.00009
   6   140   840  -1833.66968   0.00176   0.00011
   7   120   840  -1833.66968   0.00185   0.00012
   8   105   840  -1833.66968   0.00194   0.00013
   9    93   837  -1833.66968   0.00189   0.00014
  10    84   840  -1833.66969   0.00188   0.00015
  11    76   836  -1833.66968   0.00200   0.00016
  12    70   840  -1833.66969   0.00196   0.00017
  13    64   832  -1833.66960   0.00206   0.00018
  14    60   840  -1833.66969   0.00184   0.00017
  15    56   840  -1833.66969   0.00199   0.00019
  16    52   832  -1833.66961   0.00211   0.00021
  17    49   833  -1833.66960   0.00199   0.00020
  18    46   828  -1833.66990   0.00220   0.00023
  19    44   836  -1833.66968   0.00204   0.00022
  20    42   840  -1833.66969   0.00203   0.00022
  21    40   840  -1833.66969   0.00195   0.00022
  22    38   836  -1833.66968   0.00198   0.00023
  23    36   828  -1833.66990   0.00215   0.00026
  24    35   840  -1833.66969   0.00205   0.00025
  25    33   825  -1833.66997   0.00172   0.00021
  26    32   832  -1833.66961   0.00169   0.00021
  27    31   837  -1833.66969   0.00177   0.00023
  28    30   840  -1833.66969   0.00199   0.00026
  29    28   812  -1833.66990   0.00222   0.00030
  30    28   840  -1833.66969   0.00199   0.00027
  31    27   837  -1833.66969   0.00183   0.00025
  32    26   832  -1833.66961   0.00196   0.00028
  33    25   825  -1833.66997   0.00196   0.00028
  34    24   816  -1833.67006   0.00190   0.00028
  35    24   840  -1833.66969   0.00232   0.00034
  36    23   828  -1833.66990   0.00146   0.00022
  37    22   814  -1833.66997   0.00238   0.00037
  38    22   836  -1833.66968   0.00144   0.00022
  39    21   819  -1833.67014   0.00200   0.00032
  40    21   840  -1833.66969   0.00162   0.00026
  41    20   820  -1833.67009   0.00201   0.00033
  42    20   840  -1833.66969   0.00183   0.00030
Fit (variance): plateau_var = 3.640e-06 ± 1.534e-07
Fit (error):    plateau = 0.00191 ± 0.00004
     autocorrelation length ~ 3.2 blocks
     plateau reached at block size ~ 15
nsample = 840, max_block_size = 42, min_nblocks = 20
Blk_SZ   NBlk   NSmp      Energy     Error    dError
     1    840    840    -0.14644   0.00006   0.00000
     2    420    840    -0.14645   0.00008   0.00000
     3    280    840    -0.14645   0.00008   0.00000
     4    210    840    -0.14646   0.00008   0.00000
     5    168    840    -0.14646   0.00009   0.00000
     6    140    840    -0.14646   0.00009   0.00001
     7    120    840    -0.14646   0.00009   0.00001
     8    105    840    -0.14646   0.00010   0.00001
     9     93    837    -0.14647   0.00010   0.00001
    10     84    840    -0.14647   0.00010   0.00001
    11     76    836    -0.14647   0.00010   0.00001
    12     70    840    -0.14647   0.00011   0.00001
    13     64    832    -0.14648   0.00010   0.00001
    14     60    840    -0.14647   0.00011   0.00001
    15     56    840    -0.14647   0.00011   0.00001
    16     52    832    -0.14648   0.00012   0.00001
    17     49    833    -0.14648   0.00012   0.00001
    18     46    828    -0.14648   0.00012   0.00001
    19     44    836    -0.14648   0.00011   0.00001
    20     42    840    -0.14647   0.00012   0.00001
    21     40    840    -0.14647   0.00012   0.00001
    22     38    836    -0.14648   0.00012   0.00001
    23     36    828    -0.14649   0.00012   0.00001
    24     35    840    -0.14647   0.00012   0.00002
    25     33    825    -0.14649   0.00012   0.00001
    26     32    832    -0.14649   0.00012   0.00002
    27     31    837    -0.14648   0.00013   0.00002
    28     30    840    -0.14648   0.00013   0.00002
    29     28    812    -0.14647   0.00012   0.00002
    30     28    840    -0.14648   0.00012   0.00002
    31     27    837    -0.14648   0.00013   0.00002
    32     26    832    -0.14649   0.00013   0.00002
    33     25    825    -0.14649   0.00013   0.00002
    34     24    816    -0.14648   0.00012   0.00002
    35     24    840    -0.14647   0.00013   0.00002
    36     23    828    -0.14649   0.00013   0.00002
    37     22    814    -0.14647   0.00014   0.00002
    38     22    836    -0.14649   0.00010   0.00002
    39     21    819    -0.14648   0.00014   0.00002
    40     21    840    -0.14648   0.00011   0.00002
    41     20    820    -0.14648   0.00013   0.00002
    42     20    840    -0.14648   0.00013   0.00002
Fit (variance): plateau_var = 1.58055e-08 ± 1.33903e-09
Fit (error):    plateau = 0.00013 ± 0.00001
     autocorrelation length ~ 11.3 blocks
     plateau reached at block size ~ 50
Final AFQMC/HF Guiding Energy:      -1833.6697 +/- 0.0019
Final AFQMC/pt2CCSD Orbital Energy: -0.14648 +/- 0.00013
<t1> = weightp/weight = 1.02348
Total run time: 992.43

AFQMC Sampling Finished

LNO-Integral time (s):    72.85
LNO-AFQMC time (s):       1114.25


======================== LNO-FRAGMENT [C51] 40/(48,48) =========================
Fragment Num.  40
Fragment Idx.  40
Fragment Name  C51
LNO THRESHOLD  [0.0001, 1e-05]
PySCF Threads  12
LNO-LAS: 44/156 Occ | 181/636 Vir | 225/792 MOs
LNO-MP2 Fragment Energy:  -0.12045724
LNO-CCSD Fragment Energy: -0.12008952
LNO-CPU time (s):         410.55 (LAS 26.30 | MP2 36.89 | CCSD 347.35)
LNO-CPU wait time (s):    0.00 (100.0% hidden)
Find Density Fit Teonsers in MF object
Integrals will be built by DF Tensors
Calculating Effective Active Space One-electron Integrals
*** Correlation Space Size ***
N Occupied Orbitals: 44
N Active Orbitals:   225
Build effective h0 and h1 time: 57.524181 s
Composing CDERIs from DF
Build CDERI in cLAS time: 11.450778 s
Raw CDERI in LAS shape: (3912, 25425)
Compress CDERI 2 Chol: 1e-05
Compress CDERI time: 4.396615 s
Finished calculating Integrals
LAS Cholesky shape: (1711, 225, 225)
AFQMC script: /u/yzhang65/myprojects/software/afqmc/afqmc/lno_afqmc/script/run_lno_afqmc_pt2ccsd.py

LNO-AFQMC Started
Hostname:     gpue08.delta.ncsa.illinois.edu
System:       Linux
Node:         gpue08.delta.ncsa.illinois.edu
Release:      5.14.0-570.131.1.el9_6.x86_64
Machine:      x86_64
Processor:    x86_64
JAX backend:  GPU
JAX devices:  [CudaDevice(id=0)]
Device kind:  NVIDIA H200
Platform:     gpu

QMC Parameters
eql_time        -         30
n_prop_steps    -         50
n_blocks        -        840
n_walkers       -        300
max_memory      -     200000
mix_precision   -       True
seed            -       1554
walker_type     -        rhf
trial           - pt2ccsd_sto_chol
chol_cost_ratio -        0.2
max_error       -    7.2e-05
dt              -      0.005
n_exp_terms     -          6
n_batch         -          1
nchol_chunk     -        100
free_projection -      False

QMC System
Number of Occ. Orbitals:      44
Number of Act. Orbitals:      225
Number of Chol. Vectors:      1711
Mean-Field Energy:            -1832.00523770
Maximum memory per walker:            666.67 MB
Maximum number of Cholesky per chunk: 863
Number of Cholesky chunks:            2
Number of Cholesky per chunk:         856
Number of padding Cholesky:           1
Trial:   pt2ccsd_sto_chol(norb=225, nelec=(44, 44), n_batch=1, nchol_chunk=856, mix_precision=True, n_chol_head=0, head_chol_ratio=None, n_chol_samples=None, chol_cost_ratio=0.2, head_sample_ratio=3.0, chol_score_floor=1e-06, chol_uniform_mix=0.01, head_from_guide=False)
Sampler: sampler_pt2_sto_chol(n_prop_steps=50, n_blocks=840, n_chol=1711, frozen_vir=0)

Initalize QMC walkers by HF

Equilibration
Initial Orbital energy: -0.12011
inv_T  nodes      weight      energy     error   runTime
 0.00      0   300.00000  -1832.00332   0.00000     41.75
 3.00      0   310.78291  -1833.94192   0.03119     53.58
 6.00      0   301.80715  -1834.02506   0.03363     60.12
 9.00      0   299.60149  -1833.99172   0.03216     66.66
12.00      0   298.06887  -1833.93487   0.02891     73.32
15.00      0   299.31286  -1834.01519   0.03365     80.54
18.00      0   296.72599  -1833.94452   0.02815     87.09
21.00      0   297.36461  -1833.92129   0.02730     93.64
24.00      0   298.06000  -1833.96226   0.03137    100.18
27.00      0   297.84534  -1833.92987   0.02971    106.86
30.00      0   297.40969  -1833.93086   0.03731    113.42

Sampling Blocks
Target Final Error ~ 0.000072
   N  nodes      weight      E(Guide)     Error     weightp    E_frag     Error      Time
  20      0   296.82263   -1833.95559   0.00819   305.61212  -0.12674   0.00030    150.42
  40      0   298.23016   -1833.95261   0.00530   305.61934  -0.12694   0.00023    181.47
  60      0   296.10312   -1833.95386   0.00413   305.48617  -0.12657   0.00019    212.23
  80      0   298.02670   -1833.94910   0.00367   305.33182  -0.12669   0.00016    242.97
 100      0   296.90793   -1833.95331   0.00360   305.23194  -0.12671   0.00015    273.75
 120      0   297.92116   -1833.94615   0.00347   305.31912  -0.12668   0.00013    304.51
 140      0   298.06779   -1833.94813   0.00321   305.30417  -0.12678   0.00012    335.28
 160      0   297.80905   -1833.94881   0.00290   305.24080  -0.12682   0.00011    366.03
 180      0   298.92874   -1833.94666   0.00271   305.19965  -0.12677   0.00010    396.80
 200      0   296.70297   -1833.94582   0.00258   305.20425  -0.12672   0.00010    427.55
 220      0   299.13966   -1833.94621   0.00252   305.28617  -0.12674   0.00009    458.33
 240      0   297.78773   -1833.94727   0.00237   305.32423  -0.12675   0.00009    489.07
 260      0   296.78248   -1833.94720   0.00229   305.34115  -0.12675   0.00008    519.83
 280      0   297.46932   -1833.94470   0.00223   305.36722  -0.12673   0.00008    556.75
 300      0   297.94492   -1833.94538   0.00213   305.42003  -0.12675   0.00007    587.52
 320      0   297.68435   -1833.94586   0.00209   305.41527  -0.12672   0.00007    618.37
 340      0   299.35861   -1833.94507   0.00201   305.41093  -0.12671   0.00007    649.11
 360      0   297.71465   -1833.94525   0.00197   305.41936  -0.12669   0.00007    679.86
 380      0   297.99556   -1833.94490   0.00188   305.44933  -0.12665   0.00007    710.61
 400      0   297.72196   -1833.94479   0.00184   305.49973  -0.12666   0.00006    741.34
 420      0   298.03621   -1833.94548   0.00179   305.48520  -0.12670   0.00006    772.09
 440      0   297.26766   -1833.94515   0.00176   305.48364  -0.12675   0.00006    802.84
 460      0   297.13571   -1833.94349   0.00177   305.49845  -0.12672   0.00006    833.58
 480      0   298.04972   -1833.94458   0.00173   305.52624  -0.12674   0.00006    864.38
 500      0   296.80132   -1833.94569   0.00172   305.48429  -0.12677   0.00006    895.19
 520      0   297.07110   -1833.94631   0.00170   305.47129  -0.12675   0.00006    925.96
 540      0   298.42786   -1833.94744   0.00167   305.45400  -0.12675   0.00006    956.71
 560      0   298.02600   -1833.94801   0.00163   305.44934  -0.12674   0.00006    987.49
 580      0   298.15370   -1833.94793   0.00159   305.42816  -0.12675   0.00006   1018.25
 600      0   296.90508   -1833.94792   0.00155   305.42537  -0.12674   0.00005   1049.03
 620      0   298.77151   -1833.94798   0.00152   305.43240  -0.12669   0.00005   1079.79

Post Propagation
Total number of samples 620
Remove Outliers
Remove samples outside Zeta > 30
Outlier bound [-0.16589, -0.08713]
Removed 0 Outliers
Outliers Energy []
nsample = 620, max_block_size = 31, min_nblocks = 20
   B    NB    NS  Observable     Error    dError
   1   620   620  -1833.94793   0.00152   0.00004
   2   310   620  -1833.94795   0.00194   0.00008
   3   206   618  -1833.94775   0.00222   0.00011
   4   155   620  -1833.94796   0.00245   0.00014
   5   124   620  -1833.94796   0.00261   0.00017
   6   103   618  -1833.94777   0.00268   0.00019
   7    88   616  -1833.94773   0.00268   0.00020
   8    77   616  -1833.94773   0.00289   0.00023
   9    68   612  -1833.94773   0.00301   0.00026
  10    62   620  -1833.94797   0.00289   0.00026
  11    56   616  -1833.94774   0.00290   0.00028
  12    51   612  -1833.94774   0.00295   0.00030
  13    47   611  -1833.94780   0.00312   0.00033
  14    44   616  -1833.94774   0.00321   0.00035
  15    41   615  -1833.94766   0.00318   0.00036
  16    38   608  -1833.94806   0.00348   0.00040
  17    36   612  -1833.94774   0.00300   0.00036
  18    34   612  -1833.94774   0.00324   0.00040
  19    32   608  -1833.94807   0.00310   0.00039
  20    31   620  -1833.94798   0.00309   0.00040
  21    29   609  -1833.94793   0.00330   0.00044
  22    28   616  -1833.94775   0.00287   0.00039
  23    26   598  -1833.94798   0.00364   0.00052
  24    25   600  -1833.94792   0.00334   0.00048
  25    24   600  -1833.94792   0.00295   0.00043
  26    23   598  -1833.94799   0.00350   0.00053
  27    22   594  -1833.94789   0.00332   0.00051
  28    22   616  -1833.94775   0.00257   0.00040
  29    21   609  -1833.94793   0.00343   0.00054
  30    20   600  -1833.94792   0.00301   0.00049
  31    20   620  -1833.94798   0.00361   0.00058
Fit (variance): plateau_var = 9.870e-06 ± 6.446e-07
Fit (error):    plateau = 0.00314 ± 0.00010
     autocorrelation length ~ 4.7 blocks
     plateau reached at block size ~ 22
nsample = 620, max_block_size = 31, min_nblocks = 20
Blk_SZ   NBlk   NSmp      Energy     Error    dError
     1    620    620    -0.12665   0.00005   0.00000
     2    310    620    -0.12666   0.00006   0.00000
     3    206    618    -0.12667   0.00007   0.00000
     4    155    620    -0.12667   0.00007   0.00000
     5    124    620    -0.12667   0.00007   0.00000
     6    103    618    -0.12667   0.00007   0.00001
     7     88    616    -0.12668   0.00007   0.00001
     8     77    616    -0.12668   0.00008   0.00001
     9     68    612    -0.12669   0.00008   0.00001
    10     62    620    -0.12668   0.00008   0.00001
    11     56    616    -0.12669   0.00008   0.00001
    12     51    612    -0.12670   0.00008   0.00001
    13     47    611    -0.12670   0.00009   0.00001
    14     44    616    -0.12669   0.00008   0.00001
    15     41    615    -0.12669   0.00008   0.00001
    16     38    608    -0.12670   0.00009   0.00001
    17     36    612    -0.12670   0.00009   0.00001
    18     34    612    -0.12670   0.00009   0.00001
    19     32    608    -0.12671   0.00008   0.00001
    20     31    620    -0.12668   0.00009   0.00001
    21     29    609    -0.12670   0.00009   0.00001
    22     28    616    -0.12670   0.00010   0.00001
    23     26    598    -0.12673   0.00008   0.00001
    24     25    600    -0.12673   0.00008   0.00001
    25     24    600    -0.12673   0.00007   0.00001
    26     23    598    -0.12673   0.00008   0.00001
    27     22    594    -0.12674   0.00006   0.00001
    28     22    616    -0.12670   0.00009   0.00001
    29     21    609    -0.12670   0.00008   0.00001
    30     20    600    -0.12674   0.00007   0.00001
    31     20    620    -0.12668   0.00009   0.00002
Fit (variance): plateau_var = 6.44999e-09 ± 3.91397e-10
Fit (error):    plateau = 0.00008 ± 0.00000
     autocorrelation length ~ 3.8 blocks
     plateau reached at block size ~ 17
Final AFQMC/HF Guiding Energy:      -1833.9480 +/- 0.0031
Final AFQMC/pt2CCSD Orbital Energy: -0.12669 +/- 0.00008
<t1> = weightp/weight = 1.02615
Total run time: 1082.08

AFQMC Sampling Finished

LNO-Integral time (s):    76.78
LNO-AFQMC time (s):       1192.81


======================= LNO-FRAGMENT [C52H66] 41/(48,48) =======================
Fragment Num.  41
Fragment Idx.  41
Fragment Name  C52H66
LNO THRESHOLD  [0.0001, 1e-05]
PySCF Threads  12
LNO-LAS: 38/156 Occ | 156/636 Vir | 194/792 MOs
LNO-MP2 Fragment Energy:  -0.13405971
LNO-CCSD Fragment Energy: -0.13913052
LNO-CPU time (s):         233.92 (LAS 26.27 | MP2 32.68 | CCSD 174.97)
LNO-CPU wait time (s):    0.00 (100.0% hidden)
Find Density Fit Teonsers in MF object
Integrals will be built by DF Tensors
Calculating Effective Active Space One-electron Integrals
*** Correlation Space Size ***
N Occupied Orbitals: 38
N Active Orbitals:   194
Build effective h0 and h1 time: 46.734194 s
Composing CDERIs from DF
Build CDERI in cLAS time: 10.851775 s
Raw CDERI in LAS shape: (3912, 18915)
Compress CDERI 2 Chol: 1e-05
Compress CDERI time: 3.963846 s
Finished calculating Integrals
LAS Cholesky shape: (1509, 194, 194)
AFQMC script: /u/yzhang65/myprojects/software/afqmc/afqmc/lno_afqmc/script/run_lno_afqmc_pt2ccsd.py

LNO-AFQMC Started
Hostname:     gpue08.delta.ncsa.illinois.edu
System:       Linux
Node:         gpue08.delta.ncsa.illinois.edu
Release:      5.14.0-570.131.1.el9_6.x86_64
Machine:      x86_64
Processor:    x86_64
JAX backend:  GPU
JAX devices:  [CudaDevice(id=0)]
Device kind:  NVIDIA H200
Platform:     gpu

QMC Parameters
eql_time        -         30
n_prop_steps    -         50
n_blocks        -        840
n_walkers       -        300
max_memory      -     200000
mix_precision   -       True
seed            -       3680
walker_type     -        rhf
trial           - pt2ccsd_sto_chol
chol_cost_ratio -        0.2
max_error       -    7.2e-05
dt              -      0.005
n_exp_terms     -          6
n_batch         -          1
nchol_chunk     -        100
free_projection -      False

QMC System
Number of Occ. Orbitals:      38
Number of Act. Orbitals:      194
Number of Chol. Vectors:      1509
Mean-Field Energy:            -1832.00523770
Maximum memory per walker:            666.67 MB
Maximum number of Cholesky per chunk: 1160
Number of Cholesky chunks:            2
Number of Cholesky per chunk:         755
Number of padding Cholesky:           1
Trial:   pt2ccsd_sto_chol(norb=194, nelec=(38, 38), n_batch=1, nchol_chunk=755, mix_precision=True, n_chol_head=0, head_chol_ratio=None, n_chol_samples=None, chol_cost_ratio=0.2, head_sample_ratio=3.0, chol_score_floor=1e-06, chol_uniform_mix=0.01, head_from_guide=False)
Sampler: sampler_pt2_sto_chol(n_prop_steps=50, n_blocks=840, n_chol=1509, frozen_vir=0)

Initalize QMC walkers by HF

Equilibration
Initial Orbital energy: -0.13915
inv_T  nodes      weight      energy     error   runTime
 0.00      0   300.00000  -1832.00376   0.00000     49.55
 3.00      0   309.31451  -1833.59691   0.02537     60.63
 6.00      0   301.83451  -1833.65172   0.02713     65.00
 9.00      0   298.34365  -1833.62435   0.02868     69.81
12.00      0   298.76037  -1833.61900   0.02709     74.66
15.00      0   298.58025  -1833.63729   0.02755     79.06
18.00      0   297.10607  -1833.65569   0.02986     83.55
21.00      0   298.70090  -1833.66081   0.02918     88.02
24.00      0   298.13404  -1833.59668   0.02548     92.41
27.00      0   297.81445  -1833.61624   0.02795     96.93
30.00      0   297.75709  -1833.63538   0.02412    101.79

Sampling Blocks
Target Final Error ~ 0.000072
   N  nodes      weight      E(Guide)     Error     weightp    E_frag     Error      Time
  20      0   297.81366   -1833.63253   0.00609   303.82612  -0.14695   0.00082    127.65
  40      0   298.31783   -1833.62791   0.00494   304.21725  -0.14621   0.00045    146.80
  60      0   296.96037   -1833.62307   0.00423   304.21676  -0.14590   0.00033    164.82
  80      0   297.78218   -1833.62065   0.00343   304.33913  -0.14573   0.00026    182.77
 100      0   297.08826   -1833.62517   0.00309   304.44099  -0.14584   0.00022    200.66
 120      0   297.49224   -1833.62584   0.00274   304.47439  -0.14583   0.00019    218.14
 140      0   298.41344   -1833.62850   0.00268   304.48597  -0.14596   0.00018    235.65
 160      0   299.31539   -1833.62936   0.00247   304.46690  -0.14587   0.00016    253.18
 180      0   297.18716   -1833.62984   0.00236   304.44998  -0.14596   0.00016    270.66
 200      0   297.36592   -1833.62815   0.00221   304.42779  -0.14592   0.00015    288.19
 220      0   298.38667   -1833.62918   0.00210   304.46464  -0.14593   0.00014    305.65
 240      0   298.58410   -1833.62924   0.00199   304.46661  -0.14596   0.00013    323.17
 260      0   298.52195   -1833.62891   0.00187   304.52058  -0.14590   0.00012    340.69
 280      0   297.79455   -1833.62958   0.00180   304.57694  -0.14592   0.00012    358.17
 300      0   297.19772   -1833.62975   0.00175   304.58201  -0.14586   0.00011    375.68
 320      0   298.29839   -1833.62997   0.00167   304.59887  -0.14581   0.00011    393.15
 340      0   297.77673   -1833.63108   0.00166   304.57698  -0.14580   0.00010    410.68
 360      0   297.77321   -1833.63088   0.00167   304.60815  -0.14576   0.00010    428.15
 380      0   298.11129   -1833.63091   0.00163   304.63772  -0.14579   0.00010    445.67
 400      0   298.11477   -1833.63199   0.00161   304.66038  -0.14576   0.00010    463.19
 420      0   298.47809   -1833.63069   0.00159   304.65351  -0.14577   0.00009    480.66
 440      0   298.13316   -1833.63103   0.00157   304.64977  -0.14591   0.00017    498.19
 460      0   297.71227   -1833.63071   0.00152   304.65216  -0.14589   0.00016    515.65
 480      0   297.37945   -1833.63120   0.00148   304.63985  -0.14594   0.00016    537.68
 500      0   297.93689   -1833.63192   0.00145   304.59342  -0.14594   0.00015    557.48
 520      0   297.77605   -1833.63273   0.00144   304.60102  -0.14593   0.00015    574.94
 540      0   297.64940   -1833.63257   0.00139   304.60470  -0.14589   0.00014    592.45
 560      0   298.48798   -1833.63226   0.00136   304.62167  -0.14586   0.00014    610.14
 580      0   298.43252   -1833.63245   0.00133   304.61312  -0.14583   0.00013    627.64
 600      0   297.66790   -1833.63233   0.00129   304.59284  -0.14583   0.00013    645.17
 620      0   298.14862   -1833.63220   0.00127   304.59736  -0.14585   0.00013    662.62
 640      0   298.38008   -1833.63147   0.00125   304.60930  -0.14583   0.00012    680.16
 660      0   298.22596   -1833.63120   0.00124   304.61904  -0.14584   0.00012    697.62
 680      0   297.66097   -1833.63091   0.00123   304.63090  -0.14587   0.00012    715.14
 700      0   299.03200   -1833.63057   0.00121   304.62578  -0.14585   0.00011    732.65
 720      0   296.91130   -1833.63009   0.00118   304.61349  -0.14585   0.00011    750.13
 740      0   298.44210   -1833.63012   0.00116   304.61357  -0.14588   0.00011    767.67
 760      0   297.84234   -1833.62973   0.00114   304.59656  -0.14587   0.00010    785.14
 780      0   297.73631   -1833.62941   0.00112   304.58541  -0.14588   0.00010    802.67
 800      0   297.87845   -1833.62954   0.00110   304.60152  -0.14587   0.00010    820.16
 820      0   298.45717   -1833.62925   0.00108   304.61210  -0.14588   0.00010    837.68
 840      0   297.94698   -1833.63018   0.00109   304.62120  -0.14590   0.00010    855.20

Post Propagation
Total number of samples 840
Remove Outliers
Remove samples outside Zeta > 30
Outlier bound [-0.19405, -0.09716]
Removed 1 Outliers
Outliers Energy [-0.20642462]
nsample = 840, max_block_size = 42, min_nblocks = 20
   B    NB    NS  Observable     Error    dError
   1   840   840  -1833.63014   0.00109   0.00003
   2   420   840  -1833.63015   0.00135   0.00005
   3   280   840  -1833.63016   0.00150   0.00006
   4   210   840  -1833.63016   0.00161   0.00008
   5   168   840  -1833.63016   0.00164   0.00009
   6   140   840  -1833.63016   0.00177   0.00011
   7   120   840  -1833.63017   0.00177   0.00011
   8   105   840  -1833.63017   0.00184   0.00013
   9    93   837  -1833.63003   0.00184   0.00014
  10    84   840  -1833.63017   0.00191   0.00015
  11    76   836  -1833.63001   0.00184   0.00015
  12    70   840  -1833.63017   0.00182   0.00016
  13    64   832  -1833.62986   0.00184   0.00016
  14    60   840  -1833.63017   0.00180   0.00017
  15    56   840  -1833.63017   0.00201   0.00019
  16    52   832  -1833.62987   0.00199   0.00020
  17    49   833  -1833.62995   0.00204   0.00021
  18    46   828  -1833.62946   0.00168   0.00018
  19    44   836  -1833.63001   0.00207   0.00022
  20    42   840  -1833.63017   0.00205   0.00023
  21    40   840  -1833.63017   0.00206   0.00023
  22    38   836  -1833.63001   0.00184   0.00021
  23    36   828  -1833.62947   0.00176   0.00021
  24    35   840  -1833.63018   0.00203   0.00025
  25    33   825  -1833.62938   0.00204   0.00025
  26    32   832  -1833.62987   0.00192   0.00024
  27    31   837  -1833.63003   0.00184   0.00024
  28    30   840  -1833.63018   0.00186   0.00024
  29    28   812  -1833.62929   0.00205   0.00028
  30    28   840  -1833.63017   0.00183   0.00025
  31    27   837  -1833.63003   0.00202   0.00028
  32    26   832  -1833.62987   0.00162   0.00023
  33    25   825  -1833.62938   0.00179   0.00026
  34    24   816  -1833.62922   0.00193   0.00028
  35    24   840  -1833.63017   0.00198   0.00029
  36    23   828  -1833.62947   0.00178   0.00027
  37    22   814  -1833.62925   0.00193   0.00030
  38    22   836  -1833.63002   0.00186   0.00029
  39    21   819  -1833.62922   0.00186   0.00029
  40    21   840  -1833.63017   0.00211   0.00033
  41    20   820  -1833.62925   0.00200   0.00032
  42    20   840  -1833.63018   0.00200   0.00032
Fit (variance): plateau_var = 3.588e-06 ± 1.538e-07
Fit (error):    plateau = 0.00189 ± 0.00004
     autocorrelation length ~ 3.4 blocks
     plateau reached at block size ~ 16
nsample = 839, max_block_size = 41, min_nblocks = 20
Blk_SZ   NBlk   NSmp      Energy     Error    dError
     1    839    839    -0.14579   0.00007   0.00000
     2    419    838    -0.14580   0.00008   0.00000
     3    279    837    -0.14581   0.00008   0.00000
     4    209    836    -0.14581   0.00009   0.00000
     5    167    835    -0.14581   0.00009   0.00001
     6    139    834    -0.14581   0.00009   0.00001
     7    119    833    -0.14581   0.00009   0.00001
     8    104    832    -0.14581   0.00009   0.00001
     9     93    837    -0.14582   0.00010   0.00001
    10     83    830    -0.14580   0.00010   0.00001
    11     76    836    -0.14582   0.00010   0.00001
    12     69    828    -0.14580   0.00009   0.00001
    13     64    832    -0.14581   0.00010   0.00001
    14     59    826    -0.14581   0.00009   0.00001
    15     55    825    -0.14581   0.00009   0.00001
    16     52    832    -0.14581   0.00009   0.00001
    17     49    833    -0.14582   0.00009   0.00001
    18     46    828    -0.14580   0.00009   0.00001
    19     44    836    -0.14582   0.00009   0.00001
    20     41    820    -0.14579   0.00010   0.00001
    21     39    819    -0.14579   0.00009   0.00001
    22     38    836    -0.14583   0.00010   0.00001
    23     36    828    -0.14580   0.00010   0.00001
    24     34    816    -0.14579   0.00009   0.00001
    25     33    825    -0.14581   0.00008   0.00001
    26     32    832    -0.14581   0.00009   0.00001
    27     31    837    -0.14583   0.00011   0.00001
    28     29    812    -0.14578   0.00009   0.00001
    29     28    812    -0.14578   0.00008   0.00001
    30     27    810    -0.14578   0.00008   0.00001
    31     27    837    -0.14583   0.00010   0.00001
    32     26    832    -0.14582   0.00008   0.00001
    33     25    825    -0.14582   0.00009   0.00001
    34     24    816    -0.14579   0.00009   0.00001
    35     23    805    -0.14578   0.00009   0.00001
    36     23    828    -0.14580   0.00009   0.00001
    37     22    814    -0.14579   0.00008   0.00001
    38     22    836    -0.14583   0.00009   0.00001
    39     21    819    -0.14580   0.00009   0.00001
    40     20    800    -0.14579   0.00009   0.00002
    41     20    820    -0.14580   0.00007   0.00001
Fit (variance): plateau_var = 8.29179e-09 ± 2.98261e-10
Fit (error):    plateau = 0.00009 ± 0.00000
     autocorrelation length ~ 1.6 blocks
     plateau reached at block size ~ 8
Final AFQMC/HF Guiding Energy:      -1833.6302 +/- 0.0019
Final AFQMC/pt2CCSD Orbital Energy: -0.14583 +/- 0.00009
<t1> = weightp/weight = 1.02258
Total run time: 858.29

AFQMC Sampling Finished

LNO-Integral time (s):    68.25
LNO-AFQMC time (s):       974.97


======================= LNO-FRAGMENT [C53H67] 42/(48,48) =======================
Fragment Num.  42
Fragment Idx.  42
Fragment Name  C53H67
LNO THRESHOLD  [0.0001, 1e-05]
PySCF Threads  12
LNO-LAS: 38/156 Occ | 157/636 Vir | 195/792 MOs
LNO-MP2 Fragment Energy:  -0.13467147
LNO-CCSD Fragment Energy: -0.13973091
LNO-CPU time (s):         240.44 (LAS 26.78 | MP2 35.49 | CCSD 178.17)
LNO-CPU wait time (s):    0.00 (100.0% hidden)
Find Density Fit Teonsers in MF object
Integrals will be built by DF Tensors
Calculating Effective Active Space One-electron Integrals
*** Correlation Space Size ***
N Occupied Orbitals: 38
N Active Orbitals:   195
Build effective h0 and h1 time: 57.208750 s
Composing CDERIs from DF
Build CDERI in cLAS time: 11.268460 s
Raw CDERI in LAS shape: (3912, 19110)
Compress CDERI 2 Chol: 1e-05
Compress CDERI time: 4.291658 s
Finished calculating Integrals
LAS Cholesky shape: (1525, 195, 195)
AFQMC script: /u/yzhang65/myprojects/software/afqmc/afqmc/lno_afqmc/script/run_lno_afqmc_pt2ccsd.py

LNO-AFQMC Started
Hostname:     gpue08.delta.ncsa.illinois.edu
System:       Linux
Node:         gpue08.delta.ncsa.illinois.edu
Release:      5.14.0-570.131.1.el9_6.x86_64
Machine:      x86_64
Processor:    x86_64
JAX backend:  GPU
JAX devices:  [CudaDevice(id=0)]
Device kind:  NVIDIA H200
Platform:     gpu

QMC Parameters
eql_time        -         30
n_prop_steps    -         50
n_blocks        -        840
n_walkers       -        300
max_memory      -     200000
mix_precision   -       True
seed            -       1478
walker_type     -        rhf
trial           - pt2ccsd_sto_chol
chol_cost_ratio -        0.2
max_error       -    7.2e-05
dt              -      0.005
n_exp_terms     -          6
n_batch         -          1
nchol_chunk     -        100
free_projection -      False

QMC System
Number of Occ. Orbitals:      38
Number of Act. Orbitals:      195
Number of Chol. Vectors:      1525
Mean-Field Energy:            -1832.00523770
Maximum memory per walker:            666.67 MB
Maximum number of Cholesky per chunk: 1148
Number of Cholesky chunks:            2
Number of Cholesky per chunk:         763
Number of padding Cholesky:           1
Trial:   pt2ccsd_sto_chol(norb=195, nelec=(38, 38), n_batch=1, nchol_chunk=763, mix_precision=True, n_chol_head=0, head_chol_ratio=None, n_chol_samples=None, chol_cost_ratio=0.2, head_sample_ratio=3.0, chol_score_floor=1e-06, chol_uniform_mix=0.01, head_from_guide=False)
Sampler: sampler_pt2_sto_chol(n_prop_steps=50, n_blocks=840, n_chol=1525, frozen_vir=0)

Initalize QMC walkers by HF

Equilibration
Initial Orbital energy: -0.13977
inv_T  nodes      weight      energy     error   runTime
 0.00      0   300.00000  -1832.00390   0.00000     43.32
 3.00      0   307.62648  -1833.59595   0.02515     52.85
 6.00      0   300.49942  -1833.63451   0.03107     57.35
 9.00      0   298.49269  -1833.61938   0.02532     61.86
12.00      0   297.57618  -1833.62175   0.02449     66.45
15.00      0   297.71360  -1833.64212   0.02666     71.05
18.00      0   298.52158  -1833.65519   0.02873     75.56
21.00      0   297.48941  -1833.68467   0.03685     80.07
24.00      0   297.99797  -1833.66423   0.02753     84.58
27.00      0   296.84402  -1833.60582   0.02601     89.09
30.00      0   298.80902  -1833.68691   0.03008     93.62

Sampling Blocks
Target Final Error ~ 0.000072
   N  nodes      weight      E(Guide)     Error     weightp    E_frag     Error      Time
  20      0   298.54162   -1833.62322   0.00690   304.35054  -0.14621   0.00041    118.13
  40      0   297.66026   -1833.62952   0.00449   304.50136  -0.14625   0.00026    137.05
  60      0   297.70608   -1833.63816   0.00403   304.50466  -0.14651   0.00022    155.40
  80      0   297.20028   -1833.63393   0.00377   304.51191  -0.14664   0.00020    173.77
 100      0   298.52920   -1833.63104   0.00331   304.57370  -0.14654   0.00018    192.16
 120      0   298.06292   -1833.63077   0.00288   304.64939  -0.14643   0.00016    210.51
 140      0   297.81186   -1833.63143   0.00279   304.59177  -0.14628   0.00020    228.90
 160      0   297.47453   -1833.63162   0.00258   304.60291  -0.14635   0.00018    247.29
 180      0   296.69326   -1833.63286   0.00246   304.60870  -0.14641   0.00016    265.63
 200      0   297.50892   -1833.62950   0.00242   304.62237  -0.14638   0.00015    284.02
 220      0   299.14138   -1833.63106   0.00236   304.68551  -0.14635   0.00014    302.34
 240      0   296.83084   -1833.63150   0.00229   304.68059  -0.14633   0.00013    320.72
 260      0   298.24028   -1833.63058   0.00216   304.71359  -0.14637   0.00013    339.11
 280      0   298.59817   -1833.63093   0.00204   304.73906  -0.14632   0.00012    357.44
 300      0   298.98831   -1833.63023   0.00193   304.76903  -0.14630   0.00012    375.81
 320      0   298.84137   -1833.63118   0.00187   304.80567  -0.14629   0.00011    394.13
 340      0   297.45324   -1833.63157   0.00179   304.83565  -0.14629   0.00011    412.47
 360      0   297.55996   -1833.63173   0.00174   304.88251  -0.14630   0.00010    430.83
 380      0   297.73639   -1833.63212   0.00168   304.87607  -0.14630   0.00010    449.13
 400      0   297.31005   -1833.63147   0.00164   304.87857  -0.14631   0.00010    467.52
 420      0   298.82913   -1833.63172   0.00157   304.85753  -0.14638   0.00010    485.84
 440      0   297.57066   -1833.63274   0.00155   304.82283  -0.14641   0.00010    504.20
 460      0   297.57773   -1833.63237   0.00151   304.79231  -0.14638   0.00009    524.17
 480      0   298.31165   -1833.63208   0.00146   304.79082  -0.14637   0.00009    547.91
 500      0   298.74759   -1833.63205   0.00142   304.78946  -0.14638   0.00009    566.58
 520      0   298.15647   -1833.63282   0.00141   304.79299  -0.14656   0.00011    584.98
 540      0   299.03005   -1833.63236   0.00143   304.81279  -0.14656   0.00011    603.29
 560      0   298.45357   -1833.63325   0.00142   304.82709  -0.14655   0.00011    621.74
 580      0   297.39183   -1833.63264   0.00139   304.83953  -0.14652   0.00010    640.13
 600      0   298.53116   -1833.63185   0.00137   304.84818  -0.14652   0.00010    658.47
 620      0   296.92626   -1833.63238   0.00134   304.83414  -0.14649   0.00010    676.85
 640      0   296.80414   -1833.63239   0.00131   304.84640  -0.14650   0.00010    695.21
 660      0   298.04228   -1833.63207   0.00129   304.86934  -0.14657   0.00011    713.58
 680      0   297.81138   -1833.63152   0.00128   304.87090  -0.14656   0.00011    731.97
 700      0   297.36461   -1833.63146   0.00125   304.87348  -0.14656   0.00010    750.31
 720      0   298.22814   -1833.63212   0.00130   304.89369  -0.14654   0.00010    768.69
 740      0   297.23814   -1833.63258   0.00129   304.91310  -0.14653   0.00010    787.04
 760      0   297.90554   -1833.63267   0.00127   304.92706  -0.14652   0.00010    805.38
 780      0   298.14137   -1833.63201   0.00125   304.94922  -0.14653   0.00010    823.76
 800      0   299.42332   -1833.63214   0.00123   304.94638  -0.14652   0.00009    842.08
 820      0   297.83122   -1833.63240   0.00121   304.94133  -0.14653   0.00009    860.46
 840      0   297.85995   -1833.63209   0.00119   304.93536  -0.14653   0.00009    878.82

Post Propagation
Total number of samples 840
Remove Outliers
Remove samples outside Zeta > 30
Outlier bound [-0.19560, -0.09677]
Removed 0 Outliers
Outliers Energy []
nsample = 840, max_block_size = 42, min_nblocks = 20
   B    NB    NS  Observable     Error    dError
   1   840   840  -1833.63205   0.00119   0.00003
   2   420   840  -1833.63206   0.00148   0.00005
   3   280   840  -1833.63206   0.00164   0.00007
   4   210   840  -1833.63207   0.00175   0.00009
   5   168   840  -1833.63207   0.00181   0.00010
   6   140   840  -1833.63207   0.00190   0.00011
   7   120   840  -1833.63207   0.00197   0.00013
   8   105   840  -1833.63208   0.00205   0.00014
   9    93   837  -1833.63212   0.00203   0.00015
  10    84   840  -1833.63208   0.00194   0.00015
  11    76   836  -1833.63216   0.00199   0.00016
  12    70   840  -1833.63208   0.00212   0.00018
  13    64   832  -1833.63218   0.00206   0.00018
  14    60   840  -1833.63208   0.00216   0.00020
  15    56   840  -1833.63208   0.00216   0.00021
  16    52   832  -1833.63218   0.00200   0.00020
  17    49   833  -1833.63216   0.00201   0.00021
  18    46   828  -1833.63233   0.00204   0.00021
  19    44   836  -1833.63216   0.00216   0.00023
  20    42   840  -1833.63208   0.00218   0.00024
  21    40   840  -1833.63209   0.00202   0.00023
  22    38   836  -1833.63216   0.00197   0.00023
  23    36   828  -1833.63233   0.00205   0.00025
  24    35   840  -1833.63209   0.00187   0.00023
  25    33   825  -1833.63239   0.00232   0.00029
  26    32   832  -1833.63218   0.00205   0.00026
  27    31   837  -1833.63213   0.00202   0.00026
  28    30   840  -1833.63208   0.00200   0.00026
  29    28   812  -1833.63233   0.00226   0.00031
  30    28   840  -1833.63209   0.00225   0.00031
  31    27   837  -1833.63213   0.00202   0.00028
  32    26   832  -1833.63218   0.00201   0.00028
  33    25   825  -1833.63239   0.00162   0.00023
  34    24   816  -1833.63234   0.00232   0.00034
  35    24   840  -1833.63209   0.00195   0.00029
  36    23   828  -1833.63233   0.00153   0.00023
  37    22   814  -1833.63231   0.00207   0.00032
  38    22   836  -1833.63216   0.00181   0.00028
  39    21   819  -1833.63238   0.00179   0.00028
  40    21   840  -1833.63209   0.00203   0.00032
  41    20   820  -1833.63240   0.00214   0.00035
  42    20   840  -1833.63209   0.00195   0.00032
Fit (variance): plateau_var = 4.020e-06 ± 1.625e-07
Fit (error):    plateau = 0.00201 ± 0.00004
     autocorrelation length ~ 2.8 blocks
     plateau reached at block size ~ 13
nsample = 840, max_block_size = 42, min_nblocks = 20
Blk_SZ   NBlk   NSmp      Energy     Error    dError
     1    840    840    -0.14645   0.00009   0.00000
     2    420    840    -0.14647   0.00010   0.00000
     3    280    840    -0.14648   0.00011   0.00000
     4    210    840    -0.14649   0.00012   0.00001
     5    168    840    -0.14649   0.00012   0.00001
     6    140    840    -0.14649   0.00012   0.00001
     7    120    840    -0.14649   0.00013   0.00001
     8    105    840    -0.14650   0.00013   0.00001
     9     93    837    -0.14651   0.00013   0.00001
    10     84    840    -0.14651   0.00012   0.00001
    11     76    836    -0.14651   0.00014   0.00001
    12     70    840    -0.14651   0.00014   0.00001
    13     64    832    -0.14650   0.00014   0.00001
    14     60    840    -0.14650   0.00015   0.00001
    15     56    840    -0.14651   0.00013   0.00001
    16     52    832    -0.14651   0.00014   0.00001
    17     49    833    -0.14651   0.00013   0.00001
    18     46    828    -0.14651   0.00015   0.00002
    19     44    836    -0.14652   0.00014   0.00002
    20     42    840    -0.14651   0.00015   0.00002
    21     40    840    -0.14651   0.00014   0.00002
    22     38    836    -0.14652   0.00014   0.00002
    23     36    828    -0.14652   0.00013   0.00002
    24     35    840    -0.14652   0.00014   0.00002
    25     33    825    -0.14651   0.00015   0.00002
    26     32    832    -0.14651   0.00015   0.00002
    27     31    837    -0.14652   0.00015   0.00002
    28     30    840    -0.14652   0.00014   0.00002
    29     28    812    -0.14652   0.00016   0.00002
    30     28    840    -0.14652   0.00013   0.00002
    31     27    837    -0.14652   0.00015   0.00002
    32     26    832    -0.14651   0.00012   0.00002
    33     25    825    -0.14652   0.00016   0.00002
    34     24    816    -0.14652   0.00013   0.00002
    35     24    840    -0.14652   0.00016   0.00002
    36     23    828    -0.14652   0.00015   0.00002
    37     22    814    -0.14652   0.00016   0.00002
    38     22    836    -0.14653   0.00014   0.00002
    39     21    819    -0.14653   0.00016   0.00002
    40     21    840    -0.14652   0.00015   0.00002
    41     20    820    -0.14653   0.00016   0.00003
    42     20    840    -0.14652   0.00015   0.00002
Fit (variance): plateau_var = 1.99194e-08 ± 1.01538e-09
Fit (error):    plateau = 0.00014 ± 0.00000
     autocorrelation length ~ 5.0 blocks
     plateau reached at block size ~ 22
Final AFQMC/HF Guiding Energy:      -1833.6321 +/- 0.0020
Final AFQMC/pt2CCSD Orbital Energy: -0.14653 +/- 0.00014
<t1> = weightp/weight = 1.02368
Total run time: 884.61

AFQMC Sampling Finished

LNO-Integral time (s):    75.51
LNO-AFQMC time (s):       1002.80


======================== LNO-FRAGMENT [C54] 43/(48,48) =========================
Fragment Num.  43
Fragment Idx.  43
Fragment Name  C54
LNO THRESHOLD  [0.0001, 1e-05]
PySCF Threads  12
LNO-LAS: 43/156 Occ | 174/636 Vir | 217/792 MOs
LNO-MP2 Fragment Energy:  -0.11997393
LNO-CCSD Fragment Energy: -0.11970877
LNO-CPU time (s):         353.91 (LAS 23.91 | MP2 33.38 | CCSD 296.62)
LNO-CPU wait time (s):    0.00 (100.0% hidden)
Find Density Fit Teonsers in MF object
Integrals will be built by DF Tensors
Calculating Effective Active Space One-electron Integrals
*** Correlation Space Size ***
N Occupied Orbitals: 43
N Active Orbitals:   217
Build effective h0 and h1 time: 50.258181 s
Composing CDERIs from DF
Build CDERI in cLAS time: 10.589376 s
Raw CDERI in LAS shape: (3912, 23653)
Compress CDERI 2 Chol: 1e-05
Compress CDERI time: 4.492967 s
Finished calculating Integrals
LAS Cholesky shape: (1594, 217, 217)
AFQMC script: /u/yzhang65/myprojects/software/afqmc/afqmc/lno_afqmc/script/run_lno_afqmc_pt2ccsd.py

LNO-AFQMC Started
Hostname:     gpue08.delta.ncsa.illinois.edu
System:       Linux
Node:         gpue08.delta.ncsa.illinois.edu
Release:      5.14.0-570.131.1.el9_6.x86_64
Machine:      x86_64
Processor:    x86_64
JAX backend:  GPU
JAX devices:  [CudaDevice(id=0)]
Device kind:  NVIDIA H200
Platform:     gpu

QMC Parameters
eql_time        -         30
n_prop_steps    -         50
n_blocks        -        840
n_walkers       -        300
max_memory      -     200000
mix_precision   -       True
seed            -       4772
walker_type     -        rhf
trial           - pt2ccsd_sto_chol
chol_cost_ratio -        0.2
max_error       -    7.2e-05
dt              -      0.005
n_exp_terms     -          6
n_batch         -          1
nchol_chunk     -        100
free_projection -      False

QMC System
Number of Occ. Orbitals:      43
Number of Act. Orbitals:      217
Number of Chol. Vectors:      1594
Mean-Field Energy:            -1832.00523770
Maximum memory per walker:            666.67 MB
Maximum number of Cholesky per chunk: 927
Number of Cholesky chunks:            2
Number of Cholesky per chunk:         797
Number of padding Cholesky:           0
Trial:   pt2ccsd_sto_chol(norb=217, nelec=(43, 43), n_batch=1, nchol_chunk=797, mix_precision=True, n_chol_head=0, head_chol_ratio=None, n_chol_samples=None, chol_cost_ratio=0.2, head_sample_ratio=3.0, chol_score_floor=1e-06, chol_uniform_mix=0.01, head_from_guide=False)
Sampler: sampler_pt2_sto_chol(n_prop_steps=50, n_blocks=840, n_chol=1594, frozen_vir=0)

Initalize QMC walkers by HF

Equilibration
Initial Orbital energy: -0.11968
inv_T  nodes      weight      energy     error   runTime
 0.00      0   300.00000  -1832.00345   0.00000     38.89
 3.00      0   308.59411  -1833.87238   0.02644     48.66
 6.00      0   301.84716  -1833.89904   0.02957     54.29
 9.00      0   298.97833  -1833.90719   0.02909     59.98
12.00      0   298.13129  -1833.99038   0.03146     65.67
15.00      0   297.73068  -1833.92709   0.03252     71.31
18.00      0   298.05634  -1833.95020   0.03056     76.95
21.00      0   298.05384  -1833.95126   0.03238     82.59
24.00      0   297.32528  -1833.90766   0.03418     88.26
27.00      0   297.37206  -1833.86561   0.02833     94.02
30.00      0   297.19513  -1833.87706   0.02796     99.66

Sampling Blocks
Target Final Error ~ 0.000072
   N  nodes      weight      E(Guide)     Error     weightp    E_frag     Error      Time
  20      0   297.25451   -1833.92782   0.00998   304.67422  -0.12652   0.00026    132.12
  40      0   298.60041   -1833.91882   0.00701   304.94627  -0.12654   0.00018    158.42
  60      0   297.34353   -1833.92112   0.00524   304.86212  -0.12673   0.00018    184.33
  80      0   297.50835   -1833.92556   0.00427   305.10534  -0.12658   0.00014    210.22
 100      0   296.60807   -1833.92671   0.00380   305.12798  -0.12660   0.00013    236.12
 120      0   297.56897   -1833.92877   0.00360   305.21567  -0.12659   0.00012    262.03
 140      0   297.81240   -1833.93004   0.00340   305.08466  -0.12668   0.00012    287.96
 160      0   297.10096   -1833.93389   0.00313   305.02190  -0.12675   0.00011    313.91
 180      0   297.28244   -1833.93326   0.00284   305.03663  -0.12670   0.00011    339.84
 200      0   297.98567   -1833.93155   0.00271   305.08254  -0.12662   0.00010    365.76
 220      0   298.40167   -1833.93131   0.00249   305.11391  -0.12653   0.00009    391.63
 240      0   297.34851   -1833.92985   0.00237   305.09966  -0.12658   0.00009    417.53
 260      0   296.71662   -1833.92908   0.00224   305.07179  -0.12657   0.00009    443.45
 280      0   297.49511   -1833.92900   0.00212   305.03122  -0.12653   0.00008    469.36
 300      0   298.49009   -1833.92885   0.00208   305.02728  -0.12653   0.00008    495.28
 320      0   298.32824   -1833.93087   0.00203   304.98941  -0.12656   0.00008    524.93
 340      0   296.60158   -1833.93153   0.00194   304.97086  -0.12657   0.00008    553.60
 360      0   297.30160   -1833.93166   0.00188   304.93165  -0.12664   0.00008    579.52
 380      0   298.97593   -1833.93117   0.00180   304.92555  -0.12661   0.00008    605.48
 400      0   297.60762   -1833.93067   0.00176   304.91362  -0.12660   0.00008    631.44
 420      0   297.74313   -1833.93072   0.00173   304.90884  -0.12665   0.00008    657.34
 440      0   298.57567   -1833.93146   0.00174   304.91799  -0.12671   0.00008    683.29
 460      0   299.33044   -1833.93035   0.00170   304.91855  -0.12667   0.00008    709.24
 480      0   298.62674   -1833.93068   0.00164   304.94293  -0.12669   0.00008    735.22
 500      0   298.33064   -1833.93053   0.00159   304.96792  -0.12669   0.00008    761.20
 520      0   298.78271   -1833.93027   0.00155   304.98174  -0.12667   0.00007    787.14
 540      0   298.43112   -1833.93017   0.00150   304.98892  -0.12665   0.00007    813.08
 560      0   297.48001   -1833.93116   0.00148   304.98611  -0.12665   0.00007    838.97
 580      0   298.28837   -1833.93134   0.00147   304.97126  -0.12666   0.00007    864.90
 600      0   297.84235   -1833.93141   0.00144   304.96691  -0.12667   0.00007    890.83
 620      0   298.93048   -1833.93136   0.00142   304.95776  -0.12665   0.00007    916.77
 640      0   298.27763   -1833.93135   0.00139   304.93966  -0.12664   0.00006    942.71
 660      0   297.87493   -1833.93195   0.00141   304.93479  -0.12678   0.00012    968.64
 680      0   297.69841   -1833.93211   0.00138   304.92158  -0.12676   0.00012    994.57
 700      0   297.03428   -1833.93219   0.00136   304.91812  -0.12677   0.00012   1020.48
 720      0   297.52696   -1833.93182   0.00134   304.91747  -0.12676   0.00011   1046.39
 740      0   298.43141   -1833.93132   0.00132   304.91188  -0.12675   0.00011   1072.34
 760      0   296.89403   -1833.93118   0.00131   304.90237  -0.12673   0.00011   1098.27
 780      0   297.81159   -1833.93081   0.00128   304.89330  -0.12672   0.00010   1125.70
 800      0   297.70218   -1833.93041   0.00127   304.89175  -0.12670   0.00010   1153.50
 820      0   298.27950   -1833.93061   0.00124   304.89385  -0.12669   0.00010   1179.62
 840      0   297.86394   -1833.93107   0.00122   304.90303  -0.12669   0.00010   1205.56

Post Propagation
Total number of samples 840
Remove Outliers
Remove samples outside Zeta > 30
Outlier bound [-0.16547, -0.08732]
Removed 1 Outliers
Outliers Energy [-0.18127147]
nsample = 840, max_block_size = 42, min_nblocks = 20
   B    NB    NS  Observable     Error    dError
   1   840   840  -1833.93103   0.00122   0.00003
   2   420   840  -1833.93103   0.00156   0.00005
   3   280   840  -1833.93104   0.00173   0.00007
   4   210   840  -1833.93105   0.00189   0.00009
   5   168   840  -1833.93105   0.00196   0.00011
   6   140   840  -1833.93105   0.00208   0.00012
   7   120   840  -1833.93105   0.00217   0.00014
   8   105   840  -1833.93106   0.00217   0.00015
   9    93   837  -1833.93094   0.00228   0.00017
  10    84   840  -1833.93106   0.00225   0.00017
  11    76   836  -1833.93093   0.00224   0.00018
  12    70   840  -1833.93106   0.00242   0.00021
  13    64   832  -1833.93102   0.00218   0.00019
  14    60   840  -1833.93106   0.00241   0.00022
  15    56   840  -1833.93106   0.00244   0.00023
  16    52   832  -1833.93102   0.00250   0.00025
  17    49   833  -1833.93099   0.00232   0.00024
  18    46   828  -1833.93099   0.00257   0.00027
  19    44   836  -1833.93094   0.00224   0.00024
  20    42   840  -1833.93107   0.00203   0.00022
  21    40   840  -1833.93107   0.00234   0.00026
  22    38   836  -1833.93094   0.00231   0.00027
  23    36   828  -1833.93099   0.00251   0.00030
  24    35   840  -1833.93107   0.00236   0.00029
  25    33   825  -1833.93085   0.00201   0.00025
  26    32   832  -1833.93103   0.00226   0.00029
  27    31   837  -1833.93095   0.00257   0.00033
  28    30   840  -1833.93107   0.00229   0.00030
  29    28   812  -1833.93046   0.00243   0.00033
  30    28   840  -1833.93107   0.00219   0.00030
  31    27   837  -1833.93095   0.00224   0.00031
  32    26   832  -1833.93103   0.00229   0.00032
  33    25   825  -1833.93085   0.00257   0.00037
  34    24   816  -1833.93058   0.00211   0.00031
  35    24   840  -1833.93107   0.00201   0.00030
  36    23   828  -1833.93100   0.00281   0.00042
  37    22   814  -1833.93056   0.00232   0.00036
  38    22   836  -1833.93094   0.00237   0.00037
  39    21   819  -1833.93061   0.00206   0.00033
  40    21   840  -1833.93107   0.00223   0.00035
  41    20   820  -1833.93061   0.00242   0.00039
  42    20   840  -1833.93107   0.00244   0.00040
Fit (variance): plateau_var = 5.301e-06 ± 2.320e-07
Fit (error):    plateau = 0.00230 ± 0.00005
     autocorrelation length ~ 3.7 blocks
     plateau reached at block size ~ 17
nsample = 839, max_block_size = 41, min_nblocks = 20
Blk_SZ   NBlk   NSmp      Energy     Error    dError
     1    839    839    -0.12657   0.00006   0.00000
     2    419    838    -0.12657   0.00007   0.00000
     3    279    837    -0.12658   0.00007   0.00000
     4    209    836    -0.12658   0.00007   0.00000
     5    167    835    -0.12658   0.00007   0.00000
     6    139    834    -0.12658   0.00008   0.00000
     7    119    833    -0.12658   0.00008   0.00001
     8    104    832    -0.12659   0.00008   0.00001
     9     93    837    -0.12659   0.00008   0.00001
    10     83    830    -0.12659   0.00008   0.00001
    11     76    836    -0.12659   0.00008   0.00001
    12     69    828    -0.12659   0.00008   0.00001
    13     64    832    -0.12659   0.00008   0.00001
    14     59    826    -0.12659   0.00008   0.00001
    15     55    825    -0.12659   0.00008   0.00001
    16     52    832    -0.12659   0.00008   0.00001
    17     49    833    -0.12660   0.00008   0.00001
    18     46    828    -0.12659   0.00009   0.00001
    19     44    836    -0.12660   0.00009   0.00001
    20     41    820    -0.12660   0.00009   0.00001
    21     39    819    -0.12660   0.00008   0.00001
    22     38    836    -0.12660   0.00008   0.00001
    23     36    828    -0.12660   0.00009   0.00001
    24     34    816    -0.12660   0.00009   0.00001
    25     33    825    -0.12660   0.00007   0.00001
    26     32    832    -0.12660   0.00008   0.00001
    27     31    837    -0.12660   0.00008   0.00001
    28     29    812    -0.12661   0.00009   0.00001
    29     28    812    -0.12661   0.00008   0.00001
    30     27    810    -0.12661   0.00009   0.00001
    31     27    837    -0.12660   0.00009   0.00001
    32     26    832    -0.12660   0.00008   0.00001
    33     25    825    -0.12660   0.00008   0.00001
    34     24    816    -0.12661   0.00008   0.00001
    35     23    805    -0.12661   0.00008   0.00001
    36     23    828    -0.12660   0.00010   0.00002
    37     22    814    -0.12661   0.00008   0.00001
    38     22    836    -0.12660   0.00007   0.00001
    39     21    819    -0.12660   0.00007   0.00001
    40     20    800    -0.12661   0.00010   0.00002
    41     20    820    -0.12660   0.00007   0.00001
Fit (variance): plateau_var = 6.82551e-09 ± 2.93120e-10
Fit (error):    plateau = 0.00008 ± 0.00000
     autocorrelation length ~ 3.2 blocks
     plateau reached at block size ~ 14
Final AFQMC/HF Guiding Energy:      -1833.9311 +/- 0.0023
Final AFQMC/pt2CCSD Orbital Energy: -0.12661 +/- 0.00008
<t1> = weightp/weight = 1.02460
Total run time: 1208.75

AFQMC Sampling Finished

LNO-Integral time (s):    70.66
LNO-AFQMC time (s):       1336.70


======================= LNO-FRAGMENT [C55H68] 44/(48,48) =======================
Fragment Num.  44
Fragment Idx.  44
Fragment Name  C55H68
LNO THRESHOLD  [0.0001, 1e-05]
PySCF Threads  12
LNO-LAS: 36/156 Occ | 151/636 Vir | 187/792 MOs
LNO-MP2 Fragment Energy:  -0.13409642
LNO-CCSD Fragment Energy: -0.13927658
LNO-CPU time (s):         201.83 (LAS 30.07 | MP2 30.30 | CCSD 141.46)
LNO-CPU wait time (s):    0.00 (100.0% hidden)
Find Density Fit Teonsers in MF object
Integrals will be built by DF Tensors
Calculating Effective Active Space One-electron Integrals
*** Correlation Space Size ***
N Occupied Orbitals: 36
N Active Orbitals:   187
Build effective h0 and h1 time: 52.567235 s
Composing CDERIs from DF
Build CDERI in cLAS time: 10.731322 s
Raw CDERI in LAS shape: (3912, 17578)
Compress CDERI 2 Chol: 1e-05
Compress CDERI time: 4.678240 s
Finished calculating Integrals
LAS Cholesky shape: (1423, 187, 187)
AFQMC script: /u/yzhang65/myprojects/software/afqmc/afqmc/lno_afqmc/script/run_lno_afqmc_pt2ccsd.py

LNO-AFQMC Started
Hostname:     gpue08.delta.ncsa.illinois.edu
System:       Linux
Node:         gpue08.delta.ncsa.illinois.edu
Release:      5.14.0-570.131.1.el9_6.x86_64
Machine:      x86_64
Processor:    x86_64
JAX backend:  GPU
JAX devices:  [CudaDevice(id=0)]
Device kind:  NVIDIA H200
Platform:     gpu

QMC Parameters
eql_time        -         30
n_prop_steps    -         50
n_blocks        -        840
n_walkers       -        300
max_memory      -     200000
mix_precision   -       True
seed            -       2920
walker_type     -        rhf
trial           - pt2ccsd_sto_chol
chol_cost_ratio -        0.2
max_error       -    7.2e-05
dt              -      0.005
n_exp_terms     -          6
n_batch         -          1
nchol_chunk     -        100
free_projection -      False

QMC System
Number of Occ. Orbitals:      36
Number of Act. Orbitals:      187
Number of Chol. Vectors:      1423
Mean-Field Energy:            -1832.00523770
Maximum memory per walker:            666.67 MB
Maximum number of Cholesky per chunk: 1249
Number of Cholesky chunks:            2
Number of Cholesky per chunk:         712
Number of padding Cholesky:           1
Trial:   pt2ccsd_sto_chol(norb=187, nelec=(36, 36), n_batch=1, nchol_chunk=712, mix_precision=True, n_chol_head=0, head_chol_ratio=None, n_chol_samples=None, chol_cost_ratio=0.2, head_sample_ratio=3.0, chol_score_floor=1e-06, chol_uniform_mix=0.01, head_from_guide=False)
Sampler: sampler_pt2_sto_chol(n_prop_steps=50, n_blocks=840, n_chol=1423, frozen_vir=0)

Initalize QMC walkers by HF

Equilibration
Initial Orbital energy: -0.13931
inv_T  nodes      weight      energy     error   runTime
 0.00      0   300.00000  -1832.00390   0.00000     43.32
 3.00      0   308.04477  -1833.54360   0.02447     52.44
 6.00      0   300.85502  -1833.54717   0.02571     56.49
 9.00      0   299.67584  -1833.58253   0.02871     60.61
12.00      0   298.53485  -1833.53871   0.02685     64.67
15.00      0   297.50559  -1833.55887   0.02607     68.53
18.00      0   297.84193  -1833.57473   0.02808     72.81
21.00      0   297.33664  -1833.55420   0.02635     77.38
24.00      0   296.93856  -1833.60174   0.03018     81.38
27.00      0   297.73922  -1833.57933   0.02511     85.41
30.00      0   297.40276  -1833.58098   0.02772     89.55

Sampling Blocks
Target Final Error ~ 0.000072
   N  nodes      weight      E(Guide)     Error     weightp    E_frag     Error      Time
  20      0   296.96791   -1833.58908   0.00786   304.12422  -0.14607   0.00032    112.53
  40      0   298.63075   -1833.58215   0.00510   304.17264  -0.14591   0.00021    128.46
  60      0   298.64668   -1833.58596   0.00393   304.39142  -0.14591   0.00027    144.30
  80      0   297.28886   -1833.59058   0.00322   304.50688  -0.14625   0.00025    160.21
 100      0   298.03796   -1833.58947   0.00285   304.50240  -0.14607   0.00021    175.76
 120      0   297.43652   -1833.58434   0.00283   304.49662  -0.14595   0.00018    190.70
 140      0   297.63268   -1833.58474   0.00252   304.64843  -0.14594   0.00016    205.70
 160      0   298.39169   -1833.58344   0.00248   304.62012  -0.14594   0.00015    220.64
 180      0   297.21774   -1833.58464   0.00233   304.67111  -0.14602   0.00014    235.64
 200      0   298.54583   -1833.58387   0.00221   304.75468  -0.14599   0.00014    250.59
 220      0   297.48598   -1833.58320   0.00210   304.76305  -0.14595   0.00013    265.59
 240      0   297.95974   -1833.58460   0.00206   304.76308  -0.14606   0.00014    280.54
 260      0   297.10524   -1833.58344   0.00200   304.76433  -0.14607   0.00013    295.55
 280      0   297.34028   -1833.58300   0.00192   304.78260  -0.14606   0.00012    310.50
 300      0   297.63682   -1833.58056   0.00190   304.79322  -0.14601   0.00012    325.53
 320      0   298.56871   -1833.58101   0.00183   304.80025  -0.14610   0.00011    340.47
 340      0   297.66787   -1833.58045   0.00175   304.80490  -0.14607   0.00011    355.51
 360      0   297.34507   -1833.58086   0.00170   304.84685  -0.14605   0.00010    370.48
 380      0   297.49758   -1833.58077   0.00165   304.84088  -0.14606   0.00011    385.50
 400      0   298.66549   -1833.57930   0.00164   304.83310  -0.14603   0.00010    400.44
 420      0   296.30206   -1833.57896   0.00161   304.83086  -0.14598   0.00010    415.48
 440      0   298.46278   -1833.57923   0.00156   304.84191  -0.14598   0.00010    430.43
 460      0   298.25348   -1833.57977   0.00152   304.85043  -0.14595   0.00009    445.46
 480      0   297.84471   -1833.58034   0.00148   304.85414  -0.14594   0.00009    460.41
 500      0   299.21153   -1833.58105   0.00149   304.85011  -0.14597   0.00009    475.43
 520      0   297.84242   -1833.58002   0.00148   304.82848  -0.14594   0.00009    490.38
 540      0   298.50552   -1833.58093   0.00145   304.82883  -0.14595   0.00009    505.42
 560      0   298.23813   -1833.58062   0.00143   304.80976  -0.14593   0.00009    520.44
 580      0   298.16269   -1833.58032   0.00139   304.81739  -0.14590   0.00008    539.40
 600      0   298.15382   -1833.57987   0.00136   304.80267  -0.14587   0.00008    556.82
 620      0   297.51095   -1833.57974   0.00134   304.78863  -0.14586   0.00008    571.77
 640      0   297.99509   -1833.57920   0.00132   304.77362  -0.14587   0.00008    586.80
 660      0   297.67151   -1833.57894   0.00129   304.76822  -0.14593   0.00008    601.75
 680      0   298.12752   -1833.57840   0.00126   304.75881  -0.14593   0.00008    616.83
 700      0   298.77599   -1833.57803   0.00125   304.75656  -0.14590   0.00008    631.78
 720      0   297.66137   -1833.57777   0.00123   304.76021  -0.14590   0.00007    646.79
 740      0   298.19669   -1833.57754   0.00120   304.76531  -0.14591   0.00007    661.75
 760      0   297.79099   -1833.57786   0.00119   304.76998  -0.14592   0.00007    676.80
 780      0   298.32306   -1833.57797   0.00117   304.76489  -0.14594   0.00007    691.85
 800      0   298.26186   -1833.57810   0.00115   304.77723  -0.14595   0.00007    706.88
 820      0   298.70160   -1833.57813   0.00113   304.76232  -0.14594   0.00007    721.82
 840      0   297.71066   -1833.57813   0.00112   304.75266  -0.14590   0.00007    736.84

Post Propagation
Total number of samples 840
Remove Outliers
Remove samples outside Zeta > 30
Outlier bound [-0.19442, -0.09682]
Removed 0 Outliers
Outliers Energy []
nsample = 840, max_block_size = 42, min_nblocks = 20
   B    NB    NS  Observable     Error    dError
   1   840   840  -1833.57810   0.00112   0.00003
   2   420   840  -1833.57810   0.00138   0.00005
   3   280   840  -1833.57811   0.00157   0.00007
   4   210   840  -1833.57811   0.00166   0.00008
   5   168   840  -1833.57812   0.00181   0.00010
   6   140   840  -1833.57812   0.00185   0.00011
   7   120   840  -1833.57812   0.00187   0.00012
   8   105   840  -1833.57812   0.00197   0.00014
   9    93   837  -1833.57800   0.00200   0.00015
  10    84   840  -1833.57812   0.00195   0.00015
  11    76   836  -1833.57798   0.00209   0.00017
  12    70   840  -1833.57812   0.00208   0.00018
  13    64   832  -1833.57796   0.00212   0.00019
  14    60   840  -1833.57813   0.00218   0.00020
  15    56   840  -1833.57813   0.00208   0.00020
  16    52   832  -1833.57797   0.00201   0.00020
  17    49   833  -1833.57792   0.00214   0.00022
  18    46   828  -1833.57795   0.00234   0.00025
  19    44   836  -1833.57799   0.00204   0.00022
  20    42   840  -1833.57813   0.00213   0.00024
  21    40   840  -1833.57813   0.00210   0.00024
  22    38   836  -1833.57799   0.00227   0.00026
  23    36   828  -1833.57795   0.00221   0.00026
  24    35   840  -1833.57813   0.00232   0.00028
  25    33   825  -1833.57796   0.00246   0.00031
  26    32   832  -1833.57797   0.00226   0.00029
  27    31   837  -1833.57800   0.00240   0.00031
  28    30   840  -1833.57813   0.00193   0.00025
  29    28   812  -1833.57806   0.00239   0.00033
  30    28   840  -1833.57813   0.00203   0.00028
  31    27   837  -1833.57800   0.00236   0.00033
  32    26   832  -1833.57797   0.00207   0.00029
  33    25   825  -1833.57796   0.00213   0.00031
  34    24   816  -1833.57797   0.00257   0.00038
  35    24   840  -1833.57813   0.00218   0.00032
  36    23   828  -1833.57796   0.00214   0.00032
  37    22   814  -1833.57803   0.00233   0.00036
  38    22   836  -1833.57799   0.00213   0.00033
  39    21   819  -1833.57809   0.00242   0.00038
  40    21   840  -1833.57813   0.00204   0.00032
  41    20   820  -1833.57813   0.00234   0.00038
  42    20   840  -1833.57813   0.00238   0.00039
Fit (variance): plateau_var = 4.766e-06 ± 2.375e-07
Fit (error):    plateau = 0.00218 ± 0.00005
     autocorrelation length ~ 5.1 blocks
     plateau reached at block size ~ 23
nsample = 840, max_block_size = 42, min_nblocks = 20
Blk_SZ   NBlk   NSmp      Energy     Error    dError
     1    840    840    -0.14585   0.00007   0.00000
     2    420    840    -0.14586   0.00008   0.00000
     3    280    840    -0.14587   0.00009   0.00000
     4    210    840    -0.14587   0.00009   0.00000
     5    168    840    -0.14587   0.00009   0.00001
     6    140    840    -0.14588   0.00009   0.00001
     7    120    840    -0.14588   0.00010   0.00001
     8    105    840    -0.14588   0.00009   0.00001
     9     93    837    -0.14589   0.00010   0.00001
    10     84    840    -0.14588   0.00010   0.00001
    11     76    836    -0.14589   0.00010   0.00001
    12     70    840    -0.14588   0.00010   0.00001
    13     64    832    -0.14590   0.00010   0.00001
    14     60    840    -0.14588   0.00010   0.00001
    15     56    840    -0.14589   0.00010   0.00001
    16     52    832    -0.14590   0.00011   0.00001
    17     49    833    -0.14590   0.00011   0.00001
    18     46    828    -0.14592   0.00011   0.00001
    19     44    836    -0.14590   0.00010   0.00001
    20     42    840    -0.14589   0.00011   0.00001
    21     40    840    -0.14589   0.00011   0.00001
    22     38    836    -0.14590   0.00011   0.00001
    23     36    828    -0.14592   0.00010   0.00001
    24     35    840    -0.14589   0.00011   0.00001
    25     33    825    -0.14593   0.00011   0.00001
    26     32    832    -0.14590   0.00011   0.00001
    27     31    837    -0.14590   0.00011   0.00001
    28     30    840    -0.14589   0.00011   0.00001
    29     28    812    -0.14593   0.00010   0.00001
    30     28    840    -0.14589   0.00011   0.00002
    31     27    837    -0.14590   0.00011   0.00002
    32     26    832    -0.14591   0.00011   0.00002
    33     25    825    -0.14593   0.00011   0.00002
    34     24    816    -0.14594   0.00011   0.00002
    35     24    840    -0.14589   0.00011   0.00002
    36     23    828    -0.14592   0.00010   0.00002
    37     22    814    -0.14594   0.00011   0.00002
    38     22    836    -0.14590   0.00010   0.00001
    39     21    819    -0.14594   0.00011   0.00002
    40     21    840    -0.14589   0.00011   0.00002
    41     20    820    -0.14594   0.00011   0.00002
    42     20    840    -0.14589   0.00013   0.00002
Fit (variance): plateau_var = 1.12409e-08 ± 5.39761e-10
Fit (error):    plateau = 0.00011 ± 0.00000
     autocorrelation length ~ 4.4 blocks
     plateau reached at block size ~ 19
Final AFQMC/HF Guiding Energy:      -1833.5781 +/- 0.0022
Final AFQMC/pt2CCSD Orbital Energy: -0.14590 +/- 0.00011
<t1> = weightp/weight = 1.02296
Total run time: 740.14

AFQMC Sampling Finished

LNO-Integral time (s):    70.86
LNO-AFQMC time (s):       856.91


======================= LNO-FRAGMENT [C56H69] 45/(48,48) =======================
Fragment Num.  45
Fragment Idx.  45
Fragment Name  C56H69
LNO THRESHOLD  [0.0001, 1e-05]
PySCF Threads  12
LNO-LAS: 36/156 Occ | 148/636 Vir | 184/792 MOs
LNO-MP2 Fragment Energy:  -0.13393488
LNO-CCSD Fragment Energy: -0.13915863
LNO-CPU time (s):         180.11 (LAS 24.96 | MP2 31.81 | CCSD 123.34)
LNO-CPU wait time (s):    0.00 (100.0% hidden)
Find Density Fit Teonsers in MF object
Integrals will be built by DF Tensors
Calculating Effective Active Space One-electron Integrals
*** Correlation Space Size ***
N Occupied Orbitals: 36
N Active Orbitals:   184
Build effective h0 and h1 time: 51.955614 s
Composing CDERIs from DF
Build CDERI in cLAS time: 10.504627 s
Raw CDERI in LAS shape: (3912, 17020)
Compress CDERI 2 Chol: 1e-05
Compress CDERI time: 4.053179 s
Finished calculating Integrals
LAS Cholesky shape: (1400, 184, 184)
AFQMC script: /u/yzhang65/myprojects/software/afqmc/afqmc/lno_afqmc/script/run_lno_afqmc_pt2ccsd.py

LNO-AFQMC Started
Hostname:     gpue08.delta.ncsa.illinois.edu
System:       Linux
Node:         gpue08.delta.ncsa.illinois.edu
Release:      5.14.0-570.131.1.el9_6.x86_64
Machine:      x86_64
Processor:    x86_64
JAX backend:  GPU
JAX devices:  [CudaDevice(id=0)]
Device kind:  NVIDIA H200
Platform:     gpu

QMC Parameters
eql_time        -         30
n_prop_steps    -         50
n_blocks        -        840
n_walkers       -        300
max_memory      -     200000
mix_precision   -       True
seed            -       4547
walker_type     -        rhf
trial           - pt2ccsd_sto_chol
chol_cost_ratio -        0.2
max_error       -    7.2e-05
dt              -      0.005
n_exp_terms     -          6
n_batch         -          1
nchol_chunk     -        100
free_projection -      False

QMC System
Number of Occ. Orbitals:      36
Number of Act. Orbitals:      184
Number of Chol. Vectors:      1400
Mean-Field Energy:            -1832.00523770
Maximum memory per walker:            666.67 MB
Maximum number of Cholesky per chunk: 1290
Number of Cholesky chunks:            2
Number of Cholesky per chunk:         700
Number of padding Cholesky:           0
Trial:   pt2ccsd_sto_chol(norb=184, nelec=(36, 36), n_batch=1, nchol_chunk=700, mix_precision=True, n_chol_head=0, head_chol_ratio=None, n_chol_samples=None, chol_cost_ratio=0.2, head_sample_ratio=3.0, chol_score_floor=1e-06, chol_uniform_mix=0.01, head_from_guide=False)
Sampler: sampler_pt2_sto_chol(n_prop_steps=50, n_blocks=840, n_chol=1400, frozen_vir=0)

Initalize QMC walkers by HF

Equilibration
Initial Orbital energy: -0.13915
inv_T  nodes      weight      energy     error   runTime
 0.00      0   300.00000  -1832.00406   0.00000     43.10
 3.00      0   308.63164  -1833.54166   0.02856     51.19
 6.00      0   300.18101  -1833.57675   0.02838     54.62
 9.00      0   298.77586  -1833.60164   0.02925     58.06
12.00      0   298.62091  -1833.59764   0.03122     61.50
15.00      0   298.00415  -1833.59417   0.02668     64.95
18.00      0   297.11079  -1833.56510   0.02717     68.39
21.00      0   298.36569  -1833.54792   0.02587     71.89
24.00      0   298.46982  -1833.56113   0.02643     75.46
27.00      0   297.39538  -1833.56273   0.02707     78.95
30.00      0   299.64366  -1833.63831   0.03212     82.40

Sampling Blocks
Target Final Error ~ 0.000072
   N  nodes      weight      E(Guide)     Error     weightp    E_frag     Error      Time
  20      0   298.06830   -1833.60687   0.00907   304.86912  -0.14556   0.00038    102.05
  40      0   297.64813   -1833.59437   0.00600   304.39767  -0.14563   0.00026    115.98
  60      0   297.99036   -1833.57659   0.00541   304.39057  -0.14561   0.00021    129.46
  80      0   297.94404   -1833.57647   0.00422   304.46166  -0.14566   0.00018    143.05
 100      0   296.50796   -1833.57521   0.00371   304.35682  -0.14557   0.00020    156.53
 120      0   297.75725   -1833.57553   0.00341   304.33694  -0.14584   0.00020    170.08
 140      0   297.66246   -1833.57519   0.00311   304.18145  -0.14621   0.00026    183.57
 160      0   297.75741   -1833.57641   0.00282   304.07010  -0.14620   0.00023    197.10
 180      0   297.91911   -1833.57370   0.00264   304.06684  -0.14606   0.00021    210.60
 200      0   298.22255   -1833.57203   0.00243   304.08352  -0.14602   0.00019    224.13
 220      0   298.76184   -1833.57258   0.00228   304.04759  -0.14604   0.00018    237.64
 240      0   298.78578   -1833.57377   0.00216   304.07219  -0.14612   0.00017    251.16
 260      0   297.91916   -1833.57460   0.00204   304.06839  -0.14617   0.00016    264.72
 280      0   298.62560   -1833.57546   0.00193   304.08970  -0.14616   0.00015    278.24
 300      0   297.16829   -1833.57653   0.00187   304.10700  -0.14613   0.00015    291.81
 320      0   297.26029   -1833.57577   0.00181   304.14772  -0.14608   0.00014    305.31
 340      0   297.74694   -1833.57542   0.00175   304.16041  -0.14605   0.00013    318.88
 360      0   298.50300   -1833.57579   0.00171   304.17024  -0.14600   0.00013    332.38
 380      0   298.39973   -1833.57497   0.00165   304.16337  -0.14593   0.00012    345.96
 400      0   298.63079   -1833.57556   0.00165   304.15157  -0.14593   0.00012    359.47
 420      0   296.92823   -1833.57513   0.00166   304.14955  -0.14595   0.00012    373.01
 440      0   297.20253   -1833.57621   0.00165   304.16202  -0.14596   0.00011    386.56
 460      0   298.28579   -1833.57639   0.00162   304.17157  -0.14594   0.00011    400.05
 480      0   297.43158   -1833.57645   0.00157   304.17322  -0.14593   0.00010    413.63
 500      0   297.47316   -1833.57672   0.00152   304.17060  -0.14587   0.00010    427.15
 520      0   297.77506   -1833.57576   0.00150   304.16092  -0.14585   0.00010    440.73
 540      0   297.68321   -1833.57469   0.00147   304.15882  -0.14584   0.00010    454.23
 560      0   298.85524   -1833.57430   0.00144   304.16831  -0.14584   0.00009    467.81
 580      0   298.95950   -1833.57471   0.00142   304.17085  -0.14584   0.00009    481.32
 600      0   296.83364   -1833.57495   0.00139   304.17497  -0.14582   0.00009    494.89
 620      0   299.47579   -1833.57478   0.00136   304.18504  -0.14583   0.00009    508.43
 640      0   297.73050   -1833.57474   0.00133   304.19288  -0.14581   0.00009    523.69
 660      0   296.97631   -1833.57524   0.00130   304.19839  -0.14579   0.00008    539.66
 680      0   299.35627   -1833.57522   0.00128   304.21876  -0.14580   0.00008    555.41
 700      0   298.01776   -1833.57599   0.00127   304.21374  -0.14585   0.00008    568.92
 720      0   298.26340   -1833.57580   0.00124   304.20049  -0.14585   0.00008    582.48
 740      0   297.61822   -1833.57588   0.00122   304.22501  -0.14588   0.00008    596.02
 760      0   297.69142   -1833.57566   0.00120   304.23936  -0.14588   0.00008    609.58
 780      0   298.18197   -1833.57506   0.00120   304.25106  -0.14588   0.00008    623.24
 800      0   297.92086   -1833.57460   0.00119   304.26144  -0.14589   0.00008    636.74
 820      0   297.19916   -1833.57479   0.00117   304.27522  -0.14590   0.00008    650.36
 840      0   297.74036   -1833.57551   0.00116   304.28593  -0.14588   0.00007    663.87

Post Propagation
Total number of samples 840
Remove Outliers
Remove samples outside Zeta > 30
Outlier bound [-0.19795, -0.09321]
Removed 0 Outliers
Outliers Energy []
nsample = 840, max_block_size = 42, min_nblocks = 20
   B    NB    NS  Observable     Error    dError
   1   840   840  -1833.57547   0.00116   0.00003
   2   420   840  -1833.57548   0.00149   0.00005
   3   280   840  -1833.57548   0.00171   0.00007
   4   210   840  -1833.57548   0.00187   0.00009
   5   168   840  -1833.57549   0.00194   0.00011
   6   140   840  -1833.57549   0.00212   0.00013
   7   120   840  -1833.57549   0.00217   0.00014
   8   105   840  -1833.57549   0.00221   0.00015
   9    93   837  -1833.57545   0.00235   0.00017
  10    84   840  -1833.57549   0.00229   0.00018
  11    76   836  -1833.57542   0.00239   0.00020
  12    70   840  -1833.57550   0.00252   0.00021
  13    64   832  -1833.57521   0.00231   0.00021
  14    60   840  -1833.57550   0.00258   0.00024
  15    56   840  -1833.57550   0.00253   0.00024
  16    52   832  -1833.57521   0.00229   0.00023
  17    49   833  -1833.57528   0.00239   0.00024
  18    46   828  -1833.57495   0.00259   0.00027
  19    44   836  -1833.57543   0.00239   0.00026
  20    42   840  -1833.57550   0.00237   0.00026
  21    40   840  -1833.57550   0.00251   0.00028
  22    38   836  -1833.57543   0.00253   0.00029
  23    36   828  -1833.57496   0.00258   0.00031
  24    35   840  -1833.57550   0.00248   0.00030
  25    33   825  -1833.57481   0.00242   0.00030
  26    32   832  -1833.57521   0.00247   0.00031
  27    31   837  -1833.57546   0.00260   0.00034
  28    30   840  -1833.57550   0.00281   0.00037
  29    28   812  -1833.57483   0.00268   0.00037
  30    28   840  -1833.57550   0.00248   0.00034
  31    27   837  -1833.57546   0.00277   0.00038
  32    26   832  -1833.57521   0.00269   0.00038
  33    25   825  -1833.57482   0.00272   0.00039
  34    24   816  -1833.57472   0.00252   0.00037
  35    24   840  -1833.57551   0.00262   0.00039
  36    23   828  -1833.57496   0.00267   0.00040
  37    22   814  -1833.57479   0.00251   0.00039
  38    22   836  -1833.57543   0.00255   0.00039
  39    21   819  -1833.57479   0.00270   0.00043
  40    21   840  -1833.57551   0.00259   0.00041
  41    20   820  -1833.57479   0.00234   0.00038
  42    20   840  -1833.57551   0.00289   0.00047
Fit (variance): plateau_var = 6.490e-06 ± 3.333e-07
Fit (error):    plateau = 0.00255 ± 0.00007
     autocorrelation length ~ 5.6 blocks
     plateau reached at block size ~ 26
nsample = 840, max_block_size = 42, min_nblocks = 20
Blk_SZ   NBlk   NSmp      Energy     Error    dError
     1    840    840    -0.14583   0.00007   0.00000
     2    420    840    -0.14584   0.00008   0.00000
     3    280    840    -0.14584   0.00010   0.00000
     4    210    840    -0.14585   0.00010   0.00000
     5    168    840    -0.14585   0.00010   0.00001
     6    140    840    -0.14585   0.00011   0.00001
     7    120    840    -0.14585   0.00011   0.00001
     8    105    840    -0.14586   0.00011   0.00001
     9     93    837    -0.14586   0.00011   0.00001
    10     84    840    -0.14586   0.00011   0.00001
    11     76    836    -0.14587   0.00011   0.00001
    12     70    840    -0.14586   0.00011   0.00001
    13     64    832    -0.14587   0.00011   0.00001
    14     60    840    -0.14586   0.00012   0.00001
    15     56    840    -0.14586   0.00012   0.00001
    16     52    832    -0.14588   0.00010   0.00001
    17     49    833    -0.14588   0.00012   0.00001
    18     46    828    -0.14587   0.00011   0.00001
    19     44    836    -0.14587   0.00011   0.00001
    20     42    840    -0.14587   0.00012   0.00001
    21     40    840    -0.14587   0.00012   0.00001
    22     38    836    -0.14587   0.00012   0.00001
    23     36    828    -0.14588   0.00012   0.00001
    24     35    840    -0.14587   0.00012   0.00001
    25     33    825    -0.14588   0.00013   0.00002
    26     32    832    -0.14588   0.00013   0.00002
    27     31    837    -0.14588   0.00014   0.00002
    28     30    840    -0.14587   0.00013   0.00002
    29     28    812    -0.14590   0.00013   0.00002
    30     28    840    -0.14587   0.00012   0.00002
    31     27    837    -0.14588   0.00013   0.00002
    32     26    832    -0.14588   0.00013   0.00002
    33     25    825    -0.14588   0.00013   0.00002
    34     24    816    -0.14589   0.00015   0.00002
    35     24    840    -0.14587   0.00014   0.00002
    36     23    828    -0.14588   0.00013   0.00002
    37     22    814    -0.14589   0.00013   0.00002
    38     22    836    -0.14588   0.00013   0.00002
    39     21    819    -0.14589   0.00013   0.00002
    40     21    840    -0.14587   0.00012   0.00002
    41     20    820    -0.14589   0.00013   0.00002
    42     20    840    -0.14587   0.00012   0.00002
Fit (variance): plateau_var = 1.46300e-08 ± 7.65165e-10
Fit (error):    plateau = 0.00012 ± 0.00000
     autocorrelation length ~ 5.2 blocks
     plateau reached at block size ~ 23
Final AFQMC/HF Guiding Energy:      -1833.5755 +/- 0.0025
Final AFQMC/pt2CCSD Orbital Energy: -0.14588 +/- 0.00012
<t1> = weightp/weight = 1.02130
Total run time: 667.16

AFQMC Sampling Finished

LNO-Integral time (s):    69.44
LNO-AFQMC time (s):       785.28


======================== LNO-FRAGMENT [C57] 46/(48,48) =========================
Fragment Num.  46
Fragment Idx.  46
Fragment Name  C57
LNO THRESHOLD  [0.0001, 1e-05]
PySCF Threads  12
LNO-LAS: 41/156 Occ | 173/636 Vir | 214/792 MOs
LNO-MP2 Fragment Energy:  -0.12008785
LNO-CCSD Fragment Energy: -0.11988944
LNO-CPU time (s):         324.09 (LAS 25.16 | MP2 34.88 | CCSD 264.05)
LNO-CPU wait time (s):    0.00 (100.0% hidden)
Find Density Fit Teonsers in MF object
Integrals will be built by DF Tensors
Calculating Effective Active Space One-electron Integrals
*** Correlation Space Size ***
N Occupied Orbitals: 41
N Active Orbitals:   214
Build effective h0 and h1 time: 56.836483 s
Composing CDERIs from DF
Build CDERI in cLAS time: 10.646452 s
Raw CDERI in LAS shape: (3912, 23005)
Compress CDERI 2 Chol: 1e-05
Compress CDERI time: 3.961502 s
Finished calculating Integrals
LAS Cholesky shape: (1578, 214, 214)
AFQMC script: /u/yzhang65/myprojects/software/afqmc/afqmc/lno_afqmc/script/run_lno_afqmc_pt2ccsd.py

LNO-AFQMC Started
Hostname:     gpue08.delta.ncsa.illinois.edu
System:       Linux
Node:         gpue08.delta.ncsa.illinois.edu
Release:      5.14.0-570.131.1.el9_6.x86_64
Machine:      x86_64
Processor:    x86_64
JAX backend:  GPU
JAX devices:  [CudaDevice(id=0)]
Device kind:  NVIDIA H200
Platform:     gpu

QMC Parameters
eql_time        -         30
n_prop_steps    -         50
n_blocks        -        840
n_walkers       -        300
max_memory      -     200000
mix_precision   -       True
seed            -       3509
walker_type     -        rhf
trial           - pt2ccsd_sto_chol
chol_cost_ratio -        0.2
max_error       -    7.2e-05
dt              -      0.005
n_exp_terms     -          6
n_batch         -          1
nchol_chunk     -        100
free_projection -      False

QMC System
Number of Occ. Orbitals:      41
Number of Act. Orbitals:      214
Number of Chol. Vectors:      1578
Mean-Field Energy:            -1832.00523770
Maximum memory per walker:            666.67 MB
Maximum number of Cholesky per chunk: 954
Number of Cholesky chunks:            2
Number of Cholesky per chunk:         789
Number of padding Cholesky:           0
Trial:   pt2ccsd_sto_chol(norb=214, nelec=(41, 41), n_batch=1, nchol_chunk=789, mix_precision=True, n_chol_head=0, head_chol_ratio=None, n_chol_samples=None, chol_cost_ratio=0.2, head_sample_ratio=3.0, chol_score_floor=1e-06, chol_uniform_mix=0.01, head_from_guide=False)
Sampler: sampler_pt2_sto_chol(n_prop_steps=50, n_blocks=840, n_chol=1578, frozen_vir=0)

Initalize QMC walkers by HF

Equilibration
Initial Orbital energy: -0.11990
inv_T  nodes      weight      energy     error   runTime
 0.00      0   300.00000  -1832.00359   0.00000     42.51
 3.00      0   310.81564  -1833.90613   0.02861     52.74
 6.00      0   301.88773  -1833.90424   0.02929     57.92
 9.00      0   299.46255  -1833.86896   0.03017     63.19
12.00      0   298.19194  -1833.86268   0.02615     68.50
15.00      0   298.15511  -1833.85230   0.03137     73.68
18.00      0   298.55899  -1833.96441   0.03394     78.88
21.00      0   298.37643  -1833.91238   0.03019     84.09
24.00      0   298.98436  -1833.94534   0.03582     89.29
27.00      0   298.23987  -1833.91349   0.03407     94.59
30.00      0   298.24159  -1833.88389   0.02830     99.86

Sampling Blocks
Target Final Error ~ 0.000072
   N  nodes      weight      E(Guide)     Error     weightp    E_frag     Error      Time
  20      0   297.51333   -1833.87985   0.00651   305.62496  -0.12655   0.00038    129.80
  40      0   296.83530   -1833.89246   0.00645   305.49704  -0.12651   0.00026    153.64
  60      0   298.41237   -1833.88662   0.00486   305.49745  -0.12629   0.00019    177.10
  80      0   297.65155   -1833.88979   0.00426   305.23764  -0.12628   0.00015    200.60
 100      0   297.39616   -1833.88863   0.00363   305.32968  -0.12622   0.00014    224.08
 120      0   298.22094   -1833.88969   0.00326   305.31237  -0.12614   0.00013    247.57
 140      0   298.52423   -1833.89316   0.00300   305.28599  -0.12626   0.00013    270.99
 160      0   296.98882   -1833.89224   0.00273   305.18628  -0.12641   0.00013    294.53
 180      0   297.71128   -1833.88942   0.00255   305.17285  -0.12640   0.00012    318.05
 200      0   297.11793   -1833.88884   0.00240   305.18525  -0.12639   0.00011    341.58
 220      0   298.25191   -1833.88685   0.00228   305.16270  -0.12638   0.00011    365.06
 240      0   298.32734   -1833.88571   0.00215   305.21824  -0.12636   0.00010    388.53
 260      0   297.53197   -1833.88783   0.00208   305.27589  -0.12632   0.00010    412.03
 280      0   297.75019   -1833.88780   0.00206   305.28935  -0.12633   0.00009    435.59
 300      0   297.60464   -1833.88756   0.00198   305.30641  -0.12632   0.00009    459.12
 320      0   298.71490   -1833.88909   0.00192   305.31768  -0.12636   0.00009    482.59
 340      0   297.73496   -1833.88988   0.00184   305.32559  -0.12636   0.00008    506.08
 360      0   297.78373   -1833.88911   0.00178   305.33972  -0.12638   0.00008    529.76
 380      0   297.42149   -1833.88920   0.00173   305.36683  -0.12644   0.00008    558.95
 400      0   296.54123   -1833.88927   0.00167   305.41190  -0.12644   0.00008    582.47
 420      0   296.99030   -1833.88912   0.00161   305.43602  -0.12644   0.00008    606.04
 440      0   296.43820   -1833.88907   0.00160   305.41550  -0.12638   0.00007    629.51
 460      0   298.31305   -1833.88956   0.00158   305.41172  -0.12645   0.00009    653.04
 480      0   297.36679   -1833.89036   0.00155   305.44032  -0.12646   0.00009    676.56
 500      0   298.72534   -1833.89077   0.00155   305.45314  -0.12644   0.00008    700.15
 520      0   295.93981   -1833.89093   0.00152   305.43662  -0.12645   0.00008    723.64
 540      0   298.41594   -1833.89001   0.00149   305.44821  -0.12645   0.00008    747.17
 560      0   298.14003   -1833.89073   0.00146   305.45879  -0.12644   0.00008    770.69
 580      0   297.42374   -1833.89040   0.00143   305.45919  -0.12645   0.00008    794.20
 600      0   297.41542   -1833.89037   0.00139   305.45680  -0.12646   0.00007    817.72
 620      0   297.18596   -1833.89096   0.00141   305.45655  -0.12648   0.00007    841.16
 640      0   298.15812   -1833.89014   0.00139   305.45390  -0.12647   0.00007    864.67
 660      0   297.77991   -1833.88963   0.00137   305.45125  -0.12644   0.00007    888.19
 680      0   298.49333   -1833.88933   0.00134   305.43120  -0.12644   0.00007    911.69
 700      0   298.64151   -1833.88882   0.00133   305.44893  -0.12643   0.00007    935.19
 720      0   297.29607   -1833.88844   0.00131   305.43885  -0.12643   0.00006    958.64
 740      0   297.19047   -1833.88849   0.00129   305.43425  -0.12641   0.00006    982.19
 760      0   298.21928   -1833.88778   0.00128   305.43861  -0.12639   0.00006   1005.71
 780      0   296.69271   -1833.88775   0.00126   305.45048  -0.12640   0.00006   1029.26
 800      0   297.16874   -1833.88744   0.00125   305.44333  -0.12641   0.00006   1052.68
 820      0   297.79316   -1833.88705   0.00124   305.44374  -0.12639   0.00006   1076.15
 840      0   299.20064   -1833.88687   0.00122   305.44680  -0.12639   0.00006   1099.68

Post Propagation
Total number of samples 840
Remove Outliers
Remove samples outside Zeta > 30
Outlier bound [-0.16619, -0.08615]
Removed 0 Outliers
Outliers Energy []
nsample = 840, max_block_size = 42, min_nblocks = 20
   B    NB    NS  Observable     Error    dError
   1   840   840  -1833.88682   0.00122   0.00003
   2   420   840  -1833.88683   0.00151   0.00005
   3   280   840  -1833.88684   0.00173   0.00007
   4   210   840  -1833.88684   0.00188   0.00009
   5   168   840  -1833.88685   0.00196   0.00011
   6   140   840  -1833.88685   0.00205   0.00012
   7   120   840  -1833.88685   0.00207   0.00013
   8   105   840  -1833.88685   0.00224   0.00016
   9    93   837  -1833.88675   0.00219   0.00016
  10    84   840  -1833.88686   0.00222   0.00017
  11    76   836  -1833.88676   0.00233   0.00019
  12    70   840  -1833.88686   0.00230   0.00020
  13    64   832  -1833.88686   0.00241   0.00021
  14    60   840  -1833.88686   0.00227   0.00021
  15    56   840  -1833.88686   0.00239   0.00023
  16    52   832  -1833.88686   0.00258   0.00026
  17    49   833  -1833.88684   0.00257   0.00026
  18    46   828  -1833.88681   0.00256   0.00027
  19    44   836  -1833.88676   0.00246   0.00027
  20    42   840  -1833.88686   0.00226   0.00025
  21    40   840  -1833.88686   0.00244   0.00028
  22    38   836  -1833.88676   0.00218   0.00025
  23    36   828  -1833.88681   0.00216   0.00026
  24    35   840  -1833.88686   0.00238   0.00029
  25    33   825  -1833.88694   0.00207   0.00026
  26    32   832  -1833.88687   0.00256   0.00032
  27    31   837  -1833.88676   0.00260   0.00034
  28    30   840  -1833.88686   0.00232   0.00031
  29    28   812  -1833.88726   0.00220   0.00030
  30    28   840  -1833.88687   0.00257   0.00035
  31    27   837  -1833.88676   0.00219   0.00030
  32    26   832  -1833.88687   0.00227   0.00032
  33    25   825  -1833.88694   0.00220   0.00032
  34    24   816  -1833.88712   0.00259   0.00038
  35    24   840  -1833.88687   0.00225   0.00033
  36    23   828  -1833.88681   0.00239   0.00036
  37    22   814  -1833.88714   0.00237   0.00037
  38    22   836  -1833.88676   0.00216   0.00033
  39    21   819  -1833.88702   0.00255   0.00040
  40    21   840  -1833.88687   0.00217   0.00034
  41    20   820  -1833.88705   0.00226   0.00037
  42    20   840  -1833.88687   0.00240   0.00039
Fit (variance): plateau_var = 5.505e-06 ± 2.527e-07
Fit (error):    plateau = 0.00235 ± 0.00005
     autocorrelation length ~ 4.3 blocks
     plateau reached at block size ~ 20
nsample = 840, max_block_size = 42, min_nblocks = 20
Blk_SZ   NBlk   NSmp      Energy     Error    dError
     1    840    840    -0.12635   0.00006   0.00000
     2    420    840    -0.12636   0.00007   0.00000
     3    280    840    -0.12636   0.00007   0.00000
     4    210    840    -0.12637   0.00007   0.00000
     5    168    840    -0.12637   0.00008   0.00000
     6    140    840    -0.12637   0.00008   0.00000
     7    120    840    -0.12637   0.00008   0.00001
     8    105    840    -0.12637   0.00008   0.00001
     9     93    837    -0.12637   0.00008   0.00001
    10     84    840    -0.12637   0.00008   0.00001
    11     76    836    -0.12637   0.00009   0.00001
    12     70    840    -0.12637   0.00008   0.00001
    13     64    832    -0.12637   0.00009   0.00001
    14     60    840    -0.12638   0.00008   0.00001
    15     56    840    -0.12638   0.00009   0.00001
    16     52    832    -0.12637   0.00008   0.00001
    17     49    833    -0.12637   0.00009   0.00001
    18     46    828    -0.12637   0.00007   0.00001
    19     44    836    -0.12637   0.00009   0.00001
    20     42    840    -0.12638   0.00009   0.00001
    21     40    840    -0.12638   0.00009   0.00001
    22     38    836    -0.12638   0.00009   0.00001
    23     36    828    -0.12637   0.00009   0.00001
    24     35    840    -0.12638   0.00008   0.00001
    25     33    825    -0.12638   0.00008   0.00001
    26     32    832    -0.12637   0.00009   0.00001
    27     31    837    -0.12637   0.00009   0.00001
    28     30    840    -0.12638   0.00008   0.00001
    29     28    812    -0.12639   0.00009   0.00001
    30     28    840    -0.12638   0.00008   0.00001
    31     27    837    -0.12638   0.00009   0.00001
    32     26    832    -0.12638   0.00009   0.00001
    33     25    825    -0.12638   0.00009   0.00001
    34     24    816    -0.12639   0.00010   0.00002
    35     24    840    -0.12638   0.00008   0.00001
    36     23    828    -0.12638   0.00008   0.00001
    37     22    814    -0.12639   0.00008   0.00001
    38     22    836    -0.12638   0.00008   0.00001
    39     21    819    -0.12639   0.00009   0.00001
    40     21    840    -0.12638   0.00010   0.00002
    41     20    820    -0.12639   0.00008   0.00001
    42     20    840    -0.12638   0.00009   0.00001
Fit (variance): plateau_var = 7.25703e-09 ± 3.20374e-10
Fit (error):    plateau = 0.00009 ± 0.00000
     autocorrelation length ~ 3.6 blocks
     plateau reached at block size ~ 16
Final AFQMC/HF Guiding Energy:      -1833.8869 +/- 0.0023
Final AFQMC/pt2CCSD Orbital Energy: -0.12639 +/- 0.00009
<t1> = weightp/weight = 1.02623
Total run time: 1102.52

AFQMC Sampling Finished

LNO-Integral time (s):    74.32
LNO-AFQMC time (s):       1210.43


======================= LNO-FRAGMENT [C58H70] 47/(48,48) =======================
Fragment Num.  47
Fragment Idx.  47
Fragment Name  C58H70
LNO THRESHOLD  [0.0001, 1e-05]
PySCF Threads  12
LNO-LAS: 36/156 Occ | 148/636 Vir | 184/792 MOs
LNO-MP2 Fragment Energy:  -0.13393488
LNO-CCSD Fragment Energy: -0.13915863
LNO-CPU time (s):         181.44 (LAS 25.63 | MP2 29.78 | CCSD 126.03)
LNO-CPU wait time (s):    0.00 (100.0% hidden)
Find Density Fit Teonsers in MF object
Integrals will be built by DF Tensors
Calculating Effective Active Space One-electron Integrals
*** Correlation Space Size ***
N Occupied Orbitals: 36
N Active Orbitals:   184
Build effective h0 and h1 time: 53.062654 s
Composing CDERIs from DF
Build CDERI in cLAS time: 7.219914 s
Raw CDERI in LAS shape: (3912, 17020)
Compress CDERI 2 Chol: 1e-05
Compress CDERI time: 3.572099 s
Finished calculating Integrals
LAS Cholesky shape: (1400, 184, 184)
AFQMC script: /u/yzhang65/myprojects/software/afqmc/afqmc/lno_afqmc/script/run_lno_afqmc_pt2ccsd.py

LNO-AFQMC Started
Hostname:     gpue08.delta.ncsa.illinois.edu
System:       Linux
Node:         gpue08.delta.ncsa.illinois.edu
Release:      5.14.0-570.131.1.el9_6.x86_64
Machine:      x86_64
Processor:    x86_64
JAX backend:  GPU
JAX devices:  [CudaDevice(id=0)]
Device kind:  NVIDIA H200
Platform:     gpu

QMC Parameters
eql_time        -         30
n_prop_steps    -         50
n_blocks        -        840
n_walkers       -        300
max_memory      -     200000
mix_precision   -       True
seed            -       3181
walker_type     -        rhf
trial           - pt2ccsd_sto_chol
chol_cost_ratio -        0.2
max_error       -    7.2e-05
dt              -      0.005
n_exp_terms     -          6
n_batch         -          1
nchol_chunk     -        100
free_projection -      False

QMC System
Number of Occ. Orbitals:      36
Number of Act. Orbitals:      184
Number of Chol. Vectors:      1400
Mean-Field Energy:            -1832.00523770
Maximum memory per walker:            666.67 MB
Maximum number of Cholesky per chunk: 1290
Number of Cholesky chunks:            2
Number of Cholesky per chunk:         700
Number of padding Cholesky:           0
Trial:   pt2ccsd_sto_chol(norb=184, nelec=(36, 36), n_batch=1, nchol_chunk=700, mix_precision=True, n_chol_head=0, head_chol_ratio=None, n_chol_samples=None, chol_cost_ratio=0.2, head_sample_ratio=3.0, chol_score_floor=1e-06, chol_uniform_mix=0.01, head_from_guide=False)
Sampler: sampler_pt2_sto_chol(n_prop_steps=50, n_blocks=840, n_chol=1400, frozen_vir=0)

Initalize QMC walkers by HF

Equilibration
Initial Orbital energy: -0.13915
inv_T  nodes      weight      energy     error   runTime
 0.00      0   300.00000  -1832.00406   0.00000     33.69
 3.00      0   308.22502  -1833.54789   0.02762     41.11
 6.00      0   300.82586  -1833.55033   0.02503     44.63
 9.00      0   298.83121  -1833.56808   0.02794     48.07
12.00      0   298.92155  -1833.53109   0.02473     51.52
15.00      0   298.69169  -1833.62188   0.02869     54.97
18.00      0   296.94579  -1833.55168   0.02496     58.42
21.00      0   298.93992  -1833.63123   0.03101     61.87
24.00      0   297.39944  -1833.56607   0.02815     65.32
27.00      0   297.63842  -1833.49876   0.02429     68.80
30.00      0   297.37565  -1833.51567   0.02638     72.36

Sampling Blocks
Target Final Error ~ 0.000072
   N  nodes      weight      E(Guide)     Error     weightp    E_frag     Error      Time
  20      0   297.81605   -1833.58881   0.00598   304.18264  -0.14541   0.00035     91.86
  40      0   297.96086   -1833.58548   0.00384   303.90562  -0.14533   0.00024    105.75
  60      0   298.86969   -1833.58373   0.00321   303.92700  -0.14594   0.00023    119.24
  80      0   296.62441   -1833.58243   0.00294   303.89906  -0.14579   0.00019    132.79
 100      0   298.61789   -1833.57557   0.00312   303.91655  -0.14564   0.00017    146.31
 120      0   297.91492   -1833.57446   0.00281   303.91676  -0.14566   0.00015    159.83
 140      0   297.88963   -1833.57397   0.00254   303.99093  -0.14564   0.00014    173.40
 160      0   297.48586   -1833.57493   0.00235   304.02045  -0.14562   0.00013    186.92
 180      0   297.72328   -1833.57680   0.00221   304.12997  -0.14567   0.00012    200.52
 200      0   296.84061   -1833.57727   0.00211   304.16877  -0.14563   0.00011    214.03
 220      0   299.16253   -1833.57812   0.00200   304.19120  -0.14573   0.00011    227.61
 240      0   298.21670   -1833.57661   0.00193   304.19904  -0.14584   0.00011    241.11
 260      0   298.59440   -1833.57690   0.00189   304.23270  -0.14579   0.00011    254.71
 280      0   297.59452   -1833.57631   0.00182   304.19888  -0.14578   0.00010    268.21
 300      0   297.10538   -1833.57470   0.00178   304.15918  -0.14579   0.00010    281.77
 320      0   297.54637   -1833.57568   0.00173   304.17370  -0.14579   0.00009    295.31
 340      0   297.89006   -1833.57601   0.00171   304.17144  -0.14578   0.00009    308.82
 360      0   298.78257   -1833.57538   0.00168   304.19961  -0.14581   0.00009    322.40
 380      0   299.50434   -1833.57525   0.00164   304.22315  -0.14576   0.00009    335.90
 400      0   298.18840   -1833.57473   0.00158   304.22475  -0.14575   0.00008    349.51
 420      0   297.68295   -1833.57374   0.00153   304.22283  -0.14571   0.00008    363.01
 440      0   298.31938   -1833.57386   0.00150   304.23412  -0.14571   0.00008    376.60
 460      0   297.19334   -1833.57348   0.00146   304.23552  -0.14569   0.00008    390.10
 480      0   298.97199   -1833.57357   0.00142   304.25705  -0.14572   0.00008    403.69
 500      0   297.67033   -1833.57430   0.00140   304.24453  -0.14574   0.00008    417.20
 520      0   297.57776   -1833.57454   0.00138   304.22121  -0.14576   0.00008    430.74
 540      0   297.41946   -1833.57435   0.00135   304.21822  -0.14574   0.00008    444.28
 560      0   298.46404   -1833.57507   0.00134   304.25211  -0.14573   0.00008    457.78
 580      0   297.25285   -1833.57550   0.00130   304.26804  -0.14571   0.00008    471.38
 600      0   298.35114   -1833.57526   0.00127   304.26546  -0.14571   0.00007    484.87
 620      0   298.07928   -1833.57567   0.00125   304.28107  -0.14568   0.00007    498.45
 640      0   298.92648   -1833.57592   0.00128   304.28627  -0.14576   0.00009    511.96
 660      0   296.70812   -1833.57664   0.00127   304.28106  -0.14580   0.00009    525.67
 680      0   297.64627   -1833.57634   0.00125   304.26540  -0.14586   0.00009    543.30
 700      0   299.07835   -1833.57614   0.00122   304.25435  -0.14586   0.00009    558.84
 720      0   298.80759   -1833.57647   0.00120   304.26892  -0.14584   0.00009    572.35
 740      0   296.98035   -1833.57706   0.00119   304.25451  -0.14584   0.00009    585.94
 760      0   296.87301   -1833.57729   0.00117   304.25361  -0.14584   0.00009    599.44
 780      0   297.49983   -1833.57722   0.00115   304.24402  -0.14585   0.00009    613.12
 800      0   297.66914   -1833.57712   0.00115   304.24163  -0.14583   0.00009    626.64
 820      0   297.20734   -1833.57673   0.00114   304.23391  -0.14582   0.00009    640.16
 840      0   298.26703   -1833.57696   0.00113   304.24109  -0.14582   0.00008    653.71

Post Propagation
Total number of samples 840
Remove Outliers
Remove samples outside Zeta > 30
Outlier bound [-0.19347, -0.09734]
Removed 0 Outliers
Outliers Energy []
nsample = 840, max_block_size = 42, min_nblocks = 20
   B    NB    NS  Observable     Error    dError
   1   840   840  -1833.57693   0.00113   0.00003
   2   420   840  -1833.57693   0.00140   0.00005
   3   280   840  -1833.57694   0.00157   0.00007
   4   210   840  -1833.57694   0.00169   0.00008
   5   168   840  -1833.57695   0.00176   0.00010
   6   140   840  -1833.57695   0.00181   0.00011
   7   120   840  -1833.57695   0.00183   0.00012
   8   105   840  -1833.57695   0.00194   0.00013
   9    93   837  -1833.57701   0.00193   0.00014
  10    84   840  -1833.57696   0.00183   0.00014
  11    76   836  -1833.57701   0.00192   0.00016
  12    70   840  -1833.57696   0.00198   0.00017
  13    64   832  -1833.57709   0.00199   0.00018
  14    60   840  -1833.57696   0.00200   0.00018
  15    56   840  -1833.57696   0.00196   0.00019
  16    52   832  -1833.57709   0.00212   0.00021
  17    49   833  -1833.57709   0.00212   0.00022
  18    46   828  -1833.57686   0.00195   0.00021
  19    44   836  -1833.57701   0.00210   0.00023
  20    42   840  -1833.57696   0.00191   0.00021
  21    40   840  -1833.57696   0.00207   0.00023
  22    38   836  -1833.57701   0.00208   0.00024
  23    36   828  -1833.57686   0.00186   0.00022
  24    35   840  -1833.57696   0.00211   0.00026
  25    33   825  -1833.57673   0.00225   0.00028
  26    32   832  -1833.57710   0.00200   0.00025
  27    31   837  -1833.57702   0.00207   0.00027
  28    30   840  -1833.57696   0.00221   0.00029
  29    28   812  -1833.57673   0.00200   0.00027
  30    28   840  -1833.57696   0.00219   0.00030
  31    27   837  -1833.57702   0.00201   0.00028
  32    26   832  -1833.57710   0.00215   0.00030
  33    25   825  -1833.57673   0.00220   0.00032
  34    24   816  -1833.57677   0.00223   0.00033
  35    24   840  -1833.57696   0.00222   0.00033
  36    23   828  -1833.57686   0.00201   0.00030
  37    22   814  -1833.57674   0.00236   0.00036
  38    22   836  -1833.57701   0.00223   0.00034
  39    21   819  -1833.57675   0.00245   0.00039
  40    21   840  -1833.57696   0.00176   0.00028
  41    20   820  -1833.57673   0.00214   0.00035
  42    20   840  -1833.57696   0.00224   0.00036
Fit (variance): plateau_var = 4.168e-06 ± 1.906e-07
Fit (error):    plateau = 0.00204 ± 0.00005
     autocorrelation length ~ 4.0 blocks
     plateau reached at block size ~ 19
nsample = 840, max_block_size = 42, min_nblocks = 20
Blk_SZ   NBlk   NSmp      Energy     Error    dError
     1    840    840    -0.14575   0.00008   0.00000
     2    420    840    -0.14577   0.00009   0.00000
     3    280    840    -0.14578   0.00010   0.00000
     4    210    840    -0.14579   0.00011   0.00001
     5    168    840    -0.14579   0.00011   0.00001
     6    140    840    -0.14580   0.00011   0.00001
     7    120    840    -0.14580   0.00011   0.00001
     8    105    840    -0.14580   0.00011   0.00001
     9     93    837    -0.14580   0.00012   0.00001
    10     84    840    -0.14581   0.00012   0.00001
    11     76    836    -0.14580   0.00011   0.00001
    12     70    840    -0.14581   0.00011   0.00001
    13     64    832    -0.14580   0.00011   0.00001
    14     60    840    -0.14581   0.00012   0.00001
    15     56    840    -0.14581   0.00011   0.00001
    16     52    832    -0.14580   0.00010   0.00001
    17     49    833    -0.14581   0.00011   0.00001
    18     46    828    -0.14581   0.00011   0.00001
    19     44    836    -0.14581   0.00010   0.00001
    20     42    840    -0.14582   0.00012   0.00001
    21     40    840    -0.14581   0.00011   0.00001
    22     38    836    -0.14582   0.00012   0.00001
    23     36    828    -0.14581   0.00012   0.00001
    24     35    840    -0.14581   0.00011   0.00001
    25     33    825    -0.14580   0.00012   0.00001
    26     32    832    -0.14581   0.00011   0.00001
    27     31    837    -0.14582   0.00012   0.00002
    28     30    840    -0.14581   0.00011   0.00001
    29     28    812    -0.14582   0.00012   0.00002
    30     28    840    -0.14582   0.00011   0.00001
    31     27    837    -0.14581   0.00013   0.00002
    32     26    832    -0.14581   0.00012   0.00002
    33     25    825    -0.14581   0.00011   0.00002
    34     24    816    -0.14582   0.00013   0.00002
    35     24    840    -0.14581   0.00011   0.00002
    36     23    828    -0.14581   0.00012   0.00002
    37     22    814    -0.14582   0.00011   0.00002
    38     22    836    -0.14582   0.00012   0.00002
    39     21    819    -0.14581   0.00013   0.00002
    40     21    840    -0.14582   0.00013   0.00002
    41     20    820    -0.14582   0.00013   0.00002
    42     20    840    -0.14582   0.00010   0.00002
Fit (variance): plateau_var = 1.28848e-08 ± 5.05604e-10
Fit (error):    plateau = 0.00011 ± 0.00000
     autocorrelation length ~ 2.5 blocks
     plateau reached at block size ~ 11
Final AFQMC/HF Guiding Energy:      -1833.5770 +/- 0.0020
Final AFQMC/pt2CCSD Orbital Energy: -0.14582 +/- 0.00011
<t1> = weightp/weight = 1.02111
Total run time: 656.45

AFQMC Sampling Finished

LNO-Integral time (s):    66.78
LNO-AFQMC time (s):       765.44


======================= LNO-FRAGMENT [C59H71] 48/(48,48) =======================
Fragment Num.  48
Fragment Idx.  48
Fragment Name  C59H71
LNO THRESHOLD  [0.0001, 1e-05]
PySCF Threads  12
LNO-LAS: 36/156 Occ | 151/636 Vir | 187/792 MOs
LNO-MP2 Fragment Energy:  -0.13409642
LNO-CCSD Fragment Energy: -0.13927658
LNO-CPU time (s):         199.78 (LAS 26.65 | MP2 32.85 | CCSD 140.28)
LNO-CPU wait time (s):    0.00 (100.0% hidden)
Find Density Fit Teonsers in MF object
Integrals will be built by DF Tensors
Calculating Effective Active Space One-electron Integrals
*** Correlation Space Size ***
N Occupied Orbitals: 36
N Active Orbitals:   187
Build effective h0 and h1 time: 55.773943 s
Composing CDERIs from DF
Build CDERI in cLAS time: 7.388209 s
Raw CDERI in LAS shape: (3912, 17578)
Compress CDERI 2 Chol: 1e-05
Compress CDERI time: 3.556136 s
Finished calculating Integrals
LAS Cholesky shape: (1423, 187, 187)
AFQMC script: /u/yzhang65/myprojects/software/afqmc/afqmc/lno_afqmc/script/run_lno_afqmc_pt2ccsd.py

LNO-AFQMC Started
Hostname:     gpue08.delta.ncsa.illinois.edu
System:       Linux
Node:         gpue08.delta.ncsa.illinois.edu
Release:      5.14.0-570.131.1.el9_6.x86_64
Machine:      x86_64
Processor:    x86_64
JAX backend:  GPU
JAX devices:  [CudaDevice(id=0)]
Device kind:  NVIDIA H200
Platform:     gpu

QMC Parameters
eql_time        -         30
n_prop_steps    -         50
n_blocks        -        840
n_walkers       -        300
max_memory      -     200000
mix_precision   -       True
seed            -        353
walker_type     -        rhf
trial           - pt2ccsd_sto_chol
chol_cost_ratio -        0.2
max_error       -    7.2e-05
dt              -      0.005
n_exp_terms     -          6
n_batch         -          1
nchol_chunk     -        100
free_projection -      False

QMC System
Number of Occ. Orbitals:      36
Number of Act. Orbitals:      187
Number of Chol. Vectors:      1423
Mean-Field Energy:            -1832.00523770
Maximum memory per walker:            666.67 MB
Maximum number of Cholesky per chunk: 1249
Number of Cholesky chunks:            2
Number of Cholesky per chunk:         712
Number of padding Cholesky:           1
Trial:   pt2ccsd_sto_chol(norb=187, nelec=(36, 36), n_batch=1, nchol_chunk=712, mix_precision=True, n_chol_head=0, head_chol_ratio=None, n_chol_samples=None, chol_cost_ratio=0.2, head_sample_ratio=3.0, chol_score_floor=1e-06, chol_uniform_mix=0.01, head_from_guide=False)
Sampler: sampler_pt2_sto_chol(n_prop_steps=50, n_blocks=840, n_chol=1423, frozen_vir=0)

Initalize QMC walkers by HF

Equilibration
Initial Orbital energy: -0.13931
inv_T  nodes      weight      energy     error   runTime
 0.00      0   300.00000  -1832.00390   0.00000     31.90
 3.00      0   307.22759  -1833.52817   0.02688     39.80
 6.00      0   300.39078  -1833.62147   0.02881     43.64
 9.00      0   297.96641  -1833.56820   0.02749     47.48
12.00      0   297.49253  -1833.54046   0.02693     51.33
15.00      0   297.24230  -1833.54761   0.02741     55.17
18.00      0   296.87327  -1833.54633   0.02720     59.02
21.00      0   298.46153  -1833.58710   0.02601     62.87
24.00      0   297.23659  -1833.55831   0.02620     66.84
27.00      0   298.87345  -1833.59012   0.02745     70.75
30.00      0   298.64428  -1833.55021   0.02429     74.60

Sampling Blocks
Target Final Error ~ 0.000072
   N  nodes      weight      E(Guide)     Error     weightp    E_frag     Error      Time
  20      0   298.19331   -1833.55657   0.00376   304.56726  -0.14533   0.00034     95.70
  40      0   297.20850   -1833.56622   0.00379   304.26086  -0.14557   0.00024    111.00
  60      0   297.56174   -1833.55735   0.00315   304.15215  -0.14544   0.00018    126.01
  80      0   296.88392   -1833.56171   0.00284   304.36611  -0.14544   0.00015    141.01
 100      0   297.95960   -1833.57174   0.00376   304.48689  -0.14564   0.00017    156.01
 120      0   296.49605   -1833.57354   0.00327   304.47173  -0.14577   0.00016    171.01
 140      0   297.55022   -1833.57425   0.00296   304.45198  -0.14582   0.00015    186.01
 160      0   298.26342   -1833.57474   0.00273   304.38674  -0.14607   0.00023    201.00
 180      0   296.66619   -1833.57771   0.00258   304.39174  -0.14603   0.00022    216.01
 200      0   298.16138   -1833.57808   0.00242   304.44766  -0.14614   0.00020    231.02
 220      0   297.61236   -1833.57826   0.00229   304.46412  -0.14611   0.00019    246.02
 240      0   296.84574   -1833.57864   0.00221   304.52362  -0.14623   0.00019    261.01
 260      0   297.28442   -1833.57928   0.00211   304.52005  -0.14620   0.00018    276.02
 280      0   297.84721   -1833.58022   0.00203   304.50173  -0.14610   0.00019    291.01
 300      0   297.64272   -1833.57993   0.00195   304.49550  -0.14606   0.00018    306.01
 320      0   298.21117   -1833.58056   0.00188   304.51124  -0.14605   0.00017    321.01
 340      0   298.16238   -1833.57958   0.00181   304.52578  -0.14597   0.00016    336.01
 360      0   296.60127   -1833.57913   0.00173   304.56900  -0.14596   0.00015    351.01
 380      0   298.74515   -1833.57862   0.00171   304.56713  -0.14592   0.00014    366.01
 400      0   298.70658   -1833.57960   0.00174   304.55773  -0.14597   0.00014    381.00
 420      0   298.22399   -1833.58047   0.00169   304.57138  -0.14594   0.00013    395.99
 440      0   297.72758   -1833.58064   0.00162   304.56578  -0.14595   0.00013    410.96
 460      0   297.67769   -1833.58017   0.00158   304.59855  -0.14595   0.00012    425.95
 480      0   298.24046   -1833.58111   0.00155   304.62643  -0.14597   0.00012    440.94
 500      0   297.10228   -1833.58144   0.00151   304.62001  -0.14598   0.00012    455.94
 520      0   297.17786   -1833.58069   0.00148   304.60882  -0.14595   0.00011    470.95
 540      0   299.28031   -1833.58088   0.00144   304.60773  -0.14595   0.00011    485.95
 560      0   297.42923   -1833.58091   0.00141   304.59527  -0.14596   0.00011    500.96
 580      0   296.55242   -1833.58161   0.00141   304.59936  -0.14598   0.00011    519.25
 600      0   298.65977   -1833.58165   0.00138   304.60354  -0.14599   0.00010    534.67
 620      0   297.83160   -1833.58057   0.00137   304.60356  -0.14598   0.00010    551.27
 640      0   298.17608   -1833.58060   0.00134   304.61186  -0.14596   0.00010    566.24
 660      0   298.60829   -1833.58055   0.00131   304.61361  -0.14596   0.00010    581.27
 680      0   297.05794   -1833.58060   0.00130   304.61525  -0.14596   0.00009    596.21
 700      0   297.81444   -1833.58101   0.00128   304.62127  -0.14600   0.00010    611.31
 720      0   297.35637   -1833.58147   0.00127   304.62669  -0.14601   0.00009    626.25
 740      0   298.20397   -1833.58153   0.00124   304.62429  -0.14601   0.00009    641.29
 760      0   297.86327   -1833.58166   0.00123   304.61344  -0.14603   0.00009    656.25
 780      0   298.17639   -1833.58268   0.00124   304.60952  -0.14603   0.00009    671.31
 800      0   297.37797   -1833.58277   0.00124   304.60682  -0.14600   0.00009    686.26
 820      0   298.56460   -1833.58280   0.00122   304.61059  -0.14601   0.00008    701.30
 840      0   298.40978   -1833.58215   0.00121   304.61308  -0.14600   0.00008    716.24

Post Propagation
Total number of samples 840
Remove Outliers
Remove samples outside Zeta > 30
Outlier bound [-0.19853, -0.09309]
Removed 0 Outliers
Outliers Energy []
nsample = 840, max_block_size = 42, min_nblocks = 20
   B    NB    NS  Observable     Error    dError
   1   840   840  -1833.58211   0.00121   0.00003
   2   420   840  -1833.58212   0.00153   0.00005
   3   280   840  -1833.58213   0.00177   0.00007
   4   210   840  -1833.58213   0.00189   0.00009
   5   168   840  -1833.58213   0.00199   0.00011
   6   140   840  -1833.58214   0.00209   0.00013
   7   120   840  -1833.58214   0.00216   0.00014
   8   105   840  -1833.58214   0.00225   0.00016
   9    93   837  -1833.58230   0.00226   0.00017
  10    84   840  -1833.58214   0.00221   0.00017
  11    76   836  -1833.58235   0.00236   0.00019
  12    70   840  -1833.58215   0.00231   0.00020
  13    64   832  -1833.58239   0.00236   0.00021
  14    60   840  -1833.58214   0.00247   0.00023
  15    56   840  -1833.58215   0.00243   0.00023
  16    52   832  -1833.58239   0.00254   0.00025
  17    49   833  -1833.58237   0.00259   0.00026
  18    46   828  -1833.58264   0.00250   0.00026
  19    44   836  -1833.58235   0.00231   0.00025
  20    42   840  -1833.58215   0.00247   0.00027
  21    40   840  -1833.58215   0.00241   0.00027
  22    38   836  -1833.58236   0.00256   0.00030
  23    36   828  -1833.58264   0.00249   0.00030
  24    35   840  -1833.58215   0.00256   0.00031
  25    33   825  -1833.58269   0.00250   0.00031
  26    32   832  -1833.58239   0.00238   0.00030
  27    31   837  -1833.58231   0.00261   0.00034
  28    30   840  -1833.58215   0.00228   0.00030
  29    28   812  -1833.58268   0.00282   0.00038
  30    28   840  -1833.58215   0.00250   0.00034
  31    27   837  -1833.58231   0.00237   0.00033
  32    26   832  -1833.58240   0.00231   0.00033
  33    25   825  -1833.58269   0.00286   0.00041
  34    24   816  -1833.58282   0.00283   0.00042
  35    24   840  -1833.58215   0.00276   0.00041
  36    23   828  -1833.58264   0.00286   0.00043
  37    22   814  -1833.58278   0.00242   0.00037
  38    22   836  -1833.58236   0.00285   0.00044
  39    21   819  -1833.58277   0.00233   0.00037
  40    21   840  -1833.58215   0.00261   0.00041
  41    20   820  -1833.58280   0.00260   0.00042
  42    20   840  -1833.58215   0.00247   0.00040
Fit (variance): plateau_var = 6.237e-06 ± 3.108e-07
Fit (error):    plateau = 0.00250 ± 0.00006
     autocorrelation length ~ 5.1 blocks
     plateau reached at block size ~ 24
nsample = 840, max_block_size = 42, min_nblocks = 20
Blk_SZ   NBlk   NSmp      Energy     Error    dError
     1    840    840    -0.14594   0.00008   0.00000
     2    420    840    -0.14595   0.00010   0.00000
     3    280    840    -0.14596   0.00010   0.00000
     4    210    840    -0.14596   0.00011   0.00001
     5    168    840    -0.14597   0.00011   0.00001
     6    140    840    -0.14597   0.00011   0.00001
     7    120    840    -0.14597   0.00010   0.00001
     8    105    840    -0.14597   0.00011   0.00001
     9     93    837    -0.14598   0.00010   0.00001
    10     84    840    -0.14598   0.00011   0.00001
    11     76    836    -0.14598   0.00011   0.00001
    12     70    840    -0.14598   0.00011   0.00001
    13     64    832    -0.14598   0.00012   0.00001
    14     60    840    -0.14598   0.00011   0.00001
    15     56    840    -0.14598   0.00011   0.00001
    16     52    832    -0.14598   0.00011   0.00001
    17     49    833    -0.14598   0.00011   0.00001
    18     46    828    -0.14599   0.00011   0.00001
    19     44    836    -0.14599   0.00012   0.00001
    20     42    840    -0.14598   0.00011   0.00001
    21     40    840    -0.14599   0.00011   0.00001
    22     38    836    -0.14599   0.00011   0.00001
    23     36    828    -0.14599   0.00011   0.00001
    24     35    840    -0.14599   0.00011   0.00001
    25     33    825    -0.14599   0.00011   0.00001
    26     32    832    -0.14598   0.00011   0.00001
    27     31    837    -0.14599   0.00010   0.00001
    28     30    840    -0.14599   0.00010   0.00001
    29     28    812    -0.14600   0.00012   0.00002
    30     28    840    -0.14599   0.00011   0.00002
    31     27    837    -0.14599   0.00011   0.00002
    32     26    832    -0.14599   0.00011   0.00002
    33     25    825    -0.14599   0.00011   0.00002
    34     24    816    -0.14599   0.00011   0.00002
    35     24    840    -0.14599   0.00011   0.00002
    36     23    828    -0.14599   0.00012   0.00002
    37     22    814    -0.14600   0.00011   0.00002
    38     22    836    -0.14599   0.00013   0.00002
    39     21    819    -0.14600   0.00011   0.00002
    40     21    840    -0.14599   0.00011   0.00002
    41     20    820    -0.14600   0.00012   0.00002
    42     20    840    -0.14600   0.00011   0.00002
Fit (variance): plateau_var = 1.18408e-08 ± 4.36839e-10
Fit (error):    plateau = 0.00011 ± 0.00000
     autocorrelation length ~ 1.9 blocks
     plateau reached at block size ~ 8
Final AFQMC/HF Guiding Energy:      -1833.5822 +/- 0.0025
Final AFQMC/pt2CCSD Orbital Energy: -0.14600 +/- 0.00011
<t1> = weightp/weight = 1.02234
Total run time: 719.28

AFQMC Sampling Finished

LNO-Integral time (s):    68.93
LNO-AFQMC time (s):       840.20

================================================================================
Loop wall time:              63745.81 s
Serial equivalent (CPU+GPU): 79235.67 s
CPU time hidden behind GPU:  15527.88 s of 15869.96 s
================================================================================
